make: Entering directory '/home/yangjinhao/PyGeNNProject/HMAM/HMAM_CODE/1.0s_buffer0.0s_wEE10.0_wEI40.0_wIE60.0_wII50.0_ctxlhbankssts_CODE'
make: Leaving directory '/home/yangjinhao/PyGeNNProject/HMAM/HMAM_CODE/1.0s_buffer0.0s_wEE10.0_wEI40.0_wIE60.0_wII50.0_ctxlhbankssts_CODE'
2025-09-24 09:36:24.738 DEBUG [2195870] [GeNN::Runtime::Runtime::allocate@160] Allocating memory for neuron group 'ctxlhbanksstsE23'
2025-09-24 09:36:24.740 DEBUG [2195870] [GeNN::Runtime::Runtime::createArray@838] 	Array 'recordSpk' = 9870 * uint32_t(0x85d1df0)
2025-09-24 09:36:24.740 DEBUG [2195870] [GeNN::Runtime::Runtime::createArray@838] 	Array 'V' = 31565 * float(0x86b16e0)
2025-09-24 09:36:24.740 DEBUG [2195870] [GeNN::Runtime::Runtime::createArray@838] 	Array 'RefracTime' = 31565 * float(0x86145b0)
2025-09-24 09:36:24.740 DEBUG [2195870] [GeNN::Runtime::Runtime::allocate@221] 	Child current source 'ctxlhbanksstsE23_poisson'
2025-09-24 09:36:24.740 DEBUG [2195870] [GeNN::Runtime::Runtime::createArray@838] 	Array 'current' = 31565 * float(0x656e9a0)
2025-09-24 09:36:24.740 DEBUG [2195870] [GeNN::Runtime::Runtime::allocate@230] 	Fused PSM incoming synapse group 'ctxlhbanksstsE6_to_ctxlhbanksstsE23'
2025-09-24 09:36:24.740 DEBUG [2195870] [GeNN::Runtime::Runtime::createArray@838] 		Array 'outPost' = 31565 * float(0x8614c50)
2025-09-24 09:36:24.743 DEBUG [2195870] [GeNN::Runtime::Runtime::createArray@838] 		Array 'denDelay' = 1357295 * float(0x86158a0)
2025-09-24 09:36:24.743 DEBUG [2195870] [GeNN::Runtime::Runtime::createArray@838] 		Array 'denDelayPtr' = 1 * uint32_t(0x86316e0)
2025-09-24 09:36:24.743 DEBUG [2195870] [GeNN::Runtime::Runtime::allocate@230] 	Fused PSM incoming synapse group 'ctxlhbanksstsI4_to_ctxlhbanksstsE23'
2025-09-24 09:36:24.743 DEBUG [2195870] [GeNN::Runtime::Runtime::createArray@838] 		Array 'outPost' = 31565 * float(0x8631d80)
2025-09-24 09:36:24.745 DEBUG [2195870] [GeNN::Runtime::Runtime::createArray@838] 		Array 'denDelay' = 662865 * float(0x86b5230)
2025-09-24 09:36:24.745 DEBUG [2195870] [GeNN::Runtime::Runtime::createArray@838] 		Array 'denDelayPtr' = 1 * uint32_t(0x86b7330)
2025-09-24 09:36:24.745 DEBUG [2195870] [GeNN::Runtime::Runtime::allocate@270] 	Fused spike 'ctxlhbanksstsE23_to_ctxlhbanksstsI6'
2025-09-24 09:36:24.745 DEBUG [2195870] [GeNN::Runtime::Runtime::createArray@838] 		Array 'srcSpkCnt' = 1 * uint32_t(0x86b79d0)
2025-09-24 09:36:24.745 DEBUG [2195870] [GeNN::Runtime::Runtime::createArray@838] 		Array 'srcSpk' = 31565 * uint32_t(0x86b7ab0)
2025-09-24 09:36:24.745 DEBUG [2195870] [GeNN::Runtime::Runtime::allocate@160] Allocating memory for neuron group 'ctxlhbanksstsE4'
2025-09-24 09:36:24.745 DEBUG [2195870] [GeNN::Runtime::Runtime::createArray@838] 	Array 'recordSpk' = 4390 * uint32_t(0x8402c30)
2025-09-24 09:36:24.745 DEBUG [2195870] [GeNN::Runtime::Runtime::createArray@838] 	Array 'V' = 14020 * float(0x867d4b0)
2025-09-24 09:36:24.745 DEBUG [2195870] [GeNN::Runtime::Runtime::createArray@838] 	Array 'RefracTime' = 14020 * float(0x867e100)
2025-09-24 09:36:24.745 DEBUG [2195870] [GeNN::Runtime::Runtime::allocate@221] 	Child current source 'ctxlhbanksstsE4_poisson'
2025-09-24 09:36:24.745 DEBUG [2195870] [GeNN::Runtime::Runtime::createArray@838] 	Array 'current' = 14020 * float(0x8405020)
2025-09-24 09:36:24.745 DEBUG [2195870] [GeNN::Runtime::Runtime::allocate@230] 	Fused PSM incoming synapse group 'ctxlhbanksstsE6_to_ctxlhbanksstsE4'
2025-09-24 09:36:24.745 DEBUG [2195870] [GeNN::Runtime::Runtime::createArray@838] 		Array 'outPost' = 14020 * float(0x8405c50)
2025-09-24 09:36:24.747 DEBUG [2195870] [GeNN::Runtime::Runtime::createArray@838] 		Array 'denDelay' = 602860 * float(0x84068a0)
2025-09-24 09:36:24.747 DEBUG [2195870] [GeNN::Runtime::Runtime::createArray@838] 		Array 'denDelayPtr' = 1 * uint32_t(0x85c0f30)
2025-09-24 09:36:24.747 DEBUG [2195870] [GeNN::Runtime::Runtime::allocate@230] 	Fused PSM incoming synapse group 'ctxlhbanksstsI5_to_ctxlhbanksstsE4'
2025-09-24 09:36:24.747 DEBUG [2195870] [GeNN::Runtime::Runtime::createArray@838] 		Array 'outPost' = 14020 * float(0x85c1560)
2025-09-24 09:36:24.748 DEBUG [2195870] [GeNN::Runtime::Runtime::createArray@838] 		Array 'denDelay' = 294420 * float(0x85c2140)
2025-09-24 09:36:24.748 DEBUG [2195870] [GeNN::Runtime::Runtime::createArray@838] 		Array 'denDelayPtr' = 1 * uint32_t(0x85a7300)
2025-09-24 09:36:24.748 DEBUG [2195870] [GeNN::Runtime::Runtime::allocate@270] 	Fused spike 'ctxlhbanksstsE4_to_ctxlhbanksstsI6'
2025-09-24 09:36:24.748 DEBUG [2195870] [GeNN::Runtime::Runtime::createArray@838] 		Array 'srcSpkCnt' = 1 * uint32_t(0x85a79a0)
2025-09-24 09:36:24.748 DEBUG [2195870] [GeNN::Runtime::Runtime::createArray@838] 		Array 'srcSpk' = 14020 * uint32_t(0x85a85f0)
2025-09-24 09:36:24.748 DEBUG [2195870] [GeNN::Runtime::Runtime::allocate@160] Allocating memory for neuron group 'ctxlhbanksstsE5'
2025-09-24 09:36:24.748 DEBUG [2195870] [GeNN::Runtime::Runtime::createArray@838] 	Array 'recordSpk' = 5120 * uint32_t(0x862b8d0)
2025-09-24 09:36:24.748 DEBUG [2195870] [GeNN::Runtime::Runtime::createArray@838] 	Array 'V' = 16359 * float(0x862c9c0)
2025-09-24 09:36:24.748 DEBUG [2195870] [GeNN::Runtime::Runtime::createArray@838] 	Array 'RefracTime' = 16359 * float(0x862d430)
2025-09-24 09:36:24.749 DEBUG [2195870] [GeNN::Runtime::Runtime::allocate@221] 	Child current source 'ctxlhbanksstsE5_poisson'
2025-09-24 09:36:24.749 DEBUG [2195870] [GeNN::Runtime::Runtime::createArray@838] 	Array 'current' = 16359 * float(0x85cd860)
2025-09-24 09:36:24.749 DEBUG [2195870] [GeNN::Runtime::Runtime::allocate@230] 	Fused PSM incoming synapse group 'ctxlhbanksstsE6_to_ctxlhbanksstsE5'
2025-09-24 09:36:24.749 DEBUG [2195870] [GeNN::Runtime::Runtime::createArray@838] 		Array 'outPost' = 16359 * float(0x85ce450)
2025-09-24 09:36:24.750 DEBUG [2195870] [GeNN::Runtime::Runtime::createArray@838] 		Array 'denDelay' = 703437 * float(0x85cf0a0)
2025-09-24 09:36:24.750 DEBUG [2195870] [GeNN::Runtime::Runtime::createArray@838] 		Array 'denDelayPtr' = 1 * uint32_t(0x8646410)
2025-09-24 09:36:24.750 DEBUG [2195870] [GeNN::Runtime::Runtime::allocate@230] 	Fused PSM incoming synapse group 'ctxlhbanksstsI5_to_ctxlhbanksstsE5'
2025-09-24 09:36:24.750 DEBUG [2195870] [GeNN::Runtime::Runtime::createArray@838] 		Array 'outPost' = 16359 * float(0x8646a40)
2025-09-24 09:36:24.752 DEBUG [2195870] [GeNN::Runtime::Runtime::createArray@838] 		Array 'denDelay' = 343539 * float(0x8647690)
2025-09-24 09:36:24.752 DEBUG [2195870] [GeNN::Runtime::Runtime::createArray@838] 		Array 'denDelayPtr' = 1 * uint32_t(0x86bd970)
2025-09-24 09:36:24.752 DEBUG [2195870] [GeNN::Runtime::Runtime::allocate@270] 	Fused spike 'ctxlhbanksstsE5_to_ctxlhbanksstsI6'
2025-09-24 09:36:24.752 DEBUG [2195870] [GeNN::Runtime::Runtime::createArray@838] 		Array 'srcSpkCnt' = 1 * uint32_t(0x86be010)
2025-09-24 09:36:24.752 DEBUG [2195870] [GeNN::Runtime::Runtime::createArray@838] 		Array 'srcSpk' = 16359 * uint32_t(0x86bec60)
2025-09-24 09:36:24.752 DEBUG [2195870] [GeNN::Runtime::Runtime::allocate@160] Allocating memory for neuron group 'ctxlhbanksstsE6'
2025-09-24 09:36:24.752 DEBUG [2195870] [GeNN::Runtime::Runtime::createArray@838] 	Array 'recordSpk' = 3670 * uint32_t(0x86bf900)
2025-09-24 09:36:24.752 DEBUG [2195870] [GeNN::Runtime::Runtime::createArray@838] 	Array 'V' = 11724 * float(0x86d56b0)
2025-09-24 09:36:24.752 DEBUG [2195870] [GeNN::Runtime::Runtime::createArray@838] 	Array 'RefracTime' = 11724 * float(0x86d6300)
2025-09-24 09:36:24.752 DEBUG [2195870] [GeNN::Runtime::Runtime::allocate@221] 	Child current source 'ctxlhbanksstsE6_poisson'
2025-09-24 09:36:24.752 DEBUG [2195870] [GeNN::Runtime::Runtime::createArray@838] 	Array 'current' = 11724 * float(0x86d6ee0)
2025-09-24 09:36:24.752 DEBUG [2195870] [GeNN::Runtime::Runtime::allocate@230] 	Fused PSM incoming synapse group 'ctxlhbanksstsI6_to_ctxlhbanksstsE6'
2025-09-24 09:36:24.752 DEBUG [2195870] [GeNN::Runtime::Runtime::createArray@838] 		Array 'outPost' = 11724 * float(0x86d7b10)
2025-09-24 09:36:24.752 DEBUG [2195870] [GeNN::Runtime::Runtime::createArray@838] 		Array 'denDelay' = 246204 * float(0x86d8ae0)
2025-09-24 09:36:24.752 DEBUG [2195870] [GeNN::Runtime::Runtime::createArray@838] 		Array 'denDelayPtr' = 1 * uint32_t(0x86d9ef0)
2025-09-24 09:36:24.752 DEBUG [2195870] [GeNN::Runtime::Runtime::allocate@230] 	Fused PSM incoming synapse group 'ctxlhbanksstsE6_to_ctxlhbanksstsE6'
2025-09-24 09:36:24.752 DEBUG [2195870] [GeNN::Runtime::Runtime::createArray@838] 		Array 'outPost' = 11724 * float(0x86da590)
2025-09-24 09:36:24.753 DEBUG [2195870] [GeNN::Runtime::Runtime::createArray@838] 		Array 'denDelay' = 504132 * float(0x86db170)
2025-09-24 09:36:24.753 DEBUG [2195870] [GeNN::Runtime::Runtime::createArray@838] 		Array 'denDelayPtr' = 1 * uint32_t(0x864ab30)
2025-09-24 09:36:24.753 DEBUG [2195870] [GeNN::Runtime::Runtime::allocate@270] 	Fused spike 'ctxlhbanksstsE6_to_ctxlhbanksstsI6'
2025-09-24 09:36:24.753 DEBUG [2195870] [GeNN::Runtime::Runtime::createArray@838] 		Array 'srcSpkCnt' = 1 * uint32_t(0x864b1d0)
2025-09-24 09:36:24.753 DEBUG [2195870] [GeNN::Runtime::Runtime::createArray@838] 		Array 'srcSpk' = 11724 * uint32_t(0x864be20)
2025-09-24 09:36:24.753 DEBUG [2195870] [GeNN::Runtime::Runtime::allocate@160] Allocating memory for neuron group 'ctxlhbanksstsI23'
2025-09-24 09:36:24.753 DEBUG [2195870] [GeNN::Runtime::Runtime::createArray@838] 	Array 'recordSpk' = 5320 * uint32_t(0x864cac0)
2025-09-24 09:36:24.754 DEBUG [2195870] [GeNN::Runtime::Runtime::createArray@838] 	Array 'V' = 16997 * float(0x864e0b0)
2025-09-24 09:36:24.754 DEBUG [2195870] [GeNN::Runtime::Runtime::createArray@838] 	Array 'RefracTime' = 16997 * float(0x864ed00)
2025-09-24 09:36:24.754 DEBUG [2195870] [GeNN::Runtime::Runtime::allocate@221] 	Child current source 'ctxlhbanksstsI23_poisson'
2025-09-24 09:36:24.754 DEBUG [2195870] [GeNN::Runtime::Runtime::createArray@838] 	Array 'current' = 16997 * float(0x864f8e0)
2025-09-24 09:36:24.754 DEBUG [2195870] [GeNN::Runtime::Runtime::allocate@230] 	Fused PSM incoming synapse group 'ctxlhbanksstsE6_to_ctxlhbanksstsI23'
2025-09-24 09:36:24.754 DEBUG [2195870] [GeNN::Runtime::Runtime::createArray@838] 		Array 'outPost' = 16997 * float(0x8650510)
2025-09-24 09:36:24.755 DEBUG [2195870] [GeNN::Runtime::Runtime::createArray@838] 		Array 'denDelay' = 730871 * float(0x8651160)
2025-09-24 09:36:24.755 DEBUG [2195870] [GeNN::Runtime::Runtime::createArray@838] 		Array 'denDelayPtr' = 1 * uint32_t(0x8635180)
2025-09-24 09:36:24.755 DEBUG [2195870] [GeNN::Runtime::Runtime::allocate@230] 	Fused PSM incoming synapse group 'ctxlhbanksstsI4_to_ctxlhbanksstsI23'
2025-09-24 09:36:24.755 DEBUG [2195870] [GeNN::Runtime::Runtime::createArray@838] 		Array 'outPost' = 16997 * float(0x86357b0)
2025-09-24 09:36:24.757 DEBUG [2195870] [GeNN::Runtime::Runtime::createArray@838] 		Array 'denDelay' = 356937 * float(0x8636390)
2025-09-24 09:36:24.757 DEBUG [2195870] [GeNN::Runtime::Runtime::createArray@838] 		Array 'denDelayPtr' = 1 * uint32_t(0x84a5770)
2025-09-24 09:36:24.757 DEBUG [2195870] [GeNN::Runtime::Runtime::allocate@270] 	Fused spike 'ctxlhbanksstsI23_to_ctxlhbanksstsI6'
2025-09-24 09:36:24.757 DEBUG [2195870] [GeNN::Runtime::Runtime::createArray@838] 		Array 'srcSpkCnt' = 1 * uint32_t(0x84a5e10)
2025-09-24 09:36:24.757 DEBUG [2195870] [GeNN::Runtime::Runtime::createArray@838] 		Array 'srcSpk' = 16997 * uint32_t(0x84a6a60)
2025-09-24 09:36:24.757 DEBUG [2195870] [GeNN::Runtime::Runtime::allocate@160] Allocating memory for neuron group 'ctxlhbanksstsI4'
2025-09-24 09:36:24.757 DEBUG [2195870] [GeNN::Runtime::Runtime::createArray@838] 	Array 'recordSpk' = 1170 * uint32_t(0x84a7700)
2025-09-24 09:36:24.757 DEBUG [2195870] [GeNN::Runtime::Runtime::createArray@838] 	Array 'V' = 3727 * float(0x84a8910)
2025-09-24 09:36:24.757 DEBUG [2195870] [GeNN::Runtime::Runtime::createArray@838] 	Array 'RefracTime' = 3727 * float(0x8616550)
2025-09-24 09:36:24.757 DEBUG [2195870] [GeNN::Runtime::Runtime::allocate@221] 	Child current source 'ctxlhbanksstsI4_poisson'
2025-09-24 09:36:24.757 DEBUG [2195870] [GeNN::Runtime::Runtime::createArray@838] 	Array 'current' = 3727 * float(0x8617130)
2025-09-24 09:36:24.757 DEBUG [2195870] [GeNN::Runtime::Runtime::allocate@230] 	Fused PSM incoming synapse group 'ctxlhbanksstsE6_to_ctxlhbanksstsI4'
2025-09-24 09:36:24.757 DEBUG [2195870] [GeNN::Runtime::Runtime::createArray@838] 		Array 'outPost' = 3727 * float(0x8617d60)
2025-09-24 09:36:24.757 DEBUG [2195870] [GeNN::Runtime::Runtime::createArray@838] 		Array 'denDelay' = 160261 * float(0x8618940)
2025-09-24 09:36:24.757 DEBUG [2195870] [GeNN::Runtime::Runtime::createArray@838] 		Array 'denDelayPtr' = 1 * uint32_t(0x8619590)
2025-09-24 09:36:24.757 DEBUG [2195870] [GeNN::Runtime::Runtime::allocate@230] 	Fused PSM incoming synapse group 'ctxlhbanksstsI4_to_ctxlhbanksstsI4'
2025-09-24 09:36:24.757 DEBUG [2195870] [GeNN::Runtime::Runtime::createArray@838] 		Array 'outPost' = 3727 * float(0x8619bc0)
2025-09-24 09:36:24.757 DEBUG [2195870] [GeNN::Runtime::Runtime::createArray@838] 		Array 'denDelay' = 78267 * float(0x861a7a0)
2025-09-24 09:36:24.757 DEBUG [2195870] [GeNN::Runtime::Runtime::createArray@838] 		Array 'denDelayPtr' = 1 * uint32_t(0x84a18c0)
2025-09-24 09:36:24.757 DEBUG [2195870] [GeNN::Runtime::Runtime::allocate@270] 	Fused spike 'ctxlhbanksstsI4_to_ctxlhbanksstsI6'
2025-09-24 09:36:24.757 DEBUG [2195870] [GeNN::Runtime::Runtime::createArray@838] 		Array 'srcSpkCnt' = 1 * uint32_t(0x84a1f60)
2025-09-24 09:36:24.757 DEBUG [2195870] [GeNN::Runtime::Runtime::createArray@838] 		Array 'srcSpk' = 3727 * uint32_t(0x84a2b40)
2025-09-24 09:36:24.757 DEBUG [2195870] [GeNN::Runtime::Runtime::allocate@160] Allocating memory for neuron group 'ctxlhbanksstsI5'
2025-09-24 09:36:24.757 DEBUG [2195870] [GeNN::Runtime::Runtime::createArray@838] 	Array 'recordSpk' = 1450 * uint32_t(0x84a37e0)
2025-09-24 09:36:24.757 DEBUG [2195870] [GeNN::Runtime::Runtime::createArray@838] 	Array 'V' = 4614 * float(0x84a49f0)
2025-09-24 09:36:24.757 DEBUG [2195870] [GeNN::Runtime::Runtime::createArray@838] 	Array 'RefracTime' = 4614 * float(0x8671aa0)
2025-09-24 09:36:24.757 DEBUG [2195870] [GeNN::Runtime::Runtime::allocate@221] 	Child current source 'ctxlhbanksstsI5_poisson'
2025-09-24 09:36:24.757 DEBUG [2195870] [GeNN::Runtime::Runtime::createArray@838] 	Array 'current' = 4614 * float(0x8672680)
2025-09-24 09:36:24.757 DEBUG [2195870] [GeNN::Runtime::Runtime::allocate@230] 	Fused PSM incoming synapse group 'ctxlhbanksstsE6_to_ctxlhbanksstsI5'
2025-09-24 09:36:24.757 DEBUG [2195870] [GeNN::Runtime::Runtime::createArray@838] 		Array 'outPost' = 4614 * float(0x86732b0)
2025-09-24 09:36:24.759 DEBUG [2195870] [GeNN::Runtime::Runtime::createArray@838] 		Array 'denDelay' = 198402 * float(0x8673f00)
2025-09-24 09:36:24.759 DEBUG [2195870] [GeNN::Runtime::Runtime::createArray@838] 		Array 'denDelayPtr' = 1 * uint32_t(0x86754c0)
2025-09-24 09:36:24.759 DEBUG [2195870] [GeNN::Runtime::Runtime::allocate@230] 	Fused PSM incoming synapse group 'ctxlhbanksstsI5_to_ctxlhbanksstsI5'
2025-09-24 09:36:24.759 DEBUG [2195870] [GeNN::Runtime::Runtime::createArray@838] 		Array 'outPost' = 4614 * float(0x8675b60)
2025-09-24 09:36:24.759 DEBUG [2195870] [GeNN::Runtime::Runtime::createArray@838] 		Array 'denDelay' = 96894 * float(0x861e4e0)
2025-09-24 09:36:24.759 DEBUG [2195870] [GeNN::Runtime::Runtime::createArray@838] 		Array 'denDelayPtr' = 1 * uint32_t(0x861f130)
2025-09-24 09:36:24.759 DEBUG [2195870] [GeNN::Runtime::Runtime::allocate@270] 	Fused spike 'ctxlhbanksstsI5_to_ctxlhbanksstsI6'
2025-09-24 09:36:24.759 DEBUG [2195870] [GeNN::Runtime::Runtime::createArray@838] 		Array 'srcSpkCnt' = 1 * uint32_t(0x861f760)
2025-09-24 09:36:24.759 DEBUG [2195870] [GeNN::Runtime::Runtime::createArray@838] 		Array 'srcSpk' = 4614 * uint32_t(0x8620340)
2025-09-24 09:36:24.759 DEBUG [2195870] [GeNN::Runtime::Runtime::allocate@160] Allocating memory for neuron group 'ctxlhbanksstsI6'
2025-09-24 09:36:24.759 DEBUG [2195870] [GeNN::Runtime::Runtime::createArray@838] 	Array 'recordSpk' = 600 * uint32_t(0x8620f70)
2025-09-24 09:36:24.759 DEBUG [2195870] [GeNN::Runtime::Runtime::createArray@838] 	Array 'V' = 1909 * float(0x8622180)
2025-09-24 09:36:24.759 DEBUG [2195870] [GeNN::Runtime::Runtime::createArray@838] 	Array 'RefracTime' = 1909 * float(0x8622dd0)
2025-09-24 09:36:24.759 DEBUG [2195870] [GeNN::Runtime::Runtime::allocate@221] 	Child current source 'ctxlhbanksstsI6_poisson'
2025-09-24 09:36:24.759 DEBUG [2195870] [GeNN::Runtime::Runtime::createArray@838] 	Array 'current' = 1909 * float(0x7da5e70)
2025-09-24 09:36:24.759 DEBUG [2195870] [GeNN::Runtime::Runtime::allocate@230] 	Fused PSM incoming synapse group 'ctxlhbanksstsI6_to_ctxlhbanksstsI6'
2025-09-24 09:36:24.759 DEBUG [2195870] [GeNN::Runtime::Runtime::createArray@838] 		Array 'outPost' = 1909 * float(0x7da6aa0)
2025-09-24 09:36:24.759 DEBUG [2195870] [GeNN::Runtime::Runtime::createArray@838] 		Array 'denDelay' = 40089 * float(0x7da76f0)
2025-09-24 09:36:24.759 DEBUG [2195870] [GeNN::Runtime::Runtime::createArray@838] 		Array 'denDelayPtr' = 1 * uint32_t(0x7da8340)
2025-09-24 09:36:24.759 DEBUG [2195870] [GeNN::Runtime::Runtime::allocate@230] 	Fused PSM incoming synapse group 'ctxlhbanksstsE6_to_ctxlhbanksstsI6'
2025-09-24 09:36:24.759 DEBUG [2195870] [GeNN::Runtime::Runtime::createArray@838] 		Array 'outPost' = 1909 * float(0x7da8970)
2025-09-24 09:36:24.759 DEBUG [2195870] [GeNN::Runtime::Runtime::createArray@838] 		Array 'denDelay' = 82087 * float(0x7da9550)
2025-09-24 09:36:24.759 DEBUG [2195870] [GeNN::Runtime::Runtime::createArray@838] 		Array 'denDelayPtr' = 1 * uint32_t(0x846a5e0)
2025-09-24 09:36:24.759 DEBUG [2195870] [GeNN::Runtime::Runtime::allocate@270] 	Fused spike 'ctxlhbanksstsI6_to_ctxlhbanksstsI6'
2025-09-24 09:36:24.759 DEBUG [2195870] [GeNN::Runtime::Runtime::createArray@838] 		Array 'srcSpkCnt' = 1 * uint32_t(0x846ac30)
2025-09-24 09:36:24.759 DEBUG [2195870] [GeNN::Runtime::Runtime::createArray@838] 		Array 'srcSpk' = 1909 * uint32_t(0x846b810)
2025-09-24 09:36:24.759 DEBUG [2195870] [GeNN::Runtime::Runtime::allocate@320] Allocating memory for synapse group 'ctxlhbanksstsE23_to_ctxlhbanksstsE23'
2025-09-24 09:36:24.759 DEBUG [2195870] [GeNN::Runtime::Runtime::createArray@838] 	Array 'preCalcRowLengthSparseConnect' = 0 * uint16_t(0x846c5c0)
2025-09-24 09:36:24.759 DEBUG [2195870] [GeNN::Runtime::Runtime::allocate@320] Allocating memory for synapse group 'ctxlhbanksstsE23_to_ctxlhbanksstsE4'
2025-09-24 09:36:24.759 DEBUG [2195870] [GeNN::Runtime::Runtime::createArray@838] 	Array 'preCalcRowLengthSparseConnect' = 0 * uint16_t(0x846c730)
2025-09-24 09:36:24.759 DEBUG [2195870] [GeNN::Runtime::Runtime::allocate@320] Allocating memory for synapse group 'ctxlhbanksstsE23_to_ctxlhbanksstsE5'
2025-09-24 09:36:24.759 DEBUG [2195870] [GeNN::Runtime::Runtime::createArray@838] 	Array 'preCalcRowLengthSparseConnect' = 0 * uint16_t(0x846c8a0)
2025-09-24 09:36:24.759 DEBUG [2195870] [GeNN::Runtime::Runtime::allocate@320] Allocating memory for synapse group 'ctxlhbanksstsE23_to_ctxlhbanksstsE6'
2025-09-24 09:36:24.759 DEBUG [2195870] [GeNN::Runtime::Runtime::createArray@838] 	Array 'preCalcRowLengthSparseConnect' = 0 * uint16_t(0x846ca10)
2025-09-24 09:36:24.759 DEBUG [2195870] [GeNN::Runtime::Runtime::allocate@320] Allocating memory for synapse group 'ctxlhbanksstsE23_to_ctxlhbanksstsI23'
2025-09-24 09:36:24.759 DEBUG [2195870] [GeNN::Runtime::Runtime::createArray@838] 	Array 'preCalcRowLengthSparseConnect' = 0 * uint16_t(0x846cbb0)
2025-09-24 09:36:24.759 DEBUG [2195870] [GeNN::Runtime::Runtime::allocate@320] Allocating memory for synapse group 'ctxlhbanksstsE23_to_ctxlhbanksstsI4'
2025-09-24 09:36:24.759 DEBUG [2195870] [GeNN::Runtime::Runtime::createArray@838] 	Array 'preCalcRowLengthSparseConnect' = 0 * uint16_t(0x846cd50)
2025-09-24 09:36:24.759 DEBUG [2195870] [GeNN::Runtime::Runtime::allocate@320] Allocating memory for synapse group 'ctxlhbanksstsE23_to_ctxlhbanksstsI5'
2025-09-24 09:36:24.759 DEBUG [2195870] [GeNN::Runtime::Runtime::createArray@838] 	Array 'preCalcRowLengthSparseConnect' = 0 * uint16_t(0x846cef0)
2025-09-24 09:36:24.759 DEBUG [2195870] [GeNN::Runtime::Runtime::allocate@320] Allocating memory for synapse group 'ctxlhbanksstsE23_to_ctxlhbanksstsI6'
2025-09-24 09:36:24.759 DEBUG [2195870] [GeNN::Runtime::Runtime::createArray@838] 	Array 'preCalcRowLengthSparseConnect' = 0 * uint16_t(0x846d090)
2025-09-24 09:36:24.759 DEBUG [2195870] [GeNN::Runtime::Runtime::allocate@320] Allocating memory for synapse group 'ctxlhbanksstsE4_to_ctxlhbanksstsE23'
2025-09-24 09:36:24.759 DEBUG [2195870] [GeNN::Runtime::Runtime::createArray@838] 	Array 'preCalcRowLengthSparseConnect' = 0 * uint16_t(0x846d1e0)
2025-09-24 09:36:24.759 DEBUG [2195870] [GeNN::Runtime::Runtime::allocate@320] Allocating memory for synapse group 'ctxlhbanksstsE4_to_ctxlhbanksstsE4'
2025-09-24 09:36:24.759 DEBUG [2195870] [GeNN::Runtime::Runtime::createArray@838] 	Array 'preCalcRowLengthSparseConnect' = 0 * uint16_t(0x846d380)
2025-09-24 09:36:24.759 DEBUG [2195870] [GeNN::Runtime::Runtime::allocate@320] Allocating memory for synapse group 'ctxlhbanksstsE4_to_ctxlhbanksstsE5'
2025-09-24 09:36:24.759 DEBUG [2195870] [GeNN::Runtime::Runtime::createArray@838] 	Array 'preCalcRowLengthSparseConnect' = 0 * uint16_t(0x846d520)
2025-09-24 09:36:24.759 DEBUG [2195870] [GeNN::Runtime::Runtime::allocate@320] Allocating memory for synapse group 'ctxlhbanksstsE4_to_ctxlhbanksstsE6'
2025-09-24 09:36:24.759 DEBUG [2195870] [GeNN::Runtime::Runtime::createArray@838] 	Array 'preCalcRowLengthSparseConnect' = 0 * uint16_t(0x846d730)
2025-09-24 09:36:24.759 DEBUG [2195870] [GeNN::Runtime::Runtime::allocate@320] Allocating memory for synapse group 'ctxlhbanksstsE4_to_ctxlhbanksstsI23'
2025-09-24 09:36:24.759 DEBUG [2195870] [GeNN::Runtime::Runtime::createArray@838] 	Array 'preCalcRowLengthSparseConnect' = 0 * uint16_t(0x846d940)
2025-09-24 09:36:24.759 DEBUG [2195870] [GeNN::Runtime::Runtime::allocate@320] Allocating memory for synapse group 'ctxlhbanksstsE4_to_ctxlhbanksstsI4'
2025-09-24 09:36:24.759 DEBUG [2195870] [GeNN::Runtime::Runtime::createArray@838] 	Array 'preCalcRowLengthSparseConnect' = 0 * uint16_t(0x846db50)
2025-09-24 09:36:24.759 DEBUG [2195870] [GeNN::Runtime::Runtime::allocate@320] Allocating memory for synapse group 'ctxlhbanksstsE4_to_ctxlhbanksstsI5'
2025-09-24 09:36:24.759 DEBUG [2195870] [GeNN::Runtime::Runtime::createArray@838] 	Array 'preCalcRowLengthSparseConnect' = 0 * uint16_t(0x846dd60)
2025-09-24 09:36:24.759 DEBUG [2195870] [GeNN::Runtime::Runtime::allocate@320] Allocating memory for synapse group 'ctxlhbanksstsE4_to_ctxlhbanksstsI6'
2025-09-24 09:36:24.759 DEBUG [2195870] [GeNN::Runtime::Runtime::createArray@838] 	Array 'preCalcRowLengthSparseConnect' = 0 * uint16_t(0x846df70)
2025-09-24 09:36:24.759 DEBUG [2195870] [GeNN::Runtime::Runtime::allocate@320] Allocating memory for synapse group 'ctxlhbanksstsE5_to_ctxlhbanksstsE23'
2025-09-24 09:36:24.759 DEBUG [2195870] [GeNN::Runtime::Runtime::createArray@838] 	Array 'preCalcRowLengthSparseConnect' = 0 * uint16_t(0x846e0c0)
2025-09-24 09:36:24.759 DEBUG [2195870] [GeNN::Runtime::Runtime::allocate@320] Allocating memory for synapse group 'ctxlhbanksstsE5_to_ctxlhbanksstsE4'
2025-09-24 09:36:24.759 DEBUG [2195870] [GeNN::Runtime::Runtime::createArray@838] 	Array 'preCalcRowLengthSparseConnect' = 0 * uint16_t(0x846e2d0)
2025-09-24 09:36:24.759 DEBUG [2195870] [GeNN::Runtime::Runtime::allocate@320] Allocating memory for synapse group 'ctxlhbanksstsE5_to_ctxlhbanksstsE5'
2025-09-24 09:36:24.759 DEBUG [2195870] [GeNN::Runtime::Runtime::createArray@838] 	Array 'preCalcRowLengthSparseConnect' = 0 * uint16_t(0x846e4e0)
2025-09-24 09:36:24.759 DEBUG [2195870] [GeNN::Runtime::Runtime::allocate@320] Allocating memory for synapse group 'ctxlhbanksstsE5_to_ctxlhbanksstsE6'
2025-09-24 09:36:24.759 DEBUG [2195870] [GeNN::Runtime::Runtime::createArray@838] 	Array 'preCalcRowLengthSparseConnect' = 0 * uint16_t(0x846e6f0)
2025-09-24 09:36:24.759 DEBUG [2195870] [GeNN::Runtime::Runtime::allocate@320] Allocating memory for synapse group 'ctxlhbanksstsE5_to_ctxlhbanksstsI23'
2025-09-24 09:36:24.759 DEBUG [2195870] [GeNN::Runtime::Runtime::createArray@838] 	Array 'preCalcRowLengthSparseConnect' = 0 * uint16_t(0x846e900)
2025-09-24 09:36:24.759 DEBUG [2195870] [GeNN::Runtime::Runtime::allocate@320] Allocating memory for synapse group 'ctxlhbanksstsE5_to_ctxlhbanksstsI4'
2025-09-24 09:36:24.759 DEBUG [2195870] [GeNN::Runtime::Runtime::createArray@838] 	Array 'preCalcRowLengthSparseConnect' = 0 * uint16_t(0x846eb10)
2025-09-24 09:36:24.759 DEBUG [2195870] [GeNN::Runtime::Runtime::allocate@320] Allocating memory for synapse group 'ctxlhbanksstsE5_to_ctxlhbanksstsI5'
2025-09-24 09:36:24.759 DEBUG [2195870] [GeNN::Runtime::Runtime::createArray@838] 	Array 'preCalcRowLengthSparseConnect' = 0 * uint16_t(0x846ed20)
2025-09-24 09:36:24.759 DEBUG [2195870] [GeNN::Runtime::Runtime::allocate@320] Allocating memory for synapse group 'ctxlhbanksstsE5_to_ctxlhbanksstsI6'
2025-09-24 09:36:24.759 DEBUG [2195870] [GeNN::Runtime::Runtime::createArray@838] 	Array 'preCalcRowLengthSparseConnect' = 0 * uint16_t(0x846ef30)
2025-09-24 09:36:24.759 DEBUG [2195870] [GeNN::Runtime::Runtime::allocate@320] Allocating memory for synapse group 'ctxlhbanksstsE6_to_ctxlhbanksstsE23'
2025-09-24 09:36:24.759 DEBUG [2195870] [GeNN::Runtime::Runtime::createArray@838] 	Array 'preCalcRowLengthSparseConnect' = 0 * uint16_t(0x846f080)
2025-09-24 09:36:24.760 DEBUG [2195870] [GeNN::Runtime::Runtime::allocate@320] Allocating memory for synapse group 'ctxlhbanksstsE6_to_ctxlhbanksstsE4'
2025-09-24 09:36:24.760 DEBUG [2195870] [GeNN::Runtime::Runtime::createArray@838] 	Array 'preCalcRowLengthSparseConnect' = 0 * uint16_t(0x846f1d0)
2025-09-24 09:36:24.760 DEBUG [2195870] [GeNN::Runtime::Runtime::allocate@320] Allocating memory for synapse group 'ctxlhbanksstsE6_to_ctxlhbanksstsE5'
2025-09-24 09:36:24.760 DEBUG [2195870] [GeNN::Runtime::Runtime::createArray@838] 	Array 'preCalcRowLengthSparseConnect' = 0 * uint16_t(0x846f320)
2025-09-24 09:36:24.760 DEBUG [2195870] [GeNN::Runtime::Runtime::allocate@320] Allocating memory for synapse group 'ctxlhbanksstsE6_to_ctxlhbanksstsE6'
2025-09-24 09:36:24.760 DEBUG [2195870] [GeNN::Runtime::Runtime::createArray@838] 	Array 'preCalcRowLengthSparseConnect' = 0 * uint16_t(0x846f470)
2025-09-24 09:36:24.760 DEBUG [2195870] [GeNN::Runtime::Runtime::allocate@320] Allocating memory for synapse group 'ctxlhbanksstsE6_to_ctxlhbanksstsI23'
2025-09-24 09:36:24.760 DEBUG [2195870] [GeNN::Runtime::Runtime::createArray@838] 	Array 'preCalcRowLengthSparseConnect' = 0 * uint16_t(0x8622f50)
2025-09-24 09:36:24.760 DEBUG [2195870] [GeNN::Runtime::Runtime::allocate@320] Allocating memory for synapse group 'ctxlhbanksstsE6_to_ctxlhbanksstsI4'
2025-09-24 09:36:24.760 DEBUG [2195870] [GeNN::Runtime::Runtime::createArray@838] 	Array 'preCalcRowLengthSparseConnect' = 0 * uint16_t(0x85b9d40)
2025-09-24 09:36:24.760 DEBUG [2195870] [GeNN::Runtime::Runtime::allocate@320] Allocating memory for synapse group 'ctxlhbanksstsE6_to_ctxlhbanksstsI5'
2025-09-24 09:36:24.760 DEBUG [2195870] [GeNN::Runtime::Runtime::createArray@838] 	Array 'preCalcRowLengthSparseConnect' = 0 * uint16_t(0x85b9e90)
2025-09-24 09:36:24.760 DEBUG [2195870] [GeNN::Runtime::Runtime::allocate@320] Allocating memory for synapse group 'ctxlhbanksstsE6_to_ctxlhbanksstsI6'
2025-09-24 09:36:24.760 DEBUG [2195870] [GeNN::Runtime::Runtime::createArray@838] 	Array 'preCalcRowLengthSparseConnect' = 0 * uint16_t(0x85b9fe0)
2025-09-24 09:36:24.760 DEBUG [2195870] [GeNN::Runtime::Runtime::allocate@320] Allocating memory for synapse group 'ctxlhbanksstsI23_to_ctxlhbanksstsE23'
2025-09-24 09:36:24.760 DEBUG [2195870] [GeNN::Runtime::Runtime::createArray@838] 	Array 'preCalcRowLengthSparseConnect' = 0 * uint16_t(0x85ba130)
2025-09-24 09:36:24.760 DEBUG [2195870] [GeNN::Runtime::Runtime::allocate@320] Allocating memory for synapse group 'ctxlhbanksstsI23_to_ctxlhbanksstsE4'
2025-09-24 09:36:24.760 DEBUG [2195870] [GeNN::Runtime::Runtime::createArray@838] 	Array 'preCalcRowLengthSparseConnect' = 0 * uint16_t(0x85ba2f0)
2025-09-24 09:36:24.760 DEBUG [2195870] [GeNN::Runtime::Runtime::allocate@320] Allocating memory for synapse group 'ctxlhbanksstsI23_to_ctxlhbanksstsE5'
2025-09-24 09:36:24.760 DEBUG [2195870] [GeNN::Runtime::Runtime::createArray@838] 	Array 'preCalcRowLengthSparseConnect' = 0 * uint16_t(0x85ba500)
2025-09-24 09:36:24.760 DEBUG [2195870] [GeNN::Runtime::Runtime::allocate@320] Allocating memory for synapse group 'ctxlhbanksstsI23_to_ctxlhbanksstsE6'
2025-09-24 09:36:24.760 DEBUG [2195870] [GeNN::Runtime::Runtime::createArray@838] 	Array 'preCalcRowLengthSparseConnect' = 0 * uint16_t(0x85ba710)
2025-09-24 09:36:24.760 DEBUG [2195870] [GeNN::Runtime::Runtime::allocate@320] Allocating memory for synapse group 'ctxlhbanksstsI23_to_ctxlhbanksstsI23'
2025-09-24 09:36:24.760 DEBUG [2195870] [GeNN::Runtime::Runtime::createArray@838] 	Array 'preCalcRowLengthSparseConnect' = 0 * uint16_t(0x85ba920)
2025-09-24 09:36:24.760 DEBUG [2195870] [GeNN::Runtime::Runtime::allocate@320] Allocating memory for synapse group 'ctxlhbanksstsI23_to_ctxlhbanksstsI4'
2025-09-24 09:36:24.760 DEBUG [2195870] [GeNN::Runtime::Runtime::createArray@838] 	Array 'preCalcRowLengthSparseConnect' = 0 * uint16_t(0x85bab30)
2025-09-24 09:36:24.760 DEBUG [2195870] [GeNN::Runtime::Runtime::allocate@320] Allocating memory for synapse group 'ctxlhbanksstsI23_to_ctxlhbanksstsI5'
2025-09-24 09:36:24.760 DEBUG [2195870] [GeNN::Runtime::Runtime::createArray@838] 	Array 'preCalcRowLengthSparseConnect' = 0 * uint16_t(0x85bad40)
2025-09-24 09:36:24.760 DEBUG [2195870] [GeNN::Runtime::Runtime::allocate@320] Allocating memory for synapse group 'ctxlhbanksstsI23_to_ctxlhbanksstsI6'
2025-09-24 09:36:24.760 DEBUG [2195870] [GeNN::Runtime::Runtime::createArray@838] 	Array 'preCalcRowLengthSparseConnect' = 0 * uint16_t(0x85baf50)
2025-09-24 09:36:24.760 DEBUG [2195870] [GeNN::Runtime::Runtime::allocate@320] Allocating memory for synapse group 'ctxlhbanksstsI4_to_ctxlhbanksstsE23'
2025-09-24 09:36:24.760 DEBUG [2195870] [GeNN::Runtime::Runtime::createArray@838] 	Array 'preCalcRowLengthSparseConnect' = 0 * uint16_t(0x85bb0a0)
2025-09-24 09:36:24.760 DEBUG [2195870] [GeNN::Runtime::Runtime::allocate@320] Allocating memory for synapse group 'ctxlhbanksstsI4_to_ctxlhbanksstsE4'
2025-09-24 09:36:24.760 DEBUG [2195870] [GeNN::Runtime::Runtime::createArray@838] 	Array 'preCalcRowLengthSparseConnect' = 0 * uint16_t(0x85bb1f0)
2025-09-24 09:36:24.760 DEBUG [2195870] [GeNN::Runtime::Runtime::allocate@320] Allocating memory for synapse group 'ctxlhbanksstsI4_to_ctxlhbanksstsE5'
2025-09-24 09:36:24.760 DEBUG [2195870] [GeNN::Runtime::Runtime::createArray@838] 	Array 'preCalcRowLengthSparseConnect' = 0 * uint16_t(0x85bb400)
2025-09-24 09:36:24.760 DEBUG [2195870] [GeNN::Runtime::Runtime::allocate@320] Allocating memory for synapse group 'ctxlhbanksstsI4_to_ctxlhbanksstsE6'
2025-09-24 09:36:24.760 DEBUG [2195870] [GeNN::Runtime::Runtime::createArray@838] 	Array 'preCalcRowLengthSparseConnect' = 0 * uint16_t(0x85bb610)
2025-09-24 09:36:24.760 DEBUG [2195870] [GeNN::Runtime::Runtime::allocate@320] Allocating memory for synapse group 'ctxlhbanksstsI4_to_ctxlhbanksstsI23'
2025-09-24 09:36:24.760 DEBUG [2195870] [GeNN::Runtime::Runtime::createArray@838] 	Array 'preCalcRowLengthSparseConnect' = 0 * uint16_t(0x85bb820)
2025-09-24 09:36:24.760 DEBUG [2195870] [GeNN::Runtime::Runtime::allocate@320] Allocating memory for synapse group 'ctxlhbanksstsI4_to_ctxlhbanksstsI4'
2025-09-24 09:36:24.760 DEBUG [2195870] [GeNN::Runtime::Runtime::createArray@838] 	Array 'preCalcRowLengthSparseConnect' = 0 * uint16_t(0x85bb970)
2025-09-24 09:36:24.760 DEBUG [2195870] [GeNN::Runtime::Runtime::allocate@320] Allocating memory for synapse group 'ctxlhbanksstsI4_to_ctxlhbanksstsI5'
2025-09-24 09:36:24.760 DEBUG [2195870] [GeNN::Runtime::Runtime::createArray@838] 	Array 'preCalcRowLengthSparseConnect' = 0 * uint16_t(0x85bbac0)
2025-09-24 09:36:24.760 DEBUG [2195870] [GeNN::Runtime::Runtime::allocate@320] Allocating memory for synapse group 'ctxlhbanksstsI4_to_ctxlhbanksstsI6'
2025-09-24 09:36:24.760 DEBUG [2195870] [GeNN::Runtime::Runtime::createArray@838] 	Array 'preCalcRowLengthSparseConnect' = 0 * uint16_t(0x85bbcd0)
2025-09-24 09:36:24.760 DEBUG [2195870] [GeNN::Runtime::Runtime::allocate@320] Allocating memory for synapse group 'ctxlhbanksstsI5_to_ctxlhbanksstsE4'
2025-09-24 09:36:24.760 DEBUG [2195870] [GeNN::Runtime::Runtime::createArray@838] 	Array 'preCalcRowLengthSparseConnect' = 0 * uint16_t(0x85bbe20)
2025-09-24 09:36:24.760 DEBUG [2195870] [GeNN::Runtime::Runtime::allocate@320] Allocating memory for synapse group 'ctxlhbanksstsI5_to_ctxlhbanksstsE5'
2025-09-24 09:36:24.760 DEBUG [2195870] [GeNN::Runtime::Runtime::createArray@838] 	Array 'preCalcRowLengthSparseConnect' = 0 * uint16_t(0x85bbf70)
2025-09-24 09:36:24.760 DEBUG [2195870] [GeNN::Runtime::Runtime::allocate@320] Allocating memory for synapse group 'ctxlhbanksstsI5_to_ctxlhbanksstsE6'
2025-09-24 09:36:24.760 DEBUG [2195870] [GeNN::Runtime::Runtime::createArray@838] 	Array 'preCalcRowLengthSparseConnect' = 0 * uint16_t(0x85bc0c0)
2025-09-24 09:36:24.760 DEBUG [2195870] [GeNN::Runtime::Runtime::allocate@320] Allocating memory for synapse group 'ctxlhbanksstsI5_to_ctxlhbanksstsI5'
2025-09-24 09:36:24.760 DEBUG [2195870] [GeNN::Runtime::Runtime::createArray@838] 	Array 'preCalcRowLengthSparseConnect' = 0 * uint16_t(0x85bc2d0)
2025-09-24 09:36:24.760 DEBUG [2195870] [GeNN::Runtime::Runtime::allocate@320] Allocating memory for synapse group 'ctxlhbanksstsI5_to_ctxlhbanksstsI6'
2025-09-24 09:36:24.760 DEBUG [2195870] [GeNN::Runtime::Runtime::createArray@838] 	Array 'preCalcRowLengthSparseConnect' = 0 * uint16_t(0x85bc420)
2025-09-24 09:36:24.760 DEBUG [2195870] [GeNN::Runtime::Runtime::allocate@320] Allocating memory for synapse group 'ctxlhbanksstsI6_to_ctxlhbanksstsE6'
2025-09-24 09:36:24.760 DEBUG [2195870] [GeNN::Runtime::Runtime::createArray@838] 	Array 'preCalcRowLengthSparseConnect' = 0 * uint16_t(0x85bc570)
2025-09-24 09:36:24.760 DEBUG [2195870] [GeNN::Runtime::Runtime::allocate@320] Allocating memory for synapse group 'ctxlhbanksstsI6_to_ctxlhbanksstsI6'
2025-09-24 09:36:24.760 DEBUG [2195870] [GeNN::Runtime::Runtime::createArray@838] 	Array 'preCalcRowLengthSparseConnect' = 0 * uint16_t(0x85bc6c0)
2025-09-24 09:36:24.760 DEBUG [2195870] [GeNN::Runtime::Runtime::pushMergedGroup@575] Pushing merged group 'SynapseConnectivityHostInit' index: 0
2025-09-24 09:36:24.760 DEBUG [2195870] [GeNN::Runtime::Runtime::pushMergedGroup@601] 	Group: 0
2025-09-24 09:36:24.760 DEBUG [2195870] [GeNN::Runtime::Runtime::pushMergedGroup<GeNN::CodeGenerator::SynapseConnectivityHostInitGroupMerged>@620] 		d_preCalcRowLength = array (0x846c5c0)
2025-09-24 09:36:24.760 DEBUG [2195870] [GeNN::Runtime::Runtime::pushMergedGroup<GeNN::CodeGenerator::SynapseConnectivityHostInitGroupMerged>@620] 		preCalcRowLength = array (0x846c5c0)
2025-09-24 09:36:24.760 DEBUG [2195870] [GeNN::Runtime::Runtime::pushMergedGroup<GeNN::CodeGenerator::SynapseConnectivityHostInitGroupMerged>@644] 		num = numeric (134079472u)
2025-09-24 09:36:24.760 DEBUG [2195870] [GeNN::Runtime::Runtime::pushMergedGroup<GeNN::CodeGenerator::SynapseConnectivityHostInitGroupMerged>@644] 		numSrcNeurons = numeric (31565u)
2025-09-24 09:36:24.760 DEBUG [2195870] [GeNN::Runtime::Runtime::pushMergedGroup<GeNN::CodeGenerator::SynapseConnectivityHostInitGroupMerged>@644] 		numTrgNeurons = numeric (31565u)
2025-09-24 09:36:24.760 DEBUG [2195870] [GeNN::Runtime::Runtime::pushMergedGroup@601] 	Group: 1
2025-09-24 09:36:24.760 DEBUG [2195870] [GeNN::Runtime::Runtime::pushMergedGroup<GeNN::CodeGenerator::SynapseConnectivityHostInitGroupMerged>@620] 		d_preCalcRowLength = array (0x846c730)
2025-09-24 09:36:24.760 DEBUG [2195870] [GeNN::Runtime::Runtime::pushMergedGroup<GeNN::CodeGenerator::SynapseConnectivityHostInitGroupMerged>@620] 		preCalcRowLength = array (0x846c730)
2025-09-24 09:36:24.760 DEBUG [2195870] [GeNN::Runtime::Runtime::pushMergedGroup<GeNN::CodeGenerator::SynapseConnectivityHostInitGroupMerged>@644] 		num = numeric (4328029u)
2025-09-24 09:36:24.760 DEBUG [2195870] [GeNN::Runtime::Runtime::pushMergedGroup<GeNN::CodeGenerator::SynapseConnectivityHostInitGroupMerged>@644] 		numSrcNeurons = numeric (31565u)
2025-09-24 09:36:24.760 DEBUG [2195870] [GeNN::Runtime::Runtime::pushMergedGroup<GeNN::CodeGenerator::SynapseConnectivityHostInitGroupMerged>@644] 		numTrgNeurons = numeric (14020u)
2025-09-24 09:36:24.760 DEBUG [2195870] [GeNN::Runtime::Runtime::pushMergedGroup@601] 	Group: 2
2025-09-24 09:36:24.760 DEBUG [2195870] [GeNN::Runtime::Runtime::pushMergedGroup<GeNN::CodeGenerator::SynapseConnectivityHostInitGroupMerged>@620] 		d_preCalcRowLength = array (0x846c8a0)
2025-09-24 09:36:24.760 DEBUG [2195870] [GeNN::Runtime::Runtime::pushMergedGroup<GeNN::CodeGenerator::SynapseConnectivityHostInitGroupMerged>@620] 		preCalcRowLength = array (0x846c8a0)
2025-09-24 09:36:24.760 DEBUG [2195870] [GeNN::Runtime::Runtime::pushMergedGroup<GeNN::CodeGenerator::SynapseConnectivityHostInitGroupMerged>@644] 		num = numeric (69125329u)
2025-09-24 09:36:24.760 DEBUG [2195870] [GeNN::Runtime::Runtime::pushMergedGroup<GeNN::CodeGenerator::SynapseConnectivityHostInitGroupMerged>@644] 		numSrcNeurons = numeric (31565u)
2025-09-24 09:36:24.760 DEBUG [2195870] [GeNN::Runtime::Runtime::pushMergedGroup<GeNN::CodeGenerator::SynapseConnectivityHostInitGroupMerged>@644] 		numTrgNeurons = numeric (16359u)
2025-09-24 09:36:24.760 DEBUG [2195870] [GeNN::Runtime::Runtime::pushMergedGroup@601] 	Group: 3
2025-09-24 09:36:24.760 DEBUG [2195870] [GeNN::Runtime::Runtime::pushMergedGroup<GeNN::CodeGenerator::SynapseConnectivityHostInitGroupMerged>@620] 		d_preCalcRowLength = array (0x846ca10)
2025-09-24 09:36:24.760 DEBUG [2195870] [GeNN::Runtime::Runtime::pushMergedGroup<GeNN::CodeGenerator::SynapseConnectivityHostInitGroupMerged>@620] 		preCalcRowLength = array (0x846ca10)
2025-09-24 09:36:24.760 DEBUG [2195870] [GeNN::Runtime::Runtime::pushMergedGroup<GeNN::CodeGenerator::SynapseConnectivityHostInitGroupMerged>@644] 		num = numeric (7361802u)
2025-09-24 09:36:24.760 DEBUG [2195870] [GeNN::Runtime::Runtime::pushMergedGroup<GeNN::CodeGenerator::SynapseConnectivityHostInitGroupMerged>@644] 		numSrcNeurons = numeric (31565u)
2025-09-24 09:36:24.760 DEBUG [2195870] [GeNN::Runtime::Runtime::pushMergedGroup<GeNN::CodeGenerator::SynapseConnectivityHostInitGroupMerged>@644] 		numTrgNeurons = numeric (11724u)
2025-09-24 09:36:24.760 DEBUG [2195870] [GeNN::Runtime::Runtime::pushMergedGroup@601] 	Group: 4
2025-09-24 09:36:24.760 DEBUG [2195870] [GeNN::Runtime::Runtime::pushMergedGroup<GeNN::CodeGenerator::SynapseConnectivityHostInitGroupMerged>@620] 		d_preCalcRowLength = array (0x846cbb0)
2025-09-24 09:36:24.760 DEBUG [2195870] [GeNN::Runtime::Runtime::pushMergedGroup<GeNN::CodeGenerator::SynapseConnectivityHostInitGroupMerged>@620] 		preCalcRowLength = array (0x846cbb0)
2025-09-24 09:36:24.760 DEBUG [2195870] [GeNN::Runtime::Runtime::pushMergedGroup<GeNN::CodeGenerator::SynapseConnectivityHostInitGroupMerged>@644] 		num = numeric (98130679u)
2025-09-24 09:36:24.760 DEBUG [2195870] [GeNN::Runtime::Runtime::pushMergedGroup<GeNN::CodeGenerator::SynapseConnectivityHostInitGroupMerged>@644] 		numSrcNeurons = numeric (31565u)
2025-09-24 09:36:24.760 DEBUG [2195870] [GeNN::Runtime::Runtime::pushMergedGroup<GeNN::CodeGenerator::SynapseConnectivityHostInitGroupMerged>@644] 		numTrgNeurons = numeric (16997u)
2025-09-24 09:36:24.760 DEBUG [2195870] [GeNN::Runtime::Runtime::pushMergedGroup@601] 	Group: 5
2025-09-24 09:36:24.760 DEBUG [2195870] [GeNN::Runtime::Runtime::pushMergedGroup<GeNN::CodeGenerator::SynapseConnectivityHostInitGroupMerged>@620] 		d_preCalcRowLength = array (0x846cd50)
2025-09-24 09:36:24.760 DEBUG [2195870] [GeNN::Runtime::Runtime::pushMergedGroup<GeNN::CodeGenerator::SynapseConnectivityHostInitGroupMerged>@620] 		preCalcRowLength = array (0x846cd50)
2025-09-24 09:36:24.760 DEBUG [2195870] [GeNN::Runtime::Runtime::pushMergedGroup<GeNN::CodeGenerator::SynapseConnectivityHostInitGroupMerged>@644] 		num = numeric (10657790u)
2025-09-24 09:36:24.760 DEBUG [2195870] [GeNN::Runtime::Runtime::pushMergedGroup<GeNN::CodeGenerator::SynapseConnectivityHostInitGroupMerged>@644] 		numSrcNeurons = numeric (31565u)
2025-09-24 09:36:24.760 DEBUG [2195870] [GeNN::Runtime::Runtime::pushMergedGroup<GeNN::CodeGenerator::SynapseConnectivityHostInitGroupMerged>@644] 		numTrgNeurons = numeric (3727u)
2025-09-24 09:36:24.760 DEBUG [2195870] [GeNN::Runtime::Runtime::pushMergedGroup@601] 	Group: 6
2025-09-24 09:36:24.760 DEBUG [2195870] [GeNN::Runtime::Runtime::pushMergedGroup<GeNN::CodeGenerator::SynapseConnectivityHostInitGroupMerged>@620] 		d_preCalcRowLength = array (0x846cef0)
2025-09-24 09:36:24.760 DEBUG [2195870] [GeNN::Runtime::Runtime::pushMergedGroup<GeNN::CodeGenerator::SynapseConnectivityHostInitGroupMerged>@620] 		preCalcRowLength = array (0x846cef0)
2025-09-24 09:36:24.760 DEBUG [2195870] [GeNN::Runtime::Runtime::pushMergedGroup<GeNN::CodeGenerator::SynapseConnectivityHostInitGroupMerged>@644] 		num = numeric (10385151u)
2025-09-24 09:36:24.760 DEBUG [2195870] [GeNN::Runtime::Runtime::pushMergedGroup<GeNN::CodeGenerator::SynapseConnectivityHostInitGroupMerged>@644] 		numSrcNeurons = numeric (31565u)
2025-09-24 09:36:24.760 DEBUG [2195870] [GeNN::Runtime::Runtime::pushMergedGroup<GeNN::CodeGenerator::SynapseConnectivityHostInitGroupMerged>@644] 		numTrgNeurons = numeric (4614u)
2025-09-24 09:36:24.760 DEBUG [2195870] [GeNN::Runtime::Runtime::pushMergedGroup@601] 	Group: 7
2025-09-24 09:36:24.760 DEBUG [2195870] [GeNN::Runtime::Runtime::pushMergedGroup<GeNN::CodeGenerator::SynapseConnectivityHostInitGroupMerged>@620] 		d_preCalcRowLength = array (0x846d090)
2025-09-24 09:36:24.760 DEBUG [2195870] [GeNN::Runtime::Runtime::pushMergedGroup<GeNN::CodeGenerator::SynapseConnectivityHostInitGroupMerged>@620] 		preCalcRowLength = array (0x846d090)
2025-09-24 09:36:24.760 DEBUG [2195870] [GeNN::Runtime::Runtime::pushMergedGroup<GeNN::CodeGenerator::SynapseConnectivityHostInitGroupMerged>@644] 		num = numeric (2826884u)
2025-09-24 09:36:24.760 DEBUG [2195870] [GeNN::Runtime::Runtime::pushMergedGroup<GeNN::CodeGenerator::SynapseConnectivityHostInitGroupMerged>@644] 		numSrcNeurons = numeric (31565u)
2025-09-24 09:36:24.760 DEBUG [2195870] [GeNN::Runtime::Runtime::pushMergedGroup<GeNN::CodeGenerator::SynapseConnectivityHostInitGroupMerged>@644] 		numTrgNeurons = numeric (1909u)
2025-09-24 09:36:24.760 DEBUG [2195870] [GeNN::Runtime::Runtime::pushMergedGroup@601] 	Group: 8
2025-09-24 09:36:24.760 DEBUG [2195870] [GeNN::Runtime::Runtime::pushMergedGroup<GeNN::CodeGenerator::SynapseConnectivityHostInitGroupMerged>@620] 		d_preCalcRowLength = array (0x846d1e0)
2025-09-24 09:36:24.760 DEBUG [2195870] [GeNN::Runtime::Runtime::pushMergedGroup<GeNN::CodeGenerator::SynapseConnectivityHostInitGroupMerged>@620] 		preCalcRowLength = array (0x846d1e0)
2025-09-24 09:36:24.760 DEBUG [2195870] [GeNN::Runtime::Runtime::pushMergedGroup<GeNN::CodeGenerator::SynapseConnectivityHostInitGroupMerged>@644] 		num = numeric (25019019u)
2025-09-24 09:36:24.760 DEBUG [2195870] [GeNN::Runtime::Runtime::pushMergedGroup<GeNN::CodeGenerator::SynapseConnectivityHostInitGroupMerged>@644] 		numSrcNeurons = numeric (14020u)
2025-09-24 09:36:24.760 DEBUG [2195870] [GeNN::Runtime::Runtime::pushMergedGroup<GeNN::CodeGenerator::SynapseConnectivityHostInitGroupMerged>@644] 		numTrgNeurons = numeric (31565u)
2025-09-24 09:36:24.760 DEBUG [2195870] [GeNN::Runtime::Runtime::pushMergedGroup@601] 	Group: 9
2025-09-24 09:36:24.760 DEBUG [2195870] [GeNN::Runtime::Runtime::pushMergedGroup<GeNN::CodeGenerator::SynapseConnectivityHostInitGroupMerged>@620] 		d_preCalcRowLength = array (0x846d380)
2025-09-24 09:36:24.760 DEBUG [2195870] [GeNN::Runtime::Runtime::pushMergedGroup<GeNN::CodeGenerator::SynapseConnectivityHostInitGroupMerged>@620] 		preCalcRowLength = array (0x846d380)
2025-09-24 09:36:24.760 DEBUG [2195870] [GeNN::Runtime::Runtime::pushMergedGroup<GeNN::CodeGenerator::SynapseConnectivityHostInitGroupMerged>@644] 		num = numeric (12677782u)
2025-09-24 09:36:24.760 DEBUG [2195870] [GeNN::Runtime::Runtime::pushMergedGroup<GeNN::CodeGenerator::SynapseConnectivityHostInitGroupMerged>@644] 		numSrcNeurons = numeric (14020u)
2025-09-24 09:36:24.760 DEBUG [2195870] [GeNN::Runtime::Runtime::pushMergedGroup<GeNN::CodeGenerator::SynapseConnectivityHostInitGroupMerged>@644] 		numTrgNeurons = numeric (14020u)
2025-09-24 09:36:24.760 DEBUG [2195870] [GeNN::Runtime::Runtime::pushMergedGroup@601] 	Group: 10
2025-09-24 09:36:24.760 DEBUG [2195870] [GeNN::Runtime::Runtime::pushMergedGroup<GeNN::CodeGenerator::SynapseConnectivityHostInitGroupMerged>@620] 		d_preCalcRowLength = array (0x846d520)
2025-09-24 09:36:24.760 DEBUG [2195870] [GeNN::Runtime::Runtime::pushMergedGroup<GeNN::CodeGenerator::SynapseConnectivityHostInitGroupMerged>@620] 		preCalcRowLength = array (0x846d520)
2025-09-24 09:36:24.760 DEBUG [2195870] [GeNN::Runtime::Runtime::pushMergedGroup<GeNN::CodeGenerator::SynapseConnectivityHostInitGroupMerged>@644] 		num = numeric (15037246u)
2025-09-24 09:36:24.760 DEBUG [2195870] [GeNN::Runtime::Runtime::pushMergedGroup<GeNN::CodeGenerator::SynapseConnectivityHostInitGroupMerged>@644] 		numSrcNeurons = numeric (14020u)
2025-09-24 09:36:24.760 DEBUG [2195870] [GeNN::Runtime::Runtime::pushMergedGroup<GeNN::CodeGenerator::SynapseConnectivityHostInitGroupMerged>@644] 		numTrgNeurons = numeric (16359u)
2025-09-24 09:36:24.760 DEBUG [2195870] [GeNN::Runtime::Runtime::pushMergedGroup@601] 	Group: 11
2025-09-24 09:36:24.760 DEBUG [2195870] [GeNN::Runtime::Runtime::pushMergedGroup<GeNN::CodeGenerator::SynapseConnectivityHostInitGroupMerged>@620] 		d_preCalcRowLength = array (0x846d730)
2025-09-24 09:36:24.760 DEBUG [2195870] [GeNN::Runtime::Runtime::pushMergedGroup<GeNN::CodeGenerator::SynapseConnectivityHostInitGroupMerged>@620] 		preCalcRowLength = array (0x846d730)
2025-09-24 09:36:24.760 DEBUG [2195870] [GeNN::Runtime::Runtime::pushMergedGroup<GeNN::CodeGenerator::SynapseConnectivityHostInitGroupMerged>@644] 		num = numeric (4435036u)
2025-09-24 09:36:24.760 DEBUG [2195870] [GeNN::Runtime::Runtime::pushMergedGroup<GeNN::CodeGenerator::SynapseConnectivityHostInitGroupMerged>@644] 		numSrcNeurons = numeric (14020u)
2025-09-24 09:36:24.760 DEBUG [2195870] [GeNN::Runtime::Runtime::pushMergedGroup<GeNN::CodeGenerator::SynapseConnectivityHostInitGroupMerged>@644] 		numTrgNeurons = numeric (11724u)
2025-09-24 09:36:24.760 DEBUG [2195870] [GeNN::Runtime::Runtime::pushMergedGroup@601] 	Group: 12
2025-09-24 09:36:24.760 DEBUG [2195870] [GeNN::Runtime::Runtime::pushMergedGroup<GeNN::CodeGenerator::SynapseConnectivityHostInitGroupMerged>@620] 		d_preCalcRowLength = array (0x846d940)
2025-09-24 09:36:24.760 DEBUG [2195870] [GeNN::Runtime::Runtime::pushMergedGroup<GeNN::CodeGenerator::SynapseConnectivityHostInitGroupMerged>@620] 		preCalcRowLength = array (0x846d940)
2025-09-24 09:36:24.760 DEBUG [2195870] [GeNN::Runtime::Runtime::pushMergedGroup<GeNN::CodeGenerator::SynapseConnectivityHostInitGroupMerged>@644] 		num = numeric (9681208u)
2025-09-24 09:36:24.760 DEBUG [2195870] [GeNN::Runtime::Runtime::pushMergedGroup<GeNN::CodeGenerator::SynapseConnectivityHostInitGroupMerged>@644] 		numSrcNeurons = numeric (14020u)
2025-09-24 09:36:24.760 DEBUG [2195870] [GeNN::Runtime::Runtime::pushMergedGroup<GeNN::CodeGenerator::SynapseConnectivityHostInitGroupMerged>@644] 		numTrgNeurons = numeric (16997u)
2025-09-24 09:36:24.760 DEBUG [2195870] [GeNN::Runtime::Runtime::pushMergedGroup@601] 	Group: 13
2025-09-24 09:36:24.760 DEBUG [2195870] [GeNN::Runtime::Runtime::pushMergedGroup<GeNN::CodeGenerator::SynapseConnectivityHostInitGroupMerged>@620] 		d_preCalcRowLength = array (0x846db50)
2025-09-24 09:36:24.760 DEBUG [2195870] [GeNN::Runtime::Runtime::pushMergedGroup<GeNN::CodeGenerator::SynapseConnectivityHostInitGroupMerged>@620] 		preCalcRowLength = array (0x846db50)
2025-09-24 09:36:24.760 DEBUG [2195870] [GeNN::Runtime::Runtime::pushMergedGroup<GeNN::CodeGenerator::SynapseConnectivityHostInitGroupMerged>@644] 		num = numeric (5469364u)
2025-09-24 09:36:24.760 DEBUG [2195870] [GeNN::Runtime::Runtime::pushMergedGroup<GeNN::CodeGenerator::SynapseConnectivityHostInitGroupMerged>@644] 		numSrcNeurons = numeric (14020u)
2025-09-24 09:36:24.760 DEBUG [2195870] [GeNN::Runtime::Runtime::pushMergedGroup<GeNN::CodeGenerator::SynapseConnectivityHostInitGroupMerged>@644] 		numTrgNeurons = numeric (3727u)
2025-09-24 09:36:24.760 DEBUG [2195870] [GeNN::Runtime::Runtime::pushMergedGroup@601] 	Group: 14
2025-09-24 09:36:24.760 DEBUG [2195870] [GeNN::Runtime::Runtime::pushMergedGroup<GeNN::CodeGenerator::SynapseConnectivityHostInitGroupMerged>@620] 		d_preCalcRowLength = array (0x846dd60)
2025-09-24 09:36:24.761 DEBUG [2195870] [GeNN::Runtime::Runtime::pushMergedGroup<GeNN::CodeGenerator::SynapseConnectivityHostInitGroupMerged>@620] 		preCalcRowLength = array (0x846dd60)
2025-09-24 09:36:24.761 DEBUG [2195870] [GeNN::Runtime::Runtime::pushMergedGroup<GeNN::CodeGenerator::SynapseConnectivityHostInitGroupMerged>@644] 		num = numeric (2130926u)
2025-09-24 09:36:24.761 DEBUG [2195870] [GeNN::Runtime::Runtime::pushMergedGroup<GeNN::CodeGenerator::SynapseConnectivityHostInitGroupMerged>@644] 		numSrcNeurons = numeric (14020u)
2025-09-24 09:36:24.761 DEBUG [2195870] [GeNN::Runtime::Runtime::pushMergedGroup<GeNN::CodeGenerator::SynapseConnectivityHostInitGroupMerged>@644] 		numTrgNeurons = numeric (4614u)
2025-09-24 09:36:24.761 DEBUG [2195870] [GeNN::Runtime::Runtime::pushMergedGroup@601] 	Group: 15
2025-09-24 09:36:24.761 DEBUG [2195870] [GeNN::Runtime::Runtime::pushMergedGroup<GeNN::CodeGenerator::SynapseConnectivityHostInitGroupMerged>@620] 		d_preCalcRowLength = array (0x846df70)
2025-09-24 09:36:24.761 DEBUG [2195870] [GeNN::Runtime::Runtime::pushMergedGroup<GeNN::CodeGenerator::SynapseConnectivityHostInitGroupMerged>@620] 		preCalcRowLength = array (0x846df70)
2025-09-24 09:36:24.761 DEBUG [2195870] [GeNN::Runtime::Runtime::pushMergedGroup<GeNN::CodeGenerator::SynapseConnectivityHostInitGroupMerged>@644] 		num = numeric (115330u)
2025-09-24 09:36:24.761 DEBUG [2195870] [GeNN::Runtime::Runtime::pushMergedGroup<GeNN::CodeGenerator::SynapseConnectivityHostInitGroupMerged>@644] 		numSrcNeurons = numeric (14020u)
2025-09-24 09:36:24.761 DEBUG [2195870] [GeNN::Runtime::Runtime::pushMergedGroup<GeNN::CodeGenerator::SynapseConnectivityHostInitGroupMerged>@644] 		numTrgNeurons = numeric (1909u)
2025-09-24 09:36:24.761 DEBUG [2195870] [GeNN::Runtime::Runtime::pushMergedGroup@601] 	Group: 16
2025-09-24 09:36:24.761 DEBUG [2195870] [GeNN::Runtime::Runtime::pushMergedGroup<GeNN::CodeGenerator::SynapseConnectivityHostInitGroupMerged>@620] 		d_preCalcRowLength = array (0x846e0c0)
2025-09-24 09:36:24.761 DEBUG [2195870] [GeNN::Runtime::Runtime::pushMergedGroup<GeNN::CodeGenerator::SynapseConnectivityHostInitGroupMerged>@620] 		preCalcRowLength = array (0x846e0c0)
2025-09-24 09:36:24.761 DEBUG [2195870] [GeNN::Runtime::Runtime::pushMergedGroup<GeNN::CodeGenerator::SynapseConnectivityHostInitGroupMerged>@644] 		num = numeric (21450796u)
2025-09-24 09:36:24.761 DEBUG [2195870] [GeNN::Runtime::Runtime::pushMergedGroup<GeNN::CodeGenerator::SynapseConnectivityHostInitGroupMerged>@644] 		numSrcNeurons = numeric (16359u)
2025-09-24 09:36:24.761 DEBUG [2195870] [GeNN::Runtime::Runtime::pushMergedGroup<GeNN::CodeGenerator::SynapseConnectivityHostInitGroupMerged>@644] 		numTrgNeurons = numeric (31565u)
2025-09-24 09:36:24.761 DEBUG [2195870] [GeNN::Runtime::Runtime::pushMergedGroup@601] 	Group: 17
2025-09-24 09:36:24.761 DEBUG [2195870] [GeNN::Runtime::Runtime::pushMergedGroup<GeNN::CodeGenerator::SynapseConnectivityHostInitGroupMerged>@620] 		d_preCalcRowLength = array (0x846e2d0)
2025-09-24 09:36:24.761 DEBUG [2195870] [GeNN::Runtime::Runtime::pushMergedGroup<GeNN::CodeGenerator::SynapseConnectivityHostInitGroupMerged>@620] 		preCalcRowLength = array (0x846e2d0)
2025-09-24 09:36:24.761 DEBUG [2195870] [GeNN::Runtime::Runtime::pushMergedGroup<GeNN::CodeGenerator::SynapseConnectivityHostInitGroupMerged>@644] 		num = numeric (1950773u)
2025-09-24 09:36:24.761 DEBUG [2195870] [GeNN::Runtime::Runtime::pushMergedGroup<GeNN::CodeGenerator::SynapseConnectivityHostInitGroupMerged>@644] 		numSrcNeurons = numeric (16359u)
2025-09-24 09:36:24.761 DEBUG [2195870] [GeNN::Runtime::Runtime::pushMergedGroup<GeNN::CodeGenerator::SynapseConnectivityHostInitGroupMerged>@644] 		numTrgNeurons = numeric (14020u)
2025-09-24 09:36:24.761 DEBUG [2195870] [GeNN::Runtime::Runtime::pushMergedGroup@601] 	Group: 18
2025-09-24 09:36:24.761 DEBUG [2195870] [GeNN::Runtime::Runtime::pushMergedGroup<GeNN::CodeGenerator::SynapseConnectivityHostInitGroupMerged>@620] 		d_preCalcRowLength = array (0x846e4e0)
2025-09-24 09:36:24.761 DEBUG [2195870] [GeNN::Runtime::Runtime::pushMergedGroup<GeNN::CodeGenerator::SynapseConnectivityHostInitGroupMerged>@620] 		preCalcRowLength = array (0x846e4e0)
2025-09-24 09:36:24.761 DEBUG [2195870] [GeNN::Runtime::Runtime::pushMergedGroup<GeNN::CodeGenerator::SynapseConnectivityHostInitGroupMerged>@644] 		num = numeric (29375521u)
2025-09-24 09:36:24.761 DEBUG [2195870] [GeNN::Runtime::Runtime::pushMergedGroup<GeNN::CodeGenerator::SynapseConnectivityHostInitGroupMerged>@644] 		numSrcNeurons = numeric (16359u)
2025-09-24 09:36:24.761 DEBUG [2195870] [GeNN::Runtime::Runtime::pushMergedGroup<GeNN::CodeGenerator::SynapseConnectivityHostInitGroupMerged>@644] 		numTrgNeurons = numeric (16359u)
2025-09-24 09:36:24.761 DEBUG [2195870] [GeNN::Runtime::Runtime::pushMergedGroup@601] 	Group: 19
2025-09-24 09:36:24.761 DEBUG [2195870] [GeNN::Runtime::Runtime::pushMergedGroup<GeNN::CodeGenerator::SynapseConnectivityHostInitGroupMerged>@620] 		d_preCalcRowLength = array (0x846e6f0)
2025-09-24 09:36:24.761 DEBUG [2195870] [GeNN::Runtime::Runtime::pushMergedGroup<GeNN::CodeGenerator::SynapseConnectivityHostInitGroupMerged>@620] 		preCalcRowLength = array (0x846e6f0)
2025-09-24 09:36:24.761 DEBUG [2195870] [GeNN::Runtime::Runtime::pushMergedGroup<GeNN::CodeGenerator::SynapseConnectivityHostInitGroupMerged>@644] 		num = numeric (14293028u)
2025-09-24 09:36:24.761 DEBUG [2195870] [GeNN::Runtime::Runtime::pushMergedGroup<GeNN::CodeGenerator::SynapseConnectivityHostInitGroupMerged>@644] 		numSrcNeurons = numeric (16359u)
2025-09-24 09:36:24.761 DEBUG [2195870] [GeNN::Runtime::Runtime::pushMergedGroup<GeNN::CodeGenerator::SynapseConnectivityHostInitGroupMerged>@644] 		numTrgNeurons = numeric (11724u)
2025-09-24 09:36:24.761 DEBUG [2195870] [GeNN::Runtime::Runtime::pushMergedGroup@601] 	Group: 20
2025-09-24 09:36:24.761 DEBUG [2195870] [GeNN::Runtime::Runtime::pushMergedGroup<GeNN::CodeGenerator::SynapseConnectivityHostInitGroupMerged>@620] 		d_preCalcRowLength = array (0x846e900)
2025-09-24 09:36:24.761 DEBUG [2195870] [GeNN::Runtime::Runtime::pushMergedGroup<GeNN::CodeGenerator::SynapseConnectivityHostInitGroupMerged>@620] 		preCalcRowLength = array (0x846e900)
2025-09-24 09:36:24.761 DEBUG [2195870] [GeNN::Runtime::Runtime::pushMergedGroup<GeNN::CodeGenerator::SynapseConnectivityHostInitGroupMerged>@644] 		num = numeric (27617174u)
2025-09-24 09:36:24.761 DEBUG [2195870] [GeNN::Runtime::Runtime::pushMergedGroup<GeNN::CodeGenerator::SynapseConnectivityHostInitGroupMerged>@644] 		numSrcNeurons = numeric (16359u)
2025-09-24 09:36:24.761 DEBUG [2195870] [GeNN::Runtime::Runtime::pushMergedGroup<GeNN::CodeGenerator::SynapseConnectivityHostInitGroupMerged>@644] 		numTrgNeurons = numeric (16997u)
2025-09-24 09:36:24.761 DEBUG [2195870] [GeNN::Runtime::Runtime::pushMergedGroup@601] 	Group: 21
2025-09-24 09:36:24.761 DEBUG [2195870] [GeNN::Runtime::Runtime::pushMergedGroup<GeNN::CodeGenerator::SynapseConnectivityHostInitGroupMerged>@620] 		d_preCalcRowLength = array (0x846eb10)
2025-09-24 09:36:24.761 DEBUG [2195870] [GeNN::Runtime::Runtime::pushMergedGroup<GeNN::CodeGenerator::SynapseConnectivityHostInitGroupMerged>@620] 		preCalcRowLength = array (0x846eb10)
2025-09-24 09:36:24.761 DEBUG [2195870] [GeNN::Runtime::Runtime::pushMergedGroup<GeNN::CodeGenerator::SynapseConnectivityHostInitGroupMerged>@644] 		num = numeric (254986u)
2025-09-24 09:36:24.761 DEBUG [2195870] [GeNN::Runtime::Runtime::pushMergedGroup<GeNN::CodeGenerator::SynapseConnectivityHostInitGroupMerged>@644] 		numSrcNeurons = numeric (16359u)
2025-09-24 09:36:24.761 DEBUG [2195870] [GeNN::Runtime::Runtime::pushMergedGroup<GeNN::CodeGenerator::SynapseConnectivityHostInitGroupMerged>@644] 		numTrgNeurons = numeric (3727u)
2025-09-24 09:36:24.761 DEBUG [2195870] [GeNN::Runtime::Runtime::pushMergedGroup@601] 	Group: 22
2025-09-24 09:36:24.761 DEBUG [2195870] [GeNN::Runtime::Runtime::pushMergedGroup<GeNN::CodeGenerator::SynapseConnectivityHostInitGroupMerged>@620] 		d_preCalcRowLength = array (0x846ed20)
2025-09-24 09:36:24.761 DEBUG [2195870] [GeNN::Runtime::Runtime::pushMergedGroup<GeNN::CodeGenerator::SynapseConnectivityHostInitGroupMerged>@620] 		preCalcRowLength = array (0x846ed20)
2025-09-24 09:36:24.761 DEBUG [2195870] [GeNN::Runtime::Runtime::pushMergedGroup<GeNN::CodeGenerator::SynapseConnectivityHostInitGroupMerged>@644] 		num = numeric (5909090u)
2025-09-24 09:36:24.761 DEBUG [2195870] [GeNN::Runtime::Runtime::pushMergedGroup<GeNN::CodeGenerator::SynapseConnectivityHostInitGroupMerged>@644] 		numSrcNeurons = numeric (16359u)
2025-09-24 09:36:24.761 DEBUG [2195870] [GeNN::Runtime::Runtime::pushMergedGroup<GeNN::CodeGenerator::SynapseConnectivityHostInitGroupMerged>@644] 		numTrgNeurons = numeric (4614u)
2025-09-24 09:36:24.761 DEBUG [2195870] [GeNN::Runtime::Runtime::pushMergedGroup@601] 	Group: 23
2025-09-24 09:36:24.761 DEBUG [2195870] [GeNN::Runtime::Runtime::pushMergedGroup<GeNN::CodeGenerator::SynapseConnectivityHostInitGroupMerged>@620] 		d_preCalcRowLength = array (0x846ef30)
2025-09-24 09:36:24.761 DEBUG [2195870] [GeNN::Runtime::Runtime::pushMergedGroup<GeNN::CodeGenerator::SynapseConnectivityHostInitGroupMerged>@620] 		preCalcRowLength = array (0x846ef30)
2025-09-24 09:36:24.761 DEBUG [2195870] [GeNN::Runtime::Runtime::pushMergedGroup<GeNN::CodeGenerator::SynapseConnectivityHostInitGroupMerged>@644] 		num = numeric (1109932u)
2025-09-24 09:36:24.761 DEBUG [2195870] [GeNN::Runtime::Runtime::pushMergedGroup<GeNN::CodeGenerator::SynapseConnectivityHostInitGroupMerged>@644] 		numSrcNeurons = numeric (16359u)
2025-09-24 09:36:24.761 DEBUG [2195870] [GeNN::Runtime::Runtime::pushMergedGroup<GeNN::CodeGenerator::SynapseConnectivityHostInitGroupMerged>@644] 		numTrgNeurons = numeric (1909u)
2025-09-24 09:36:24.761 DEBUG [2195870] [GeNN::Runtime::Runtime::pushMergedGroup@601] 	Group: 24
2025-09-24 09:36:24.761 DEBUG [2195870] [GeNN::Runtime::Runtime::pushMergedGroup<GeNN::CodeGenerator::SynapseConnectivityHostInitGroupMerged>@620] 		d_preCalcRowLength = array (0x846f080)
2025-09-24 09:36:24.761 DEBUG [2195870] [GeNN::Runtime::Runtime::pushMergedGroup<GeNN::CodeGenerator::SynapseConnectivityHostInitGroupMerged>@620] 		preCalcRowLength = array (0x846f080)
2025-09-24 09:36:24.761 DEBUG [2195870] [GeNN::Runtime::Runtime::pushMergedGroup<GeNN::CodeGenerator::SynapseConnectivityHostInitGroupMerged>@644] 		num = numeric (3572062u)
2025-09-24 09:36:24.761 DEBUG [2195870] [GeNN::Runtime::Runtime::pushMergedGroup<GeNN::CodeGenerator::SynapseConnectivityHostInitGroupMerged>@644] 		numSrcNeurons = numeric (11724u)
2025-09-24 09:36:24.761 DEBUG [2195870] [GeNN::Runtime::Runtime::pushMergedGroup<GeNN::CodeGenerator::SynapseConnectivityHostInitGroupMerged>@644] 		numTrgNeurons = numeric (31565u)
2025-09-24 09:36:24.761 DEBUG [2195870] [GeNN::Runtime::Runtime::pushMergedGroup@601] 	Group: 25
2025-09-24 09:36:24.761 DEBUG [2195870] [GeNN::Runtime::Runtime::pushMergedGroup<GeNN::CodeGenerator::SynapseConnectivityHostInitGroupMerged>@620] 		d_preCalcRowLength = array (0x846f1d0)
2025-09-24 09:36:24.761 DEBUG [2195870] [GeNN::Runtime::Runtime::pushMergedGroup<GeNN::CodeGenerator::SynapseConnectivityHostInitGroupMerged>@620] 		preCalcRowLength = array (0x846f1d0)
2025-09-24 09:36:24.761 DEBUG [2195870] [GeNN::Runtime::Runtime::pushMergedGroup<GeNN::CodeGenerator::SynapseConnectivityHostInitGroupMerged>@644] 		num = numeric (9640907u)
2025-09-24 09:36:24.761 DEBUG [2195870] [GeNN::Runtime::Runtime::pushMergedGroup<GeNN::CodeGenerator::SynapseConnectivityHostInitGroupMerged>@644] 		numSrcNeurons = numeric (11724u)
2025-09-24 09:36:24.761 DEBUG [2195870] [GeNN::Runtime::Runtime::pushMergedGroup<GeNN::CodeGenerator::SynapseConnectivityHostInitGroupMerged>@644] 		numTrgNeurons = numeric (14020u)
2025-09-24 09:36:24.761 DEBUG [2195870] [GeNN::Runtime::Runtime::pushMergedGroup@601] 	Group: 26
2025-09-24 09:36:24.761 DEBUG [2195870] [GeNN::Runtime::Runtime::pushMergedGroup<GeNN::CodeGenerator::SynapseConnectivityHostInitGroupMerged>@620] 		d_preCalcRowLength = array (0x846f320)
2025-09-24 09:36:24.761 DEBUG [2195870] [GeNN::Runtime::Runtime::pushMergedGroup<GeNN::CodeGenerator::SynapseConnectivityHostInitGroupMerged>@620] 		preCalcRowLength = array (0x846f320)
2025-09-24 09:36:24.761 DEBUG [2195870] [GeNN::Runtime::Runtime::pushMergedGroup<GeNN::CodeGenerator::SynapseConnectivityHostInitGroupMerged>@644] 		num = numeric (5001484u)
2025-09-24 09:36:24.761 DEBUG [2195870] [GeNN::Runtime::Runtime::pushMergedGroup<GeNN::CodeGenerator::SynapseConnectivityHostInitGroupMerged>@644] 		numSrcNeurons = numeric (11724u)
2025-09-24 09:36:24.761 DEBUG [2195870] [GeNN::Runtime::Runtime::pushMergedGroup<GeNN::CodeGenerator::SynapseConnectivityHostInitGroupMerged>@644] 		numTrgNeurons = numeric (16359u)
2025-09-24 09:36:24.761 DEBUG [2195870] [GeNN::Runtime::Runtime::pushMergedGroup@601] 	Group: 27
2025-09-24 09:36:24.761 DEBUG [2195870] [GeNN::Runtime::Runtime::pushMergedGroup<GeNN::CodeGenerator::SynapseConnectivityHostInitGroupMerged>@620] 		d_preCalcRowLength = array (0x846f470)
2025-09-24 09:36:24.761 DEBUG [2195870] [GeNN::Runtime::Runtime::pushMergedGroup<GeNN::CodeGenerator::SynapseConnectivityHostInitGroupMerged>@620] 		preCalcRowLength = array (0x846f470)
2025-09-24 09:36:24.761 DEBUG [2195870] [GeNN::Runtime::Runtime::pushMergedGroup<GeNN::CodeGenerator::SynapseConnectivityHostInitGroupMerged>@644] 		num = numeric (7026830u)
2025-09-24 09:36:24.761 DEBUG [2195870] [GeNN::Runtime::Runtime::pushMergedGroup<GeNN::CodeGenerator::SynapseConnectivityHostInitGroupMerged>@644] 		numSrcNeurons = numeric (11724u)
2025-09-24 09:36:24.761 DEBUG [2195870] [GeNN::Runtime::Runtime::pushMergedGroup<GeNN::CodeGenerator::SynapseConnectivityHostInitGroupMerged>@644] 		numTrgNeurons = numeric (11724u)
2025-09-24 09:36:24.761 DEBUG [2195870] [GeNN::Runtime::Runtime::pushMergedGroup@601] 	Group: 28
2025-09-24 09:36:24.761 DEBUG [2195870] [GeNN::Runtime::Runtime::pushMergedGroup<GeNN::CodeGenerator::SynapseConnectivityHostInitGroupMerged>@620] 		d_preCalcRowLength = array (0x8622f50)
2025-09-24 09:36:24.761 DEBUG [2195870] [GeNN::Runtime::Runtime::pushMergedGroup<GeNN::CodeGenerator::SynapseConnectivityHostInitGroupMerged>@620] 		preCalcRowLength = array (0x8622f50)
2025-09-24 09:36:24.761 DEBUG [2195870] [GeNN::Runtime::Runtime::pushMergedGroup<GeNN::CodeGenerator::SynapseConnectivityHostInitGroupMerged>@644] 		num = numeric (1061156u)
2025-09-24 09:36:24.761 DEBUG [2195870] [GeNN::Runtime::Runtime::pushMergedGroup<GeNN::CodeGenerator::SynapseConnectivityHostInitGroupMerged>@644] 		numSrcNeurons = numeric (11724u)
2025-09-24 09:36:24.761 DEBUG [2195870] [GeNN::Runtime::Runtime::pushMergedGroup<GeNN::CodeGenerator::SynapseConnectivityHostInitGroupMerged>@644] 		numTrgNeurons = numeric (16997u)
2025-09-24 09:36:24.761 DEBUG [2195870] [GeNN::Runtime::Runtime::pushMergedGroup@601] 	Group: 29
2025-09-24 09:36:24.761 DEBUG [2195870] [GeNN::Runtime::Runtime::pushMergedGroup<GeNN::CodeGenerator::SynapseConnectivityHostInitGroupMerged>@620] 		d_preCalcRowLength = array (0x85b9d40)
2025-09-24 09:36:24.761 DEBUG [2195870] [GeNN::Runtime::Runtime::pushMergedGroup<GeNN::CodeGenerator::SynapseConnectivityHostInitGroupMerged>@620] 		preCalcRowLength = array (0x85b9d40)
2025-09-24 09:36:24.761 DEBUG [2195870] [GeNN::Runtime::Runtime::pushMergedGroup<GeNN::CodeGenerator::SynapseConnectivityHostInitGroupMerged>@644] 		num = numeric (6176053u)
2025-09-24 09:36:24.761 DEBUG [2195870] [GeNN::Runtime::Runtime::pushMergedGroup<GeNN::CodeGenerator::SynapseConnectivityHostInitGroupMerged>@644] 		numSrcNeurons = numeric (11724u)
2025-09-24 09:36:24.761 DEBUG [2195870] [GeNN::Runtime::Runtime::pushMergedGroup<GeNN::CodeGenerator::SynapseConnectivityHostInitGroupMerged>@644] 		numTrgNeurons = numeric (3727u)
2025-09-24 09:36:24.761 DEBUG [2195870] [GeNN::Runtime::Runtime::pushMergedGroup@601] 	Group: 30
2025-09-24 09:36:24.761 DEBUG [2195870] [GeNN::Runtime::Runtime::pushMergedGroup<GeNN::CodeGenerator::SynapseConnectivityHostInitGroupMerged>@620] 		d_preCalcRowLength = array (0x85b9e90)
2025-09-24 09:36:24.761 DEBUG [2195870] [GeNN::Runtime::Runtime::pushMergedGroup<GeNN::CodeGenerator::SynapseConnectivityHostInitGroupMerged>@620] 		preCalcRowLength = array (0x85b9e90)
2025-09-24 09:36:24.761 DEBUG [2195870] [GeNN::Runtime::Runtime::pushMergedGroup<GeNN::CodeGenerator::SynapseConnectivityHostInitGroupMerged>@644] 		num = numeric (591145u)
2025-09-24 09:36:24.761 DEBUG [2195870] [GeNN::Runtime::Runtime::pushMergedGroup<GeNN::CodeGenerator::SynapseConnectivityHostInitGroupMerged>@644] 		numSrcNeurons = numeric (11724u)
2025-09-24 09:36:24.761 DEBUG [2195870] [GeNN::Runtime::Runtime::pushMergedGroup<GeNN::CodeGenerator::SynapseConnectivityHostInitGroupMerged>@644] 		numTrgNeurons = numeric (4614u)
2025-09-24 09:36:24.761 DEBUG [2195870] [GeNN::Runtime::Runtime::pushMergedGroup@601] 	Group: 31
2025-09-24 09:36:24.761 DEBUG [2195870] [GeNN::Runtime::Runtime::pushMergedGroup<GeNN::CodeGenerator::SynapseConnectivityHostInitGroupMerged>@620] 		d_preCalcRowLength = array (0x85b9fe0)
2025-09-24 09:36:24.761 DEBUG [2195870] [GeNN::Runtime::Runtime::pushMergedGroup<GeNN::CodeGenerator::SynapseConnectivityHostInitGroupMerged>@620] 		preCalcRowLength = array (0x85b9fe0)
2025-09-24 09:36:24.761 DEBUG [2195870] [GeNN::Runtime::Runtime::pushMergedGroup<GeNN::CodeGenerator::SynapseConnectivityHostInitGroupMerged>@644] 		num = numeric (1927401u)
2025-09-24 09:36:24.761 DEBUG [2195870] [GeNN::Runtime::Runtime::pushMergedGroup<GeNN::CodeGenerator::SynapseConnectivityHostInitGroupMerged>@644] 		numSrcNeurons = numeric (11724u)
2025-09-24 09:36:24.761 DEBUG [2195870] [GeNN::Runtime::Runtime::pushMergedGroup<GeNN::CodeGenerator::SynapseConnectivityHostInitGroupMerged>@644] 		numTrgNeurons = numeric (1909u)
2025-09-24 09:36:24.761 DEBUG [2195870] [GeNN::Runtime::Runtime::pushMergedGroup@601] 	Group: 32
2025-09-24 09:36:24.761 DEBUG [2195870] [GeNN::Runtime::Runtime::pushMergedGroup<GeNN::CodeGenerator::SynapseConnectivityHostInitGroupMerged>@620] 		d_preCalcRowLength = array (0x85ba130)
2025-09-24 09:36:24.761 DEBUG [2195870] [GeNN::Runtime::Runtime::pushMergedGroup<GeNN::CodeGenerator::SynapseConnectivityHostInitGroupMerged>@620] 		preCalcRowLength = array (0x85ba130)
2025-09-24 09:36:24.761 DEBUG [2195870] [GeNN::Runtime::Runtime::pushMergedGroup<GeNN::CodeGenerator::SynapseConnectivityHostInitGroupMerged>@644] 		num = numeric (125582789u)
2025-09-24 09:36:24.761 DEBUG [2195870] [GeNN::Runtime::Runtime::pushMergedGroup<GeNN::CodeGenerator::SynapseConnectivityHostInitGroupMerged>@644] 		numSrcNeurons = numeric (16997u)
2025-09-24 09:36:24.761 DEBUG [2195870] [GeNN::Runtime::Runtime::pushMergedGroup<GeNN::CodeGenerator::SynapseConnectivityHostInitGroupMerged>@644] 		numTrgNeurons = numeric (31565u)
2025-09-24 09:36:24.761 DEBUG [2195870] [GeNN::Runtime::Runtime::pushMergedGroup@601] 	Group: 33
2025-09-24 09:36:24.761 DEBUG [2195870] [GeNN::Runtime::Runtime::pushMergedGroup<GeNN::CodeGenerator::SynapseConnectivityHostInitGroupMerged>@620] 		d_preCalcRowLength = array (0x85ba2f0)
2025-09-24 09:36:24.761 DEBUG [2195870] [GeNN::Runtime::Runtime::pushMergedGroup<GeNN::CodeGenerator::SynapseConnectivityHostInitGroupMerged>@620] 		preCalcRowLength = array (0x85ba2f0)
2025-09-24 09:36:24.761 DEBUG [2195870] [GeNN::Runtime::Runtime::pushMergedGroup<GeNN::CodeGenerator::SynapseConnectivityHostInitGroupMerged>@644] 		num = numeric (1784123u)
2025-09-24 09:36:24.761 DEBUG [2195870] [GeNN::Runtime::Runtime::pushMergedGroup<GeNN::CodeGenerator::SynapseConnectivityHostInitGroupMerged>@644] 		numSrcNeurons = numeric (16997u)
2025-09-24 09:36:24.761 DEBUG [2195870] [GeNN::Runtime::Runtime::pushMergedGroup<GeNN::CodeGenerator::SynapseConnectivityHostInitGroupMerged>@644] 		numTrgNeurons = numeric (14020u)
2025-09-24 09:36:24.761 DEBUG [2195870] [GeNN::Runtime::Runtime::pushMergedGroup@601] 	Group: 34
2025-09-24 09:36:24.761 DEBUG [2195870] [GeNN::Runtime::Runtime::pushMergedGroup<GeNN::CodeGenerator::SynapseConnectivityHostInitGroupMerged>@620] 		d_preCalcRowLength = array (0x85ba500)
2025-09-24 09:36:24.761 DEBUG [2195870] [GeNN::Runtime::Runtime::pushMergedGroup<GeNN::CodeGenerator::SynapseConnectivityHostInitGroupMerged>@620] 		preCalcRowLength = array (0x85ba500)
2025-09-24 09:36:24.761 DEBUG [2195870] [GeNN::Runtime::Runtime::pushMergedGroup<GeNN::CodeGenerator::SynapseConnectivityHostInitGroupMerged>@644] 		num = numeric (22592167u)
2025-09-24 09:36:24.761 DEBUG [2195870] [GeNN::Runtime::Runtime::pushMergedGroup<GeNN::CodeGenerator::SynapseConnectivityHostInitGroupMerged>@644] 		numSrcNeurons = numeric (16997u)
2025-09-24 09:36:24.761 DEBUG [2195870] [GeNN::Runtime::Runtime::pushMergedGroup<GeNN::CodeGenerator::SynapseConnectivityHostInitGroupMerged>@644] 		numTrgNeurons = numeric (16359u)
2025-09-24 09:36:24.761 DEBUG [2195870] [GeNN::Runtime::Runtime::pushMergedGroup@601] 	Group: 35
2025-09-24 09:36:24.761 DEBUG [2195870] [GeNN::Runtime::Runtime::pushMergedGroup<GeNN::CodeGenerator::SynapseConnectivityHostInitGroupMerged>@620] 		d_preCalcRowLength = array (0x85ba710)
2025-09-24 09:36:24.761 DEBUG [2195870] [GeNN::Runtime::Runtime::pushMergedGroup<GeNN::CodeGenerator::SynapseConnectivityHostInitGroupMerged>@620] 		preCalcRowLength = array (0x85ba710)
2025-09-24 09:36:24.761 DEBUG [2195870] [GeNN::Runtime::Runtime::pushMergedGroup<GeNN::CodeGenerator::SynapseConnectivityHostInitGroupMerged>@644] 		num = numeric (1669542u)
2025-09-24 09:36:24.761 DEBUG [2195870] [GeNN::Runtime::Runtime::pushMergedGroup<GeNN::CodeGenerator::SynapseConnectivityHostInitGroupMerged>@644] 		numSrcNeurons = numeric (16997u)
2025-09-24 09:36:24.761 DEBUG [2195870] [GeNN::Runtime::Runtime::pushMergedGroup<GeNN::CodeGenerator::SynapseConnectivityHostInitGroupMerged>@644] 		numTrgNeurons = numeric (11724u)
2025-09-24 09:36:24.761 DEBUG [2195870] [GeNN::Runtime::Runtime::pushMergedGroup@601] 	Group: 36
2025-09-24 09:36:24.761 DEBUG [2195870] [GeNN::Runtime::Runtime::pushMergedGroup<GeNN::CodeGenerator::SynapseConnectivityHostInitGroupMerged>@620] 		d_preCalcRowLength = array (0x85ba920)
2025-09-24 09:36:24.761 DEBUG [2195870] [GeNN::Runtime::Runtime::pushMergedGroup<GeNN::CodeGenerator::SynapseConnectivityHostInitGroupMerged>@620] 		preCalcRowLength = array (0x85ba920)
2025-09-24 09:36:24.761 DEBUG [2195870] [GeNN::Runtime::Runtime::pushMergedGroup<GeNN::CodeGenerator::SynapseConnectivityHostInitGroupMerged>@644] 		num = numeric (53898491u)
2025-09-24 09:36:24.761 DEBUG [2195870] [GeNN::Runtime::Runtime::pushMergedGroup<GeNN::CodeGenerator::SynapseConnectivityHostInitGroupMerged>@644] 		numSrcNeurons = numeric (16997u)
2025-09-24 09:36:24.761 DEBUG [2195870] [GeNN::Runtime::Runtime::pushMergedGroup<GeNN::CodeGenerator::SynapseConnectivityHostInitGroupMerged>@644] 		numTrgNeurons = numeric (16997u)
2025-09-24 09:36:24.761 DEBUG [2195870] [GeNN::Runtime::Runtime::pushMergedGroup@601] 	Group: 37
2025-09-24 09:36:24.761 DEBUG [2195870] [GeNN::Runtime::Runtime::pushMergedGroup<GeNN::CodeGenerator::SynapseConnectivityHostInitGroupMerged>@620] 		d_preCalcRowLength = array (0x85bab30)
2025-09-24 09:36:24.761 DEBUG [2195870] [GeNN::Runtime::Runtime::pushMergedGroup<GeNN::CodeGenerator::SynapseConnectivityHostInitGroupMerged>@620] 		preCalcRowLength = array (0x85bab30)
2025-09-24 09:36:24.761 DEBUG [2195870] [GeNN::Runtime::Runtime::pushMergedGroup<GeNN::CodeGenerator::SynapseConnectivityHostInitGroupMerged>@644] 		num = numeric (232771u)
2025-09-24 09:36:24.761 DEBUG [2195870] [GeNN::Runtime::Runtime::pushMergedGroup<GeNN::CodeGenerator::SynapseConnectivityHostInitGroupMerged>@644] 		numSrcNeurons = numeric (16997u)
2025-09-24 09:36:24.761 DEBUG [2195870] [GeNN::Runtime::Runtime::pushMergedGroup<GeNN::CodeGenerator::SynapseConnectivityHostInitGroupMerged>@644] 		numTrgNeurons = numeric (3727u)
2025-09-24 09:36:24.761 DEBUG [2195870] [GeNN::Runtime::Runtime::pushMergedGroup@601] 	Group: 38
2025-09-24 09:36:24.761 DEBUG [2195870] [GeNN::Runtime::Runtime::pushMergedGroup<GeNN::CodeGenerator::SynapseConnectivityHostInitGroupMerged>@620] 		d_preCalcRowLength = array (0x85bad40)
2025-09-24 09:36:24.761 DEBUG [2195870] [GeNN::Runtime::Runtime::pushMergedGroup<GeNN::CodeGenerator::SynapseConnectivityHostInitGroupMerged>@620] 		preCalcRowLength = array (0x85bad40)
2025-09-24 09:36:24.761 DEBUG [2195870] [GeNN::Runtime::Runtime::pushMergedGroup<GeNN::CodeGenerator::SynapseConnectivityHostInitGroupMerged>@644] 		num = numeric (2705691u)
2025-09-24 09:36:24.761 DEBUG [2195870] [GeNN::Runtime::Runtime::pushMergedGroup<GeNN::CodeGenerator::SynapseConnectivityHostInitGroupMerged>@644] 		numSrcNeurons = numeric (16997u)
2025-09-24 09:36:24.761 DEBUG [2195870] [GeNN::Runtime::Runtime::pushMergedGroup<GeNN::CodeGenerator::SynapseConnectivityHostInitGroupMerged>@644] 		numTrgNeurons = numeric (4614u)
2025-09-24 09:36:24.761 DEBUG [2195870] [GeNN::Runtime::Runtime::pushMergedGroup@601] 	Group: 39
2025-09-24 09:36:24.761 DEBUG [2195870] [GeNN::Runtime::Runtime::pushMergedGroup<GeNN::CodeGenerator::SynapseConnectivityHostInitGroupMerged>@620] 		d_preCalcRowLength = array (0x85baf50)
2025-09-24 09:36:24.761 DEBUG [2195870] [GeNN::Runtime::Runtime::pushMergedGroup<GeNN::CodeGenerator::SynapseConnectivityHostInitGroupMerged>@620] 		preCalcRowLength = array (0x85baf50)
2025-09-24 09:36:24.761 DEBUG [2195870] [GeNN::Runtime::Runtime::pushMergedGroup<GeNN::CodeGenerator::SynapseConnectivityHostInitGroupMerged>@644] 		num = numeric (41074u)
2025-09-24 09:36:24.761 DEBUG [2195870] [GeNN::Runtime::Runtime::pushMergedGroup<GeNN::CodeGenerator::SynapseConnectivityHostInitGroupMerged>@644] 		numSrcNeurons = numeric (16997u)
2025-09-24 09:36:24.761 DEBUG [2195870] [GeNN::Runtime::Runtime::pushMergedGroup<GeNN::CodeGenerator::SynapseConnectivityHostInitGroupMerged>@644] 		numTrgNeurons = numeric (1909u)
2025-09-24 09:36:24.761 DEBUG [2195870] [GeNN::Runtime::Runtime::pushMergedGroup@601] 	Group: 40
2025-09-24 09:36:24.761 DEBUG [2195870] [GeNN::Runtime::Runtime::pushMergedGroup<GeNN::CodeGenerator::SynapseConnectivityHostInitGroupMerged>@620] 		d_preCalcRowLength = array (0x85bb0a0)
2025-09-24 09:36:24.761 DEBUG [2195870] [GeNN::Runtime::Runtime::pushMergedGroup<GeNN::CodeGenerator::SynapseConnectivityHostInitGroupMerged>@620] 		preCalcRowLength = array (0x85bb0a0)
2025-09-24 09:36:24.761 DEBUG [2195870] [GeNN::Runtime::Runtime::pushMergedGroup<GeNN::CodeGenerator::SynapseConnectivityHostInitGroupMerged>@644] 		num = numeric (12702415u)
2025-09-24 09:36:24.761 DEBUG [2195870] [GeNN::Runtime::Runtime::pushMergedGroup<GeNN::CodeGenerator::SynapseConnectivityHostInitGroupMerged>@644] 		numSrcNeurons = numeric (3727u)
2025-09-24 09:36:24.761 DEBUG [2195870] [GeNN::Runtime::Runtime::pushMergedGroup<GeNN::CodeGenerator::SynapseConnectivityHostInitGroupMerged>@644] 		numTrgNeurons = numeric (31565u)
2025-09-24 09:36:24.761 DEBUG [2195870] [GeNN::Runtime::Runtime::pushMergedGroup@601] 	Group: 41
2025-09-24 09:36:24.761 DEBUG [2195870] [GeNN::Runtime::Runtime::pushMergedGroup<GeNN::CodeGenerator::SynapseConnectivityHostInitGroupMerged>@620] 		d_preCalcRowLength = array (0x85bb1f0)
2025-09-24 09:36:24.761 DEBUG [2195870] [GeNN::Runtime::Runtime::pushMergedGroup<GeNN::CodeGenerator::SynapseConnectivityHostInitGroupMerged>@620] 		preCalcRowLength = array (0x85bb1f0)
2025-09-24 09:36:24.761 DEBUG [2195870] [GeNN::Runtime::Runtime::pushMergedGroup<GeNN::CodeGenerator::SynapseConnectivityHostInitGroupMerged>@644] 		num = numeric (9587841u)
2025-09-24 09:36:24.761 DEBUG [2195870] [GeNN::Runtime::Runtime::pushMergedGroup<GeNN::CodeGenerator::SynapseConnectivityHostInitGroupMerged>@644] 		numSrcNeurons = numeric (3727u)
2025-09-24 09:36:24.761 DEBUG [2195870] [GeNN::Runtime::Runtime::pushMergedGroup<GeNN::CodeGenerator::SynapseConnectivityHostInitGroupMerged>@644] 		numTrgNeurons = numeric (14020u)
2025-09-24 09:36:24.761 DEBUG [2195870] [GeNN::Runtime::Runtime::pushMergedGroup@601] 	Group: 42
2025-09-24 09:36:24.761 DEBUG [2195870] [GeNN::Runtime::Runtime::pushMergedGroup<GeNN::CodeGenerator::SynapseConnectivityHostInitGroupMerged>@620] 		d_preCalcRowLength = array (0x85bb400)
2025-09-24 09:36:24.761 DEBUG [2195870] [GeNN::Runtime::Runtime::pushMergedGroup<GeNN::CodeGenerator::SynapseConnectivityHostInitGroupMerged>@620] 		preCalcRowLength = array (0x85bb400)
2025-09-24 09:36:24.761 DEBUG [2195870] [GeNN::Runtime::Runtime::pushMergedGroup<GeNN::CodeGenerator::SynapseConnectivityHostInitGroupMerged>@644] 		num = numeric (440961u)
2025-09-24 09:36:24.761 DEBUG [2195870] [GeNN::Runtime::Runtime::pushMergedGroup<GeNN::CodeGenerator::SynapseConnectivityHostInitGroupMerged>@644] 		numSrcNeurons = numeric (3727u)
2025-09-24 09:36:24.761 DEBUG [2195870] [GeNN::Runtime::Runtime::pushMergedGroup<GeNN::CodeGenerator::SynapseConnectivityHostInitGroupMerged>@644] 		numTrgNeurons = numeric (16359u)
2025-09-24 09:36:24.761 DEBUG [2195870] [GeNN::Runtime::Runtime::pushMergedGroup@601] 	Group: 43
2025-09-24 09:36:24.761 DEBUG [2195870] [GeNN::Runtime::Runtime::pushMergedGroup<GeNN::CodeGenerator::SynapseConnectivityHostInitGroupMerged>@620] 		d_preCalcRowLength = array (0x85bb610)
2025-09-24 09:36:24.761 DEBUG [2195870] [GeNN::Runtime::Runtime::pushMergedGroup<GeNN::CodeGenerator::SynapseConnectivityHostInitGroupMerged>@620] 		preCalcRowLength = array (0x85bb610)
2025-09-24 09:36:24.761 DEBUG [2195870] [GeNN::Runtime::Runtime::pushMergedGroup<GeNN::CodeGenerator::SynapseConnectivityHostInitGroupMerged>@644] 		num = numeric (925425u)
2025-09-24 09:36:24.761 DEBUG [2195870] [GeNN::Runtime::Runtime::pushMergedGroup<GeNN::CodeGenerator::SynapseConnectivityHostInitGroupMerged>@644] 		numSrcNeurons = numeric (3727u)
2025-09-24 09:36:24.761 DEBUG [2195870] [GeNN::Runtime::Runtime::pushMergedGroup<GeNN::CodeGenerator::SynapseConnectivityHostInitGroupMerged>@644] 		numTrgNeurons = numeric (11724u)
2025-09-24 09:36:24.761 DEBUG [2195870] [GeNN::Runtime::Runtime::pushMergedGroup@601] 	Group: 44
2025-09-24 09:36:24.761 DEBUG [2195870] [GeNN::Runtime::Runtime::pushMergedGroup<GeNN::CodeGenerator::SynapseConnectivityHostInitGroupMerged>@620] 		d_preCalcRowLength = array (0x85bb820)
2025-09-24 09:36:24.761 DEBUG [2195870] [GeNN::Runtime::Runtime::pushMergedGroup<GeNN::CodeGenerator::SynapseConnectivityHostInitGroupMerged>@620] 		preCalcRowLength = array (0x85bb820)
2025-09-24 09:36:24.761 DEBUG [2195870] [GeNN::Runtime::Runtime::pushMergedGroup<GeNN::CodeGenerator::SynapseConnectivityHostInitGroupMerged>@644] 		num = numeric (4237775u)
2025-09-24 09:36:24.761 DEBUG [2195870] [GeNN::Runtime::Runtime::pushMergedGroup<GeNN::CodeGenerator::SynapseConnectivityHostInitGroupMerged>@644] 		numSrcNeurons = numeric (3727u)
2025-09-24 09:36:24.761 DEBUG [2195870] [GeNN::Runtime::Runtime::pushMergedGroup<GeNN::CodeGenerator::SynapseConnectivityHostInitGroupMerged>@644] 		numTrgNeurons = numeric (16997u)
2025-09-24 09:36:24.761 DEBUG [2195870] [GeNN::Runtime::Runtime::pushMergedGroup@601] 	Group: 45
2025-09-24 09:36:24.761 DEBUG [2195870] [GeNN::Runtime::Runtime::pushMergedGroup<GeNN::CodeGenerator::SynapseConnectivityHostInitGroupMerged>@620] 		d_preCalcRowLength = array (0x85bb970)
2025-09-24 09:36:24.761 DEBUG [2195870] [GeNN::Runtime::Runtime::pushMergedGroup<GeNN::CodeGenerator::SynapseConnectivityHostInitGroupMerged>@620] 		preCalcRowLength = array (0x85bb970)
2025-09-24 09:36:24.761 DEBUG [2195870] [GeNN::Runtime::Runtime::pushMergedGroup<GeNN::CodeGenerator::SynapseConnectivityHostInitGroupMerged>@644] 		num = numeric (3057927u)
2025-09-24 09:36:24.761 DEBUG [2195870] [GeNN::Runtime::Runtime::pushMergedGroup<GeNN::CodeGenerator::SynapseConnectivityHostInitGroupMerged>@644] 		numSrcNeurons = numeric (3727u)
2025-09-24 09:36:24.761 DEBUG [2195870] [GeNN::Runtime::Runtime::pushMergedGroup<GeNN::CodeGenerator::SynapseConnectivityHostInitGroupMerged>@644] 		numTrgNeurons = numeric (3727u)
2025-09-24 09:36:24.761 DEBUG [2195870] [GeNN::Runtime::Runtime::pushMergedGroup@601] 	Group: 46
2025-09-24 09:36:24.761 DEBUG [2195870] [GeNN::Runtime::Runtime::pushMergedGroup<GeNN::CodeGenerator::SynapseConnectivityHostInitGroupMerged>@620] 		d_preCalcRowLength = array (0x85bbac0)
2025-09-24 09:36:24.761 DEBUG [2195870] [GeNN::Runtime::Runtime::pushMergedGroup<GeNN::CodeGenerator::SynapseConnectivityHostInitGroupMerged>@620] 		preCalcRowLength = array (0x85bbac0)
2025-09-24 09:36:24.761 DEBUG [2195870] [GeNN::Runtime::Runtime::pushMergedGroup<GeNN::CodeGenerator::SynapseConnectivityHostInitGroupMerged>@644] 		num = numeric (47919u)
2025-09-24 09:36:24.761 DEBUG [2195870] [GeNN::Runtime::Runtime::pushMergedGroup<GeNN::CodeGenerator::SynapseConnectivityHostInitGroupMerged>@644] 		numSrcNeurons = numeric (3727u)
2025-09-24 09:36:24.761 DEBUG [2195870] [GeNN::Runtime::Runtime::pushMergedGroup<GeNN::CodeGenerator::SynapseConnectivityHostInitGroupMerged>@644] 		numTrgNeurons = numeric (4614u)
2025-09-24 09:36:24.761 DEBUG [2195870] [GeNN::Runtime::Runtime::pushMergedGroup@601] 	Group: 47
2025-09-24 09:36:24.761 DEBUG [2195870] [GeNN::Runtime::Runtime::pushMergedGroup<GeNN::CodeGenerator::SynapseConnectivityHostInitGroupMerged>@620] 		d_preCalcRowLength = array (0x85bbcd0)
2025-09-24 09:36:24.761 DEBUG [2195870] [GeNN::Runtime::Runtime::pushMergedGroup<GeNN::CodeGenerator::SynapseConnectivityHostInitGroupMerged>@620] 		preCalcRowLength = array (0x85bbcd0)
2025-09-24 09:36:24.761 DEBUG [2195870] [GeNN::Runtime::Runtime::pushMergedGroup<GeNN::CodeGenerator::SynapseConnectivityHostInitGroupMerged>@644] 		num = numeric (4502u)
2025-09-24 09:36:24.761 DEBUG [2195870] [GeNN::Runtime::Runtime::pushMergedGroup<GeNN::CodeGenerator::SynapseConnectivityHostInitGroupMerged>@644] 		numSrcNeurons = numeric (3727u)
2025-09-24 09:36:24.761 DEBUG [2195870] [GeNN::Runtime::Runtime::pushMergedGroup<GeNN::CodeGenerator::SynapseConnectivityHostInitGroupMerged>@644] 		numTrgNeurons = numeric (1909u)
2025-09-24 09:36:24.761 DEBUG [2195870] [GeNN::Runtime::Runtime::pushMergedGroup@601] 	Group: 48
2025-09-24 09:36:24.761 DEBUG [2195870] [GeNN::Runtime::Runtime::pushMergedGroup<GeNN::CodeGenerator::SynapseConnectivityHostInitGroupMerged>@620] 		d_preCalcRowLength = array (0x85bbe20)
2025-09-24 09:36:24.761 DEBUG [2195870] [GeNN::Runtime::Runtime::pushMergedGroup<GeNN::CodeGenerator::SynapseConnectivityHostInitGroupMerged>@620] 		preCalcRowLength = array (0x85bbe20)
2025-09-24 09:36:24.761 DEBUG [2195870] [GeNN::Runtime::Runtime::pushMergedGroup<GeNN::CodeGenerator::SynapseConnectivityHostInitGroupMerged>@644] 		num = numeric (24557u)
2025-09-24 09:36:24.761 DEBUG [2195870] [GeNN::Runtime::Runtime::pushMergedGroup<GeNN::CodeGenerator::SynapseConnectivityHostInitGroupMerged>@644] 		numSrcNeurons = numeric (4614u)
2025-09-24 09:36:24.761 DEBUG [2195870] [GeNN::Runtime::Runtime::pushMergedGroup<GeNN::CodeGenerator::SynapseConnectivityHostInitGroupMerged>@644] 		numTrgNeurons = numeric (14020u)
2025-09-24 09:36:24.762 DEBUG [2195870] [GeNN::Runtime::Runtime::pushMergedGroup@601] 	Group: 49
2025-09-24 09:36:24.762 DEBUG [2195870] [GeNN::Runtime::Runtime::pushMergedGroup<GeNN::CodeGenerator::SynapseConnectivityHostInitGroupMerged>@620] 		d_preCalcRowLength = array (0x85bbf70)
2025-09-24 09:36:24.762 DEBUG [2195870] [GeNN::Runtime::Runtime::pushMergedGroup<GeNN::CodeGenerator::SynapseConnectivityHostInitGroupMerged>@620] 		preCalcRowLength = array (0x85bbf70)
2025-09-24 09:36:24.762 DEBUG [2195870] [GeNN::Runtime::Runtime::pushMergedGroup<GeNN::CodeGenerator::SynapseConnectivityHostInitGroupMerged>@644] 		num = numeric (44519243u)
2025-09-24 09:36:24.762 DEBUG [2195870] [GeNN::Runtime::Runtime::pushMergedGroup<GeNN::CodeGenerator::SynapseConnectivityHostInitGroupMerged>@644] 		numSrcNeurons = numeric (4614u)
2025-09-24 09:36:24.762 DEBUG [2195870] [GeNN::Runtime::Runtime::pushMergedGroup<GeNN::CodeGenerator::SynapseConnectivityHostInitGroupMerged>@644] 		numTrgNeurons = numeric (16359u)
2025-09-24 09:36:24.762 DEBUG [2195870] [GeNN::Runtime::Runtime::pushMergedGroup@601] 	Group: 50
2025-09-24 09:36:24.762 DEBUG [2195870] [GeNN::Runtime::Runtime::pushMergedGroup<GeNN::CodeGenerator::SynapseConnectivityHostInitGroupMerged>@620] 		d_preCalcRowLength = array (0x85bc0c0)
2025-09-24 09:36:24.762 DEBUG [2195870] [GeNN::Runtime::Runtime::pushMergedGroup<GeNN::CodeGenerator::SynapseConnectivityHostInitGroupMerged>@620] 		preCalcRowLength = array (0x85bc0c0)
2025-09-24 09:36:24.762 DEBUG [2195870] [GeNN::Runtime::Runtime::pushMergedGroup<GeNN::CodeGenerator::SynapseConnectivityHostInitGroupMerged>@644] 		num = numeric (1361762u)
2025-09-24 09:36:24.762 DEBUG [2195870] [GeNN::Runtime::Runtime::pushMergedGroup<GeNN::CodeGenerator::SynapseConnectivityHostInitGroupMerged>@644] 		numSrcNeurons = numeric (4614u)
2025-09-24 09:36:24.762 DEBUG [2195870] [GeNN::Runtime::Runtime::pushMergedGroup<GeNN::CodeGenerator::SynapseConnectivityHostInitGroupMerged>@644] 		numTrgNeurons = numeric (11724u)
2025-09-24 09:36:24.762 DEBUG [2195870] [GeNN::Runtime::Runtime::pushMergedGroup@601] 	Group: 51
2025-09-24 09:36:24.762 DEBUG [2195870] [GeNN::Runtime::Runtime::pushMergedGroup<GeNN::CodeGenerator::SynapseConnectivityHostInitGroupMerged>@620] 		d_preCalcRowLength = array (0x85bc2d0)
2025-09-24 09:36:24.762 DEBUG [2195870] [GeNN::Runtime::Runtime::pushMergedGroup<GeNN::CodeGenerator::SynapseConnectivityHostInitGroupMerged>@620] 		preCalcRowLength = array (0x85bc2d0)
2025-09-24 09:36:24.762 DEBUG [2195870] [GeNN::Runtime::Runtime::pushMergedGroup<GeNN::CodeGenerator::SynapseConnectivityHostInitGroupMerged>@644] 		num = numeric (10222114u)
2025-09-24 09:36:24.762 DEBUG [2195870] [GeNN::Runtime::Runtime::pushMergedGroup<GeNN::CodeGenerator::SynapseConnectivityHostInitGroupMerged>@644] 		numSrcNeurons = numeric (4614u)
2025-09-24 09:36:24.762 DEBUG [2195870] [GeNN::Runtime::Runtime::pushMergedGroup<GeNN::CodeGenerator::SynapseConnectivityHostInitGroupMerged>@644] 		numTrgNeurons = numeric (4614u)
2025-09-24 09:36:24.762 DEBUG [2195870] [GeNN::Runtime::Runtime::pushMergedGroup@601] 	Group: 52
2025-09-24 09:36:24.762 DEBUG [2195870] [GeNN::Runtime::Runtime::pushMergedGroup<GeNN::CodeGenerator::SynapseConnectivityHostInitGroupMerged>@620] 		d_preCalcRowLength = array (0x85bc420)
2025-09-24 09:36:24.762 DEBUG [2195870] [GeNN::Runtime::Runtime::pushMergedGroup<GeNN::CodeGenerator::SynapseConnectivityHostInitGroupMerged>@620] 		preCalcRowLength = array (0x85bc420)
2025-09-24 09:36:24.762 DEBUG [2195870] [GeNN::Runtime::Runtime::pushMergedGroup<GeNN::CodeGenerator::SynapseConnectivityHostInitGroupMerged>@644] 		num = numeric (89513u)
2025-09-24 09:36:24.762 DEBUG [2195870] [GeNN::Runtime::Runtime::pushMergedGroup<GeNN::CodeGenerator::SynapseConnectivityHostInitGroupMerged>@644] 		numSrcNeurons = numeric (4614u)
2025-09-24 09:36:24.762 DEBUG [2195870] [GeNN::Runtime::Runtime::pushMergedGroup<GeNN::CodeGenerator::SynapseConnectivityHostInitGroupMerged>@644] 		numTrgNeurons = numeric (1909u)
2025-09-24 09:36:24.762 DEBUG [2195870] [GeNN::Runtime::Runtime::pushMergedGroup@601] 	Group: 53
2025-09-24 09:36:24.762 DEBUG [2195870] [GeNN::Runtime::Runtime::pushMergedGroup<GeNN::CodeGenerator::SynapseConnectivityHostInitGroupMerged>@620] 		d_preCalcRowLength = array (0x85bc570)
2025-09-24 09:36:24.762 DEBUG [2195870] [GeNN::Runtime::Runtime::pushMergedGroup<GeNN::CodeGenerator::SynapseConnectivityHostInitGroupMerged>@620] 		preCalcRowLength = array (0x85bc570)
2025-09-24 09:36:24.762 DEBUG [2195870] [GeNN::Runtime::Runtime::pushMergedGroup<GeNN::CodeGenerator::SynapseConnectivityHostInitGroupMerged>@644] 		num = numeric (7225138u)
2025-09-24 09:36:24.762 DEBUG [2195870] [GeNN::Runtime::Runtime::pushMergedGroup<GeNN::CodeGenerator::SynapseConnectivityHostInitGroupMerged>@644] 		numSrcNeurons = numeric (1909u)
2025-09-24 09:36:24.762 DEBUG [2195870] [GeNN::Runtime::Runtime::pushMergedGroup<GeNN::CodeGenerator::SynapseConnectivityHostInitGroupMerged>@644] 		numTrgNeurons = numeric (11724u)
2025-09-24 09:36:24.762 DEBUG [2195870] [GeNN::Runtime::Runtime::pushMergedGroup@601] 	Group: 54
2025-09-24 09:36:24.762 DEBUG [2195870] [GeNN::Runtime::Runtime::pushMergedGroup<GeNN::CodeGenerator::SynapseConnectivityHostInitGroupMerged>@620] 		d_preCalcRowLength = array (0x85bc6c0)
2025-09-24 09:36:24.762 DEBUG [2195870] [GeNN::Runtime::Runtime::pushMergedGroup<GeNN::CodeGenerator::SynapseConnectivityHostInitGroupMerged>@620] 		preCalcRowLength = array (0x85bc6c0)
2025-09-24 09:36:24.762 DEBUG [2195870] [GeNN::Runtime::Runtime::pushMergedGroup<GeNN::CodeGenerator::SynapseConnectivityHostInitGroupMerged>@644] 		num = numeric (718532u)
2025-09-24 09:36:24.762 DEBUG [2195870] [GeNN::Runtime::Runtime::pushMergedGroup<GeNN::CodeGenerator::SynapseConnectivityHostInitGroupMerged>@644] 		numSrcNeurons = numeric (1909u)
2025-09-24 09:36:24.762 DEBUG [2195870] [GeNN::Runtime::Runtime::pushMergedGroup<GeNN::CodeGenerator::SynapseConnectivityHostInitGroupMerged>@644] 		numTrgNeurons = numeric (1909u)
2025-09-24 09:36:25.456 DEBUG [2195870] [GeNN::Runtime::Runtime::pushMergedGroup@575] Pushing merged group 'NeuronInit' index: 0
2025-09-24 09:36:25.456 DEBUG [2195870] [GeNN::Runtime::Runtime::pushMergedGroup@601] 	Group: 0
2025-09-24 09:36:25.456 DEBUG [2195870] [GeNN::Runtime::Runtime::pushMergedGroup<GeNN::CodeGenerator::NeuronInitGroupMerged>@620] 		RefracTime = array (0x86145b0)
2025-09-24 09:36:25.456 DEBUG [2195870] [GeNN::Runtime::Runtime::pushMergedGroup<GeNN::CodeGenerator::NeuronInitGroupMerged>@620] 		V = array (0x86b16e0)
2025-09-24 09:36:25.456 DEBUG [2195870] [GeNN::Runtime::Runtime::pushMergedGroup<GeNN::CodeGenerator::NeuronInitGroupMerged>@620] 		currentCS0 = array (0x656e9a0)
2025-09-24 09:36:25.456 DEBUG [2195870] [GeNN::Runtime::Runtime::pushMergedGroup<GeNN::CodeGenerator::NeuronInitGroupMerged>@620] 		denDelayInSyn0 = array (0x86b5230)
2025-09-24 09:36:25.456 DEBUG [2195870] [GeNN::Runtime::Runtime::pushMergedGroup<GeNN::CodeGenerator::NeuronInitGroupMerged>@620] 		denDelayInSyn1 = array (0x86158a0)
2025-09-24 09:36:25.456 DEBUG [2195870] [GeNN::Runtime::Runtime::pushMergedGroup<GeNN::CodeGenerator::NeuronInitGroupMerged>@620] 		denDelayPtrInSyn0 = array (0x86b7330)
2025-09-24 09:36:25.456 DEBUG [2195870] [GeNN::Runtime::Runtime::pushMergedGroup<GeNN::CodeGenerator::NeuronInitGroupMerged>@620] 		denDelayPtrInSyn1 = array (0x86316e0)
2025-09-24 09:36:25.456 DEBUG [2195870] [GeNN::Runtime::Runtime::pushMergedGroup<GeNN::CodeGenerator::NeuronInitGroupMerged>@620] 		outPostInSyn0 = array (0x8631d80)
2025-09-24 09:36:25.456 DEBUG [2195870] [GeNN::Runtime::Runtime::pushMergedGroup<GeNN::CodeGenerator::NeuronInitGroupMerged>@620] 		outPostInSyn1 = array (0x8614c50)
2025-09-24 09:36:25.456 DEBUG [2195870] [GeNN::Runtime::Runtime::pushMergedGroup<GeNN::CodeGenerator::NeuronInitGroupMerged>@620] 		rng = array (0x85b0700)
2025-09-24 09:36:25.456 DEBUG [2195870] [GeNN::Runtime::Runtime::pushMergedGroup<GeNN::CodeGenerator::NeuronInitGroupMerged>@620] 		spkCntSynSpike0 = array (0x86b79d0)
2025-09-24 09:36:25.456 DEBUG [2195870] [GeNN::Runtime::Runtime::pushMergedGroup<GeNN::CodeGenerator::NeuronInitGroupMerged>@620] 		spkSynSpike0 = array (0x86b7ab0)
2025-09-24 09:36:25.456 DEBUG [2195870] [GeNN::Runtime::Runtime::pushMergedGroup<GeNN::CodeGenerator::NeuronInitGroupMerged>@644] 		numNeurons = numeric (31565u)
2025-09-24 09:36:25.457 DEBUG [2195870] [GeNN::Runtime::Runtime::pushMergedGroup@601] 	Group: 1
2025-09-24 09:36:25.457 DEBUG [2195870] [GeNN::Runtime::Runtime::pushMergedGroup<GeNN::CodeGenerator::NeuronInitGroupMerged>@620] 		RefracTime = array (0x867e100)
2025-09-24 09:36:25.457 DEBUG [2195870] [GeNN::Runtime::Runtime::pushMergedGroup<GeNN::CodeGenerator::NeuronInitGroupMerged>@620] 		V = array (0x867d4b0)
2025-09-24 09:36:25.457 DEBUG [2195870] [GeNN::Runtime::Runtime::pushMergedGroup<GeNN::CodeGenerator::NeuronInitGroupMerged>@620] 		currentCS0 = array (0x8405020)
2025-09-24 09:36:25.457 DEBUG [2195870] [GeNN::Runtime::Runtime::pushMergedGroup<GeNN::CodeGenerator::NeuronInitGroupMerged>@620] 		denDelayInSyn0 = array (0x85c2140)
2025-09-24 09:36:25.457 DEBUG [2195870] [GeNN::Runtime::Runtime::pushMergedGroup<GeNN::CodeGenerator::NeuronInitGroupMerged>@620] 		denDelayInSyn1 = array (0x84068a0)
2025-09-24 09:36:25.457 DEBUG [2195870] [GeNN::Runtime::Runtime::pushMergedGroup<GeNN::CodeGenerator::NeuronInitGroupMerged>@620] 		denDelayPtrInSyn0 = array (0x85a7300)
2025-09-24 09:36:25.457 DEBUG [2195870] [GeNN::Runtime::Runtime::pushMergedGroup<GeNN::CodeGenerator::NeuronInitGroupMerged>@620] 		denDelayPtrInSyn1 = array (0x85c0f30)
2025-09-24 09:36:25.457 DEBUG [2195870] [GeNN::Runtime::Runtime::pushMergedGroup<GeNN::CodeGenerator::NeuronInitGroupMerged>@620] 		outPostInSyn0 = array (0x85c1560)
2025-09-24 09:36:25.457 DEBUG [2195870] [GeNN::Runtime::Runtime::pushMergedGroup<GeNN::CodeGenerator::NeuronInitGroupMerged>@620] 		outPostInSyn1 = array (0x8405c50)
2025-09-24 09:36:25.457 DEBUG [2195870] [GeNN::Runtime::Runtime::pushMergedGroup<GeNN::CodeGenerator::NeuronInitGroupMerged>@620] 		rng = array (0x867ce80)
2025-09-24 09:36:25.457 DEBUG [2195870] [GeNN::Runtime::Runtime::pushMergedGroup<GeNN::CodeGenerator::NeuronInitGroupMerged>@620] 		spkCntSynSpike0 = array (0x85a79a0)
2025-09-24 09:36:25.457 DEBUG [2195870] [GeNN::Runtime::Runtime::pushMergedGroup<GeNN::CodeGenerator::NeuronInitGroupMerged>@620] 		spkSynSpike0 = array (0x85a85f0)
2025-09-24 09:36:25.457 DEBUG [2195870] [GeNN::Runtime::Runtime::pushMergedGroup<GeNN::CodeGenerator::NeuronInitGroupMerged>@644] 		numNeurons = numeric (14020u)
2025-09-24 09:36:25.457 DEBUG [2195870] [GeNN::Runtime::Runtime::pushMergedGroup@601] 	Group: 2
2025-09-24 09:36:25.457 DEBUG [2195870] [GeNN::Runtime::Runtime::pushMergedGroup<GeNN::CodeGenerator::NeuronInitGroupMerged>@620] 		RefracTime = array (0x862d430)
2025-09-24 09:36:25.457 DEBUG [2195870] [GeNN::Runtime::Runtime::pushMergedGroup<GeNN::CodeGenerator::NeuronInitGroupMerged>@620] 		V = array (0x862c9c0)
2025-09-24 09:36:25.457 DEBUG [2195870] [GeNN::Runtime::Runtime::pushMergedGroup<GeNN::CodeGenerator::NeuronInitGroupMerged>@620] 		currentCS0 = array (0x85cd860)
2025-09-24 09:36:25.457 DEBUG [2195870] [GeNN::Runtime::Runtime::pushMergedGroup<GeNN::CodeGenerator::NeuronInitGroupMerged>@620] 		denDelayInSyn0 = array (0x8647690)
2025-09-24 09:36:25.457 DEBUG [2195870] [GeNN::Runtime::Runtime::pushMergedGroup<GeNN::CodeGenerator::NeuronInitGroupMerged>@620] 		denDelayInSyn1 = array (0x85cf0a0)
2025-09-24 09:36:25.457 DEBUG [2195870] [GeNN::Runtime::Runtime::pushMergedGroup<GeNN::CodeGenerator::NeuronInitGroupMerged>@620] 		denDelayPtrInSyn0 = array (0x86bd970)
2025-09-24 09:36:25.457 DEBUG [2195870] [GeNN::Runtime::Runtime::pushMergedGroup<GeNN::CodeGenerator::NeuronInitGroupMerged>@620] 		denDelayPtrInSyn1 = array (0x8646410)
2025-09-24 09:36:25.457 DEBUG [2195870] [GeNN::Runtime::Runtime::pushMergedGroup<GeNN::CodeGenerator::NeuronInitGroupMerged>@620] 		outPostInSyn0 = array (0x8646a40)
2025-09-24 09:36:25.457 DEBUG [2195870] [GeNN::Runtime::Runtime::pushMergedGroup<GeNN::CodeGenerator::NeuronInitGroupMerged>@620] 		outPostInSyn1 = array (0x85ce450)
2025-09-24 09:36:25.457 DEBUG [2195870] [GeNN::Runtime::Runtime::pushMergedGroup<GeNN::CodeGenerator::NeuronInitGroupMerged>@620] 		rng = array (0x862c4b0)
2025-09-24 09:36:25.457 DEBUG [2195870] [GeNN::Runtime::Runtime::pushMergedGroup<GeNN::CodeGenerator::NeuronInitGroupMerged>@620] 		spkCntSynSpike0 = array (0x86be010)
2025-09-24 09:36:25.457 DEBUG [2195870] [GeNN::Runtime::Runtime::pushMergedGroup<GeNN::CodeGenerator::NeuronInitGroupMerged>@620] 		spkSynSpike0 = array (0x86bec60)
2025-09-24 09:36:25.457 DEBUG [2195870] [GeNN::Runtime::Runtime::pushMergedGroup<GeNN::CodeGenerator::NeuronInitGroupMerged>@644] 		numNeurons = numeric (16359u)
2025-09-24 09:36:25.457 DEBUG [2195870] [GeNN::Runtime::Runtime::pushMergedGroup@601] 	Group: 3
2025-09-24 09:36:25.457 DEBUG [2195870] [GeNN::Runtime::Runtime::pushMergedGroup<GeNN::CodeGenerator::NeuronInitGroupMerged>@620] 		RefracTime = array (0x86d6300)
2025-09-24 09:36:25.457 DEBUG [2195870] [GeNN::Runtime::Runtime::pushMergedGroup<GeNN::CodeGenerator::NeuronInitGroupMerged>@620] 		V = array (0x86d56b0)
2025-09-24 09:36:25.457 DEBUG [2195870] [GeNN::Runtime::Runtime::pushMergedGroup<GeNN::CodeGenerator::NeuronInitGroupMerged>@620] 		currentCS0 = array (0x86d6ee0)
2025-09-24 09:36:25.457 DEBUG [2195870] [GeNN::Runtime::Runtime::pushMergedGroup<GeNN::CodeGenerator::NeuronInitGroupMerged>@620] 		denDelayInSyn0 = array (0x86d8ae0)
2025-09-24 09:36:25.457 DEBUG [2195870] [GeNN::Runtime::Runtime::pushMergedGroup<GeNN::CodeGenerator::NeuronInitGroupMerged>@620] 		denDelayInSyn1 = array (0x86db170)
2025-09-24 09:36:25.457 DEBUG [2195870] [GeNN::Runtime::Runtime::pushMergedGroup<GeNN::CodeGenerator::NeuronInitGroupMerged>@620] 		denDelayPtrInSyn0 = array (0x86d9ef0)
2025-09-24 09:36:25.457 DEBUG [2195870] [GeNN::Runtime::Runtime::pushMergedGroup<GeNN::CodeGenerator::NeuronInitGroupMerged>@620] 		denDelayPtrInSyn1 = array (0x864ab30)
2025-09-24 09:36:25.457 DEBUG [2195870] [GeNN::Runtime::Runtime::pushMergedGroup<GeNN::CodeGenerator::NeuronInitGroupMerged>@620] 		outPostInSyn0 = array (0x86d7b10)
2025-09-24 09:36:25.457 DEBUG [2195870] [GeNN::Runtime::Runtime::pushMergedGroup<GeNN::CodeGenerator::NeuronInitGroupMerged>@620] 		outPostInSyn1 = array (0x86da590)
2025-09-24 09:36:25.457 DEBUG [2195870] [GeNN::Runtime::Runtime::pushMergedGroup<GeNN::CodeGenerator::NeuronInitGroupMerged>@620] 		rng = array (0x86d5080)
2025-09-24 09:36:25.457 DEBUG [2195870] [GeNN::Runtime::Runtime::pushMergedGroup<GeNN::CodeGenerator::NeuronInitGroupMerged>@620] 		spkCntSynSpike0 = array (0x864b1d0)
2025-09-24 09:36:25.457 DEBUG [2195870] [GeNN::Runtime::Runtime::pushMergedGroup<GeNN::CodeGenerator::NeuronInitGroupMerged>@620] 		spkSynSpike0 = array (0x864be20)
2025-09-24 09:36:25.457 DEBUG [2195870] [GeNN::Runtime::Runtime::pushMergedGroup<GeNN::CodeGenerator::NeuronInitGroupMerged>@644] 		numNeurons = numeric (11724u)
2025-09-24 09:36:25.457 DEBUG [2195870] [GeNN::Runtime::Runtime::pushMergedGroup@601] 	Group: 4
2025-09-24 09:36:25.457 DEBUG [2195870] [GeNN::Runtime::Runtime::pushMergedGroup<GeNN::CodeGenerator::NeuronInitGroupMerged>@620] 		RefracTime = array (0x864ed00)
2025-09-24 09:36:25.457 DEBUG [2195870] [GeNN::Runtime::Runtime::pushMergedGroup<GeNN::CodeGenerator::NeuronInitGroupMerged>@620] 		V = array (0x864e0b0)
2025-09-24 09:36:25.457 DEBUG [2195870] [GeNN::Runtime::Runtime::pushMergedGroup<GeNN::CodeGenerator::NeuronInitGroupMerged>@620] 		currentCS0 = array (0x864f8e0)
2025-09-24 09:36:25.457 DEBUG [2195870] [GeNN::Runtime::Runtime::pushMergedGroup<GeNN::CodeGenerator::NeuronInitGroupMerged>@620] 		denDelayInSyn0 = array (0x8636390)
2025-09-24 09:36:25.457 DEBUG [2195870] [GeNN::Runtime::Runtime::pushMergedGroup<GeNN::CodeGenerator::NeuronInitGroupMerged>@620] 		denDelayInSyn1 = array (0x8651160)
2025-09-24 09:36:25.457 DEBUG [2195870] [GeNN::Runtime::Runtime::pushMergedGroup<GeNN::CodeGenerator::NeuronInitGroupMerged>@620] 		denDelayPtrInSyn0 = array (0x84a5770)
2025-09-24 09:36:25.457 DEBUG [2195870] [GeNN::Runtime::Runtime::pushMergedGroup<GeNN::CodeGenerator::NeuronInitGroupMerged>@620] 		denDelayPtrInSyn1 = array (0x8635180)
2025-09-24 09:36:25.457 DEBUG [2195870] [GeNN::Runtime::Runtime::pushMergedGroup<GeNN::CodeGenerator::NeuronInitGroupMerged>@620] 		outPostInSyn0 = array (0x86357b0)
2025-09-24 09:36:25.457 DEBUG [2195870] [GeNN::Runtime::Runtime::pushMergedGroup<GeNN::CodeGenerator::NeuronInitGroupMerged>@620] 		outPostInSyn1 = array (0x8650510)
2025-09-24 09:36:25.457 DEBUG [2195870] [GeNN::Runtime::Runtime::pushMergedGroup<GeNN::CodeGenerator::NeuronInitGroupMerged>@620] 		rng = array (0x864d6a0)
2025-09-24 09:36:25.457 DEBUG [2195870] [GeNN::Runtime::Runtime::pushMergedGroup<GeNN::CodeGenerator::NeuronInitGroupMerged>@620] 		spkCntSynSpike0 = array (0x84a5e10)
2025-09-24 09:36:25.457 DEBUG [2195870] [GeNN::Runtime::Runtime::pushMergedGroup<GeNN::CodeGenerator::NeuronInitGroupMerged>@620] 		spkSynSpike0 = array (0x84a6a60)
2025-09-24 09:36:25.457 DEBUG [2195870] [GeNN::Runtime::Runtime::pushMergedGroup<GeNN::CodeGenerator::NeuronInitGroupMerged>@644] 		numNeurons = numeric (16997u)
2025-09-24 09:36:25.458 DEBUG [2195870] [GeNN::Runtime::Runtime::pushMergedGroup@601] 	Group: 5
2025-09-24 09:36:25.458 DEBUG [2195870] [GeNN::Runtime::Runtime::pushMergedGroup<GeNN::CodeGenerator::NeuronInitGroupMerged>@620] 		RefracTime = array (0x8616550)
2025-09-24 09:36:25.458 DEBUG [2195870] [GeNN::Runtime::Runtime::pushMergedGroup<GeNN::CodeGenerator::NeuronInitGroupMerged>@620] 		V = array (0x84a8910)
2025-09-24 09:36:25.458 DEBUG [2195870] [GeNN::Runtime::Runtime::pushMergedGroup<GeNN::CodeGenerator::NeuronInitGroupMerged>@620] 		currentCS0 = array (0x8617130)
2025-09-24 09:36:25.458 DEBUG [2195870] [GeNN::Runtime::Runtime::pushMergedGroup<GeNN::CodeGenerator::NeuronInitGroupMerged>@620] 		denDelayInSyn0 = array (0x861a7a0)
2025-09-24 09:36:25.458 DEBUG [2195870] [GeNN::Runtime::Runtime::pushMergedGroup<GeNN::CodeGenerator::NeuronInitGroupMerged>@620] 		denDelayInSyn1 = array (0x8618940)
2025-09-24 09:36:25.458 DEBUG [2195870] [GeNN::Runtime::Runtime::pushMergedGroup<GeNN::CodeGenerator::NeuronInitGroupMerged>@620] 		denDelayPtrInSyn0 = array (0x84a18c0)
2025-09-24 09:36:25.458 DEBUG [2195870] [GeNN::Runtime::Runtime::pushMergedGroup<GeNN::CodeGenerator::NeuronInitGroupMerged>@620] 		denDelayPtrInSyn1 = array (0x8619590)
2025-09-24 09:36:25.458 DEBUG [2195870] [GeNN::Runtime::Runtime::pushMergedGroup<GeNN::CodeGenerator::NeuronInitGroupMerged>@620] 		outPostInSyn0 = array (0x8619bc0)
2025-09-24 09:36:25.458 DEBUG [2195870] [GeNN::Runtime::Runtime::pushMergedGroup<GeNN::CodeGenerator::NeuronInitGroupMerged>@620] 		outPostInSyn1 = array (0x8617d60)
2025-09-24 09:36:25.458 DEBUG [2195870] [GeNN::Runtime::Runtime::pushMergedGroup<GeNN::CodeGenerator::NeuronInitGroupMerged>@620] 		rng = array (0x84a82e0)
2025-09-24 09:36:25.458 DEBUG [2195870] [GeNN::Runtime::Runtime::pushMergedGroup<GeNN::CodeGenerator::NeuronInitGroupMerged>@620] 		spkCntSynSpike0 = array (0x84a1f60)
2025-09-24 09:36:25.458 DEBUG [2195870] [GeNN::Runtime::Runtime::pushMergedGroup<GeNN::CodeGenerator::NeuronInitGroupMerged>@620] 		spkSynSpike0 = array (0x84a2b40)
2025-09-24 09:36:25.458 DEBUG [2195870] [GeNN::Runtime::Runtime::pushMergedGroup<GeNN::CodeGenerator::NeuronInitGroupMerged>@644] 		numNeurons = numeric (3727u)
2025-09-24 09:36:25.458 DEBUG [2195870] [GeNN::Runtime::Runtime::pushMergedGroup@601] 	Group: 6
2025-09-24 09:36:25.458 DEBUG [2195870] [GeNN::Runtime::Runtime::pushMergedGroup<GeNN::CodeGenerator::NeuronInitGroupMerged>@620] 		RefracTime = array (0x8671aa0)
2025-09-24 09:36:25.458 DEBUG [2195870] [GeNN::Runtime::Runtime::pushMergedGroup<GeNN::CodeGenerator::NeuronInitGroupMerged>@620] 		V = array (0x84a49f0)
2025-09-24 09:36:25.458 DEBUG [2195870] [GeNN::Runtime::Runtime::pushMergedGroup<GeNN::CodeGenerator::NeuronInitGroupMerged>@620] 		currentCS0 = array (0x8672680)
2025-09-24 09:36:25.458 DEBUG [2195870] [GeNN::Runtime::Runtime::pushMergedGroup<GeNN::CodeGenerator::NeuronInitGroupMerged>@620] 		denDelayInSyn0 = array (0x861e4e0)
2025-09-24 09:36:25.458 DEBUG [2195870] [GeNN::Runtime::Runtime::pushMergedGroup<GeNN::CodeGenerator::NeuronInitGroupMerged>@620] 		denDelayInSyn1 = array (0x8673f00)
2025-09-24 09:36:25.458 DEBUG [2195870] [GeNN::Runtime::Runtime::pushMergedGroup<GeNN::CodeGenerator::NeuronInitGroupMerged>@620] 		denDelayPtrInSyn0 = array (0x861f130)
2025-09-24 09:36:25.458 DEBUG [2195870] [GeNN::Runtime::Runtime::pushMergedGroup<GeNN::CodeGenerator::NeuronInitGroupMerged>@620] 		denDelayPtrInSyn1 = array (0x86754c0)
2025-09-24 09:36:25.458 DEBUG [2195870] [GeNN::Runtime::Runtime::pushMergedGroup<GeNN::CodeGenerator::NeuronInitGroupMerged>@620] 		outPostInSyn0 = array (0x8675b60)
2025-09-24 09:36:25.458 DEBUG [2195870] [GeNN::Runtime::Runtime::pushMergedGroup<GeNN::CodeGenerator::NeuronInitGroupMerged>@620] 		outPostInSyn1 = array (0x86732b0)
2025-09-24 09:36:25.458 DEBUG [2195870] [GeNN::Runtime::Runtime::pushMergedGroup<GeNN::CodeGenerator::NeuronInitGroupMerged>@620] 		rng = array (0x84a43c0)
2025-09-24 09:36:25.458 DEBUG [2195870] [GeNN::Runtime::Runtime::pushMergedGroup<GeNN::CodeGenerator::NeuronInitGroupMerged>@620] 		spkCntSynSpike0 = array (0x861f760)
2025-09-24 09:36:25.458 DEBUG [2195870] [GeNN::Runtime::Runtime::pushMergedGroup<GeNN::CodeGenerator::NeuronInitGroupMerged>@620] 		spkSynSpike0 = array (0x8620340)
2025-09-24 09:36:25.458 DEBUG [2195870] [GeNN::Runtime::Runtime::pushMergedGroup<GeNN::CodeGenerator::NeuronInitGroupMerged>@644] 		numNeurons = numeric (4614u)
2025-09-24 09:36:25.458 DEBUG [2195870] [GeNN::Runtime::Runtime::pushMergedGroup@601] 	Group: 7
2025-09-24 09:36:25.458 DEBUG [2195870] [GeNN::Runtime::Runtime::pushMergedGroup<GeNN::CodeGenerator::NeuronInitGroupMerged>@620] 		RefracTime = array (0x8622dd0)
2025-09-24 09:36:25.458 DEBUG [2195870] [GeNN::Runtime::Runtime::pushMergedGroup<GeNN::CodeGenerator::NeuronInitGroupMerged>@620] 		V = array (0x8622180)
2025-09-24 09:36:25.458 DEBUG [2195870] [GeNN::Runtime::Runtime::pushMergedGroup<GeNN::CodeGenerator::NeuronInitGroupMerged>@620] 		currentCS0 = array (0x7da5e70)
2025-09-24 09:36:25.458 DEBUG [2195870] [GeNN::Runtime::Runtime::pushMergedGroup<GeNN::CodeGenerator::NeuronInitGroupMerged>@620] 		denDelayInSyn0 = array (0x7da76f0)
2025-09-24 09:36:25.458 DEBUG [2195870] [GeNN::Runtime::Runtime::pushMergedGroup<GeNN::CodeGenerator::NeuronInitGroupMerged>@620] 		denDelayInSyn1 = array (0x7da9550)
2025-09-24 09:36:25.458 DEBUG [2195870] [GeNN::Runtime::Runtime::pushMergedGroup<GeNN::CodeGenerator::NeuronInitGroupMerged>@620] 		denDelayPtrInSyn0 = array (0x7da8340)
2025-09-24 09:36:25.458 DEBUG [2195870] [GeNN::Runtime::Runtime::pushMergedGroup<GeNN::CodeGenerator::NeuronInitGroupMerged>@620] 		denDelayPtrInSyn1 = array (0x846a5e0)
2025-09-24 09:36:25.458 DEBUG [2195870] [GeNN::Runtime::Runtime::pushMergedGroup<GeNN::CodeGenerator::NeuronInitGroupMerged>@620] 		outPostInSyn0 = array (0x7da6aa0)
2025-09-24 09:36:25.458 DEBUG [2195870] [GeNN::Runtime::Runtime::pushMergedGroup<GeNN::CodeGenerator::NeuronInitGroupMerged>@620] 		outPostInSyn1 = array (0x7da8970)
2025-09-24 09:36:25.458 DEBUG [2195870] [GeNN::Runtime::Runtime::pushMergedGroup<GeNN::CodeGenerator::NeuronInitGroupMerged>@620] 		rng = array (0x8621b50)
2025-09-24 09:36:25.458 DEBUG [2195870] [GeNN::Runtime::Runtime::pushMergedGroup<GeNN::CodeGenerator::NeuronInitGroupMerged>@620] 		spkCntSynSpike0 = array (0x846ac30)
2025-09-24 09:36:25.458 DEBUG [2195870] [GeNN::Runtime::Runtime::pushMergedGroup<GeNN::CodeGenerator::NeuronInitGroupMerged>@620] 		spkSynSpike0 = array (0x846b810)
2025-09-24 09:36:25.458 DEBUG [2195870] [GeNN::Runtime::Runtime::pushMergedGroup<GeNN::CodeGenerator::NeuronInitGroupMerged>@644] 		numNeurons = numeric (1909u)
2025-09-24 09:36:25.458 DEBUG [2195870] [GeNN::Runtime::Runtime::pushMergedGroup@575] Pushing merged group 'NeuronUpdate' index: 0
2025-09-24 09:36:25.458 DEBUG [2195870] [GeNN::Runtime::Runtime::pushMergedGroup@601] 	Group: 0
2025-09-24 09:36:25.458 DEBUG [2195870] [GeNN::Runtime::Runtime::pushMergedGroup<GeNN::CodeGenerator::NeuronUpdateGroupMerged>@620] 		denDelayPtrInSyn0 = array (0x86b7330)
2025-09-24 09:36:25.458 DEBUG [2195870] [GeNN::Runtime::Runtime::pushMergedGroup<GeNN::CodeGenerator::NeuronUpdateGroupMerged>@620] 		spkSynSpike0 = array (0x86b7ab0)
2025-09-24 09:36:25.458 DEBUG [2195870] [GeNN::Runtime::Runtime::pushMergedGroup<GeNN::CodeGenerator::NeuronUpdateGroupMerged>@620] 		spkCntSynSpike0 = array (0x86b79d0)
2025-09-24 09:36:25.458 DEBUG [2195870] [GeNN::Runtime::Runtime::pushMergedGroup<GeNN::CodeGenerator::NeuronUpdateGroupMerged>@620] 		rng = array (0x85b0700)
2025-09-24 09:36:25.458 DEBUG [2195870] [GeNN::Runtime::Runtime::pushMergedGroup<GeNN::CodeGenerator::NeuronUpdateGroupMerged>@620] 		recordSpk = array (0x85d1df0)
2025-09-24 09:36:25.458 DEBUG [2195870] [GeNN::Runtime::Runtime::pushMergedGroup<GeNN::CodeGenerator::NeuronUpdateGroupMerged>@620] 		outPostInSyn1 = array (0x8614c50)
2025-09-24 09:36:25.458 DEBUG [2195870] [GeNN::Runtime::Runtime::pushMergedGroup<GeNN::CodeGenerator::NeuronUpdateGroupMerged>@620] 		outPostInSyn0 = array (0x8631d80)
2025-09-24 09:36:25.458 DEBUG [2195870] [GeNN::Runtime::Runtime::pushMergedGroup<GeNN::CodeGenerator::NeuronUpdateGroupMerged>@620] 		denDelayPtrInSyn1 = array (0x86316e0)
2025-09-24 09:36:25.458 DEBUG [2195870] [GeNN::Runtime::Runtime::pushMergedGroup<GeNN::CodeGenerator::NeuronUpdateGroupMerged>@620] 		denDelayInSyn1 = array (0x86158a0)
2025-09-24 09:36:25.458 DEBUG [2195870] [GeNN::Runtime::Runtime::pushMergedGroup<GeNN::CodeGenerator::NeuronUpdateGroupMerged>@620] 		denDelayInSyn0 = array (0x86b5230)
2025-09-24 09:36:25.458 DEBUG [2195870] [GeNN::Runtime::Runtime::pushMergedGroup<GeNN::CodeGenerator::NeuronUpdateGroupMerged>@620] 		currentCS0 = array (0x656e9a0)
2025-09-24 09:36:25.458 DEBUG [2195870] [GeNN::Runtime::Runtime::pushMergedGroup<GeNN::CodeGenerator::NeuronUpdateGroupMerged>@620] 		V = array (0x86b16e0)
2025-09-24 09:36:25.458 DEBUG [2195870] [GeNN::Runtime::Runtime::pushMergedGroup<GeNN::CodeGenerator::NeuronUpdateGroupMerged>@620] 		RefracTime = array (0x86145b0)
2025-09-24 09:36:25.458 DEBUG [2195870] [GeNN::Runtime::Runtime::pushMergedGroup<GeNN::CodeGenerator::NeuronUpdateGroupMerged>@644] 		ExpMinusLambdaCS0 = numeric (9.519554515e-01f)
2025-09-24 09:36:25.458 DEBUG [2195870] [GeNN::Runtime::Runtime::pushMergedGroup<GeNN::CodeGenerator::NeuronUpdateGroupMerged>@644] 		numNeurons = numeric (31565u)
2025-09-24 09:36:25.458 DEBUG [2195870] [GeNN::Runtime::Runtime::pushMergedGroup<GeNN::CodeGenerator::NeuronUpdateGroupMerged>@644] 		Rmembrane = numeric (4.545454545e+01f)
2025-09-24 09:36:25.458 DEBUG [2195870] [GeNN::Runtime::Runtime::pushMergedGroup<GeNN::CodeGenerator::NeuronUpdateGroupMerged>@644] 		InitCS0 = numeric (1.490834111e+01f)
2025-09-24 09:36:25.458 DEBUG [2195870] [GeNN::Runtime::Runtime::pushMergedGroup@601] 	Group: 1
2025-09-24 09:36:25.458 DEBUG [2195870] [GeNN::Runtime::Runtime::pushMergedGroup<GeNN::CodeGenerator::NeuronUpdateGroupMerged>@620] 		denDelayPtrInSyn0 = array (0x85a7300)
2025-09-24 09:36:25.458 DEBUG [2195870] [GeNN::Runtime::Runtime::pushMergedGroup<GeNN::CodeGenerator::NeuronUpdateGroupMerged>@620] 		spkSynSpike0 = array (0x85a85f0)
2025-09-24 09:36:25.458 DEBUG [2195870] [GeNN::Runtime::Runtime::pushMergedGroup<GeNN::CodeGenerator::NeuronUpdateGroupMerged>@620] 		spkCntSynSpike0 = array (0x85a79a0)
2025-09-24 09:36:25.458 DEBUG [2195870] [GeNN::Runtime::Runtime::pushMergedGroup<GeNN::CodeGenerator::NeuronUpdateGroupMerged>@620] 		rng = array (0x867ce80)
2025-09-24 09:36:25.458 DEBUG [2195870] [GeNN::Runtime::Runtime::pushMergedGroup<GeNN::CodeGenerator::NeuronUpdateGroupMerged>@620] 		recordSpk = array (0x8402c30)
2025-09-24 09:36:25.458 DEBUG [2195870] [GeNN::Runtime::Runtime::pushMergedGroup<GeNN::CodeGenerator::NeuronUpdateGroupMerged>@620] 		outPostInSyn1 = array (0x8405c50)
2025-09-24 09:36:25.458 DEBUG [2195870] [GeNN::Runtime::Runtime::pushMergedGroup<GeNN::CodeGenerator::NeuronUpdateGroupMerged>@620] 		outPostInSyn0 = array (0x85c1560)
2025-09-24 09:36:25.458 DEBUG [2195870] [GeNN::Runtime::Runtime::pushMergedGroup<GeNN::CodeGenerator::NeuronUpdateGroupMerged>@620] 		denDelayPtrInSyn1 = array (0x85c0f30)
2025-09-24 09:36:25.458 DEBUG [2195870] [GeNN::Runtime::Runtime::pushMergedGroup<GeNN::CodeGenerator::NeuronUpdateGroupMerged>@620] 		denDelayInSyn1 = array (0x84068a0)
2025-09-24 09:36:25.458 DEBUG [2195870] [GeNN::Runtime::Runtime::pushMergedGroup<GeNN::CodeGenerator::NeuronUpdateGroupMerged>@620] 		denDelayInSyn0 = array (0x85c2140)
2025-09-24 09:36:25.458 DEBUG [2195870] [GeNN::Runtime::Runtime::pushMergedGroup<GeNN::CodeGenerator::NeuronUpdateGroupMerged>@620] 		currentCS0 = array (0x8405020)
2025-09-24 09:36:25.458 DEBUG [2195870] [GeNN::Runtime::Runtime::pushMergedGroup<GeNN::CodeGenerator::NeuronUpdateGroupMerged>@620] 		V = array (0x867d4b0)
2025-09-24 09:36:25.458 DEBUG [2195870] [GeNN::Runtime::Runtime::pushMergedGroup<GeNN::CodeGenerator::NeuronUpdateGroupMerged>@620] 		RefracTime = array (0x867e100)
2025-09-24 09:36:25.458 DEBUG [2195870] [GeNN::Runtime::Runtime::pushMergedGroup<GeNN::CodeGenerator::NeuronUpdateGroupMerged>@644] 		ExpMinusLambdaCS0 = numeric (9.631809958e-01f)
2025-09-24 09:36:25.458 DEBUG [2195870] [GeNN::Runtime::Runtime::pushMergedGroup<GeNN::CodeGenerator::NeuronUpdateGroupMerged>@644] 		numNeurons = numeric (14020u)
2025-09-24 09:36:25.458 DEBUG [2195870] [GeNN::Runtime::Runtime::pushMergedGroup<GeNN::CodeGenerator::NeuronUpdateGroupMerged>@644] 		Rmembrane = numeric (4.545454545e+01f)
2025-09-24 09:36:25.458 DEBUG [2195870] [GeNN::Runtime::Runtime::pushMergedGroup<GeNN::CodeGenerator::NeuronUpdateGroupMerged>@644] 		InitCS0 = numeric (1.490834111e+01f)
2025-09-24 09:36:25.458 DEBUG [2195870] [GeNN::Runtime::Runtime::pushMergedGroup@601] 	Group: 2
2025-09-24 09:36:25.458 DEBUG [2195870] [GeNN::Runtime::Runtime::pushMergedGroup<GeNN::CodeGenerator::NeuronUpdateGroupMerged>@620] 		denDelayPtrInSyn0 = array (0x86bd970)
2025-09-24 09:36:25.458 DEBUG [2195870] [GeNN::Runtime::Runtime::pushMergedGroup<GeNN::CodeGenerator::NeuronUpdateGroupMerged>@620] 		spkSynSpike0 = array (0x86bec60)
2025-09-24 09:36:25.458 DEBUG [2195870] [GeNN::Runtime::Runtime::pushMergedGroup<GeNN::CodeGenerator::NeuronUpdateGroupMerged>@620] 		spkCntSynSpike0 = array (0x86be010)
2025-09-24 09:36:25.458 DEBUG [2195870] [GeNN::Runtime::Runtime::pushMergedGroup<GeNN::CodeGenerator::NeuronUpdateGroupMerged>@620] 		rng = array (0x862c4b0)
2025-09-24 09:36:25.458 DEBUG [2195870] [GeNN::Runtime::Runtime::pushMergedGroup<GeNN::CodeGenerator::NeuronUpdateGroupMerged>@620] 		recordSpk = array (0x862b8d0)
2025-09-24 09:36:25.458 DEBUG [2195870] [GeNN::Runtime::Runtime::pushMergedGroup<GeNN::CodeGenerator::NeuronUpdateGroupMerged>@620] 		outPostInSyn1 = array (0x85ce450)
2025-09-24 09:36:25.458 DEBUG [2195870] [GeNN::Runtime::Runtime::pushMergedGroup<GeNN::CodeGenerator::NeuronUpdateGroupMerged>@620] 		outPostInSyn0 = array (0x8646a40)
2025-09-24 09:36:25.458 DEBUG [2195870] [GeNN::Runtime::Runtime::pushMergedGroup<GeNN::CodeGenerator::NeuronUpdateGroupMerged>@620] 		denDelayPtrInSyn1 = array (0x8646410)
2025-09-24 09:36:25.458 DEBUG [2195870] [GeNN::Runtime::Runtime::pushMergedGroup<GeNN::CodeGenerator::NeuronUpdateGroupMerged>@620] 		denDelayInSyn1 = array (0x85cf0a0)
2025-09-24 09:36:25.458 DEBUG [2195870] [GeNN::Runtime::Runtime::pushMergedGroup<GeNN::CodeGenerator::NeuronUpdateGroupMerged>@620] 		denDelayInSyn0 = array (0x8647690)
2025-09-24 09:36:25.458 DEBUG [2195870] [GeNN::Runtime::Runtime::pushMergedGroup<GeNN::CodeGenerator::NeuronUpdateGroupMerged>@620] 		currentCS0 = array (0x85cd860)
2025-09-24 09:36:25.458 DEBUG [2195870] [GeNN::Runtime::Runtime::pushMergedGroup<GeNN::CodeGenerator::NeuronUpdateGroupMerged>@620] 		V = array (0x862c9c0)
2025-09-24 09:36:25.458 DEBUG [2195870] [GeNN::Runtime::Runtime::pushMergedGroup<GeNN::CodeGenerator::NeuronUpdateGroupMerged>@620] 		RefracTime = array (0x862d430)
2025-09-24 09:36:25.458 DEBUG [2195870] [GeNN::Runtime::Runtime::pushMergedGroup<GeNN::CodeGenerator::NeuronUpdateGroupMerged>@644] 		ExpMinusLambdaCS0 = numeric (9.613760535e-01f)
2025-09-24 09:36:25.458 DEBUG [2195870] [GeNN::Runtime::Runtime::pushMergedGroup<GeNN::CodeGenerator::NeuronUpdateGroupMerged>@644] 		numNeurons = numeric (16359u)
2025-09-24 09:36:25.458 DEBUG [2195870] [GeNN::Runtime::Runtime::pushMergedGroup<GeNN::CodeGenerator::NeuronUpdateGroupMerged>@644] 		Rmembrane = numeric (4.545454545e+01f)
2025-09-24 09:36:25.458 DEBUG [2195870] [GeNN::Runtime::Runtime::pushMergedGroup<GeNN::CodeGenerator::NeuronUpdateGroupMerged>@644] 		InitCS0 = numeric (1.565375817e+01f)
2025-09-24 09:36:25.458 DEBUG [2195870] [GeNN::Runtime::Runtime::pushMergedGroup@601] 	Group: 3
2025-09-24 09:36:25.458 DEBUG [2195870] [GeNN::Runtime::Runtime::pushMergedGroup<GeNN::CodeGenerator::NeuronUpdateGroupMerged>@620] 		denDelayPtrInSyn0 = array (0x86d9ef0)
2025-09-24 09:36:25.458 DEBUG [2195870] [GeNN::Runtime::Runtime::pushMergedGroup<GeNN::CodeGenerator::NeuronUpdateGroupMerged>@620] 		spkSynSpike0 = array (0x864be20)
2025-09-24 09:36:25.458 DEBUG [2195870] [GeNN::Runtime::Runtime::pushMergedGroup<GeNN::CodeGenerator::NeuronUpdateGroupMerged>@620] 		spkCntSynSpike0 = array (0x864b1d0)
2025-09-24 09:36:25.458 DEBUG [2195870] [GeNN::Runtime::Runtime::pushMergedGroup<GeNN::CodeGenerator::NeuronUpdateGroupMerged>@620] 		rng = array (0x86d5080)
2025-09-24 09:36:25.458 DEBUG [2195870] [GeNN::Runtime::Runtime::pushMergedGroup<GeNN::CodeGenerator::NeuronUpdateGroupMerged>@620] 		recordSpk = array (0x86bf900)
2025-09-24 09:36:25.458 DEBUG [2195870] [GeNN::Runtime::Runtime::pushMergedGroup<GeNN::CodeGenerator::NeuronUpdateGroupMerged>@620] 		outPostInSyn1 = array (0x86da590)
2025-09-24 09:36:25.458 DEBUG [2195870] [GeNN::Runtime::Runtime::pushMergedGroup<GeNN::CodeGenerator::NeuronUpdateGroupMerged>@620] 		outPostInSyn0 = array (0x86d7b10)
2025-09-24 09:36:25.458 DEBUG [2195870] [GeNN::Runtime::Runtime::pushMergedGroup<GeNN::CodeGenerator::NeuronUpdateGroupMerged>@620] 		denDelayPtrInSyn1 = array (0x864ab30)
2025-09-24 09:36:25.458 DEBUG [2195870] [GeNN::Runtime::Runtime::pushMergedGroup<GeNN::CodeGenerator::NeuronUpdateGroupMerged>@620] 		denDelayInSyn1 = array (0x86db170)
2025-09-24 09:36:25.458 DEBUG [2195870] [GeNN::Runtime::Runtime::pushMergedGroup<GeNN::CodeGenerator::NeuronUpdateGroupMerged>@620] 		denDelayInSyn0 = array (0x86d8ae0)
2025-09-24 09:36:25.458 DEBUG [2195870] [GeNN::Runtime::Runtime::pushMergedGroup<GeNN::CodeGenerator::NeuronUpdateGroupMerged>@620] 		currentCS0 = array (0x86d6ee0)
2025-09-24 09:36:25.458 DEBUG [2195870] [GeNN::Runtime::Runtime::pushMergedGroup<GeNN::CodeGenerator::NeuronUpdateGroupMerged>@620] 		V = array (0x86d56b0)
2025-09-24 09:36:25.458 DEBUG [2195870] [GeNN::Runtime::Runtime::pushMergedGroup<GeNN::CodeGenerator::NeuronUpdateGroupMerged>@620] 		RefracTime = array (0x86d6300)
2025-09-24 09:36:25.458 DEBUG [2195870] [GeNN::Runtime::Runtime::pushMergedGroup<GeNN::CodeGenerator::NeuronUpdateGroupMerged>@644] 		ExpMinusLambdaCS0 = numeric (9.732003940e-01f)
2025-09-24 09:36:25.458 DEBUG [2195870] [GeNN::Runtime::Runtime::pushMergedGroup<GeNN::CodeGenerator::NeuronUpdateGroupMerged>@644] 		numNeurons = numeric (11724u)
2025-09-24 09:36:25.458 DEBUG [2195870] [GeNN::Runtime::Runtime::pushMergedGroup<GeNN::CodeGenerator::NeuronUpdateGroupMerged>@644] 		Rmembrane = numeric (4.545454545e+01f)
2025-09-24 09:36:25.458 DEBUG [2195870] [GeNN::Runtime::Runtime::pushMergedGroup<GeNN::CodeGenerator::NeuronUpdateGroupMerged>@644] 		InitCS0 = numeric (1.714459228e+01f)
2025-09-24 09:36:25.458 DEBUG [2195870] [GeNN::Runtime::Runtime::pushMergedGroup@601] 	Group: 4
2025-09-24 09:36:25.458 DEBUG [2195870] [GeNN::Runtime::Runtime::pushMergedGroup<GeNN::CodeGenerator::NeuronUpdateGroupMerged>@620] 		denDelayPtrInSyn0 = array (0x84a5770)
2025-09-24 09:36:25.458 DEBUG [2195870] [GeNN::Runtime::Runtime::pushMergedGroup<GeNN::CodeGenerator::NeuronUpdateGroupMerged>@620] 		spkSynSpike0 = array (0x84a6a60)
2025-09-24 09:36:25.458 DEBUG [2195870] [GeNN::Runtime::Runtime::pushMergedGroup<GeNN::CodeGenerator::NeuronUpdateGroupMerged>@620] 		spkCntSynSpike0 = array (0x84a5e10)
2025-09-24 09:36:25.458 DEBUG [2195870] [GeNN::Runtime::Runtime::pushMergedGroup<GeNN::CodeGenerator::NeuronUpdateGroupMerged>@620] 		rng = array (0x864d6a0)
2025-09-24 09:36:25.458 DEBUG [2195870] [GeNN::Runtime::Runtime::pushMergedGroup<GeNN::CodeGenerator::NeuronUpdateGroupMerged>@620] 		recordSpk = array (0x864cac0)
2025-09-24 09:36:25.458 DEBUG [2195870] [GeNN::Runtime::Runtime::pushMergedGroup<GeNN::CodeGenerator::NeuronUpdateGroupMerged>@620] 		outPostInSyn1 = array (0x8650510)
2025-09-24 09:36:25.458 DEBUG [2195870] [GeNN::Runtime::Runtime::pushMergedGroup<GeNN::CodeGenerator::NeuronUpdateGroupMerged>@620] 		outPostInSyn0 = array (0x86357b0)
2025-09-24 09:36:25.458 DEBUG [2195870] [GeNN::Runtime::Runtime::pushMergedGroup<GeNN::CodeGenerator::NeuronUpdateGroupMerged>@620] 		denDelayPtrInSyn1 = array (0x8635180)
2025-09-24 09:36:25.458 DEBUG [2195870] [GeNN::Runtime::Runtime::pushMergedGroup<GeNN::CodeGenerator::NeuronUpdateGroupMerged>@620] 		denDelayInSyn1 = array (0x8651160)
2025-09-24 09:36:25.458 DEBUG [2195870] [GeNN::Runtime::Runtime::pushMergedGroup<GeNN::CodeGenerator::NeuronUpdateGroupMerged>@620] 		denDelayInSyn0 = array (0x8636390)
2025-09-24 09:36:25.458 DEBUG [2195870] [GeNN::Runtime::Runtime::pushMergedGroup<GeNN::CodeGenerator::NeuronUpdateGroupMerged>@620] 		currentCS0 = array (0x864f8e0)
2025-09-24 09:36:25.458 DEBUG [2195870] [GeNN::Runtime::Runtime::pushMergedGroup<GeNN::CodeGenerator::NeuronUpdateGroupMerged>@620] 		V = array (0x864e0b0)
2025-09-24 09:36:25.458 DEBUG [2195870] [GeNN::Runtime::Runtime::pushMergedGroup<GeNN::CodeGenerator::NeuronUpdateGroupMerged>@620] 		RefracTime = array (0x864ed00)
2025-09-24 09:36:25.458 DEBUG [2195870] [GeNN::Runtime::Runtime::pushMergedGroup<GeNN::CodeGenerator::NeuronUpdateGroupMerged>@644] 		ExpMinusLambdaCS0 = numeric (9.488358104e-01f)
2025-09-24 09:36:25.458 DEBUG [2195870] [GeNN::Runtime::Runtime::pushMergedGroup<GeNN::CodeGenerator::NeuronUpdateGroupMerged>@644] 		numNeurons = numeric (16997u)
2025-09-24 09:36:25.458 DEBUG [2195870] [GeNN::Runtime::Runtime::pushMergedGroup<GeNN::CodeGenerator::NeuronUpdateGroupMerged>@644] 		Rmembrane = numeric (1.000000000e+02f)
2025-09-24 09:36:25.458 DEBUG [2195870] [GeNN::Runtime::Runtime::pushMergedGroup<GeNN::CodeGenerator::NeuronUpdateGroupMerged>@644] 		InitCS0 = numeric (6.776518686e+00f)
2025-09-24 09:36:25.458 DEBUG [2195870] [GeNN::Runtime::Runtime::pushMergedGroup@601] 	Group: 5
2025-09-24 09:36:25.458 DEBUG [2195870] [GeNN::Runtime::Runtime::pushMergedGroup<GeNN::CodeGenerator::NeuronUpdateGroupMerged>@620] 		denDelayPtrInSyn0 = array (0x84a18c0)
2025-09-24 09:36:25.458 DEBUG [2195870] [GeNN::Runtime::Runtime::pushMergedGroup<GeNN::CodeGenerator::NeuronUpdateGroupMerged>@620] 		spkSynSpike0 = array (0x84a2b40)
2025-09-24 09:36:25.458 DEBUG [2195870] [GeNN::Runtime::Runtime::pushMergedGroup<GeNN::CodeGenerator::NeuronUpdateGroupMerged>@620] 		spkCntSynSpike0 = array (0x84a1f60)
2025-09-24 09:36:25.458 DEBUG [2195870] [GeNN::Runtime::Runtime::pushMergedGroup<GeNN::CodeGenerator::NeuronUpdateGroupMerged>@620] 		rng = array (0x84a82e0)
2025-09-24 09:36:25.458 DEBUG [2195870] [GeNN::Runtime::Runtime::pushMergedGroup<GeNN::CodeGenerator::NeuronUpdateGroupMerged>@620] 		recordSpk = array (0x84a7700)
2025-09-24 09:36:25.458 DEBUG [2195870] [GeNN::Runtime::Runtime::pushMergedGroup<GeNN::CodeGenerator::NeuronUpdateGroupMerged>@620] 		outPostInSyn1 = array (0x8617d60)
2025-09-24 09:36:25.458 DEBUG [2195870] [GeNN::Runtime::Runtime::pushMergedGroup<GeNN::CodeGenerator::NeuronUpdateGroupMerged>@620] 		outPostInSyn0 = array (0x8619bc0)
2025-09-24 09:36:25.458 DEBUG [2195870] [GeNN::Runtime::Runtime::pushMergedGroup<GeNN::CodeGenerator::NeuronUpdateGroupMerged>@620] 		denDelayPtrInSyn1 = array (0x8619590)
2025-09-24 09:36:25.458 DEBUG [2195870] [GeNN::Runtime::Runtime::pushMergedGroup<GeNN::CodeGenerator::NeuronUpdateGroupMerged>@620] 		denDelayInSyn1 = array (0x8618940)
2025-09-24 09:36:25.458 DEBUG [2195870] [GeNN::Runtime::Runtime::pushMergedGroup<GeNN::CodeGenerator::NeuronUpdateGroupMerged>@620] 		denDelayInSyn0 = array (0x861a7a0)
2025-09-24 09:36:25.458 DEBUG [2195870] [GeNN::Runtime::Runtime::pushMergedGroup<GeNN::CodeGenerator::NeuronUpdateGroupMerged>@620] 		currentCS0 = array (0x8617130)
2025-09-24 09:36:25.458 DEBUG [2195870] [GeNN::Runtime::Runtime::pushMergedGroup<GeNN::CodeGenerator::NeuronUpdateGroupMerged>@620] 		V = array (0x84a8910)
2025-09-24 09:36:25.458 DEBUG [2195870] [GeNN::Runtime::Runtime::pushMergedGroup<GeNN::CodeGenerator::NeuronUpdateGroupMerged>@620] 		RefracTime = array (0x8616550)
2025-09-24 09:36:25.458 DEBUG [2195870] [GeNN::Runtime::Runtime::pushMergedGroup<GeNN::CodeGenerator::NeuronUpdateGroupMerged>@644] 		ExpMinusLambdaCS0 = numeric (9.593850524e-01f)
2025-09-24 09:36:25.458 DEBUG [2195870] [GeNN::Runtime::Runtime::pushMergedGroup<GeNN::CodeGenerator::NeuronUpdateGroupMerged>@644] 		numNeurons = numeric (3727u)
2025-09-24 09:36:25.458 DEBUG [2195870] [GeNN::Runtime::Runtime::pushMergedGroup<GeNN::CodeGenerator::NeuronUpdateGroupMerged>@644] 		Rmembrane = numeric (1.000000000e+02f)
2025-09-24 09:36:25.458 DEBUG [2195870] [GeNN::Runtime::Runtime::pushMergedGroup<GeNN::CodeGenerator::NeuronUpdateGroupMerged>@644] 		InitCS0 = numeric (6.776518686e+00f)
2025-09-24 09:36:25.458 DEBUG [2195870] [GeNN::Runtime::Runtime::pushMergedGroup@601] 	Group: 6
2025-09-24 09:36:25.458 DEBUG [2195870] [GeNN::Runtime::Runtime::pushMergedGroup<GeNN::CodeGenerator::NeuronUpdateGroupMerged>@620] 		denDelayPtrInSyn0 = array (0x861f130)
2025-09-24 09:36:25.458 DEBUG [2195870] [GeNN::Runtime::Runtime::pushMergedGroup<GeNN::CodeGenerator::NeuronUpdateGroupMerged>@620] 		spkSynSpike0 = array (0x8620340)
2025-09-24 09:36:25.458 DEBUG [2195870] [GeNN::Runtime::Runtime::pushMergedGroup<GeNN::CodeGenerator::NeuronUpdateGroupMerged>@620] 		spkCntSynSpike0 = array (0x861f760)
2025-09-24 09:36:25.458 DEBUG [2195870] [GeNN::Runtime::Runtime::pushMergedGroup<GeNN::CodeGenerator::NeuronUpdateGroupMerged>@620] 		rng = array (0x84a43c0)
2025-09-24 09:36:25.458 DEBUG [2195870] [GeNN::Runtime::Runtime::pushMergedGroup<GeNN::CodeGenerator::NeuronUpdateGroupMerged>@620] 		recordSpk = array (0x84a37e0)
2025-09-24 09:36:25.458 DEBUG [2195870] [GeNN::Runtime::Runtime::pushMergedGroup<GeNN::CodeGenerator::NeuronUpdateGroupMerged>@620] 		outPostInSyn1 = array (0x86732b0)
2025-09-24 09:36:25.458 DEBUG [2195870] [GeNN::Runtime::Runtime::pushMergedGroup<GeNN::CodeGenerator::NeuronUpdateGroupMerged>@620] 		outPostInSyn0 = array (0x8675b60)
2025-09-24 09:36:25.458 DEBUG [2195870] [GeNN::Runtime::Runtime::pushMergedGroup<GeNN::CodeGenerator::NeuronUpdateGroupMerged>@620] 		denDelayPtrInSyn1 = array (0x86754c0)
2025-09-24 09:36:25.458 DEBUG [2195870] [GeNN::Runtime::Runtime::pushMergedGroup<GeNN::CodeGenerator::NeuronUpdateGroupMerged>@620] 		denDelayInSyn1 = array (0x8673f00)
2025-09-24 09:36:25.458 DEBUG [2195870] [GeNN::Runtime::Runtime::pushMergedGroup<GeNN::CodeGenerator::NeuronUpdateGroupMerged>@620] 		denDelayInSyn0 = array (0x861e4e0)
2025-09-24 09:36:25.458 DEBUG [2195870] [GeNN::Runtime::Runtime::pushMergedGroup<GeNN::CodeGenerator::NeuronUpdateGroupMerged>@620] 		currentCS0 = array (0x8672680)
2025-09-24 09:36:25.458 DEBUG [2195870] [GeNN::Runtime::Runtime::pushMergedGroup<GeNN::CodeGenerator::NeuronUpdateGroupMerged>@620] 		V = array (0x84a49f0)
2025-09-24 09:36:25.458 DEBUG [2195870] [GeNN::Runtime::Runtime::pushMergedGroup<GeNN::CodeGenerator::NeuronUpdateGroupMerged>@620] 		RefracTime = array (0x8671aa0)
2025-09-24 09:36:25.458 DEBUG [2195870] [GeNN::Runtime::Runtime::pushMergedGroup<GeNN::CodeGenerator::NeuronUpdateGroupMerged>@644] 		ExpMinusLambdaCS0 = numeric (9.593850514e-01f)
2025-09-24 09:36:25.458 DEBUG [2195870] [GeNN::Runtime::Runtime::pushMergedGroup<GeNN::CodeGenerator::NeuronUpdateGroupMerged>@644] 		numNeurons = numeric (4614u)
2025-09-24 09:36:25.458 DEBUG [2195870] [GeNN::Runtime::Runtime::pushMergedGroup<GeNN::CodeGenerator::NeuronUpdateGroupMerged>@644] 		Rmembrane = numeric (1.000000000e+02f)
2025-09-24 09:36:25.458 DEBUG [2195870] [GeNN::Runtime::Runtime::pushMergedGroup<GeNN::CodeGenerator::NeuronUpdateGroupMerged>@644] 		InitCS0 = numeric (6.776518686e+00f)
2025-09-24 09:36:25.458 DEBUG [2195870] [GeNN::Runtime::Runtime::pushMergedGroup@601] 	Group: 7
2025-09-24 09:36:25.458 DEBUG [2195870] [GeNN::Runtime::Runtime::pushMergedGroup<GeNN::CodeGenerator::NeuronUpdateGroupMerged>@620] 		denDelayPtrInSyn0 = array (0x7da8340)
2025-09-24 09:36:25.458 DEBUG [2195870] [GeNN::Runtime::Runtime::pushMergedGroup<GeNN::CodeGenerator::NeuronUpdateGroupMerged>@620] 		spkSynSpike0 = array (0x846b810)
2025-09-24 09:36:25.458 DEBUG [2195870] [GeNN::Runtime::Runtime::pushMergedGroup<GeNN::CodeGenerator::NeuronUpdateGroupMerged>@620] 		spkCntSynSpike0 = array (0x846ac30)
2025-09-24 09:36:25.458 DEBUG [2195870] [GeNN::Runtime::Runtime::pushMergedGroup<GeNN::CodeGenerator::NeuronUpdateGroupMerged>@620] 		rng = array (0x8621b50)
2025-09-24 09:36:25.458 DEBUG [2195870] [GeNN::Runtime::Runtime::pushMergedGroup<GeNN::CodeGenerator::NeuronUpdateGroupMerged>@620] 		recordSpk = array (0x8620f70)
2025-09-24 09:36:25.458 DEBUG [2195870] [GeNN::Runtime::Runtime::pushMergedGroup<GeNN::CodeGenerator::NeuronUpdateGroupMerged>@620] 		outPostInSyn1 = array (0x7da8970)
2025-09-24 09:36:25.458 DEBUG [2195870] [GeNN::Runtime::Runtime::pushMergedGroup<GeNN::CodeGenerator::NeuronUpdateGroupMerged>@620] 		outPostInSyn0 = array (0x7da6aa0)
2025-09-24 09:36:25.458 DEBUG [2195870] [GeNN::Runtime::Runtime::pushMergedGroup<GeNN::CodeGenerator::NeuronUpdateGroupMerged>@620] 		denDelayPtrInSyn1 = array (0x846a5e0)
2025-09-24 09:36:25.458 DEBUG [2195870] [GeNN::Runtime::Runtime::pushMergedGroup<GeNN::CodeGenerator::NeuronUpdateGroupMerged>@620] 		denDelayInSyn1 = array (0x7da9550)
2025-09-24 09:36:25.458 DEBUG [2195870] [GeNN::Runtime::Runtime::pushMergedGroup<GeNN::CodeGenerator::NeuronUpdateGroupMerged>@620] 		denDelayInSyn0 = array (0x7da76f0)
2025-09-24 09:36:25.458 DEBUG [2195870] [GeNN::Runtime::Runtime::pushMergedGroup<GeNN::CodeGenerator::NeuronUpdateGroupMerged>@620] 		currentCS0 = array (0x7da5e70)
2025-09-24 09:36:25.458 DEBUG [2195870] [GeNN::Runtime::Runtime::pushMergedGroup<GeNN::CodeGenerator::NeuronUpdateGroupMerged>@620] 		V = array (0x8622180)
2025-09-24 09:36:25.458 DEBUG [2195870] [GeNN::Runtime::Runtime::pushMergedGroup<GeNN::CodeGenerator::NeuronUpdateGroupMerged>@620] 		RefracTime = array (0x8622dd0)
2025-09-24 09:36:25.458 DEBUG [2195870] [GeNN::Runtime::Runtime::pushMergedGroup<GeNN::CodeGenerator::NeuronUpdateGroupMerged>@644] 		ExpMinusLambdaCS0 = numeric (9.631809963e-01f)
2025-09-24 09:36:25.458 DEBUG [2195870] [GeNN::Runtime::Runtime::pushMergedGroup<GeNN::CodeGenerator::NeuronUpdateGroupMerged>@644] 		numNeurons = numeric (1909u)
2025-09-24 09:36:25.458 DEBUG [2195870] [GeNN::Runtime::Runtime::pushMergedGroup<GeNN::CodeGenerator::NeuronUpdateGroupMerged>@644] 		Rmembrane = numeric (1.000000000e+02f)
2025-09-24 09:36:25.459 DEBUG [2195870] [GeNN::Runtime::Runtime::pushMergedGroup<GeNN::CodeGenerator::NeuronUpdateGroupMerged>@644] 		InitCS0 = numeric (6.776518686e+00f)
2025-09-24 09:36:25.459 DEBUG [2195870] [GeNN::Runtime::Runtime::pushMergedGroup@575] Pushing merged group 'PresynapticUpdate' index: 0
2025-09-24 09:36:25.459 DEBUG [2195870] [GeNN::Runtime::Runtime::pushMergedGroup@601] 	Group: 0
2025-09-24 09:36:25.459 DEBUG [2195870] [GeNN::Runtime::Runtime::pushMergedGroup<GeNN::CodeGenerator::PresynapticUpdateGroupMerged>@620] 		denDelay = array (0x86b5230)
2025-09-24 09:36:25.459 DEBUG [2195870] [GeNN::Runtime::Runtime::pushMergedGroup<GeNN::CodeGenerator::PresynapticUpdateGroupMerged>@620] 		denDelayPtr = array (0x86b7330)
2025-09-24 09:36:25.459 DEBUG [2195870] [GeNN::Runtime::Runtime::pushMergedGroup<GeNN::CodeGenerator::PresynapticUpdateGroupMerged>@620] 		preCalcRowLengthSparseConnect = array (0x85ba130)
2025-09-24 09:36:25.459 DEBUG [2195870] [GeNN::Runtime::Runtime::pushMergedGroup<GeNN::CodeGenerator::PresynapticUpdateGroupMerged>@620] 		srcSpk = array (0x84a6a60)
2025-09-24 09:36:25.459 DEBUG [2195870] [GeNN::Runtime::Runtime::pushMergedGroup<GeNN::CodeGenerator::PresynapticUpdateGroupMerged>@620] 		srcSpkCnt = array (0x84a5e10)
2025-09-24 09:36:25.459 DEBUG [2195870] [GeNN::Runtime::Runtime::pushMergedGroup<GeNN::CodeGenerator::PresynapticUpdateGroupMerged>@644] 		meang = numeric (-6.000000000e-02f)
2025-09-24 09:36:25.459 DEBUG [2195870] [GeNN::Runtime::Runtime::pushMergedGroup<GeNN::CodeGenerator::PresynapticUpdateGroupMerged>@644] 		numTrgNeurons = numeric (31565u)
2025-09-24 09:36:25.459 DEBUG [2195870] [GeNN::Runtime::Runtime::pushMergedGroup<GeNN::CodeGenerator::PresynapticUpdateGroupMerged>@644] 		sdg = numeric (-6.000000000e-06f)
2025-09-24 09:36:25.459 DEBUG [2195870] [GeNN::Runtime::Runtime::pushMergedGroup@601] 	Group: 1
2025-09-24 09:36:25.459 DEBUG [2195870] [GeNN::Runtime::Runtime::pushMergedGroup<GeNN::CodeGenerator::PresynapticUpdateGroupMerged>@620] 		denDelay = array (0x85c2140)
2025-09-24 09:36:25.459 DEBUG [2195870] [GeNN::Runtime::Runtime::pushMergedGroup<GeNN::CodeGenerator::PresynapticUpdateGroupMerged>@620] 		denDelayPtr = array (0x85a7300)
2025-09-24 09:36:25.459 DEBUG [2195870] [GeNN::Runtime::Runtime::pushMergedGroup<GeNN::CodeGenerator::PresynapticUpdateGroupMerged>@620] 		preCalcRowLengthSparseConnect = array (0x85ba2f0)
2025-09-24 09:36:25.459 DEBUG [2195870] [GeNN::Runtime::Runtime::pushMergedGroup<GeNN::CodeGenerator::PresynapticUpdateGroupMerged>@620] 		srcSpk = array (0x84a6a60)
2025-09-24 09:36:25.459 DEBUG [2195870] [GeNN::Runtime::Runtime::pushMergedGroup<GeNN::CodeGenerator::PresynapticUpdateGroupMerged>@620] 		srcSpkCnt = array (0x84a5e10)
2025-09-24 09:36:25.459 DEBUG [2195870] [GeNN::Runtime::Runtime::pushMergedGroup<GeNN::CodeGenerator::PresynapticUpdateGroupMerged>@644] 		meang = numeric (-6.000000000e-02f)
2025-09-24 09:36:25.459 DEBUG [2195870] [GeNN::Runtime::Runtime::pushMergedGroup<GeNN::CodeGenerator::PresynapticUpdateGroupMerged>@644] 		numTrgNeurons = numeric (14020u)
2025-09-24 09:36:25.459 DEBUG [2195870] [GeNN::Runtime::Runtime::pushMergedGroup<GeNN::CodeGenerator::PresynapticUpdateGroupMerged>@644] 		sdg = numeric (-6.000000000e-06f)
2025-09-24 09:36:25.459 DEBUG [2195870] [GeNN::Runtime::Runtime::pushMergedGroup@601] 	Group: 2
2025-09-24 09:36:25.459 DEBUG [2195870] [GeNN::Runtime::Runtime::pushMergedGroup<GeNN::CodeGenerator::PresynapticUpdateGroupMerged>@620] 		denDelay = array (0x8647690)
2025-09-24 09:36:25.459 DEBUG [2195870] [GeNN::Runtime::Runtime::pushMergedGroup<GeNN::CodeGenerator::PresynapticUpdateGroupMerged>@620] 		denDelayPtr = array (0x86bd970)
2025-09-24 09:36:25.459 DEBUG [2195870] [GeNN::Runtime::Runtime::pushMergedGroup<GeNN::CodeGenerator::PresynapticUpdateGroupMerged>@620] 		preCalcRowLengthSparseConnect = array (0x85ba500)
2025-09-24 09:36:25.459 DEBUG [2195870] [GeNN::Runtime::Runtime::pushMergedGroup<GeNN::CodeGenerator::PresynapticUpdateGroupMerged>@620] 		srcSpk = array (0x84a6a60)
2025-09-24 09:36:25.459 DEBUG [2195870] [GeNN::Runtime::Runtime::pushMergedGroup<GeNN::CodeGenerator::PresynapticUpdateGroupMerged>@620] 		srcSpkCnt = array (0x84a5e10)
2025-09-24 09:36:25.459 DEBUG [2195870] [GeNN::Runtime::Runtime::pushMergedGroup<GeNN::CodeGenerator::PresynapticUpdateGroupMerged>@644] 		meang = numeric (-6.000000000e-02f)
2025-09-24 09:36:25.459 DEBUG [2195870] [GeNN::Runtime::Runtime::pushMergedGroup<GeNN::CodeGenerator::PresynapticUpdateGroupMerged>@644] 		numTrgNeurons = numeric (16359u)
2025-09-24 09:36:25.459 DEBUG [2195870] [GeNN::Runtime::Runtime::pushMergedGroup<GeNN::CodeGenerator::PresynapticUpdateGroupMerged>@644] 		sdg = numeric (-6.000000000e-06f)
2025-09-24 09:36:25.459 DEBUG [2195870] [GeNN::Runtime::Runtime::pushMergedGroup@601] 	Group: 3
2025-09-24 09:36:25.459 DEBUG [2195870] [GeNN::Runtime::Runtime::pushMergedGroup<GeNN::CodeGenerator::PresynapticUpdateGroupMerged>@620] 		denDelay = array (0x86d8ae0)
2025-09-24 09:36:25.459 DEBUG [2195870] [GeNN::Runtime::Runtime::pushMergedGroup<GeNN::CodeGenerator::PresynapticUpdateGroupMerged>@620] 		denDelayPtr = array (0x86d9ef0)
2025-09-24 09:36:25.459 DEBUG [2195870] [GeNN::Runtime::Runtime::pushMergedGroup<GeNN::CodeGenerator::PresynapticUpdateGroupMerged>@620] 		preCalcRowLengthSparseConnect = array (0x85ba710)
2025-09-24 09:36:25.459 DEBUG [2195870] [GeNN::Runtime::Runtime::pushMergedGroup<GeNN::CodeGenerator::PresynapticUpdateGroupMerged>@620] 		srcSpk = array (0x84a6a60)
2025-09-24 09:36:25.459 DEBUG [2195870] [GeNN::Runtime::Runtime::pushMergedGroup<GeNN::CodeGenerator::PresynapticUpdateGroupMerged>@620] 		srcSpkCnt = array (0x84a5e10)
2025-09-24 09:36:25.459 DEBUG [2195870] [GeNN::Runtime::Runtime::pushMergedGroup<GeNN::CodeGenerator::PresynapticUpdateGroupMerged>@644] 		meang = numeric (-6.000000000e-02f)
2025-09-24 09:36:25.459 DEBUG [2195870] [GeNN::Runtime::Runtime::pushMergedGroup<GeNN::CodeGenerator::PresynapticUpdateGroupMerged>@644] 		numTrgNeurons = numeric (11724u)
2025-09-24 09:36:25.459 DEBUG [2195870] [GeNN::Runtime::Runtime::pushMergedGroup<GeNN::CodeGenerator::PresynapticUpdateGroupMerged>@644] 		sdg = numeric (-6.000000000e-06f)
2025-09-24 09:36:25.459 DEBUG [2195870] [GeNN::Runtime::Runtime::pushMergedGroup@601] 	Group: 4
2025-09-24 09:36:25.459 DEBUG [2195870] [GeNN::Runtime::Runtime::pushMergedGroup<GeNN::CodeGenerator::PresynapticUpdateGroupMerged>@620] 		denDelay = array (0x8636390)
2025-09-24 09:36:25.459 DEBUG [2195870] [GeNN::Runtime::Runtime::pushMergedGroup<GeNN::CodeGenerator::PresynapticUpdateGroupMerged>@620] 		denDelayPtr = array (0x84a5770)
2025-09-24 09:36:25.459 DEBUG [2195870] [GeNN::Runtime::Runtime::pushMergedGroup<GeNN::CodeGenerator::PresynapticUpdateGroupMerged>@620] 		preCalcRowLengthSparseConnect = array (0x85ba920)
2025-09-24 09:36:25.459 DEBUG [2195870] [GeNN::Runtime::Runtime::pushMergedGroup<GeNN::CodeGenerator::PresynapticUpdateGroupMerged>@620] 		srcSpk = array (0x84a6a60)
2025-09-24 09:36:25.459 DEBUG [2195870] [GeNN::Runtime::Runtime::pushMergedGroup<GeNN::CodeGenerator::PresynapticUpdateGroupMerged>@620] 		srcSpkCnt = array (0x84a5e10)
2025-09-24 09:36:25.459 DEBUG [2195870] [GeNN::Runtime::Runtime::pushMergedGroup<GeNN::CodeGenerator::PresynapticUpdateGroupMerged>@644] 		meang = numeric (-5.000000000e-02f)
2025-09-24 09:36:25.459 DEBUG [2195870] [GeNN::Runtime::Runtime::pushMergedGroup<GeNN::CodeGenerator::PresynapticUpdateGroupMerged>@644] 		numTrgNeurons = numeric (16997u)
2025-09-24 09:36:25.459 DEBUG [2195870] [GeNN::Runtime::Runtime::pushMergedGroup<GeNN::CodeGenerator::PresynapticUpdateGroupMerged>@644] 		sdg = numeric (-5.000000000e-06f)
2025-09-24 09:36:25.459 DEBUG [2195870] [GeNN::Runtime::Runtime::pushMergedGroup@601] 	Group: 5
2025-09-24 09:36:25.459 DEBUG [2195870] [GeNN::Runtime::Runtime::pushMergedGroup<GeNN::CodeGenerator::PresynapticUpdateGroupMerged>@620] 		denDelay = array (0x861a7a0)
2025-09-24 09:36:25.459 DEBUG [2195870] [GeNN::Runtime::Runtime::pushMergedGroup<GeNN::CodeGenerator::PresynapticUpdateGroupMerged>@620] 		denDelayPtr = array (0x84a18c0)
2025-09-24 09:36:25.459 DEBUG [2195870] [GeNN::Runtime::Runtime::pushMergedGroup<GeNN::CodeGenerator::PresynapticUpdateGroupMerged>@620] 		preCalcRowLengthSparseConnect = array (0x85bab30)
2025-09-24 09:36:25.459 DEBUG [2195870] [GeNN::Runtime::Runtime::pushMergedGroup<GeNN::CodeGenerator::PresynapticUpdateGroupMerged>@620] 		srcSpk = array (0x84a6a60)
2025-09-24 09:36:25.459 DEBUG [2195870] [GeNN::Runtime::Runtime::pushMergedGroup<GeNN::CodeGenerator::PresynapticUpdateGroupMerged>@620] 		srcSpkCnt = array (0x84a5e10)
2025-09-24 09:36:25.459 DEBUG [2195870] [GeNN::Runtime::Runtime::pushMergedGroup<GeNN::CodeGenerator::PresynapticUpdateGroupMerged>@644] 		meang = numeric (-5.000000000e-02f)
2025-09-24 09:36:25.459 DEBUG [2195870] [GeNN::Runtime::Runtime::pushMergedGroup<GeNN::CodeGenerator::PresynapticUpdateGroupMerged>@644] 		numTrgNeurons = numeric (3727u)
2025-09-24 09:36:25.459 DEBUG [2195870] [GeNN::Runtime::Runtime::pushMergedGroup<GeNN::CodeGenerator::PresynapticUpdateGroupMerged>@644] 		sdg = numeric (-5.000000000e-06f)
2025-09-24 09:36:25.459 DEBUG [2195870] [GeNN::Runtime::Runtime::pushMergedGroup@601] 	Group: 6
2025-09-24 09:36:25.459 DEBUG [2195870] [GeNN::Runtime::Runtime::pushMergedGroup<GeNN::CodeGenerator::PresynapticUpdateGroupMerged>@620] 		denDelay = array (0x861e4e0)
2025-09-24 09:36:25.459 DEBUG [2195870] [GeNN::Runtime::Runtime::pushMergedGroup<GeNN::CodeGenerator::PresynapticUpdateGroupMerged>@620] 		denDelayPtr = array (0x861f130)
2025-09-24 09:36:25.459 DEBUG [2195870] [GeNN::Runtime::Runtime::pushMergedGroup<GeNN::CodeGenerator::PresynapticUpdateGroupMerged>@620] 		preCalcRowLengthSparseConnect = array (0x85bad40)
2025-09-24 09:36:25.459 DEBUG [2195870] [GeNN::Runtime::Runtime::pushMergedGroup<GeNN::CodeGenerator::PresynapticUpdateGroupMerged>@620] 		srcSpk = array (0x84a6a60)
2025-09-24 09:36:25.459 DEBUG [2195870] [GeNN::Runtime::Runtime::pushMergedGroup<GeNN::CodeGenerator::PresynapticUpdateGroupMerged>@620] 		srcSpkCnt = array (0x84a5e10)
2025-09-24 09:36:25.459 DEBUG [2195870] [GeNN::Runtime::Runtime::pushMergedGroup<GeNN::CodeGenerator::PresynapticUpdateGroupMerged>@644] 		meang = numeric (-5.000000000e-02f)
2025-09-24 09:36:25.459 DEBUG [2195870] [GeNN::Runtime::Runtime::pushMergedGroup<GeNN::CodeGenerator::PresynapticUpdateGroupMerged>@644] 		numTrgNeurons = numeric (4614u)
2025-09-24 09:36:25.459 DEBUG [2195870] [GeNN::Runtime::Runtime::pushMergedGroup<GeNN::CodeGenerator::PresynapticUpdateGroupMerged>@644] 		sdg = numeric (-5.000000000e-06f)
2025-09-24 09:36:25.459 DEBUG [2195870] [GeNN::Runtime::Runtime::pushMergedGroup@601] 	Group: 7
2025-09-24 09:36:25.459 DEBUG [2195870] [GeNN::Runtime::Runtime::pushMergedGroup<GeNN::CodeGenerator::PresynapticUpdateGroupMerged>@620] 		denDelay = array (0x7da76f0)
2025-09-24 09:36:25.459 DEBUG [2195870] [GeNN::Runtime::Runtime::pushMergedGroup<GeNN::CodeGenerator::PresynapticUpdateGroupMerged>@620] 		denDelayPtr = array (0x7da8340)
2025-09-24 09:36:25.459 DEBUG [2195870] [GeNN::Runtime::Runtime::pushMergedGroup<GeNN::CodeGenerator::PresynapticUpdateGroupMerged>@620] 		preCalcRowLengthSparseConnect = array (0x85baf50)
2025-09-24 09:36:25.459 DEBUG [2195870] [GeNN::Runtime::Runtime::pushMergedGroup<GeNN::CodeGenerator::PresynapticUpdateGroupMerged>@620] 		srcSpk = array (0x84a6a60)
2025-09-24 09:36:25.459 DEBUG [2195870] [GeNN::Runtime::Runtime::pushMergedGroup<GeNN::CodeGenerator::PresynapticUpdateGroupMerged>@620] 		srcSpkCnt = array (0x84a5e10)
2025-09-24 09:36:25.459 DEBUG [2195870] [GeNN::Runtime::Runtime::pushMergedGroup<GeNN::CodeGenerator::PresynapticUpdateGroupMerged>@644] 		meang = numeric (-5.000000000e-02f)
2025-09-24 09:36:25.459 DEBUG [2195870] [GeNN::Runtime::Runtime::pushMergedGroup<GeNN::CodeGenerator::PresynapticUpdateGroupMerged>@644] 		numTrgNeurons = numeric (1909u)
2025-09-24 09:36:25.459 DEBUG [2195870] [GeNN::Runtime::Runtime::pushMergedGroup<GeNN::CodeGenerator::PresynapticUpdateGroupMerged>@644] 		sdg = numeric (-5.000000000e-06f)
2025-09-24 09:36:25.459 DEBUG [2195870] [GeNN::Runtime::Runtime::pushMergedGroup@601] 	Group: 8
2025-09-24 09:36:25.459 DEBUG [2195870] [GeNN::Runtime::Runtime::pushMergedGroup<GeNN::CodeGenerator::PresynapticUpdateGroupMerged>@620] 		denDelay = array (0x86b5230)
2025-09-24 09:36:25.459 DEBUG [2195870] [GeNN::Runtime::Runtime::pushMergedGroup<GeNN::CodeGenerator::PresynapticUpdateGroupMerged>@620] 		denDelayPtr = array (0x86b7330)
2025-09-24 09:36:25.459 DEBUG [2195870] [GeNN::Runtime::Runtime::pushMergedGroup<GeNN::CodeGenerator::PresynapticUpdateGroupMerged>@620] 		preCalcRowLengthSparseConnect = array (0x85bb0a0)
2025-09-24 09:36:25.459 DEBUG [2195870] [GeNN::Runtime::Runtime::pushMergedGroup<GeNN::CodeGenerator::PresynapticUpdateGroupMerged>@620] 		srcSpk = array (0x84a2b40)
2025-09-24 09:36:25.459 DEBUG [2195870] [GeNN::Runtime::Runtime::pushMergedGroup<GeNN::CodeGenerator::PresynapticUpdateGroupMerged>@620] 		srcSpkCnt = array (0x84a1f60)
2025-09-24 09:36:25.459 DEBUG [2195870] [GeNN::Runtime::Runtime::pushMergedGroup<GeNN::CodeGenerator::PresynapticUpdateGroupMerged>@644] 		meang = numeric (-6.000000000e-02f)
2025-09-24 09:36:25.459 DEBUG [2195870] [GeNN::Runtime::Runtime::pushMergedGroup<GeNN::CodeGenerator::PresynapticUpdateGroupMerged>@644] 		numTrgNeurons = numeric (31565u)
2025-09-24 09:36:25.459 DEBUG [2195870] [GeNN::Runtime::Runtime::pushMergedGroup<GeNN::CodeGenerator::PresynapticUpdateGroupMerged>@644] 		sdg = numeric (-6.000000000e-06f)
2025-09-24 09:36:25.459 DEBUG [2195870] [GeNN::Runtime::Runtime::pushMergedGroup@601] 	Group: 9
2025-09-24 09:36:25.459 DEBUG [2195870] [GeNN::Runtime::Runtime::pushMergedGroup<GeNN::CodeGenerator::PresynapticUpdateGroupMerged>@620] 		denDelay = array (0x85c2140)
2025-09-24 09:36:25.459 DEBUG [2195870] [GeNN::Runtime::Runtime::pushMergedGroup<GeNN::CodeGenerator::PresynapticUpdateGroupMerged>@620] 		denDelayPtr = array (0x85a7300)
2025-09-24 09:36:25.459 DEBUG [2195870] [GeNN::Runtime::Runtime::pushMergedGroup<GeNN::CodeGenerator::PresynapticUpdateGroupMerged>@620] 		preCalcRowLengthSparseConnect = array (0x85bb1f0)
2025-09-24 09:36:25.459 DEBUG [2195870] [GeNN::Runtime::Runtime::pushMergedGroup<GeNN::CodeGenerator::PresynapticUpdateGroupMerged>@620] 		srcSpk = array (0x84a2b40)
2025-09-24 09:36:25.459 DEBUG [2195870] [GeNN::Runtime::Runtime::pushMergedGroup<GeNN::CodeGenerator::PresynapticUpdateGroupMerged>@620] 		srcSpkCnt = array (0x84a1f60)
2025-09-24 09:36:25.459 DEBUG [2195870] [GeNN::Runtime::Runtime::pushMergedGroup<GeNN::CodeGenerator::PresynapticUpdateGroupMerged>@644] 		meang = numeric (-6.000000000e-02f)
2025-09-24 09:36:25.459 DEBUG [2195870] [GeNN::Runtime::Runtime::pushMergedGroup<GeNN::CodeGenerator::PresynapticUpdateGroupMerged>@644] 		numTrgNeurons = numeric (14020u)
2025-09-24 09:36:25.459 DEBUG [2195870] [GeNN::Runtime::Runtime::pushMergedGroup<GeNN::CodeGenerator::PresynapticUpdateGroupMerged>@644] 		sdg = numeric (-6.000000000e-06f)
2025-09-24 09:36:25.459 DEBUG [2195870] [GeNN::Runtime::Runtime::pushMergedGroup@601] 	Group: 10
2025-09-24 09:36:25.459 DEBUG [2195870] [GeNN::Runtime::Runtime::pushMergedGroup<GeNN::CodeGenerator::PresynapticUpdateGroupMerged>@620] 		denDelay = array (0x8647690)
2025-09-24 09:36:25.459 DEBUG [2195870] [GeNN::Runtime::Runtime::pushMergedGroup<GeNN::CodeGenerator::PresynapticUpdateGroupMerged>@620] 		denDelayPtr = array (0x86bd970)
2025-09-24 09:36:25.459 DEBUG [2195870] [GeNN::Runtime::Runtime::pushMergedGroup<GeNN::CodeGenerator::PresynapticUpdateGroupMerged>@620] 		preCalcRowLengthSparseConnect = array (0x85bb400)
2025-09-24 09:36:25.459 DEBUG [2195870] [GeNN::Runtime::Runtime::pushMergedGroup<GeNN::CodeGenerator::PresynapticUpdateGroupMerged>@620] 		srcSpk = array (0x84a2b40)
2025-09-24 09:36:25.459 DEBUG [2195870] [GeNN::Runtime::Runtime::pushMergedGroup<GeNN::CodeGenerator::PresynapticUpdateGroupMerged>@620] 		srcSpkCnt = array (0x84a1f60)
2025-09-24 09:36:25.459 DEBUG [2195870] [GeNN::Runtime::Runtime::pushMergedGroup<GeNN::CodeGenerator::PresynapticUpdateGroupMerged>@644] 		meang = numeric (-6.000000000e-02f)
2025-09-24 09:36:25.459 DEBUG [2195870] [GeNN::Runtime::Runtime::pushMergedGroup<GeNN::CodeGenerator::PresynapticUpdateGroupMerged>@644] 		numTrgNeurons = numeric (16359u)
2025-09-24 09:36:25.459 DEBUG [2195870] [GeNN::Runtime::Runtime::pushMergedGroup<GeNN::CodeGenerator::PresynapticUpdateGroupMerged>@644] 		sdg = numeric (-6.000000000e-06f)
2025-09-24 09:36:25.459 DEBUG [2195870] [GeNN::Runtime::Runtime::pushMergedGroup@601] 	Group: 11
2025-09-24 09:36:25.459 DEBUG [2195870] [GeNN::Runtime::Runtime::pushMergedGroup<GeNN::CodeGenerator::PresynapticUpdateGroupMerged>@620] 		denDelay = array (0x86d8ae0)
2025-09-24 09:36:25.459 DEBUG [2195870] [GeNN::Runtime::Runtime::pushMergedGroup<GeNN::CodeGenerator::PresynapticUpdateGroupMerged>@620] 		denDelayPtr = array (0x86d9ef0)
2025-09-24 09:36:25.459 DEBUG [2195870] [GeNN::Runtime::Runtime::pushMergedGroup<GeNN::CodeGenerator::PresynapticUpdateGroupMerged>@620] 		preCalcRowLengthSparseConnect = array (0x85bb610)
2025-09-24 09:36:25.459 DEBUG [2195870] [GeNN::Runtime::Runtime::pushMergedGroup<GeNN::CodeGenerator::PresynapticUpdateGroupMerged>@620] 		srcSpk = array (0x84a2b40)
2025-09-24 09:36:25.459 DEBUG [2195870] [GeNN::Runtime::Runtime::pushMergedGroup<GeNN::CodeGenerator::PresynapticUpdateGroupMerged>@620] 		srcSpkCnt = array (0x84a1f60)
2025-09-24 09:36:25.459 DEBUG [2195870] [GeNN::Runtime::Runtime::pushMergedGroup<GeNN::CodeGenerator::PresynapticUpdateGroupMerged>@644] 		meang = numeric (-6.000000000e-02f)
2025-09-24 09:36:25.459 DEBUG [2195870] [GeNN::Runtime::Runtime::pushMergedGroup<GeNN::CodeGenerator::PresynapticUpdateGroupMerged>@644] 		numTrgNeurons = numeric (11724u)
2025-09-24 09:36:25.459 DEBUG [2195870] [GeNN::Runtime::Runtime::pushMergedGroup<GeNN::CodeGenerator::PresynapticUpdateGroupMerged>@644] 		sdg = numeric (-6.000000000e-06f)
2025-09-24 09:36:25.459 DEBUG [2195870] [GeNN::Runtime::Runtime::pushMergedGroup@601] 	Group: 12
2025-09-24 09:36:25.459 DEBUG [2195870] [GeNN::Runtime::Runtime::pushMergedGroup<GeNN::CodeGenerator::PresynapticUpdateGroupMerged>@620] 		denDelay = array (0x8636390)
2025-09-24 09:36:25.459 DEBUG [2195870] [GeNN::Runtime::Runtime::pushMergedGroup<GeNN::CodeGenerator::PresynapticUpdateGroupMerged>@620] 		denDelayPtr = array (0x84a5770)
2025-09-24 09:36:25.459 DEBUG [2195870] [GeNN::Runtime::Runtime::pushMergedGroup<GeNN::CodeGenerator::PresynapticUpdateGroupMerged>@620] 		preCalcRowLengthSparseConnect = array (0x85bb820)
2025-09-24 09:36:25.459 DEBUG [2195870] [GeNN::Runtime::Runtime::pushMergedGroup<GeNN::CodeGenerator::PresynapticUpdateGroupMerged>@620] 		srcSpk = array (0x84a2b40)
2025-09-24 09:36:25.459 DEBUG [2195870] [GeNN::Runtime::Runtime::pushMergedGroup<GeNN::CodeGenerator::PresynapticUpdateGroupMerged>@620] 		srcSpkCnt = array (0x84a1f60)
2025-09-24 09:36:25.459 DEBUG [2195870] [GeNN::Runtime::Runtime::pushMergedGroup<GeNN::CodeGenerator::PresynapticUpdateGroupMerged>@644] 		meang = numeric (-5.000000000e-02f)
2025-09-24 09:36:25.459 DEBUG [2195870] [GeNN::Runtime::Runtime::pushMergedGroup<GeNN::CodeGenerator::PresynapticUpdateGroupMerged>@644] 		numTrgNeurons = numeric (16997u)
2025-09-24 09:36:25.459 DEBUG [2195870] [GeNN::Runtime::Runtime::pushMergedGroup<GeNN::CodeGenerator::PresynapticUpdateGroupMerged>@644] 		sdg = numeric (-5.000000000e-06f)
2025-09-24 09:36:25.459 DEBUG [2195870] [GeNN::Runtime::Runtime::pushMergedGroup@601] 	Group: 13
2025-09-24 09:36:25.459 DEBUG [2195870] [GeNN::Runtime::Runtime::pushMergedGroup<GeNN::CodeGenerator::PresynapticUpdateGroupMerged>@620] 		denDelay = array (0x861a7a0)
2025-09-24 09:36:25.459 DEBUG [2195870] [GeNN::Runtime::Runtime::pushMergedGroup<GeNN::CodeGenerator::PresynapticUpdateGroupMerged>@620] 		denDelayPtr = array (0x84a18c0)
2025-09-24 09:36:25.459 DEBUG [2195870] [GeNN::Runtime::Runtime::pushMergedGroup<GeNN::CodeGenerator::PresynapticUpdateGroupMerged>@620] 		preCalcRowLengthSparseConnect = array (0x85bb970)
2025-09-24 09:36:25.459 DEBUG [2195870] [GeNN::Runtime::Runtime::pushMergedGroup<GeNN::CodeGenerator::PresynapticUpdateGroupMerged>@620] 		srcSpk = array (0x84a2b40)
2025-09-24 09:36:25.459 DEBUG [2195870] [GeNN::Runtime::Runtime::pushMergedGroup<GeNN::CodeGenerator::PresynapticUpdateGroupMerged>@620] 		srcSpkCnt = array (0x84a1f60)
2025-09-24 09:36:25.459 DEBUG [2195870] [GeNN::Runtime::Runtime::pushMergedGroup<GeNN::CodeGenerator::PresynapticUpdateGroupMerged>@644] 		meang = numeric (-5.000000000e-02f)
2025-09-24 09:36:25.459 DEBUG [2195870] [GeNN::Runtime::Runtime::pushMergedGroup<GeNN::CodeGenerator::PresynapticUpdateGroupMerged>@644] 		numTrgNeurons = numeric (3727u)
2025-09-24 09:36:25.459 DEBUG [2195870] [GeNN::Runtime::Runtime::pushMergedGroup<GeNN::CodeGenerator::PresynapticUpdateGroupMerged>@644] 		sdg = numeric (-5.000000000e-06f)
2025-09-24 09:36:25.459 DEBUG [2195870] [GeNN::Runtime::Runtime::pushMergedGroup@601] 	Group: 14
2025-09-24 09:36:25.459 DEBUG [2195870] [GeNN::Runtime::Runtime::pushMergedGroup<GeNN::CodeGenerator::PresynapticUpdateGroupMerged>@620] 		denDelay = array (0x861e4e0)
2025-09-24 09:36:25.459 DEBUG [2195870] [GeNN::Runtime::Runtime::pushMergedGroup<GeNN::CodeGenerator::PresynapticUpdateGroupMerged>@620] 		denDelayPtr = array (0x861f130)
2025-09-24 09:36:25.459 DEBUG [2195870] [GeNN::Runtime::Runtime::pushMergedGroup<GeNN::CodeGenerator::PresynapticUpdateGroupMerged>@620] 		preCalcRowLengthSparseConnect = array (0x85bbac0)
2025-09-24 09:36:25.459 DEBUG [2195870] [GeNN::Runtime::Runtime::pushMergedGroup<GeNN::CodeGenerator::PresynapticUpdateGroupMerged>@620] 		srcSpk = array (0x84a2b40)
2025-09-24 09:36:25.459 DEBUG [2195870] [GeNN::Runtime::Runtime::pushMergedGroup<GeNN::CodeGenerator::PresynapticUpdateGroupMerged>@620] 		srcSpkCnt = array (0x84a1f60)
2025-09-24 09:36:25.459 DEBUG [2195870] [GeNN::Runtime::Runtime::pushMergedGroup<GeNN::CodeGenerator::PresynapticUpdateGroupMerged>@644] 		meang = numeric (-5.000000000e-02f)
2025-09-24 09:36:25.459 DEBUG [2195870] [GeNN::Runtime::Runtime::pushMergedGroup<GeNN::CodeGenerator::PresynapticUpdateGroupMerged>@644] 		numTrgNeurons = numeric (4614u)
2025-09-24 09:36:25.459 DEBUG [2195870] [GeNN::Runtime::Runtime::pushMergedGroup<GeNN::CodeGenerator::PresynapticUpdateGroupMerged>@644] 		sdg = numeric (-5.000000000e-06f)
2025-09-24 09:36:25.459 DEBUG [2195870] [GeNN::Runtime::Runtime::pushMergedGroup@601] 	Group: 15
2025-09-24 09:36:25.459 DEBUG [2195870] [GeNN::Runtime::Runtime::pushMergedGroup<GeNN::CodeGenerator::PresynapticUpdateGroupMerged>@620] 		denDelay = array (0x7da76f0)
2025-09-24 09:36:25.459 DEBUG [2195870] [GeNN::Runtime::Runtime::pushMergedGroup<GeNN::CodeGenerator::PresynapticUpdateGroupMerged>@620] 		denDelayPtr = array (0x7da8340)
2025-09-24 09:36:25.459 DEBUG [2195870] [GeNN::Runtime::Runtime::pushMergedGroup<GeNN::CodeGenerator::PresynapticUpdateGroupMerged>@620] 		preCalcRowLengthSparseConnect = array (0x85bbcd0)
2025-09-24 09:36:25.459 DEBUG [2195870] [GeNN::Runtime::Runtime::pushMergedGroup<GeNN::CodeGenerator::PresynapticUpdateGroupMerged>@620] 		srcSpk = array (0x84a2b40)
2025-09-24 09:36:25.459 DEBUG [2195870] [GeNN::Runtime::Runtime::pushMergedGroup<GeNN::CodeGenerator::PresynapticUpdateGroupMerged>@620] 		srcSpkCnt = array (0x84a1f60)
2025-09-24 09:36:25.459 DEBUG [2195870] [GeNN::Runtime::Runtime::pushMergedGroup<GeNN::CodeGenerator::PresynapticUpdateGroupMerged>@644] 		meang = numeric (-5.000000000e-02f)
2025-09-24 09:36:25.459 DEBUG [2195870] [GeNN::Runtime::Runtime::pushMergedGroup<GeNN::CodeGenerator::PresynapticUpdateGroupMerged>@644] 		numTrgNeurons = numeric (1909u)
2025-09-24 09:36:25.459 DEBUG [2195870] [GeNN::Runtime::Runtime::pushMergedGroup<GeNN::CodeGenerator::PresynapticUpdateGroupMerged>@644] 		sdg = numeric (-5.000000000e-06f)
2025-09-24 09:36:25.459 DEBUG [2195870] [GeNN::Runtime::Runtime::pushMergedGroup@601] 	Group: 16
2025-09-24 09:36:25.459 DEBUG [2195870] [GeNN::Runtime::Runtime::pushMergedGroup<GeNN::CodeGenerator::PresynapticUpdateGroupMerged>@620] 		denDelay = array (0x85c2140)
2025-09-24 09:36:25.459 DEBUG [2195870] [GeNN::Runtime::Runtime::pushMergedGroup<GeNN::CodeGenerator::PresynapticUpdateGroupMerged>@620] 		denDelayPtr = array (0x85a7300)
2025-09-24 09:36:25.459 DEBUG [2195870] [GeNN::Runtime::Runtime::pushMergedGroup<GeNN::CodeGenerator::PresynapticUpdateGroupMerged>@620] 		preCalcRowLengthSparseConnect = array (0x85bbe20)
2025-09-24 09:36:25.459 DEBUG [2195870] [GeNN::Runtime::Runtime::pushMergedGroup<GeNN::CodeGenerator::PresynapticUpdateGroupMerged>@620] 		srcSpk = array (0x8620340)
2025-09-24 09:36:25.459 DEBUG [2195870] [GeNN::Runtime::Runtime::pushMergedGroup<GeNN::CodeGenerator::PresynapticUpdateGroupMerged>@620] 		srcSpkCnt = array (0x861f760)
2025-09-24 09:36:25.459 DEBUG [2195870] [GeNN::Runtime::Runtime::pushMergedGroup<GeNN::CodeGenerator::PresynapticUpdateGroupMerged>@644] 		meang = numeric (-6.000000000e-02f)
2025-09-24 09:36:25.459 DEBUG [2195870] [GeNN::Runtime::Runtime::pushMergedGroup<GeNN::CodeGenerator::PresynapticUpdateGroupMerged>@644] 		numTrgNeurons = numeric (14020u)
2025-09-24 09:36:25.459 DEBUG [2195870] [GeNN::Runtime::Runtime::pushMergedGroup<GeNN::CodeGenerator::PresynapticUpdateGroupMerged>@644] 		sdg = numeric (-6.000000000e-06f)
2025-09-24 09:36:25.459 DEBUG [2195870] [GeNN::Runtime::Runtime::pushMergedGroup@601] 	Group: 17
2025-09-24 09:36:25.459 DEBUG [2195870] [GeNN::Runtime::Runtime::pushMergedGroup<GeNN::CodeGenerator::PresynapticUpdateGroupMerged>@620] 		denDelay = array (0x8647690)
2025-09-24 09:36:25.459 DEBUG [2195870] [GeNN::Runtime::Runtime::pushMergedGroup<GeNN::CodeGenerator::PresynapticUpdateGroupMerged>@620] 		denDelayPtr = array (0x86bd970)
2025-09-24 09:36:25.459 DEBUG [2195870] [GeNN::Runtime::Runtime::pushMergedGroup<GeNN::CodeGenerator::PresynapticUpdateGroupMerged>@620] 		preCalcRowLengthSparseConnect = array (0x85bbf70)
2025-09-24 09:36:25.459 DEBUG [2195870] [GeNN::Runtime::Runtime::pushMergedGroup<GeNN::CodeGenerator::PresynapticUpdateGroupMerged>@620] 		srcSpk = array (0x8620340)
2025-09-24 09:36:25.459 DEBUG [2195870] [GeNN::Runtime::Runtime::pushMergedGroup<GeNN::CodeGenerator::PresynapticUpdateGroupMerged>@620] 		srcSpkCnt = array (0x861f760)
2025-09-24 09:36:25.459 DEBUG [2195870] [GeNN::Runtime::Runtime::pushMergedGroup<GeNN::CodeGenerator::PresynapticUpdateGroupMerged>@644] 		meang = numeric (-6.000000000e-02f)
2025-09-24 09:36:25.459 DEBUG [2195870] [GeNN::Runtime::Runtime::pushMergedGroup<GeNN::CodeGenerator::PresynapticUpdateGroupMerged>@644] 		numTrgNeurons = numeric (16359u)
2025-09-24 09:36:25.459 DEBUG [2195870] [GeNN::Runtime::Runtime::pushMergedGroup<GeNN::CodeGenerator::PresynapticUpdateGroupMerged>@644] 		sdg = numeric (-6.000000000e-06f)
2025-09-24 09:36:25.459 DEBUG [2195870] [GeNN::Runtime::Runtime::pushMergedGroup@601] 	Group: 18
2025-09-24 09:36:25.459 DEBUG [2195870] [GeNN::Runtime::Runtime::pushMergedGroup<GeNN::CodeGenerator::PresynapticUpdateGroupMerged>@620] 		denDelay = array (0x86d8ae0)
2025-09-24 09:36:25.459 DEBUG [2195870] [GeNN::Runtime::Runtime::pushMergedGroup<GeNN::CodeGenerator::PresynapticUpdateGroupMerged>@620] 		denDelayPtr = array (0x86d9ef0)
2025-09-24 09:36:25.459 DEBUG [2195870] [GeNN::Runtime::Runtime::pushMergedGroup<GeNN::CodeGenerator::PresynapticUpdateGroupMerged>@620] 		preCalcRowLengthSparseConnect = array (0x85bc0c0)
2025-09-24 09:36:25.459 DEBUG [2195870] [GeNN::Runtime::Runtime::pushMergedGroup<GeNN::CodeGenerator::PresynapticUpdateGroupMerged>@620] 		srcSpk = array (0x8620340)
2025-09-24 09:36:25.460 DEBUG [2195870] [GeNN::Runtime::Runtime::pushMergedGroup<GeNN::CodeGenerator::PresynapticUpdateGroupMerged>@620] 		srcSpkCnt = array (0x861f760)
2025-09-24 09:36:25.460 DEBUG [2195870] [GeNN::Runtime::Runtime::pushMergedGroup<GeNN::CodeGenerator::PresynapticUpdateGroupMerged>@644] 		meang = numeric (-6.000000000e-02f)
2025-09-24 09:36:25.460 DEBUG [2195870] [GeNN::Runtime::Runtime::pushMergedGroup<GeNN::CodeGenerator::PresynapticUpdateGroupMerged>@644] 		numTrgNeurons = numeric (11724u)
2025-09-24 09:36:25.460 DEBUG [2195870] [GeNN::Runtime::Runtime::pushMergedGroup<GeNN::CodeGenerator::PresynapticUpdateGroupMerged>@644] 		sdg = numeric (-6.000000000e-06f)
2025-09-24 09:36:25.460 DEBUG [2195870] [GeNN::Runtime::Runtime::pushMergedGroup@601] 	Group: 19
2025-09-24 09:36:25.460 DEBUG [2195870] [GeNN::Runtime::Runtime::pushMergedGroup<GeNN::CodeGenerator::PresynapticUpdateGroupMerged>@620] 		denDelay = array (0x861e4e0)
2025-09-24 09:36:25.460 DEBUG [2195870] [GeNN::Runtime::Runtime::pushMergedGroup<GeNN::CodeGenerator::PresynapticUpdateGroupMerged>@620] 		denDelayPtr = array (0x861f130)
2025-09-24 09:36:25.460 DEBUG [2195870] [GeNN::Runtime::Runtime::pushMergedGroup<GeNN::CodeGenerator::PresynapticUpdateGroupMerged>@620] 		preCalcRowLengthSparseConnect = array (0x85bc2d0)
2025-09-24 09:36:25.460 DEBUG [2195870] [GeNN::Runtime::Runtime::pushMergedGroup<GeNN::CodeGenerator::PresynapticUpdateGroupMerged>@620] 		srcSpk = array (0x8620340)
2025-09-24 09:36:25.460 DEBUG [2195870] [GeNN::Runtime::Runtime::pushMergedGroup<GeNN::CodeGenerator::PresynapticUpdateGroupMerged>@620] 		srcSpkCnt = array (0x861f760)
2025-09-24 09:36:25.460 DEBUG [2195870] [GeNN::Runtime::Runtime::pushMergedGroup<GeNN::CodeGenerator::PresynapticUpdateGroupMerged>@644] 		meang = numeric (-5.000000000e-02f)
2025-09-24 09:36:25.460 DEBUG [2195870] [GeNN::Runtime::Runtime::pushMergedGroup<GeNN::CodeGenerator::PresynapticUpdateGroupMerged>@644] 		numTrgNeurons = numeric (4614u)
2025-09-24 09:36:25.460 DEBUG [2195870] [GeNN::Runtime::Runtime::pushMergedGroup<GeNN::CodeGenerator::PresynapticUpdateGroupMerged>@644] 		sdg = numeric (-5.000000000e-06f)
2025-09-24 09:36:25.460 DEBUG [2195870] [GeNN::Runtime::Runtime::pushMergedGroup@601] 	Group: 20
2025-09-24 09:36:25.460 DEBUG [2195870] [GeNN::Runtime::Runtime::pushMergedGroup<GeNN::CodeGenerator::PresynapticUpdateGroupMerged>@620] 		denDelay = array (0x7da76f0)
2025-09-24 09:36:25.460 DEBUG [2195870] [GeNN::Runtime::Runtime::pushMergedGroup<GeNN::CodeGenerator::PresynapticUpdateGroupMerged>@620] 		denDelayPtr = array (0x7da8340)
2025-09-24 09:36:25.460 DEBUG [2195870] [GeNN::Runtime::Runtime::pushMergedGroup<GeNN::CodeGenerator::PresynapticUpdateGroupMerged>@620] 		preCalcRowLengthSparseConnect = array (0x85bc420)
2025-09-24 09:36:25.460 DEBUG [2195870] [GeNN::Runtime::Runtime::pushMergedGroup<GeNN::CodeGenerator::PresynapticUpdateGroupMerged>@620] 		srcSpk = array (0x8620340)
2025-09-24 09:36:25.460 DEBUG [2195870] [GeNN::Runtime::Runtime::pushMergedGroup<GeNN::CodeGenerator::PresynapticUpdateGroupMerged>@620] 		srcSpkCnt = array (0x861f760)
2025-09-24 09:36:25.460 DEBUG [2195870] [GeNN::Runtime::Runtime::pushMergedGroup<GeNN::CodeGenerator::PresynapticUpdateGroupMerged>@644] 		meang = numeric (-5.000000000e-02f)
2025-09-24 09:36:25.460 DEBUG [2195870] [GeNN::Runtime::Runtime::pushMergedGroup<GeNN::CodeGenerator::PresynapticUpdateGroupMerged>@644] 		numTrgNeurons = numeric (1909u)
2025-09-24 09:36:25.460 DEBUG [2195870] [GeNN::Runtime::Runtime::pushMergedGroup<GeNN::CodeGenerator::PresynapticUpdateGroupMerged>@644] 		sdg = numeric (-5.000000000e-06f)
2025-09-24 09:36:25.460 DEBUG [2195870] [GeNN::Runtime::Runtime::pushMergedGroup@601] 	Group: 21
2025-09-24 09:36:25.460 DEBUG [2195870] [GeNN::Runtime::Runtime::pushMergedGroup<GeNN::CodeGenerator::PresynapticUpdateGroupMerged>@620] 		denDelay = array (0x86d8ae0)
2025-09-24 09:36:25.460 DEBUG [2195870] [GeNN::Runtime::Runtime::pushMergedGroup<GeNN::CodeGenerator::PresynapticUpdateGroupMerged>@620] 		denDelayPtr = array (0x86d9ef0)
2025-09-24 09:36:25.460 DEBUG [2195870] [GeNN::Runtime::Runtime::pushMergedGroup<GeNN::CodeGenerator::PresynapticUpdateGroupMerged>@620] 		preCalcRowLengthSparseConnect = array (0x85bc570)
2025-09-24 09:36:25.460 DEBUG [2195870] [GeNN::Runtime::Runtime::pushMergedGroup<GeNN::CodeGenerator::PresynapticUpdateGroupMerged>@620] 		srcSpk = array (0x846b810)
2025-09-24 09:36:25.460 DEBUG [2195870] [GeNN::Runtime::Runtime::pushMergedGroup<GeNN::CodeGenerator::PresynapticUpdateGroupMerged>@620] 		srcSpkCnt = array (0x846ac30)
2025-09-24 09:36:25.460 DEBUG [2195870] [GeNN::Runtime::Runtime::pushMergedGroup<GeNN::CodeGenerator::PresynapticUpdateGroupMerged>@644] 		meang = numeric (-6.000000000e-02f)
2025-09-24 09:36:25.460 DEBUG [2195870] [GeNN::Runtime::Runtime::pushMergedGroup<GeNN::CodeGenerator::PresynapticUpdateGroupMerged>@644] 		numTrgNeurons = numeric (11724u)
2025-09-24 09:36:25.460 DEBUG [2195870] [GeNN::Runtime::Runtime::pushMergedGroup<GeNN::CodeGenerator::PresynapticUpdateGroupMerged>@644] 		sdg = numeric (-6.000000000e-06f)
2025-09-24 09:36:25.460 DEBUG [2195870] [GeNN::Runtime::Runtime::pushMergedGroup@601] 	Group: 22
2025-09-24 09:36:25.460 DEBUG [2195870] [GeNN::Runtime::Runtime::pushMergedGroup<GeNN::CodeGenerator::PresynapticUpdateGroupMerged>@620] 		denDelay = array (0x7da76f0)
2025-09-24 09:36:25.460 DEBUG [2195870] [GeNN::Runtime::Runtime::pushMergedGroup<GeNN::CodeGenerator::PresynapticUpdateGroupMerged>@620] 		denDelayPtr = array (0x7da8340)
2025-09-24 09:36:25.460 DEBUG [2195870] [GeNN::Runtime::Runtime::pushMergedGroup<GeNN::CodeGenerator::PresynapticUpdateGroupMerged>@620] 		preCalcRowLengthSparseConnect = array (0x85bc6c0)
2025-09-24 09:36:25.460 DEBUG [2195870] [GeNN::Runtime::Runtime::pushMergedGroup<GeNN::CodeGenerator::PresynapticUpdateGroupMerged>@620] 		srcSpk = array (0x846b810)
2025-09-24 09:36:25.460 DEBUG [2195870] [GeNN::Runtime::Runtime::pushMergedGroup<GeNN::CodeGenerator::PresynapticUpdateGroupMerged>@620] 		srcSpkCnt = array (0x846ac30)
2025-09-24 09:36:25.460 DEBUG [2195870] [GeNN::Runtime::Runtime::pushMergedGroup<GeNN::CodeGenerator::PresynapticUpdateGroupMerged>@644] 		meang = numeric (-5.000000000e-02f)
2025-09-24 09:36:25.460 DEBUG [2195870] [GeNN::Runtime::Runtime::pushMergedGroup<GeNN::CodeGenerator::PresynapticUpdateGroupMerged>@644] 		numTrgNeurons = numeric (1909u)
2025-09-24 09:36:25.460 DEBUG [2195870] [GeNN::Runtime::Runtime::pushMergedGroup<GeNN::CodeGenerator::PresynapticUpdateGroupMerged>@644] 		sdg = numeric (-5.000000000e-06f)
2025-09-24 09:36:25.460 DEBUG [2195870] [GeNN::Runtime::Runtime::pushMergedGroup@575] Pushing merged group 'PresynapticUpdate' index: 1
2025-09-24 09:36:25.460 DEBUG [2195870] [GeNN::Runtime::Runtime::pushMergedGroup@601] 	Group: 0
2025-09-24 09:36:25.460 DEBUG [2195870] [GeNN::Runtime::Runtime::pushMergedGroup<GeNN::CodeGenerator::PresynapticUpdateGroupMerged>@620] 		denDelay = array (0x86158a0)
2025-09-24 09:36:25.460 DEBUG [2195870] [GeNN::Runtime::Runtime::pushMergedGroup<GeNN::CodeGenerator::PresynapticUpdateGroupMerged>@620] 		denDelayPtr = array (0x86316e0)
2025-09-24 09:36:25.460 DEBUG [2195870] [GeNN::Runtime::Runtime::pushMergedGroup<GeNN::CodeGenerator::PresynapticUpdateGroupMerged>@620] 		preCalcRowLengthSparseConnect = array (0x846c5c0)
2025-09-24 09:36:25.460 DEBUG [2195870] [GeNN::Runtime::Runtime::pushMergedGroup<GeNN::CodeGenerator::PresynapticUpdateGroupMerged>@620] 		srcSpk = array (0x86b7ab0)
2025-09-24 09:36:25.460 DEBUG [2195870] [GeNN::Runtime::Runtime::pushMergedGroup<GeNN::CodeGenerator::PresynapticUpdateGroupMerged>@620] 		srcSpkCnt = array (0x86b79d0)
2025-09-24 09:36:25.460 DEBUG [2195870] [GeNN::Runtime::Runtime::pushMergedGroup<GeNN::CodeGenerator::PresynapticUpdateGroupMerged>@644] 		meang = numeric (1.000000000e-02f)
2025-09-24 09:36:25.460 DEBUG [2195870] [GeNN::Runtime::Runtime::pushMergedGroup<GeNN::CodeGenerator::PresynapticUpdateGroupMerged>@644] 		numTrgNeurons = numeric (31565u)
2025-09-24 09:36:25.460 DEBUG [2195870] [GeNN::Runtime::Runtime::pushMergedGroup<GeNN::CodeGenerator::PresynapticUpdateGroupMerged>@644] 		sdg = numeric (1.000000000e-06f)
2025-09-24 09:36:25.460 DEBUG [2195870] [GeNN::Runtime::Runtime::pushMergedGroup@601] 	Group: 1
2025-09-24 09:36:25.460 DEBUG [2195870] [GeNN::Runtime::Runtime::pushMergedGroup<GeNN::CodeGenerator::PresynapticUpdateGroupMerged>@620] 		denDelay = array (0x84068a0)
2025-09-24 09:36:25.460 DEBUG [2195870] [GeNN::Runtime::Runtime::pushMergedGroup<GeNN::CodeGenerator::PresynapticUpdateGroupMerged>@620] 		denDelayPtr = array (0x85c0f30)
2025-09-24 09:36:25.460 DEBUG [2195870] [GeNN::Runtime::Runtime::pushMergedGroup<GeNN::CodeGenerator::PresynapticUpdateGroupMerged>@620] 		preCalcRowLengthSparseConnect = array (0x846c730)
2025-09-24 09:36:25.460 DEBUG [2195870] [GeNN::Runtime::Runtime::pushMergedGroup<GeNN::CodeGenerator::PresynapticUpdateGroupMerged>@620] 		srcSpk = array (0x86b7ab0)
2025-09-24 09:36:25.460 DEBUG [2195870] [GeNN::Runtime::Runtime::pushMergedGroup<GeNN::CodeGenerator::PresynapticUpdateGroupMerged>@620] 		srcSpkCnt = array (0x86b79d0)
2025-09-24 09:36:25.460 DEBUG [2195870] [GeNN::Runtime::Runtime::pushMergedGroup<GeNN::CodeGenerator::PresynapticUpdateGroupMerged>@644] 		meang = numeric (1.000000000e-02f)
2025-09-24 09:36:25.460 DEBUG [2195870] [GeNN::Runtime::Runtime::pushMergedGroup<GeNN::CodeGenerator::PresynapticUpdateGroupMerged>@644] 		numTrgNeurons = numeric (14020u)
2025-09-24 09:36:25.460 DEBUG [2195870] [GeNN::Runtime::Runtime::pushMergedGroup<GeNN::CodeGenerator::PresynapticUpdateGroupMerged>@644] 		sdg = numeric (1.000000000e-06f)
2025-09-24 09:36:25.460 DEBUG [2195870] [GeNN::Runtime::Runtime::pushMergedGroup@601] 	Group: 2
2025-09-24 09:36:25.460 DEBUG [2195870] [GeNN::Runtime::Runtime::pushMergedGroup<GeNN::CodeGenerator::PresynapticUpdateGroupMerged>@620] 		denDelay = array (0x85cf0a0)
2025-09-24 09:36:25.460 DEBUG [2195870] [GeNN::Runtime::Runtime::pushMergedGroup<GeNN::CodeGenerator::PresynapticUpdateGroupMerged>@620] 		denDelayPtr = array (0x8646410)
2025-09-24 09:36:25.460 DEBUG [2195870] [GeNN::Runtime::Runtime::pushMergedGroup<GeNN::CodeGenerator::PresynapticUpdateGroupMerged>@620] 		preCalcRowLengthSparseConnect = array (0x846c8a0)
2025-09-24 09:36:25.460 DEBUG [2195870] [GeNN::Runtime::Runtime::pushMergedGroup<GeNN::CodeGenerator::PresynapticUpdateGroupMerged>@620] 		srcSpk = array (0x86b7ab0)
2025-09-24 09:36:25.460 DEBUG [2195870] [GeNN::Runtime::Runtime::pushMergedGroup<GeNN::CodeGenerator::PresynapticUpdateGroupMerged>@620] 		srcSpkCnt = array (0x86b79d0)
2025-09-24 09:36:25.460 DEBUG [2195870] [GeNN::Runtime::Runtime::pushMergedGroup<GeNN::CodeGenerator::PresynapticUpdateGroupMerged>@644] 		meang = numeric (1.000000000e-02f)
2025-09-24 09:36:25.460 DEBUG [2195870] [GeNN::Runtime::Runtime::pushMergedGroup<GeNN::CodeGenerator::PresynapticUpdateGroupMerged>@644] 		numTrgNeurons = numeric (16359u)
2025-09-24 09:36:25.460 DEBUG [2195870] [GeNN::Runtime::Runtime::pushMergedGroup<GeNN::CodeGenerator::PresynapticUpdateGroupMerged>@644] 		sdg = numeric (1.000000000e-06f)
2025-09-24 09:36:25.460 DEBUG [2195870] [GeNN::Runtime::Runtime::pushMergedGroup@601] 	Group: 3
2025-09-24 09:36:25.460 DEBUG [2195870] [GeNN::Runtime::Runtime::pushMergedGroup<GeNN::CodeGenerator::PresynapticUpdateGroupMerged>@620] 		denDelay = array (0x86db170)
2025-09-24 09:36:25.460 DEBUG [2195870] [GeNN::Runtime::Runtime::pushMergedGroup<GeNN::CodeGenerator::PresynapticUpdateGroupMerged>@620] 		denDelayPtr = array (0x864ab30)
2025-09-24 09:36:25.460 DEBUG [2195870] [GeNN::Runtime::Runtime::pushMergedGroup<GeNN::CodeGenerator::PresynapticUpdateGroupMerged>@620] 		preCalcRowLengthSparseConnect = array (0x846ca10)
2025-09-24 09:36:25.460 DEBUG [2195870] [GeNN::Runtime::Runtime::pushMergedGroup<GeNN::CodeGenerator::PresynapticUpdateGroupMerged>@620] 		srcSpk = array (0x86b7ab0)
2025-09-24 09:36:25.460 DEBUG [2195870] [GeNN::Runtime::Runtime::pushMergedGroup<GeNN::CodeGenerator::PresynapticUpdateGroupMerged>@620] 		srcSpkCnt = array (0x86b79d0)
2025-09-24 09:36:25.460 DEBUG [2195870] [GeNN::Runtime::Runtime::pushMergedGroup<GeNN::CodeGenerator::PresynapticUpdateGroupMerged>@644] 		meang = numeric (1.000000000e-02f)
2025-09-24 09:36:25.460 DEBUG [2195870] [GeNN::Runtime::Runtime::pushMergedGroup<GeNN::CodeGenerator::PresynapticUpdateGroupMerged>@644] 		numTrgNeurons = numeric (11724u)
2025-09-24 09:36:25.460 DEBUG [2195870] [GeNN::Runtime::Runtime::pushMergedGroup<GeNN::CodeGenerator::PresynapticUpdateGroupMerged>@644] 		sdg = numeric (1.000000000e-06f)
2025-09-24 09:36:25.460 DEBUG [2195870] [GeNN::Runtime::Runtime::pushMergedGroup@601] 	Group: 4
2025-09-24 09:36:25.460 DEBUG [2195870] [GeNN::Runtime::Runtime::pushMergedGroup<GeNN::CodeGenerator::PresynapticUpdateGroupMerged>@620] 		denDelay = array (0x8651160)
2025-09-24 09:36:25.460 DEBUG [2195870] [GeNN::Runtime::Runtime::pushMergedGroup<GeNN::CodeGenerator::PresynapticUpdateGroupMerged>@620] 		denDelayPtr = array (0x8635180)
2025-09-24 09:36:25.460 DEBUG [2195870] [GeNN::Runtime::Runtime::pushMergedGroup<GeNN::CodeGenerator::PresynapticUpdateGroupMerged>@620] 		preCalcRowLengthSparseConnect = array (0x846cbb0)
2025-09-24 09:36:25.460 DEBUG [2195870] [GeNN::Runtime::Runtime::pushMergedGroup<GeNN::CodeGenerator::PresynapticUpdateGroupMerged>@620] 		srcSpk = array (0x86b7ab0)
2025-09-24 09:36:25.460 DEBUG [2195870] [GeNN::Runtime::Runtime::pushMergedGroup<GeNN::CodeGenerator::PresynapticUpdateGroupMerged>@620] 		srcSpkCnt = array (0x86b79d0)
2025-09-24 09:36:25.460 DEBUG [2195870] [GeNN::Runtime::Runtime::pushMergedGroup<GeNN::CodeGenerator::PresynapticUpdateGroupMerged>@644] 		meang = numeric (4.000000000e-02f)
2025-09-24 09:36:25.460 DEBUG [2195870] [GeNN::Runtime::Runtime::pushMergedGroup<GeNN::CodeGenerator::PresynapticUpdateGroupMerged>@644] 		numTrgNeurons = numeric (16997u)
2025-09-24 09:36:25.460 DEBUG [2195870] [GeNN::Runtime::Runtime::pushMergedGroup<GeNN::CodeGenerator::PresynapticUpdateGroupMerged>@644] 		sdg = numeric (4.000000000e-06f)
2025-09-24 09:36:25.460 DEBUG [2195870] [GeNN::Runtime::Runtime::pushMergedGroup@601] 	Group: 5
2025-09-24 09:36:25.460 DEBUG [2195870] [GeNN::Runtime::Runtime::pushMergedGroup<GeNN::CodeGenerator::PresynapticUpdateGroupMerged>@620] 		denDelay = array (0x8618940)
2025-09-24 09:36:25.460 DEBUG [2195870] [GeNN::Runtime::Runtime::pushMergedGroup<GeNN::CodeGenerator::PresynapticUpdateGroupMerged>@620] 		denDelayPtr = array (0x8619590)
2025-09-24 09:36:25.460 DEBUG [2195870] [GeNN::Runtime::Runtime::pushMergedGroup<GeNN::CodeGenerator::PresynapticUpdateGroupMerged>@620] 		preCalcRowLengthSparseConnect = array (0x846cd50)
2025-09-24 09:36:25.460 DEBUG [2195870] [GeNN::Runtime::Runtime::pushMergedGroup<GeNN::CodeGenerator::PresynapticUpdateGroupMerged>@620] 		srcSpk = array (0x86b7ab0)
2025-09-24 09:36:25.460 DEBUG [2195870] [GeNN::Runtime::Runtime::pushMergedGroup<GeNN::CodeGenerator::PresynapticUpdateGroupMerged>@620] 		srcSpkCnt = array (0x86b79d0)
2025-09-24 09:36:25.460 DEBUG [2195870] [GeNN::Runtime::Runtime::pushMergedGroup<GeNN::CodeGenerator::PresynapticUpdateGroupMerged>@644] 		meang = numeric (4.000000000e-02f)
2025-09-24 09:36:25.460 DEBUG [2195870] [GeNN::Runtime::Runtime::pushMergedGroup<GeNN::CodeGenerator::PresynapticUpdateGroupMerged>@644] 		numTrgNeurons = numeric (3727u)
2025-09-24 09:36:25.460 DEBUG [2195870] [GeNN::Runtime::Runtime::pushMergedGroup<GeNN::CodeGenerator::PresynapticUpdateGroupMerged>@644] 		sdg = numeric (4.000000000e-06f)
2025-09-24 09:36:25.460 DEBUG [2195870] [GeNN::Runtime::Runtime::pushMergedGroup@601] 	Group: 6
2025-09-24 09:36:25.460 DEBUG [2195870] [GeNN::Runtime::Runtime::pushMergedGroup<GeNN::CodeGenerator::PresynapticUpdateGroupMerged>@620] 		denDelay = array (0x8673f00)
2025-09-24 09:36:25.460 DEBUG [2195870] [GeNN::Runtime::Runtime::pushMergedGroup<GeNN::CodeGenerator::PresynapticUpdateGroupMerged>@620] 		denDelayPtr = array (0x86754c0)
2025-09-24 09:36:25.460 DEBUG [2195870] [GeNN::Runtime::Runtime::pushMergedGroup<GeNN::CodeGenerator::PresynapticUpdateGroupMerged>@620] 		preCalcRowLengthSparseConnect = array (0x846cef0)
2025-09-24 09:36:25.460 DEBUG [2195870] [GeNN::Runtime::Runtime::pushMergedGroup<GeNN::CodeGenerator::PresynapticUpdateGroupMerged>@620] 		srcSpk = array (0x86b7ab0)
2025-09-24 09:36:25.460 DEBUG [2195870] [GeNN::Runtime::Runtime::pushMergedGroup<GeNN::CodeGenerator::PresynapticUpdateGroupMerged>@620] 		srcSpkCnt = array (0x86b79d0)
2025-09-24 09:36:25.460 DEBUG [2195870] [GeNN::Runtime::Runtime::pushMergedGroup<GeNN::CodeGenerator::PresynapticUpdateGroupMerged>@644] 		meang = numeric (4.000000000e-02f)
2025-09-24 09:36:25.460 DEBUG [2195870] [GeNN::Runtime::Runtime::pushMergedGroup<GeNN::CodeGenerator::PresynapticUpdateGroupMerged>@644] 		numTrgNeurons = numeric (4614u)
2025-09-24 09:36:25.460 DEBUG [2195870] [GeNN::Runtime::Runtime::pushMergedGroup<GeNN::CodeGenerator::PresynapticUpdateGroupMerged>@644] 		sdg = numeric (4.000000000e-06f)
2025-09-24 09:36:25.460 DEBUG [2195870] [GeNN::Runtime::Runtime::pushMergedGroup@601] 	Group: 7
2025-09-24 09:36:25.460 DEBUG [2195870] [GeNN::Runtime::Runtime::pushMergedGroup<GeNN::CodeGenerator::PresynapticUpdateGroupMerged>@620] 		denDelay = array (0x7da9550)
2025-09-24 09:36:25.460 DEBUG [2195870] [GeNN::Runtime::Runtime::pushMergedGroup<GeNN::CodeGenerator::PresynapticUpdateGroupMerged>@620] 		denDelayPtr = array (0x846a5e0)
2025-09-24 09:36:25.460 DEBUG [2195870] [GeNN::Runtime::Runtime::pushMergedGroup<GeNN::CodeGenerator::PresynapticUpdateGroupMerged>@620] 		preCalcRowLengthSparseConnect = array (0x846d090)
2025-09-24 09:36:25.460 DEBUG [2195870] [GeNN::Runtime::Runtime::pushMergedGroup<GeNN::CodeGenerator::PresynapticUpdateGroupMerged>@620] 		srcSpk = array (0x86b7ab0)
2025-09-24 09:36:25.460 DEBUG [2195870] [GeNN::Runtime::Runtime::pushMergedGroup<GeNN::CodeGenerator::PresynapticUpdateGroupMerged>@620] 		srcSpkCnt = array (0x86b79d0)
2025-09-24 09:36:25.460 DEBUG [2195870] [GeNN::Runtime::Runtime::pushMergedGroup<GeNN::CodeGenerator::PresynapticUpdateGroupMerged>@644] 		meang = numeric (4.000000000e-02f)
2025-09-24 09:36:25.460 DEBUG [2195870] [GeNN::Runtime::Runtime::pushMergedGroup<GeNN::CodeGenerator::PresynapticUpdateGroupMerged>@644] 		numTrgNeurons = numeric (1909u)
2025-09-24 09:36:25.460 DEBUG [2195870] [GeNN::Runtime::Runtime::pushMergedGroup<GeNN::CodeGenerator::PresynapticUpdateGroupMerged>@644] 		sdg = numeric (4.000000000e-06f)
2025-09-24 09:36:25.460 DEBUG [2195870] [GeNN::Runtime::Runtime::pushMergedGroup@601] 	Group: 8
2025-09-24 09:36:25.460 DEBUG [2195870] [GeNN::Runtime::Runtime::pushMergedGroup<GeNN::CodeGenerator::PresynapticUpdateGroupMerged>@620] 		denDelay = array (0x86158a0)
2025-09-24 09:36:25.460 DEBUG [2195870] [GeNN::Runtime::Runtime::pushMergedGroup<GeNN::CodeGenerator::PresynapticUpdateGroupMerged>@620] 		denDelayPtr = array (0x86316e0)
2025-09-24 09:36:25.460 DEBUG [2195870] [GeNN::Runtime::Runtime::pushMergedGroup<GeNN::CodeGenerator::PresynapticUpdateGroupMerged>@620] 		preCalcRowLengthSparseConnect = array (0x846d1e0)
2025-09-24 09:36:25.460 DEBUG [2195870] [GeNN::Runtime::Runtime::pushMergedGroup<GeNN::CodeGenerator::PresynapticUpdateGroupMerged>@620] 		srcSpk = array (0x85a85f0)
2025-09-24 09:36:25.460 DEBUG [2195870] [GeNN::Runtime::Runtime::pushMergedGroup<GeNN::CodeGenerator::PresynapticUpdateGroupMerged>@620] 		srcSpkCnt = array (0x85a79a0)
2025-09-24 09:36:25.460 DEBUG [2195870] [GeNN::Runtime::Runtime::pushMergedGroup<GeNN::CodeGenerator::PresynapticUpdateGroupMerged>@644] 		meang = numeric (1.000000000e-02f)
2025-09-24 09:36:25.460 DEBUG [2195870] [GeNN::Runtime::Runtime::pushMergedGroup<GeNN::CodeGenerator::PresynapticUpdateGroupMerged>@644] 		numTrgNeurons = numeric (31565u)
2025-09-24 09:36:25.460 DEBUG [2195870] [GeNN::Runtime::Runtime::pushMergedGroup<GeNN::CodeGenerator::PresynapticUpdateGroupMerged>@644] 		sdg = numeric (1.000000000e-06f)
2025-09-24 09:36:25.460 DEBUG [2195870] [GeNN::Runtime::Runtime::pushMergedGroup@601] 	Group: 9
2025-09-24 09:36:25.460 DEBUG [2195870] [GeNN::Runtime::Runtime::pushMergedGroup<GeNN::CodeGenerator::PresynapticUpdateGroupMerged>@620] 		denDelay = array (0x84068a0)
2025-09-24 09:36:25.460 DEBUG [2195870] [GeNN::Runtime::Runtime::pushMergedGroup<GeNN::CodeGenerator::PresynapticUpdateGroupMerged>@620] 		denDelayPtr = array (0x85c0f30)
2025-09-24 09:36:25.460 DEBUG [2195870] [GeNN::Runtime::Runtime::pushMergedGroup<GeNN::CodeGenerator::PresynapticUpdateGroupMerged>@620] 		preCalcRowLengthSparseConnect = array (0x846d380)
2025-09-24 09:36:25.460 DEBUG [2195870] [GeNN::Runtime::Runtime::pushMergedGroup<GeNN::CodeGenerator::PresynapticUpdateGroupMerged>@620] 		srcSpk = array (0x85a85f0)
2025-09-24 09:36:25.460 DEBUG [2195870] [GeNN::Runtime::Runtime::pushMergedGroup<GeNN::CodeGenerator::PresynapticUpdateGroupMerged>@620] 		srcSpkCnt = array (0x85a79a0)
2025-09-24 09:36:25.460 DEBUG [2195870] [GeNN::Runtime::Runtime::pushMergedGroup<GeNN::CodeGenerator::PresynapticUpdateGroupMerged>@644] 		meang = numeric (1.000000000e-02f)
2025-09-24 09:36:25.460 DEBUG [2195870] [GeNN::Runtime::Runtime::pushMergedGroup<GeNN::CodeGenerator::PresynapticUpdateGroupMerged>@644] 		numTrgNeurons = numeric (14020u)
2025-09-24 09:36:25.460 DEBUG [2195870] [GeNN::Runtime::Runtime::pushMergedGroup<GeNN::CodeGenerator::PresynapticUpdateGroupMerged>@644] 		sdg = numeric (1.000000000e-06f)
2025-09-24 09:36:25.460 DEBUG [2195870] [GeNN::Runtime::Runtime::pushMergedGroup@601] 	Group: 10
2025-09-24 09:36:25.460 DEBUG [2195870] [GeNN::Runtime::Runtime::pushMergedGroup<GeNN::CodeGenerator::PresynapticUpdateGroupMerged>@620] 		denDelay = array (0x85cf0a0)
2025-09-24 09:36:25.460 DEBUG [2195870] [GeNN::Runtime::Runtime::pushMergedGroup<GeNN::CodeGenerator::PresynapticUpdateGroupMerged>@620] 		denDelayPtr = array (0x8646410)
2025-09-24 09:36:25.460 DEBUG [2195870] [GeNN::Runtime::Runtime::pushMergedGroup<GeNN::CodeGenerator::PresynapticUpdateGroupMerged>@620] 		preCalcRowLengthSparseConnect = array (0x846d520)
2025-09-24 09:36:25.460 DEBUG [2195870] [GeNN::Runtime::Runtime::pushMergedGroup<GeNN::CodeGenerator::PresynapticUpdateGroupMerged>@620] 		srcSpk = array (0x85a85f0)
2025-09-24 09:36:25.460 DEBUG [2195870] [GeNN::Runtime::Runtime::pushMergedGroup<GeNN::CodeGenerator::PresynapticUpdateGroupMerged>@620] 		srcSpkCnt = array (0x85a79a0)
2025-09-24 09:36:25.460 DEBUG [2195870] [GeNN::Runtime::Runtime::pushMergedGroup<GeNN::CodeGenerator::PresynapticUpdateGroupMerged>@644] 		meang = numeric (1.000000000e-02f)
2025-09-24 09:36:25.460 DEBUG [2195870] [GeNN::Runtime::Runtime::pushMergedGroup<GeNN::CodeGenerator::PresynapticUpdateGroupMerged>@644] 		numTrgNeurons = numeric (16359u)
2025-09-24 09:36:25.460 DEBUG [2195870] [GeNN::Runtime::Runtime::pushMergedGroup<GeNN::CodeGenerator::PresynapticUpdateGroupMerged>@644] 		sdg = numeric (1.000000000e-06f)
2025-09-24 09:36:25.460 DEBUG [2195870] [GeNN::Runtime::Runtime::pushMergedGroup@601] 	Group: 11
2025-09-24 09:36:25.460 DEBUG [2195870] [GeNN::Runtime::Runtime::pushMergedGroup<GeNN::CodeGenerator::PresynapticUpdateGroupMerged>@620] 		denDelay = array (0x86db170)
2025-09-24 09:36:25.460 DEBUG [2195870] [GeNN::Runtime::Runtime::pushMergedGroup<GeNN::CodeGenerator::PresynapticUpdateGroupMerged>@620] 		denDelayPtr = array (0x864ab30)
2025-09-24 09:36:25.460 DEBUG [2195870] [GeNN::Runtime::Runtime::pushMergedGroup<GeNN::CodeGenerator::PresynapticUpdateGroupMerged>@620] 		preCalcRowLengthSparseConnect = array (0x846d730)
2025-09-24 09:36:25.460 DEBUG [2195870] [GeNN::Runtime::Runtime::pushMergedGroup<GeNN::CodeGenerator::PresynapticUpdateGroupMerged>@620] 		srcSpk = array (0x85a85f0)
2025-09-24 09:36:25.460 DEBUG [2195870] [GeNN::Runtime::Runtime::pushMergedGroup<GeNN::CodeGenerator::PresynapticUpdateGroupMerged>@620] 		srcSpkCnt = array (0x85a79a0)
2025-09-24 09:36:25.460 DEBUG [2195870] [GeNN::Runtime::Runtime::pushMergedGroup<GeNN::CodeGenerator::PresynapticUpdateGroupMerged>@644] 		meang = numeric (1.000000000e-02f)
2025-09-24 09:36:25.460 DEBUG [2195870] [GeNN::Runtime::Runtime::pushMergedGroup<GeNN::CodeGenerator::PresynapticUpdateGroupMerged>@644] 		numTrgNeurons = numeric (11724u)
2025-09-24 09:36:25.460 DEBUG [2195870] [GeNN::Runtime::Runtime::pushMergedGroup<GeNN::CodeGenerator::PresynapticUpdateGroupMerged>@644] 		sdg = numeric (1.000000000e-06f)
2025-09-24 09:36:25.460 DEBUG [2195870] [GeNN::Runtime::Runtime::pushMergedGroup@601] 	Group: 12
2025-09-24 09:36:25.460 DEBUG [2195870] [GeNN::Runtime::Runtime::pushMergedGroup<GeNN::CodeGenerator::PresynapticUpdateGroupMerged>@620] 		denDelay = array (0x8651160)
2025-09-24 09:36:25.460 DEBUG [2195870] [GeNN::Runtime::Runtime::pushMergedGroup<GeNN::CodeGenerator::PresynapticUpdateGroupMerged>@620] 		denDelayPtr = array (0x8635180)
2025-09-24 09:36:25.460 DEBUG [2195870] [GeNN::Runtime::Runtime::pushMergedGroup<GeNN::CodeGenerator::PresynapticUpdateGroupMerged>@620] 		preCalcRowLengthSparseConnect = array (0x846d940)
2025-09-24 09:36:25.460 DEBUG [2195870] [GeNN::Runtime::Runtime::pushMergedGroup<GeNN::CodeGenerator::PresynapticUpdateGroupMerged>@620] 		srcSpk = array (0x85a85f0)
2025-09-24 09:36:25.460 DEBUG [2195870] [GeNN::Runtime::Runtime::pushMergedGroup<GeNN::CodeGenerator::PresynapticUpdateGroupMerged>@620] 		srcSpkCnt = array (0x85a79a0)
2025-09-24 09:36:25.460 DEBUG [2195870] [GeNN::Runtime::Runtime::pushMergedGroup<GeNN::CodeGenerator::PresynapticUpdateGroupMerged>@644] 		meang = numeric (4.000000000e-02f)
2025-09-24 09:36:25.460 DEBUG [2195870] [GeNN::Runtime::Runtime::pushMergedGroup<GeNN::CodeGenerator::PresynapticUpdateGroupMerged>@644] 		numTrgNeurons = numeric (16997u)
2025-09-24 09:36:25.460 DEBUG [2195870] [GeNN::Runtime::Runtime::pushMergedGroup<GeNN::CodeGenerator::PresynapticUpdateGroupMerged>@644] 		sdg = numeric (4.000000000e-06f)
2025-09-24 09:36:25.460 DEBUG [2195870] [GeNN::Runtime::Runtime::pushMergedGroup@601] 	Group: 13
2025-09-24 09:36:25.460 DEBUG [2195870] [GeNN::Runtime::Runtime::pushMergedGroup<GeNN::CodeGenerator::PresynapticUpdateGroupMerged>@620] 		denDelay = array (0x8618940)
2025-09-24 09:36:25.460 DEBUG [2195870] [GeNN::Runtime::Runtime::pushMergedGroup<GeNN::CodeGenerator::PresynapticUpdateGroupMerged>@620] 		denDelayPtr = array (0x8619590)
2025-09-24 09:36:25.460 DEBUG [2195870] [GeNN::Runtime::Runtime::pushMergedGroup<GeNN::CodeGenerator::PresynapticUpdateGroupMerged>@620] 		preCalcRowLengthSparseConnect = array (0x846db50)
2025-09-24 09:36:25.460 DEBUG [2195870] [GeNN::Runtime::Runtime::pushMergedGroup<GeNN::CodeGenerator::PresynapticUpdateGroupMerged>@620] 		srcSpk = array (0x85a85f0)
2025-09-24 09:36:25.460 DEBUG [2195870] [GeNN::Runtime::Runtime::pushMergedGroup<GeNN::CodeGenerator::PresynapticUpdateGroupMerged>@620] 		srcSpkCnt = array (0x85a79a0)
2025-09-24 09:36:25.460 DEBUG [2195870] [GeNN::Runtime::Runtime::pushMergedGroup<GeNN::CodeGenerator::PresynapticUpdateGroupMerged>@644] 		meang = numeric (4.000000000e-02f)
2025-09-24 09:36:25.460 DEBUG [2195870] [GeNN::Runtime::Runtime::pushMergedGroup<GeNN::CodeGenerator::PresynapticUpdateGroupMerged>@644] 		numTrgNeurons = numeric (3727u)
2025-09-24 09:36:25.460 DEBUG [2195870] [GeNN::Runtime::Runtime::pushMergedGroup<GeNN::CodeGenerator::PresynapticUpdateGroupMerged>@644] 		sdg = numeric (4.000000000e-06f)
2025-09-24 09:36:25.460 DEBUG [2195870] [GeNN::Runtime::Runtime::pushMergedGroup@601] 	Group: 14
2025-09-24 09:36:25.460 DEBUG [2195870] [GeNN::Runtime::Runtime::pushMergedGroup<GeNN::CodeGenerator::PresynapticUpdateGroupMerged>@620] 		denDelay = array (0x8673f00)
2025-09-24 09:36:25.460 DEBUG [2195870] [GeNN::Runtime::Runtime::pushMergedGroup<GeNN::CodeGenerator::PresynapticUpdateGroupMerged>@620] 		denDelayPtr = array (0x86754c0)
2025-09-24 09:36:25.460 DEBUG [2195870] [GeNN::Runtime::Runtime::pushMergedGroup<GeNN::CodeGenerator::PresynapticUpdateGroupMerged>@620] 		preCalcRowLengthSparseConnect = array (0x846dd60)
2025-09-24 09:36:25.460 DEBUG [2195870] [GeNN::Runtime::Runtime::pushMergedGroup<GeNN::CodeGenerator::PresynapticUpdateGroupMerged>@620] 		srcSpk = array (0x85a85f0)
2025-09-24 09:36:25.460 DEBUG [2195870] [GeNN::Runtime::Runtime::pushMergedGroup<GeNN::CodeGenerator::PresynapticUpdateGroupMerged>@620] 		srcSpkCnt = array (0x85a79a0)
2025-09-24 09:36:25.460 DEBUG [2195870] [GeNN::Runtime::Runtime::pushMergedGroup<GeNN::CodeGenerator::PresynapticUpdateGroupMerged>@644] 		meang = numeric (4.000000000e-02f)
2025-09-24 09:36:25.460 DEBUG [2195870] [GeNN::Runtime::Runtime::pushMergedGroup<GeNN::CodeGenerator::PresynapticUpdateGroupMerged>@644] 		numTrgNeurons = numeric (4614u)
2025-09-24 09:36:25.460 DEBUG [2195870] [GeNN::Runtime::Runtime::pushMergedGroup<GeNN::CodeGenerator::PresynapticUpdateGroupMerged>@644] 		sdg = numeric (4.000000000e-06f)
2025-09-24 09:36:25.460 DEBUG [2195870] [GeNN::Runtime::Runtime::pushMergedGroup@601] 	Group: 15
2025-09-24 09:36:25.460 DEBUG [2195870] [GeNN::Runtime::Runtime::pushMergedGroup<GeNN::CodeGenerator::PresynapticUpdateGroupMerged>@620] 		denDelay = array (0x7da9550)
2025-09-24 09:36:25.460 DEBUG [2195870] [GeNN::Runtime::Runtime::pushMergedGroup<GeNN::CodeGenerator::PresynapticUpdateGroupMerged>@620] 		denDelayPtr = array (0x846a5e0)
2025-09-24 09:36:25.461 DEBUG [2195870] [GeNN::Runtime::Runtime::pushMergedGroup<GeNN::CodeGenerator::PresynapticUpdateGroupMerged>@620] 		preCalcRowLengthSparseConnect = array (0x846df70)
2025-09-24 09:36:25.461 DEBUG [2195870] [GeNN::Runtime::Runtime::pushMergedGroup<GeNN::CodeGenerator::PresynapticUpdateGroupMerged>@620] 		srcSpk = array (0x85a85f0)
2025-09-24 09:36:25.461 DEBUG [2195870] [GeNN::Runtime::Runtime::pushMergedGroup<GeNN::CodeGenerator::PresynapticUpdateGroupMerged>@620] 		srcSpkCnt = array (0x85a79a0)
2025-09-24 09:36:25.461 DEBUG [2195870] [GeNN::Runtime::Runtime::pushMergedGroup<GeNN::CodeGenerator::PresynapticUpdateGroupMerged>@644] 		meang = numeric (4.000000000e-02f)
2025-09-24 09:36:25.461 DEBUG [2195870] [GeNN::Runtime::Runtime::pushMergedGroup<GeNN::CodeGenerator::PresynapticUpdateGroupMerged>@644] 		numTrgNeurons = numeric (1909u)
2025-09-24 09:36:25.461 DEBUG [2195870] [GeNN::Runtime::Runtime::pushMergedGroup<GeNN::CodeGenerator::PresynapticUpdateGroupMerged>@644] 		sdg = numeric (4.000000000e-06f)
2025-09-24 09:36:25.461 DEBUG [2195870] [GeNN::Runtime::Runtime::pushMergedGroup@601] 	Group: 16
2025-09-24 09:36:25.461 DEBUG [2195870] [GeNN::Runtime::Runtime::pushMergedGroup<GeNN::CodeGenerator::PresynapticUpdateGroupMerged>@620] 		denDelay = array (0x86158a0)
2025-09-24 09:36:25.461 DEBUG [2195870] [GeNN::Runtime::Runtime::pushMergedGroup<GeNN::CodeGenerator::PresynapticUpdateGroupMerged>@620] 		denDelayPtr = array (0x86316e0)
2025-09-24 09:36:25.461 DEBUG [2195870] [GeNN::Runtime::Runtime::pushMergedGroup<GeNN::CodeGenerator::PresynapticUpdateGroupMerged>@620] 		preCalcRowLengthSparseConnect = array (0x846e0c0)
2025-09-24 09:36:25.461 DEBUG [2195870] [GeNN::Runtime::Runtime::pushMergedGroup<GeNN::CodeGenerator::PresynapticUpdateGroupMerged>@620] 		srcSpk = array (0x86bec60)
2025-09-24 09:36:25.461 DEBUG [2195870] [GeNN::Runtime::Runtime::pushMergedGroup<GeNN::CodeGenerator::PresynapticUpdateGroupMerged>@620] 		srcSpkCnt = array (0x86be010)
2025-09-24 09:36:25.461 DEBUG [2195870] [GeNN::Runtime::Runtime::pushMergedGroup<GeNN::CodeGenerator::PresynapticUpdateGroupMerged>@644] 		meang = numeric (1.000000000e-02f)
2025-09-24 09:36:25.461 DEBUG [2195870] [GeNN::Runtime::Runtime::pushMergedGroup<GeNN::CodeGenerator::PresynapticUpdateGroupMerged>@644] 		numTrgNeurons = numeric (31565u)
2025-09-24 09:36:25.461 DEBUG [2195870] [GeNN::Runtime::Runtime::pushMergedGroup<GeNN::CodeGenerator::PresynapticUpdateGroupMerged>@644] 		sdg = numeric (1.000000000e-06f)
2025-09-24 09:36:25.461 DEBUG [2195870] [GeNN::Runtime::Runtime::pushMergedGroup@601] 	Group: 17
2025-09-24 09:36:25.461 DEBUG [2195870] [GeNN::Runtime::Runtime::pushMergedGroup<GeNN::CodeGenerator::PresynapticUpdateGroupMerged>@620] 		denDelay = array (0x84068a0)
2025-09-24 09:36:25.461 DEBUG [2195870] [GeNN::Runtime::Runtime::pushMergedGroup<GeNN::CodeGenerator::PresynapticUpdateGroupMerged>@620] 		denDelayPtr = array (0x85c0f30)
2025-09-24 09:36:25.461 DEBUG [2195870] [GeNN::Runtime::Runtime::pushMergedGroup<GeNN::CodeGenerator::PresynapticUpdateGroupMerged>@620] 		preCalcRowLengthSparseConnect = array (0x846e2d0)
2025-09-24 09:36:25.461 DEBUG [2195870] [GeNN::Runtime::Runtime::pushMergedGroup<GeNN::CodeGenerator::PresynapticUpdateGroupMerged>@620] 		srcSpk = array (0x86bec60)
2025-09-24 09:36:25.461 DEBUG [2195870] [GeNN::Runtime::Runtime::pushMergedGroup<GeNN::CodeGenerator::PresynapticUpdateGroupMerged>@620] 		srcSpkCnt = array (0x86be010)
2025-09-24 09:36:25.461 DEBUG [2195870] [GeNN::Runtime::Runtime::pushMergedGroup<GeNN::CodeGenerator::PresynapticUpdateGroupMerged>@644] 		meang = numeric (1.000000000e-02f)
2025-09-24 09:36:25.461 DEBUG [2195870] [GeNN::Runtime::Runtime::pushMergedGroup<GeNN::CodeGenerator::PresynapticUpdateGroupMerged>@644] 		numTrgNeurons = numeric (14020u)
2025-09-24 09:36:25.461 DEBUG [2195870] [GeNN::Runtime::Runtime::pushMergedGroup<GeNN::CodeGenerator::PresynapticUpdateGroupMerged>@644] 		sdg = numeric (1.000000000e-06f)
2025-09-24 09:36:25.461 DEBUG [2195870] [GeNN::Runtime::Runtime::pushMergedGroup@601] 	Group: 18
2025-09-24 09:36:25.461 DEBUG [2195870] [GeNN::Runtime::Runtime::pushMergedGroup<GeNN::CodeGenerator::PresynapticUpdateGroupMerged>@620] 		denDelay = array (0x85cf0a0)
2025-09-24 09:36:25.461 DEBUG [2195870] [GeNN::Runtime::Runtime::pushMergedGroup<GeNN::CodeGenerator::PresynapticUpdateGroupMerged>@620] 		denDelayPtr = array (0x8646410)
2025-09-24 09:36:25.461 DEBUG [2195870] [GeNN::Runtime::Runtime::pushMergedGroup<GeNN::CodeGenerator::PresynapticUpdateGroupMerged>@620] 		preCalcRowLengthSparseConnect = array (0x846e4e0)
2025-09-24 09:36:25.461 DEBUG [2195870] [GeNN::Runtime::Runtime::pushMergedGroup<GeNN::CodeGenerator::PresynapticUpdateGroupMerged>@620] 		srcSpk = array (0x86bec60)
2025-09-24 09:36:25.461 DEBUG [2195870] [GeNN::Runtime::Runtime::pushMergedGroup<GeNN::CodeGenerator::PresynapticUpdateGroupMerged>@620] 		srcSpkCnt = array (0x86be010)
2025-09-24 09:36:25.461 DEBUG [2195870] [GeNN::Runtime::Runtime::pushMergedGroup<GeNN::CodeGenerator::PresynapticUpdateGroupMerged>@644] 		meang = numeric (1.000000000e-02f)
2025-09-24 09:36:25.461 DEBUG [2195870] [GeNN::Runtime::Runtime::pushMergedGroup<GeNN::CodeGenerator::PresynapticUpdateGroupMerged>@644] 		numTrgNeurons = numeric (16359u)
2025-09-24 09:36:25.461 DEBUG [2195870] [GeNN::Runtime::Runtime::pushMergedGroup<GeNN::CodeGenerator::PresynapticUpdateGroupMerged>@644] 		sdg = numeric (1.000000000e-06f)
2025-09-24 09:36:25.461 DEBUG [2195870] [GeNN::Runtime::Runtime::pushMergedGroup@601] 	Group: 19
2025-09-24 09:36:25.461 DEBUG [2195870] [GeNN::Runtime::Runtime::pushMergedGroup<GeNN::CodeGenerator::PresynapticUpdateGroupMerged>@620] 		denDelay = array (0x86db170)
2025-09-24 09:36:25.461 DEBUG [2195870] [GeNN::Runtime::Runtime::pushMergedGroup<GeNN::CodeGenerator::PresynapticUpdateGroupMerged>@620] 		denDelayPtr = array (0x864ab30)
2025-09-24 09:36:25.461 DEBUG [2195870] [GeNN::Runtime::Runtime::pushMergedGroup<GeNN::CodeGenerator::PresynapticUpdateGroupMerged>@620] 		preCalcRowLengthSparseConnect = array (0x846e6f0)
2025-09-24 09:36:25.461 DEBUG [2195870] [GeNN::Runtime::Runtime::pushMergedGroup<GeNN::CodeGenerator::PresynapticUpdateGroupMerged>@620] 		srcSpk = array (0x86bec60)
2025-09-24 09:36:25.461 DEBUG [2195870] [GeNN::Runtime::Runtime::pushMergedGroup<GeNN::CodeGenerator::PresynapticUpdateGroupMerged>@620] 		srcSpkCnt = array (0x86be010)
2025-09-24 09:36:25.461 DEBUG [2195870] [GeNN::Runtime::Runtime::pushMergedGroup<GeNN::CodeGenerator::PresynapticUpdateGroupMerged>@644] 		meang = numeric (1.000000000e-02f)
2025-09-24 09:36:25.461 DEBUG [2195870] [GeNN::Runtime::Runtime::pushMergedGroup<GeNN::CodeGenerator::PresynapticUpdateGroupMerged>@644] 		numTrgNeurons = numeric (11724u)
2025-09-24 09:36:25.461 DEBUG [2195870] [GeNN::Runtime::Runtime::pushMergedGroup<GeNN::CodeGenerator::PresynapticUpdateGroupMerged>@644] 		sdg = numeric (1.000000000e-06f)
2025-09-24 09:36:25.461 DEBUG [2195870] [GeNN::Runtime::Runtime::pushMergedGroup@601] 	Group: 20
2025-09-24 09:36:25.461 DEBUG [2195870] [GeNN::Runtime::Runtime::pushMergedGroup<GeNN::CodeGenerator::PresynapticUpdateGroupMerged>@620] 		denDelay = array (0x8651160)
2025-09-24 09:36:25.461 DEBUG [2195870] [GeNN::Runtime::Runtime::pushMergedGroup<GeNN::CodeGenerator::PresynapticUpdateGroupMerged>@620] 		denDelayPtr = array (0x8635180)
2025-09-24 09:36:25.461 DEBUG [2195870] [GeNN::Runtime::Runtime::pushMergedGroup<GeNN::CodeGenerator::PresynapticUpdateGroupMerged>@620] 		preCalcRowLengthSparseConnect = array (0x846e900)
2025-09-24 09:36:25.461 DEBUG [2195870] [GeNN::Runtime::Runtime::pushMergedGroup<GeNN::CodeGenerator::PresynapticUpdateGroupMerged>@620] 		srcSpk = array (0x86bec60)
2025-09-24 09:36:25.461 DEBUG [2195870] [GeNN::Runtime::Runtime::pushMergedGroup<GeNN::CodeGenerator::PresynapticUpdateGroupMerged>@620] 		srcSpkCnt = array (0x86be010)
2025-09-24 09:36:25.461 DEBUG [2195870] [GeNN::Runtime::Runtime::pushMergedGroup<GeNN::CodeGenerator::PresynapticUpdateGroupMerged>@644] 		meang = numeric (4.000000000e-02f)
2025-09-24 09:36:25.461 DEBUG [2195870] [GeNN::Runtime::Runtime::pushMergedGroup<GeNN::CodeGenerator::PresynapticUpdateGroupMerged>@644] 		numTrgNeurons = numeric (16997u)
2025-09-24 09:36:25.461 DEBUG [2195870] [GeNN::Runtime::Runtime::pushMergedGroup<GeNN::CodeGenerator::PresynapticUpdateGroupMerged>@644] 		sdg = numeric (4.000000000e-06f)
2025-09-24 09:36:25.461 DEBUG [2195870] [GeNN::Runtime::Runtime::pushMergedGroup@601] 	Group: 21
2025-09-24 09:36:25.461 DEBUG [2195870] [GeNN::Runtime::Runtime::pushMergedGroup<GeNN::CodeGenerator::PresynapticUpdateGroupMerged>@620] 		denDelay = array (0x8618940)
2025-09-24 09:36:25.461 DEBUG [2195870] [GeNN::Runtime::Runtime::pushMergedGroup<GeNN::CodeGenerator::PresynapticUpdateGroupMerged>@620] 		denDelayPtr = array (0x8619590)
2025-09-24 09:36:25.461 DEBUG [2195870] [GeNN::Runtime::Runtime::pushMergedGroup<GeNN::CodeGenerator::PresynapticUpdateGroupMerged>@620] 		preCalcRowLengthSparseConnect = array (0x846eb10)
2025-09-24 09:36:25.461 DEBUG [2195870] [GeNN::Runtime::Runtime::pushMergedGroup<GeNN::CodeGenerator::PresynapticUpdateGroupMerged>@620] 		srcSpk = array (0x86bec60)
2025-09-24 09:36:25.461 DEBUG [2195870] [GeNN::Runtime::Runtime::pushMergedGroup<GeNN::CodeGenerator::PresynapticUpdateGroupMerged>@620] 		srcSpkCnt = array (0x86be010)
2025-09-24 09:36:25.461 DEBUG [2195870] [GeNN::Runtime::Runtime::pushMergedGroup<GeNN::CodeGenerator::PresynapticUpdateGroupMerged>@644] 		meang = numeric (4.000000000e-02f)
2025-09-24 09:36:25.461 DEBUG [2195870] [GeNN::Runtime::Runtime::pushMergedGroup<GeNN::CodeGenerator::PresynapticUpdateGroupMerged>@644] 		numTrgNeurons = numeric (3727u)
2025-09-24 09:36:25.461 DEBUG [2195870] [GeNN::Runtime::Runtime::pushMergedGroup<GeNN::CodeGenerator::PresynapticUpdateGroupMerged>@644] 		sdg = numeric (4.000000000e-06f)
2025-09-24 09:36:25.461 DEBUG [2195870] [GeNN::Runtime::Runtime::pushMergedGroup@601] 	Group: 22
2025-09-24 09:36:25.461 DEBUG [2195870] [GeNN::Runtime::Runtime::pushMergedGroup<GeNN::CodeGenerator::PresynapticUpdateGroupMerged>@620] 		denDelay = array (0x8673f00)
2025-09-24 09:36:25.461 DEBUG [2195870] [GeNN::Runtime::Runtime::pushMergedGroup<GeNN::CodeGenerator::PresynapticUpdateGroupMerged>@620] 		denDelayPtr = array (0x86754c0)
2025-09-24 09:36:25.461 DEBUG [2195870] [GeNN::Runtime::Runtime::pushMergedGroup<GeNN::CodeGenerator::PresynapticUpdateGroupMerged>@620] 		preCalcRowLengthSparseConnect = array (0x846ed20)
2025-09-24 09:36:25.461 DEBUG [2195870] [GeNN::Runtime::Runtime::pushMergedGroup<GeNN::CodeGenerator::PresynapticUpdateGroupMerged>@620] 		srcSpk = array (0x86bec60)
2025-09-24 09:36:25.461 DEBUG [2195870] [GeNN::Runtime::Runtime::pushMergedGroup<GeNN::CodeGenerator::PresynapticUpdateGroupMerged>@620] 		srcSpkCnt = array (0x86be010)
2025-09-24 09:36:25.461 DEBUG [2195870] [GeNN::Runtime::Runtime::pushMergedGroup<GeNN::CodeGenerator::PresynapticUpdateGroupMerged>@644] 		meang = numeric (4.000000000e-02f)
2025-09-24 09:36:25.461 DEBUG [2195870] [GeNN::Runtime::Runtime::pushMergedGroup<GeNN::CodeGenerator::PresynapticUpdateGroupMerged>@644] 		numTrgNeurons = numeric (4614u)
2025-09-24 09:36:25.461 DEBUG [2195870] [GeNN::Runtime::Runtime::pushMergedGroup<GeNN::CodeGenerator::PresynapticUpdateGroupMerged>@644] 		sdg = numeric (4.000000000e-06f)
2025-09-24 09:36:25.461 DEBUG [2195870] [GeNN::Runtime::Runtime::pushMergedGroup@601] 	Group: 23
2025-09-24 09:36:25.461 DEBUG [2195870] [GeNN::Runtime::Runtime::pushMergedGroup<GeNN::CodeGenerator::PresynapticUpdateGroupMerged>@620] 		denDelay = array (0x7da9550)
2025-09-24 09:36:25.461 DEBUG [2195870] [GeNN::Runtime::Runtime::pushMergedGroup<GeNN::CodeGenerator::PresynapticUpdateGroupMerged>@620] 		denDelayPtr = array (0x846a5e0)
2025-09-24 09:36:25.461 DEBUG [2195870] [GeNN::Runtime::Runtime::pushMergedGroup<GeNN::CodeGenerator::PresynapticUpdateGroupMerged>@620] 		preCalcRowLengthSparseConnect = array (0x846ef30)
2025-09-24 09:36:25.461 DEBUG [2195870] [GeNN::Runtime::Runtime::pushMergedGroup<GeNN::CodeGenerator::PresynapticUpdateGroupMerged>@620] 		srcSpk = array (0x86bec60)
2025-09-24 09:36:25.461 DEBUG [2195870] [GeNN::Runtime::Runtime::pushMergedGroup<GeNN::CodeGenerator::PresynapticUpdateGroupMerged>@620] 		srcSpkCnt = array (0x86be010)
2025-09-24 09:36:25.461 DEBUG [2195870] [GeNN::Runtime::Runtime::pushMergedGroup<GeNN::CodeGenerator::PresynapticUpdateGroupMerged>@644] 		meang = numeric (4.000000000e-02f)
2025-09-24 09:36:25.461 DEBUG [2195870] [GeNN::Runtime::Runtime::pushMergedGroup<GeNN::CodeGenerator::PresynapticUpdateGroupMerged>@644] 		numTrgNeurons = numeric (1909u)
2025-09-24 09:36:25.461 DEBUG [2195870] [GeNN::Runtime::Runtime::pushMergedGroup<GeNN::CodeGenerator::PresynapticUpdateGroupMerged>@644] 		sdg = numeric (4.000000000e-06f)
2025-09-24 09:36:25.461 DEBUG [2195870] [GeNN::Runtime::Runtime::pushMergedGroup@601] 	Group: 24
2025-09-24 09:36:25.461 DEBUG [2195870] [GeNN::Runtime::Runtime::pushMergedGroup<GeNN::CodeGenerator::PresynapticUpdateGroupMerged>@620] 		denDelay = array (0x86158a0)
2025-09-24 09:36:25.461 DEBUG [2195870] [GeNN::Runtime::Runtime::pushMergedGroup<GeNN::CodeGenerator::PresynapticUpdateGroupMerged>@620] 		denDelayPtr = array (0x86316e0)
2025-09-24 09:36:25.461 DEBUG [2195870] [GeNN::Runtime::Runtime::pushMergedGroup<GeNN::CodeGenerator::PresynapticUpdateGroupMerged>@620] 		preCalcRowLengthSparseConnect = array (0x846f080)
2025-09-24 09:36:25.461 DEBUG [2195870] [GeNN::Runtime::Runtime::pushMergedGroup<GeNN::CodeGenerator::PresynapticUpdateGroupMerged>@620] 		srcSpk = array (0x864be20)
2025-09-24 09:36:25.461 DEBUG [2195870] [GeNN::Runtime::Runtime::pushMergedGroup<GeNN::CodeGenerator::PresynapticUpdateGroupMerged>@620] 		srcSpkCnt = array (0x864b1d0)
2025-09-24 09:36:25.461 DEBUG [2195870] [GeNN::Runtime::Runtime::pushMergedGroup<GeNN::CodeGenerator::PresynapticUpdateGroupMerged>@644] 		meang = numeric (1.000000000e-02f)
2025-09-24 09:36:25.461 DEBUG [2195870] [GeNN::Runtime::Runtime::pushMergedGroup<GeNN::CodeGenerator::PresynapticUpdateGroupMerged>@644] 		numTrgNeurons = numeric (31565u)
2025-09-24 09:36:25.461 DEBUG [2195870] [GeNN::Runtime::Runtime::pushMergedGroup<GeNN::CodeGenerator::PresynapticUpdateGroupMerged>@644] 		sdg = numeric (1.000000000e-06f)
2025-09-24 09:36:25.461 DEBUG [2195870] [GeNN::Runtime::Runtime::pushMergedGroup@601] 	Group: 25
2025-09-24 09:36:25.461 DEBUG [2195870] [GeNN::Runtime::Runtime::pushMergedGroup<GeNN::CodeGenerator::PresynapticUpdateGroupMerged>@620] 		denDelay = array (0x84068a0)
2025-09-24 09:36:25.461 DEBUG [2195870] [GeNN::Runtime::Runtime::pushMergedGroup<GeNN::CodeGenerator::PresynapticUpdateGroupMerged>@620] 		denDelayPtr = array (0x85c0f30)
2025-09-24 09:36:25.461 DEBUG [2195870] [GeNN::Runtime::Runtime::pushMergedGroup<GeNN::CodeGenerator::PresynapticUpdateGroupMerged>@620] 		preCalcRowLengthSparseConnect = array (0x846f1d0)
2025-09-24 09:36:25.461 DEBUG [2195870] [GeNN::Runtime::Runtime::pushMergedGroup<GeNN::CodeGenerator::PresynapticUpdateGroupMerged>@620] 		srcSpk = array (0x864be20)
2025-09-24 09:36:25.461 DEBUG [2195870] [GeNN::Runtime::Runtime::pushMergedGroup<GeNN::CodeGenerator::PresynapticUpdateGroupMerged>@620] 		srcSpkCnt = array (0x864b1d0)
2025-09-24 09:36:25.461 DEBUG [2195870] [GeNN::Runtime::Runtime::pushMergedGroup<GeNN::CodeGenerator::PresynapticUpdateGroupMerged>@644] 		meang = numeric (1.000000000e-02f)
2025-09-24 09:36:25.461 DEBUG [2195870] [GeNN::Runtime::Runtime::pushMergedGroup<GeNN::CodeGenerator::PresynapticUpdateGroupMerged>@644] 		numTrgNeurons = numeric (14020u)
2025-09-24 09:36:25.461 DEBUG [2195870] [GeNN::Runtime::Runtime::pushMergedGroup<GeNN::CodeGenerator::PresynapticUpdateGroupMerged>@644] 		sdg = numeric (1.000000000e-06f)
2025-09-24 09:36:25.461 DEBUG [2195870] [GeNN::Runtime::Runtime::pushMergedGroup@601] 	Group: 26
2025-09-24 09:36:25.461 DEBUG [2195870] [GeNN::Runtime::Runtime::pushMergedGroup<GeNN::CodeGenerator::PresynapticUpdateGroupMerged>@620] 		denDelay = array (0x85cf0a0)
2025-09-24 09:36:25.461 DEBUG [2195870] [GeNN::Runtime::Runtime::pushMergedGroup<GeNN::CodeGenerator::PresynapticUpdateGroupMerged>@620] 		denDelayPtr = array (0x8646410)
2025-09-24 09:36:25.461 DEBUG [2195870] [GeNN::Runtime::Runtime::pushMergedGroup<GeNN::CodeGenerator::PresynapticUpdateGroupMerged>@620] 		preCalcRowLengthSparseConnect = array (0x846f320)
2025-09-24 09:36:25.461 DEBUG [2195870] [GeNN::Runtime::Runtime::pushMergedGroup<GeNN::CodeGenerator::PresynapticUpdateGroupMerged>@620] 		srcSpk = array (0x864be20)
2025-09-24 09:36:25.461 DEBUG [2195870] [GeNN::Runtime::Runtime::pushMergedGroup<GeNN::CodeGenerator::PresynapticUpdateGroupMerged>@620] 		srcSpkCnt = array (0x864b1d0)
2025-09-24 09:36:25.461 DEBUG [2195870] [GeNN::Runtime::Runtime::pushMergedGroup<GeNN::CodeGenerator::PresynapticUpdateGroupMerged>@644] 		meang = numeric (1.000000000e-02f)
2025-09-24 09:36:25.461 DEBUG [2195870] [GeNN::Runtime::Runtime::pushMergedGroup<GeNN::CodeGenerator::PresynapticUpdateGroupMerged>@644] 		numTrgNeurons = numeric (16359u)
2025-09-24 09:36:25.461 DEBUG [2195870] [GeNN::Runtime::Runtime::pushMergedGroup<GeNN::CodeGenerator::PresynapticUpdateGroupMerged>@644] 		sdg = numeric (1.000000000e-06f)
2025-09-24 09:36:25.461 DEBUG [2195870] [GeNN::Runtime::Runtime::pushMergedGroup@601] 	Group: 27
2025-09-24 09:36:25.461 DEBUG [2195870] [GeNN::Runtime::Runtime::pushMergedGroup<GeNN::CodeGenerator::PresynapticUpdateGroupMerged>@620] 		denDelay = array (0x86db170)
2025-09-24 09:36:25.461 DEBUG [2195870] [GeNN::Runtime::Runtime::pushMergedGroup<GeNN::CodeGenerator::PresynapticUpdateGroupMerged>@620] 		denDelayPtr = array (0x864ab30)
2025-09-24 09:36:25.461 DEBUG [2195870] [GeNN::Runtime::Runtime::pushMergedGroup<GeNN::CodeGenerator::PresynapticUpdateGroupMerged>@620] 		preCalcRowLengthSparseConnect = array (0x846f470)
2025-09-24 09:36:25.461 DEBUG [2195870] [GeNN::Runtime::Runtime::pushMergedGroup<GeNN::CodeGenerator::PresynapticUpdateGroupMerged>@620] 		srcSpk = array (0x864be20)
2025-09-24 09:36:25.461 DEBUG [2195870] [GeNN::Runtime::Runtime::pushMergedGroup<GeNN::CodeGenerator::PresynapticUpdateGroupMerged>@620] 		srcSpkCnt = array (0x864b1d0)
2025-09-24 09:36:25.461 DEBUG [2195870] [GeNN::Runtime::Runtime::pushMergedGroup<GeNN::CodeGenerator::PresynapticUpdateGroupMerged>@644] 		meang = numeric (1.000000000e-02f)
2025-09-24 09:36:25.461 DEBUG [2195870] [GeNN::Runtime::Runtime::pushMergedGroup<GeNN::CodeGenerator::PresynapticUpdateGroupMerged>@644] 		numTrgNeurons = numeric (11724u)
2025-09-24 09:36:25.461 DEBUG [2195870] [GeNN::Runtime::Runtime::pushMergedGroup<GeNN::CodeGenerator::PresynapticUpdateGroupMerged>@644] 		sdg = numeric (1.000000000e-06f)
2025-09-24 09:36:25.461 DEBUG [2195870] [GeNN::Runtime::Runtime::pushMergedGroup@601] 	Group: 28
2025-09-24 09:36:25.461 DEBUG [2195870] [GeNN::Runtime::Runtime::pushMergedGroup<GeNN::CodeGenerator::PresynapticUpdateGroupMerged>@620] 		denDelay = array (0x8651160)
2025-09-24 09:36:25.461 DEBUG [2195870] [GeNN::Runtime::Runtime::pushMergedGroup<GeNN::CodeGenerator::PresynapticUpdateGroupMerged>@620] 		denDelayPtr = array (0x8635180)
2025-09-24 09:36:25.461 DEBUG [2195870] [GeNN::Runtime::Runtime::pushMergedGroup<GeNN::CodeGenerator::PresynapticUpdateGroupMerged>@620] 		preCalcRowLengthSparseConnect = array (0x8622f50)
2025-09-24 09:36:25.461 DEBUG [2195870] [GeNN::Runtime::Runtime::pushMergedGroup<GeNN::CodeGenerator::PresynapticUpdateGroupMerged>@620] 		srcSpk = array (0x864be20)
2025-09-24 09:36:25.461 DEBUG [2195870] [GeNN::Runtime::Runtime::pushMergedGroup<GeNN::CodeGenerator::PresynapticUpdateGroupMerged>@620] 		srcSpkCnt = array (0x864b1d0)
2025-09-24 09:36:25.461 DEBUG [2195870] [GeNN::Runtime::Runtime::pushMergedGroup<GeNN::CodeGenerator::PresynapticUpdateGroupMerged>@644] 		meang = numeric (4.000000000e-02f)
2025-09-24 09:36:25.461 DEBUG [2195870] [GeNN::Runtime::Runtime::pushMergedGroup<GeNN::CodeGenerator::PresynapticUpdateGroupMerged>@644] 		numTrgNeurons = numeric (16997u)
2025-09-24 09:36:25.461 DEBUG [2195870] [GeNN::Runtime::Runtime::pushMergedGroup<GeNN::CodeGenerator::PresynapticUpdateGroupMerged>@644] 		sdg = numeric (4.000000000e-06f)
2025-09-24 09:36:25.461 DEBUG [2195870] [GeNN::Runtime::Runtime::pushMergedGroup@601] 	Group: 29
2025-09-24 09:36:25.461 DEBUG [2195870] [GeNN::Runtime::Runtime::pushMergedGroup<GeNN::CodeGenerator::PresynapticUpdateGroupMerged>@620] 		denDelay = array (0x8618940)
2025-09-24 09:36:25.461 DEBUG [2195870] [GeNN::Runtime::Runtime::pushMergedGroup<GeNN::CodeGenerator::PresynapticUpdateGroupMerged>@620] 		denDelayPtr = array (0x8619590)
2025-09-24 09:36:25.461 DEBUG [2195870] [GeNN::Runtime::Runtime::pushMergedGroup<GeNN::CodeGenerator::PresynapticUpdateGroupMerged>@620] 		preCalcRowLengthSparseConnect = array (0x85b9d40)
2025-09-24 09:36:25.461 DEBUG [2195870] [GeNN::Runtime::Runtime::pushMergedGroup<GeNN::CodeGenerator::PresynapticUpdateGroupMerged>@620] 		srcSpk = array (0x864be20)
2025-09-24 09:36:25.461 DEBUG [2195870] [GeNN::Runtime::Runtime::pushMergedGroup<GeNN::CodeGenerator::PresynapticUpdateGroupMerged>@620] 		srcSpkCnt = array (0x864b1d0)
2025-09-24 09:36:25.461 DEBUG [2195870] [GeNN::Runtime::Runtime::pushMergedGroup<GeNN::CodeGenerator::PresynapticUpdateGroupMerged>@644] 		meang = numeric (4.000000000e-02f)
2025-09-24 09:36:25.461 DEBUG [2195870] [GeNN::Runtime::Runtime::pushMergedGroup<GeNN::CodeGenerator::PresynapticUpdateGroupMerged>@644] 		numTrgNeurons = numeric (3727u)
2025-09-24 09:36:25.461 DEBUG [2195870] [GeNN::Runtime::Runtime::pushMergedGroup<GeNN::CodeGenerator::PresynapticUpdateGroupMerged>@644] 		sdg = numeric (4.000000000e-06f)
2025-09-24 09:36:25.461 DEBUG [2195870] [GeNN::Runtime::Runtime::pushMergedGroup@601] 	Group: 30
2025-09-24 09:36:25.461 DEBUG [2195870] [GeNN::Runtime::Runtime::pushMergedGroup<GeNN::CodeGenerator::PresynapticUpdateGroupMerged>@620] 		denDelay = array (0x8673f00)
2025-09-24 09:36:25.461 DEBUG [2195870] [GeNN::Runtime::Runtime::pushMergedGroup<GeNN::CodeGenerator::PresynapticUpdateGroupMerged>@620] 		denDelayPtr = array (0x86754c0)
2025-09-24 09:36:25.461 DEBUG [2195870] [GeNN::Runtime::Runtime::pushMergedGroup<GeNN::CodeGenerator::PresynapticUpdateGroupMerged>@620] 		preCalcRowLengthSparseConnect = array (0x85b9e90)
2025-09-24 09:36:25.461 DEBUG [2195870] [GeNN::Runtime::Runtime::pushMergedGroup<GeNN::CodeGenerator::PresynapticUpdateGroupMerged>@620] 		srcSpk = array (0x864be20)
2025-09-24 09:36:25.461 DEBUG [2195870] [GeNN::Runtime::Runtime::pushMergedGroup<GeNN::CodeGenerator::PresynapticUpdateGroupMerged>@620] 		srcSpkCnt = array (0x864b1d0)
2025-09-24 09:36:25.461 DEBUG [2195870] [GeNN::Runtime::Runtime::pushMergedGroup<GeNN::CodeGenerator::PresynapticUpdateGroupMerged>@644] 		meang = numeric (4.000000000e-02f)
2025-09-24 09:36:25.461 DEBUG [2195870] [GeNN::Runtime::Runtime::pushMergedGroup<GeNN::CodeGenerator::PresynapticUpdateGroupMerged>@644] 		numTrgNeurons = numeric (4614u)
2025-09-24 09:36:25.461 DEBUG [2195870] [GeNN::Runtime::Runtime::pushMergedGroup<GeNN::CodeGenerator::PresynapticUpdateGroupMerged>@644] 		sdg = numeric (4.000000000e-06f)
2025-09-24 09:36:25.461 DEBUG [2195870] [GeNN::Runtime::Runtime::pushMergedGroup@601] 	Group: 31
2025-09-24 09:36:25.461 DEBUG [2195870] [GeNN::Runtime::Runtime::pushMergedGroup<GeNN::CodeGenerator::PresynapticUpdateGroupMerged>@620] 		denDelay = array (0x7da9550)
2025-09-24 09:36:25.461 DEBUG [2195870] [GeNN::Runtime::Runtime::pushMergedGroup<GeNN::CodeGenerator::PresynapticUpdateGroupMerged>@620] 		denDelayPtr = array (0x846a5e0)
2025-09-24 09:36:25.461 DEBUG [2195870] [GeNN::Runtime::Runtime::pushMergedGroup<GeNN::CodeGenerator::PresynapticUpdateGroupMerged>@620] 		preCalcRowLengthSparseConnect = array (0x85b9fe0)
2025-09-24 09:36:25.461 DEBUG [2195870] [GeNN::Runtime::Runtime::pushMergedGroup<GeNN::CodeGenerator::PresynapticUpdateGroupMerged>@620] 		srcSpk = array (0x864be20)
2025-09-24 09:36:25.461 DEBUG [2195870] [GeNN::Runtime::Runtime::pushMergedGroup<GeNN::CodeGenerator::PresynapticUpdateGroupMerged>@620] 		srcSpkCnt = array (0x864b1d0)
2025-09-24 09:36:25.461 DEBUG [2195870] [GeNN::Runtime::Runtime::pushMergedGroup<GeNN::CodeGenerator::PresynapticUpdateGroupMerged>@644] 		meang = numeric (4.000000000e-02f)
2025-09-24 09:36:25.461 DEBUG [2195870] [GeNN::Runtime::Runtime::pushMergedGroup<GeNN::CodeGenerator::PresynapticUpdateGroupMerged>@644] 		numTrgNeurons = numeric (1909u)
2025-09-24 09:36:25.461 DEBUG [2195870] [GeNN::Runtime::Runtime::pushMergedGroup<GeNN::CodeGenerator::PresynapticUpdateGroupMerged>@644] 		sdg = numeric (4.000000000e-06f)
2025-09-24 09:36:25.461 DEBUG [2195870] [GeNN::Runtime::Runtime::pushMergedGroup@575] Pushing merged group 'NeuronSpikeQueueUpdate' index: 0
2025-09-24 09:36:25.461 DEBUG [2195870] [GeNN::Runtime::Runtime::pushMergedGroup@601] 	Group: 0
2025-09-24 09:36:25.461 DEBUG [2195870] [GeNN::Runtime::Runtime::pushMergedGroup<GeNN::CodeGenerator::NeuronSpikeQueueUpdateGroupMerged>@620] 		spkCntSynSpike0 = array (0x86b79d0)
2025-09-24 09:36:25.461 DEBUG [2195870] [GeNN::Runtime::Runtime::pushMergedGroup@601] 	Group: 1
2025-09-24 09:36:25.461 DEBUG [2195870] [GeNN::Runtime::Runtime::pushMergedGroup<GeNN::CodeGenerator::NeuronSpikeQueueUpdateGroupMerged>@620] 		spkCntSynSpike0 = array (0x85a79a0)
2025-09-24 09:36:25.461 DEBUG [2195870] [GeNN::Runtime::Runtime::pushMergedGroup@601] 	Group: 2
2025-09-24 09:36:25.461 DEBUG [2195870] [GeNN::Runtime::Runtime::pushMergedGroup<GeNN::CodeGenerator::NeuronSpikeQueueUpdateGroupMerged>@620] 		spkCntSynSpike0 = array (0x86be010)
2025-09-24 09:36:25.461 DEBUG [2195870] [GeNN::Runtime::Runtime::pushMergedGroup@601] 	Group: 3
2025-09-24 09:36:25.461 DEBUG [2195870] [GeNN::Runtime::Runtime::pushMergedGroup<GeNN::CodeGenerator::NeuronSpikeQueueUpdateGroupMerged>@620] 		spkCntSynSpike0 = array (0x864b1d0)
2025-09-24 09:36:25.461 DEBUG [2195870] [GeNN::Runtime::Runtime::pushMergedGroup@601] 	Group: 4
2025-09-24 09:36:25.461 DEBUG [2195870] [GeNN::Runtime::Runtime::pushMergedGroup<GeNN::CodeGenerator::NeuronSpikeQueueUpdateGroupMerged>@620] 		spkCntSynSpike0 = array (0x84a5e10)
2025-09-24 09:36:25.461 DEBUG [2195870] [GeNN::Runtime::Runtime::pushMergedGroup@601] 	Group: 5
2025-09-24 09:36:25.461 DEBUG [2195870] [GeNN::Runtime::Runtime::pushMergedGroup<GeNN::CodeGenerator::NeuronSpikeQueueUpdateGroupMerged>@620] 		spkCntSynSpike0 = array (0x84a1f60)
2025-09-24 09:36:25.461 DEBUG [2195870] [GeNN::Runtime::Runtime::pushMergedGroup@601] 	Group: 6
2025-09-24 09:36:25.461 DEBUG [2195870] [GeNN::Runtime::Runtime::pushMergedGroup<GeNN::CodeGenerator::NeuronSpikeQueueUpdateGroupMerged>@620] 		spkCntSynSpike0 = array (0x861f760)
2025-09-24 09:36:25.461 DEBUG [2195870] [GeNN::Runtime::Runtime::pushMergedGroup@601] 	Group: 7
2025-09-24 09:36:25.461 DEBUG [2195870] [GeNN::Runtime::Runtime::pushMergedGroup<GeNN::CodeGenerator::NeuronSpikeQueueUpdateGroupMerged>@620] 		spkCntSynSpike0 = array (0x846ac30)
2025-09-24 09:36:25.461 DEBUG [2195870] [GeNN::Runtime::Runtime::pushMergedGroup@575] Pushing merged group 'SynapseDendriticDelayUpdate' index: 0
2025-09-24 09:36:25.461 DEBUG [2195870] [GeNN::Runtime::Runtime::pushMergedGroup@601] 	Group: 0
2025-09-24 09:36:25.461 DEBUG [2195870] [GeNN::Runtime::Runtime::pushMergedGroup<GeNN::CodeGenerator::SynapseDendriticDelayUpdateGroupMerged>@620] 		denDelayPtr = array (0x86b7330)
2025-09-24 09:36:25.461 DEBUG [2195870] [GeNN::Runtime::Runtime::pushMergedGroup@601] 	Group: 1
2025-09-24 09:36:25.461 DEBUG [2195870] [GeNN::Runtime::Runtime::pushMergedGroup<GeNN::CodeGenerator::SynapseDendriticDelayUpdateGroupMerged>@620] 		denDelayPtr = array (0x85a7300)
2025-09-24 09:36:25.461 DEBUG [2195870] [GeNN::Runtime::Runtime::pushMergedGroup@601] 	Group: 2
2025-09-24 09:36:25.461 DEBUG [2195870] [GeNN::Runtime::Runtime::pushMergedGroup<GeNN::CodeGenerator::SynapseDendriticDelayUpdateGroupMerged>@620] 		denDelayPtr = array (0x86bd970)
2025-09-24 09:36:25.461 DEBUG [2195870] [GeNN::Runtime::Runtime::pushMergedGroup@601] 	Group: 3
2025-09-24 09:36:25.461 DEBUG [2195870] [GeNN::Runtime::Runtime::pushMergedGroup<GeNN::CodeGenerator::SynapseDendriticDelayUpdateGroupMerged>@620] 		denDelayPtr = array (0x86d9ef0)
2025-09-24 09:36:25.461 DEBUG [2195870] [GeNN::Runtime::Runtime::pushMergedGroup@601] 	Group: 4
2025-09-24 09:36:25.461 DEBUG [2195870] [GeNN::Runtime::Runtime::pushMergedGroup<GeNN::CodeGenerator::SynapseDendriticDelayUpdateGroupMerged>@620] 		denDelayPtr = array (0x84a5770)
2025-09-24 09:36:25.461 DEBUG [2195870] [GeNN::Runtime::Runtime::pushMergedGroup@601] 	Group: 5
2025-09-24 09:36:25.461 DEBUG [2195870] [GeNN::Runtime::Runtime::pushMergedGroup<GeNN::CodeGenerator::SynapseDendriticDelayUpdateGroupMerged>@620] 		denDelayPtr = array (0x84a18c0)
2025-09-24 09:36:25.461 DEBUG [2195870] [GeNN::Runtime::Runtime::pushMergedGroup@601] 	Group: 6
2025-09-24 09:36:25.461 DEBUG [2195870] [GeNN::Runtime::Runtime::pushMergedGroup<GeNN::CodeGenerator::SynapseDendriticDelayUpdateGroupMerged>@620] 		denDelayPtr = array (0x861f130)
2025-09-24 09:36:25.461 DEBUG [2195870] [GeNN::Runtime::Runtime::pushMergedGroup@601] 	Group: 7
2025-09-24 09:36:25.461 DEBUG [2195870] [GeNN::Runtime::Runtime::pushMergedGroup<GeNN::CodeGenerator::SynapseDendriticDelayUpdateGroupMerged>@620] 		denDelayPtr = array (0x7da8340)
2025-09-24 09:36:25.461 DEBUG [2195870] [GeNN::Runtime::Runtime::pushMergedGroup@575] Pushing merged group 'SynapseDendriticDelayUpdate' index: 1
2025-09-24 09:36:25.461 DEBUG [2195870] [GeNN::Runtime::Runtime::pushMergedGroup@601] 	Group: 0
2025-09-24 09:36:25.461 DEBUG [2195870] [GeNN::Runtime::Runtime::pushMergedGroup<GeNN::CodeGenerator::SynapseDendriticDelayUpdateGroupMerged>@620] 		denDelayPtr = array (0x86316e0)
2025-09-24 09:36:25.461 DEBUG [2195870] [GeNN::Runtime::Runtime::pushMergedGroup@601] 	Group: 1
2025-09-24 09:36:25.461 DEBUG [2195870] [GeNN::Runtime::Runtime::pushMergedGroup<GeNN::CodeGenerator::SynapseDendriticDelayUpdateGroupMerged>@620] 		denDelayPtr = array (0x85c0f30)
2025-09-24 09:36:25.461 DEBUG [2195870] [GeNN::Runtime::Runtime::pushMergedGroup@601] 	Group: 2
2025-09-24 09:36:25.461 DEBUG [2195870] [GeNN::Runtime::Runtime::pushMergedGroup<GeNN::CodeGenerator::SynapseDendriticDelayUpdateGroupMerged>@620] 		denDelayPtr = array (0x8646410)
2025-09-24 09:36:25.461 DEBUG [2195870] [GeNN::Runtime::Runtime::pushMergedGroup@601] 	Group: 3
2025-09-24 09:36:25.461 DEBUG [2195870] [GeNN::Runtime::Runtime::pushMergedGroup<GeNN::CodeGenerator::SynapseDendriticDelayUpdateGroupMerged>@620] 		denDelayPtr = array (0x864ab30)
2025-09-24 09:36:25.461 DEBUG [2195870] [GeNN::Runtime::Runtime::pushMergedGroup@601] 	Group: 4
2025-09-24 09:36:25.461 DEBUG [2195870] [GeNN::Runtime::Runtime::pushMergedGroup<GeNN::CodeGenerator::SynapseDendriticDelayUpdateGroupMerged>@620] 		denDelayPtr = array (0x8635180)
2025-09-24 09:36:25.461 DEBUG [2195870] [GeNN::Runtime::Runtime::pushMergedGroup@601] 	Group: 5
2025-09-24 09:36:25.461 DEBUG [2195870] [GeNN::Runtime::Runtime::pushMergedGroup<GeNN::CodeGenerator::SynapseDendriticDelayUpdateGroupMerged>@620] 		denDelayPtr = array (0x8619590)
2025-09-24 09:36:25.461 DEBUG [2195870] [GeNN::Runtime::Runtime::pushMergedGroup@601] 	Group: 6
2025-09-24 09:36:25.461 DEBUG [2195870] [GeNN::Runtime::Runtime::pushMergedGroup<GeNN::CodeGenerator::SynapseDendriticDelayUpdateGroupMerged>@620] 		denDelayPtr = array (0x86754c0)
2025-09-24 09:36:25.461 DEBUG [2195870] [GeNN::Runtime::Runtime::pushMergedGroup@601] 	Group: 7
2025-09-24 09:36:25.461 DEBUG [2195870] [GeNN::Runtime::Runtime::pushMergedGroup<GeNN::CodeGenerator::SynapseDendriticDelayUpdateGroupMerged>@620] 		denDelayPtr = array (0x846a5e0)
2025-09-24 09:36:25.464 DEBUG [2195870] [GeNN::Runtime::Runtime::initializeSparse@674] Pushing uninitialized current source variables
2025-09-24 09:36:25.464 DEBUG [2195870] [GeNN::Runtime::Runtime::pushUninitialized@561] 	ctxlhbanksstsI5_poisson
2025-09-24 09:36:25.464 DEBUG [2195870] [GeNN::Runtime::Runtime::pushUninitialized@561] 	ctxlhbanksstsI4_poisson
2025-09-24 09:36:25.464 DEBUG [2195870] [GeNN::Runtime::Runtime::pushUninitialized@561] 	ctxlhbanksstsE6_poisson
2025-09-24 09:36:25.464 DEBUG [2195870] [GeNN::Runtime::Runtime::pushUninitialized@561] 	ctxlhbanksstsE5_poisson
2025-09-24 09:36:25.464 DEBUG [2195870] [GeNN::Runtime::Runtime::pushUninitialized@561] 	ctxlhbanksstsI6_poisson
2025-09-24 09:36:25.464 DEBUG [2195870] [GeNN::Runtime::Runtime::pushUninitialized@561] 	ctxlhbanksstsE4_poisson
2025-09-24 09:36:25.464 DEBUG [2195870] [GeNN::Runtime::Runtime::pushUninitialized@561] 	ctxlhbanksstsI23_poisson
2025-09-24 09:36:25.464 DEBUG [2195870] [GeNN::Runtime::Runtime::pushUninitialized@561] 	ctxlhbanksstsE23_poisson
2025-09-24 09:36:25.464 DEBUG [2195870] [GeNN::Runtime::Runtime::initializeSparse@676] Pushing uninitialized neuron group variables
2025-09-24 09:36:25.464 DEBUG [2195870] [GeNN::Runtime::Runtime::pushUninitialized@561] 	ctxlhbanksstsI6
2025-09-24 09:36:25.464 DEBUG [2195870] [GeNN::Runtime::Runtime::pushUninitialized@561] 	ctxlhbanksstsI5
2025-09-24 09:36:25.464 DEBUG [2195870] [GeNN::Runtime::Runtime::pushUninitialized@561] 	ctxlhbanksstsI4
2025-09-24 09:36:25.464 DEBUG [2195870] [GeNN::Runtime::Runtime::pushUninitialized@561] 	ctxlhbanksstsE6
2025-09-24 09:36:25.464 DEBUG [2195870] [GeNN::Runtime::Runtime::pushUninitialized@561] 	ctxlhbanksstsE5
2025-09-24 09:36:25.464 DEBUG [2195870] [GeNN::Runtime::Runtime::pushUninitialized@561] 	ctxlhbanksstsE4
2025-09-24 09:36:25.464 DEBUG [2195870] [GeNN::Runtime::Runtime::pushUninitialized@561] 	ctxlhbanksstsI23
2025-09-24 09:36:25.464 DEBUG [2195870] [GeNN::Runtime::Runtime::pushUninitialized@561] 	ctxlhbanksstsE23
2025-09-24 09:36:25.464 DEBUG [2195870] [GeNN::Runtime::Runtime::initializeSparse@678] Pushing uninitialized synapse group variables
2025-09-24 09:36:25.464 DEBUG [2195870] [GeNN::Runtime::Runtime::pushUninitialized@561] 	ctxlhbanksstsI5_to_ctxlhbanksstsE6
2025-09-24 09:36:25.464 DEBUG [2195870] [GeNN::Runtime::Runtime::pushUninitialized@561] 	ctxlhbanksstsI4_to_ctxlhbanksstsI5
2025-09-24 09:36:25.464 DEBUG [2195870] [GeNN::Runtime::Runtime::pushUninitialized@561] 	ctxlhbanksstsI4_to_ctxlhbanksstsE6
2025-09-24 09:36:25.464 DEBUG [2195870] [GeNN::Runtime::Runtime::pushUninitialized@561] 	ctxlhbanksstsI4_to_ctxlhbanksstsE4
2025-09-24 09:36:25.464 DEBUG [2195870] [GeNN::Runtime::Runtime::pushUninitialized@561] 	ctxlhbanksstsI23_to_ctxlhbanksstsI4
2025-09-24 09:36:25.464 DEBUG [2195870] [GeNN::Runtime::Runtime::pushUninitialized@561] 	ctxlhbanksstsI23_to_ctxlhbanksstsE6
2025-09-24 09:36:25.464 DEBUG [2195870] [GeNN::Runtime::Runtime::pushUninitialized@561] 	ctxlhbanksstsI23_to_ctxlhbanksstsE4
2025-09-24 09:36:25.464 DEBUG [2195870] [GeNN::Runtime::Runtime::pushUninitialized@561] 	ctxlhbanksstsI23_to_ctxlhbanksstsE23
2025-09-24 09:36:25.464 DEBUG [2195870] [GeNN::Runtime::Runtime::pushUninitialized@561] 	ctxlhbanksstsE5_to_ctxlhbanksstsI5
2025-09-24 09:36:25.464 DEBUG [2195870] [GeNN::Runtime::Runtime::pushUninitialized@561] 	ctxlhbanksstsE5_to_ctxlhbanksstsI4
2025-09-24 09:36:25.464 DEBUG [2195870] [GeNN::Runtime::Runtime::pushUninitialized@561] 	ctxlhbanksstsE5_to_ctxlhbanksstsI23
2025-09-24 09:36:25.464 DEBUG [2195870] [GeNN::Runtime::Runtime::pushUninitialized@561] 	ctxlhbanksstsE5_to_ctxlhbanksstsE6
2025-09-24 09:36:25.464 DEBUG [2195870] [GeNN::Runtime::Runtime::pushUninitialized@561] 	ctxlhbanksstsE4_to_ctxlhbanksstsI5
2025-09-24 09:36:25.464 DEBUG [2195870] [GeNN::Runtime::Runtime::pushUninitialized@561] 	ctxlhbanksstsE4_to_ctxlhbanksstsI4
2025-09-24 09:36:25.464 DEBUG [2195870] [GeNN::Runtime::Runtime::pushUninitialized@561] 	ctxlhbanksstsE4_to_ctxlhbanksstsI23
2025-09-24 09:36:25.464 DEBUG [2195870] [GeNN::Runtime::Runtime::pushUninitialized@561] 	ctxlhbanksstsE4_to_ctxlhbanksstsE6
2025-09-24 09:36:25.464 DEBUG [2195870] [GeNN::Runtime::Runtime::pushUninitialized@561] 	ctxlhbanksstsE4_to_ctxlhbanksstsE23
2025-09-24 09:36:25.464 DEBUG [2195870] [GeNN::Runtime::Runtime::pushUninitialized@561] 	ctxlhbanksstsE6_to_ctxlhbanksstsI23
2025-09-24 09:36:25.464 DEBUG [2195870] [GeNN::Runtime::Runtime::pushUninitialized@561] 	ctxlhbanksstsI5_to_ctxlhbanksstsE4
2025-09-24 09:36:25.464 DEBUG [2195870] [GeNN::Runtime::Runtime::pushUninitialized@561] 	ctxlhbanksstsE6_to_ctxlhbanksstsI6
2025-09-24 09:36:25.464 DEBUG [2195870] [GeNN::Runtime::Runtime::pushUninitialized@561] 	ctxlhbanksstsE4_to_ctxlhbanksstsE4
2025-09-24 09:36:25.464 DEBUG [2195870] [GeNN::Runtime::Runtime::pushUninitialized@561] 	ctxlhbanksstsE4_to_ctxlhbanksstsI6
2025-09-24 09:36:25.464 DEBUG [2195870] [GeNN::Runtime::Runtime::pushUninitialized@561] 	ctxlhbanksstsE6_to_ctxlhbanksstsE6
2025-09-24 09:36:25.464 DEBUG [2195870] [GeNN::Runtime::Runtime::pushUninitialized@561] 	ctxlhbanksstsE6_to_ctxlhbanksstsI4
2025-09-24 09:36:25.464 DEBUG [2195870] [GeNN::Runtime::Runtime::pushUninitialized@561] 	ctxlhbanksstsE5_to_ctxlhbanksstsI6
2025-09-24 09:36:25.464 DEBUG [2195870] [GeNN::Runtime::Runtime::pushUninitialized@561] 	ctxlhbanksstsI4_to_ctxlhbanksstsE23
2025-09-24 09:36:25.464 DEBUG [2195870] [GeNN::Runtime::Runtime::pushUninitialized@561] 	ctxlhbanksstsE6_to_ctxlhbanksstsE5
2025-09-24 09:36:25.464 DEBUG [2195870] [GeNN::Runtime::Runtime::pushUninitialized@561] 	ctxlhbanksstsE23_to_ctxlhbanksstsE5
2025-09-24 09:36:25.464 DEBUG [2195870] [GeNN::Runtime::Runtime::pushUninitialized@561] 	ctxlhbanksstsE5_to_ctxlhbanksstsE5
2025-09-24 09:36:25.464 DEBUG [2195870] [GeNN::Runtime::Runtime::pushUninitialized@561] 	ctxlhbanksstsE23_to_ctxlhbanksstsI4
2025-09-24 09:36:25.464 DEBUG [2195870] [GeNN::Runtime::Runtime::pushUninitialized@561] 	ctxlhbanksstsE6_to_ctxlhbanksstsE23
2025-09-24 09:36:25.464 DEBUG [2195870] [GeNN::Runtime::Runtime::pushUninitialized@561] 	ctxlhbanksstsI4_to_ctxlhbanksstsI4
2025-09-24 09:36:25.464 DEBUG [2195870] [GeNN::Runtime::Runtime::pushUninitialized@561] 	ctxlhbanksstsE5_to_ctxlhbanksstsE4
2025-09-24 09:36:25.464 DEBUG [2195870] [GeNN::Runtime::Runtime::pushUninitialized@561] 	ctxlhbanksstsE6_to_ctxlhbanksstsE4
2025-09-24 09:36:25.464 DEBUG [2195870] [GeNN::Runtime::Runtime::pushUninitialized@561] 	ctxlhbanksstsI4_to_ctxlhbanksstsI23
2025-09-24 09:36:25.464 DEBUG [2195870] [GeNN::Runtime::Runtime::pushUninitialized@561] 	ctxlhbanksstsI23_to_ctxlhbanksstsI6
2025-09-24 09:36:25.464 DEBUG [2195870] [GeNN::Runtime::Runtime::pushUninitialized@561] 	ctxlhbanksstsI23_to_ctxlhbanksstsI5
2025-09-24 09:36:25.464 DEBUG [2195870] [GeNN::Runtime::Runtime::pushUninitialized@561] 	ctxlhbanksstsE23_to_ctxlhbanksstsE23
2025-09-24 09:36:25.464 DEBUG [2195870] [GeNN::Runtime::Runtime::pushUninitialized@561] 	ctxlhbanksstsI23_to_ctxlhbanksstsE5
2025-09-24 09:36:25.464 DEBUG [2195870] [GeNN::Runtime::Runtime::pushUninitialized@561] 	ctxlhbanksstsE5_to_ctxlhbanksstsE23
2025-09-24 09:36:25.464 DEBUG [2195870] [GeNN::Runtime::Runtime::pushUninitialized@561] 	ctxlhbanksstsI4_to_ctxlhbanksstsI6
2025-09-24 09:36:25.464 DEBUG [2195870] [GeNN::Runtime::Runtime::pushUninitialized@561] 	ctxlhbanksstsI4_to_ctxlhbanksstsE5
2025-09-24 09:36:25.464 DEBUG [2195870] [GeNN::Runtime::Runtime::pushUninitialized@561] 	ctxlhbanksstsE4_to_ctxlhbanksstsE5
2025-09-24 09:36:25.464 DEBUG [2195870] [GeNN::Runtime::Runtime::pushUninitialized@561] 	ctxlhbanksstsE6_to_ctxlhbanksstsI5
2025-09-24 09:36:25.464 DEBUG [2195870] [GeNN::Runtime::Runtime::pushUninitialized@561] 	ctxlhbanksstsE23_to_ctxlhbanksstsI5
2025-09-24 09:36:25.464 DEBUG [2195870] [GeNN::Runtime::Runtime::pushUninitialized@561] 	ctxlhbanksstsI5_to_ctxlhbanksstsI5
2025-09-24 09:36:25.464 DEBUG [2195870] [GeNN::Runtime::Runtime::pushUninitialized@561] 	ctxlhbanksstsI23_to_ctxlhbanksstsI23
2025-09-24 09:36:25.464 DEBUG [2195870] [GeNN::Runtime::Runtime::pushUninitialized@561] 	ctxlhbanksstsE23_to_ctxlhbanksstsI6
2025-09-24 09:36:25.464 DEBUG [2195870] [GeNN::Runtime::Runtime::pushUninitialized@561] 	ctxlhbanksstsI5_to_ctxlhbanksstsI6
2025-09-24 09:36:25.464 DEBUG [2195870] [GeNN::Runtime::Runtime::pushUninitialized@561] 	ctxlhbanksstsE23_to_ctxlhbanksstsE4
2025-09-24 09:36:25.464 DEBUG [2195870] [GeNN::Runtime::Runtime::pushUninitialized@561] 	ctxlhbanksstsI5_to_ctxlhbanksstsE5
2025-09-24 09:36:25.464 DEBUG [2195870] [GeNN::Runtime::Runtime::pushUninitialized@561] 	ctxlhbanksstsE23_to_ctxlhbanksstsI23
2025-09-24 09:36:25.464 DEBUG [2195870] [GeNN::Runtime::Runtime::pushUninitialized@561] 	ctxlhbanksstsI6_to_ctxlhbanksstsE6
2025-09-24 09:36:25.464 DEBUG [2195870] [GeNN::Runtime::Runtime::pushUninitialized@561] 	ctxlhbanksstsI6_to_ctxlhbanksstsI6
2025-09-24 09:36:25.464 DEBUG [2195870] [GeNN::Runtime::Runtime::pushUninitialized@561] 	ctxlhbanksstsE23_to_ctxlhbanksstsE6
2025-09-24 09:36:25.464 DEBUG [2195870] [GeNN::Runtime::Runtime::initializeSparse@680] Pushing uninitialized custom update variables
2025-09-24 09:36:25.464 DEBUG [2195870] [GeNN::Runtime::Runtime::initializeSparse@682] Pushing uninitialized custom connectivity update variables
Building Model of 100915 neurons and 852091657 synapses of 55 groups
Loading Model
Simulating
10%
20%
30%
40%
50%
60%
70%
80%
90%
100%
Timing:
	Build:9064.571656
	Simulation:112143.469047
	Init:0.266720
	Sparse init:0.000000
	Neuron simulation:125.225248
	Synapse simulation:111542.407067
