{
    "H1": {
        "inSyn": 0.0,
        "offset": 1678.746305869462
    },
    "E23": {
        "inSyn": 0.0,
        "offset": 3357.4926117389236
    },
    "S23": {
        "inSyn": 0.0,
        "offset": 839.373152934731
    },
    "P23": {
        "inSyn": 0.0,
        "offset": 1678.746305869462
    },
    "V23": {
        "inSyn": 0.0,
        "offset": 2014.4955670433542
    },
    "E4": {
        "inSyn": 0.0,
        "offset": 3357.492611738924
    },
    "S4": {
        "inSyn": 0.0,
        "offset": 503.62389176083855
    },
    "P4": {
        "inSyn": 0.0,
        "offset": 1678.746305869462
    },
    "V4": {
        "inSyn": 0.0,
        "offset": 5036.238917608386
    },
    "E5": {
        "inSyn": 0.0,
        "offset": 2014.495567043354
    },
    "S5": {
        "inSyn": 0.0,
        "offset": 503.6238917608385
    },
    "P5": {
        "inSyn": 0.0,
        "offset": 1678.7463058694618
    },
    "V5": {
        "inSyn": 0.0,
        "offset": 5036.238917608386
    },
    "E6": {
        "inSyn": 0.0,
        "offset": 1678.746305869462
    },
    "S6": {
        "inSyn": 0.0,
        "offset": 503.6238917608385
    },
    "P6": {
        "inSyn": 0.0,
        "offset": 1678.746305869462
    },
    "V6": {
        "inSyn": 0.0,
        "offset": 5036.238917608386
    }
}