# Neuron   Time (ms)                
4          2.960000000000000000e+02
4          1.080000000000000000e+02
4          2.000000000000000000e+02
4          2.060000000000000000e+02
4          2.890000000000000000e+02
5          2.690000000000000000e+02
5          2.740000000000000000e+02
5          1.050000000000000000e+02
5          1.960000000000000000e+02
6          3.610000000000000000e+02
6          1.790000000000000000e+02
7          2.860000000000000000e+02
7          2.230000000000000000e+02
7          1.130000000000000000e+02
7          2.760000000000000000e+02
8          3.690000000000000000e+02
8          2.010000000000000000e+02
9          2.640000000000000000e+02
10         2.480000000000000000e+02
12         1.860000000000000000e+02
12         2.980000000000000000e+02
12         3.040000000000000000e+02
13         3.150000000000000000e+02
14         2.940000000000000000e+02
15         2.400000000000000000e+02
16         1.800000000000000000e+01
16         1.570000000000000000e+02
16         2.350000000000000000e+02
16         1.560000000000000000e+02
17         2.830000000000000000e+02
17         1.450000000000000000e+02
18         1.100000000000000000e+01
18         2.470000000000000000e+02
19         3.040000000000000000e+02
19         1.340000000000000000e+02
19         1.880000000000000000e+02
21         1.400000000000000000e+02
22         2.130000000000000000e+02
22         3.340000000000000000e+02
22         3.230000000000000000e+02
22         2.350000000000000000e+02
23         5.300000000000000000e+01
23         1.080000000000000000e+02
24         8.500000000000000000e+01
26         2.740000000000000000e+02
27         1.980000000000000000e+02
27         3.270000000000000000e+02
27         2.830000000000000000e+02
27         3.610000000000000000e+02
27         2.660000000000000000e+02
28         1.870000000000000000e+02
28         6.700000000000000000e+01
29         1.900000000000000000e+01
29         3.650000000000000000e+02
30         1.400000000000000000e+01
30         2.830000000000000000e+02
31         2.240000000000000000e+02
31         2.130000000000000000e+02
32         3.280000000000000000e+02
32         1.240000000000000000e+02
33         1.550000000000000000e+02
33         2.860000000000000000e+02
35         2.370000000000000000e+02
36         2.610000000000000000e+02
36         5.400000000000000000e+01
36         3.480000000000000000e+02
36         3.210000000000000000e+02
36         3.220000000000000000e+02
37         2.200000000000000000e+01
37         1.440000000000000000e+02
38         6.000000000000000000e+00
38         1.500000000000000000e+02
40         1.850000000000000000e+02
40         3.510000000000000000e+02
41         3.990000000000000000e+02
41         3.040000000000000000e+02
42         3.740000000000000000e+02
42         2.800000000000000000e+02
43         3.920000000000000000e+02
43         3.560000000000000000e+02
43         1.620000000000000000e+02
44         2.370000000000000000e+02
44         1.250000000000000000e+02
44         2.290000000000000000e+02
45         2.750000000000000000e+02
45         7.900000000000000000e+01
46         3.690000000000000000e+02
46         1.400000000000000000e+01
46         1.100000000000000000e+02
47         1.270000000000000000e+02
48         3.000000000000000000e+01
48         1.510000000000000000e+02
48         2.910000000000000000e+02
49         3.910000000000000000e+02
50         3.610000000000000000e+02
51         2.630000000000000000e+02
51         3.690000000000000000e+02
51         4.700000000000000000e+01
51         1.440000000000000000e+02
51         2.830000000000000000e+02
52         1.720000000000000000e+02
52         3.000000000000000000e+02
53         2.570000000000000000e+02
53         1.710000000000000000e+02
53         1.110000000000000000e+02
53         1.930000000000000000e+02
54         1.000000000000000000e+01
55         2.750000000000000000e+02
55         3.890000000000000000e+02
55         3.560000000000000000e+02
55         3.450000000000000000e+02
56         1.280000000000000000e+02
56         4.300000000000000000e+01
56         1.650000000000000000e+02
57         5.700000000000000000e+01
58         1.260000000000000000e+02
60         3.560000000000000000e+02
60         9.200000000000000000e+01
60         2.900000000000000000e+01
60         4.100000000000000000e+01
61         3.410000000000000000e+02
61         3.670000000000000000e+02
62         1.000000000000000000e+00
62         1.000000000000000000e+02
62         2.500000000000000000e+02
63         1.630000000000000000e+02
63         5.900000000000000000e+01
63         3.580000000000000000e+02
63         3.530000000000000000e+02
63         1.760000000000000000e+02
63         3.290000000000000000e+02
65         5.400000000000000000e+01
65         9.000000000000000000e+00
66         1.910000000000000000e+02
67         3.470000000000000000e+02
67         1.670000000000000000e+02
67         5.600000000000000000e+01
68         1.690000000000000000e+02
68         9.300000000000000000e+01
69         2.610000000000000000e+02
69         1.070000000000000000e+02
69         2.420000000000000000e+02
69         9.200000000000000000e+01
71         3.600000000000000000e+02
71         2.340000000000000000e+02
71         2.300000000000000000e+01
71         1.010000000000000000e+02
72         3.550000000000000000e+02
72         3.540000000000000000e+02
72         2.970000000000000000e+02
72         3.040000000000000000e+02
72         1.410000000000000000e+02
72         3.930000000000000000e+02
73         7.700000000000000000e+01
73         3.240000000000000000e+02
73         1.290000000000000000e+02
74         2.880000000000000000e+02
74         2.400000000000000000e+02
74         2.320000000000000000e+02
75         2.850000000000000000e+02
76         3.320000000000000000e+02
76         1.600000000000000000e+02
77         2.830000000000000000e+02
78         1.990000000000000000e+02
79         8.700000000000000000e+01
79         3.200000000000000000e+02
79         3.180000000000000000e+02
79         1.470000000000000000e+02
79         2.090000000000000000e+02
79         2.900000000000000000e+02
79         3.160000000000000000e+02
80         1.390000000000000000e+02
81         9.200000000000000000e+01
81         3.480000000000000000e+02
81         2.650000000000000000e+02
81         3.000000000000000000e+00
83         2.390000000000000000e+02
83         3.210000000000000000e+02
83         1.470000000000000000e+02
83         1.300000000000000000e+01
84         3.120000000000000000e+02
84         2.290000000000000000e+02
84         1.430000000000000000e+02
85         4.800000000000000000e+01
86         3.460000000000000000e+02
87         2.310000000000000000e+02
87         1.610000000000000000e+02
87         1.040000000000000000e+02
87         9.300000000000000000e+01
87         1.800000000000000000e+02
87         3.560000000000000000e+02
87         1.700000000000000000e+01
88         1.340000000000000000e+02
88         3.750000000000000000e+02
88         9.700000000000000000e+01
89         3.100000000000000000e+02
89         3.210000000000000000e+02
90         3.190000000000000000e+02
90         8.700000000000000000e+01
90         2.790000000000000000e+02
90         2.540000000000000000e+02
90         3.500000000000000000e+01
91         3.900000000000000000e+02
91         4.800000000000000000e+01
91         2.670000000000000000e+02
91         6.800000000000000000e+01
92         2.480000000000000000e+02
92         3.020000000000000000e+02
92         4.500000000000000000e+01
93         1.640000000000000000e+02
93         2.860000000000000000e+02
94         1.060000000000000000e+02
95         8.000000000000000000e+00
95         3.540000000000000000e+02
95         6.600000000000000000e+01
96         3.490000000000000000e+02
97         1.990000000000000000e+02
97         7.400000000000000000e+01
97         2.300000000000000000e+01
97         3.420000000000000000e+02
97         1.220000000000000000e+02
98         2.280000000000000000e+02
99         3.440000000000000000e+02
99         1.400000000000000000e+01
99         3.880000000000000000e+02
99         2.490000000000000000e+02
100        2.070000000000000000e+02
100        3.120000000000000000e+02
100        5.100000000000000000e+01
100        2.400000000000000000e+02
100        1.390000000000000000e+02
101        1.700000000000000000e+01
101        1.070000000000000000e+02
102        2.230000000000000000e+02
102        2.950000000000000000e+02
102        7.300000000000000000e+01
103        3.590000000000000000e+02
104        2.260000000000000000e+02
104        1.820000000000000000e+02
104        6.000000000000000000e+00
104        1.510000000000000000e+02
104        1.600000000000000000e+01
104        1.880000000000000000e+02
105        4.400000000000000000e+01
106        3.730000000000000000e+02
106        2.000000000000000000e+02
106        3.160000000000000000e+02
107        3.900000000000000000e+02
107        9.900000000000000000e+01
107        3.930000000000000000e+02
108        2.160000000000000000e+02
108        2.510000000000000000e+02
108        1.310000000000000000e+02
108        6.100000000000000000e+01
108        3.910000000000000000e+02
109        2.170000000000000000e+02
109        1.460000000000000000e+02
109        1.170000000000000000e+02
109        7.000000000000000000e+00
109        3.010000000000000000e+02
110        2.500000000000000000e+02
111        1.260000000000000000e+02
111        9.700000000000000000e+01
112        2.820000000000000000e+02
112        2.970000000000000000e+02
112        3.130000000000000000e+02
112        3.020000000000000000e+02
113        9.300000000000000000e+01
113        2.410000000000000000e+02
113        2.910000000000000000e+02
114        3.410000000000000000e+02
114        2.620000000000000000e+02
114        2.400000000000000000e+01
115        3.990000000000000000e+02
115        3.520000000000000000e+02
115        1.270000000000000000e+02
116        1.210000000000000000e+02
116        2.090000000000000000e+02
116        1.880000000000000000e+02
117        6.000000000000000000e+01
117        2.000000000000000000e+00
117        2.800000000000000000e+02
117        1.730000000000000000e+02
118        3.710000000000000000e+02
118        8.300000000000000000e+01
119        9.000000000000000000e+01
119        1.390000000000000000e+02
119        2.550000000000000000e+02
119        1.400000000000000000e+02
119        1.510000000000000000e+02
120        2.270000000000000000e+02
120        2.900000000000000000e+01
121        2.830000000000000000e+02
121        3.440000000000000000e+02
121        2.120000000000000000e+02
121        5.500000000000000000e+01
121        6.700000000000000000e+01
122        3.210000000000000000e+02
122        1.090000000000000000e+02
123        1.620000000000000000e+02
123        2.490000000000000000e+02
123        6.300000000000000000e+01
123        5.400000000000000000e+01
123        2.540000000000000000e+02
123        2.480000000000000000e+02
123        3.340000000000000000e+02
123        2.220000000000000000e+02
124        1.870000000000000000e+02
125        3.300000000000000000e+01
125        2.600000000000000000e+01
125        2.140000000000000000e+02
126        2.100000000000000000e+01
126        3.440000000000000000e+02
126        1.400000000000000000e+01
127        2.390000000000000000e+02
127        1.740000000000000000e+02
127        2.630000000000000000e+02
127        1.650000000000000000e+02
128        2.430000000000000000e+02
128        1.210000000000000000e+02
128        6.700000000000000000e+01
128        3.200000000000000000e+01
129        1.390000000000000000e+02
130        1.580000000000000000e+02
130        3.300000000000000000e+01
131        3.490000000000000000e+02
131        2.430000000000000000e+02
131        3.910000000000000000e+02
131        2.810000000000000000e+02
132        5.400000000000000000e+01
132        3.840000000000000000e+02
132        2.120000000000000000e+02
132        1.930000000000000000e+02
133        1.360000000000000000e+02
133        1.320000000000000000e+02
133        3.110000000000000000e+02
134        3.300000000000000000e+01
134        3.000000000000000000e+02
134        2.650000000000000000e+02
135        1.280000000000000000e+02
135        3.790000000000000000e+02
135        1.400000000000000000e+02
135        5.200000000000000000e+01
135        2.950000000000000000e+02
135        3.330000000000000000e+02
135        2.730000000000000000e+02
136        1.620000000000000000e+02
136        1.570000000000000000e+02
136        3.140000000000000000e+02
137        2.520000000000000000e+02
138        2.300000000000000000e+01
138        3.080000000000000000e+02
138        4.900000000000000000e+01
138        3.400000000000000000e+01
138        6.900000000000000000e+01
138        1.170000000000000000e+02
138        1.900000000000000000e+02
139        3.000000000000000000e+00
140        1.380000000000000000e+02
140        2.720000000000000000e+02
140        9.700000000000000000e+01
140        2.620000000000000000e+02
141        1.990000000000000000e+02
141        1.420000000000000000e+02
142        2.110000000000000000e+02
142        3.740000000000000000e+02
143        6.300000000000000000e+01
143        2.270000000000000000e+02
143        3.830000000000000000e+02
143        2.700000000000000000e+02
144        5.100000000000000000e+01
144        9.300000000000000000e+01
144        5.200000000000000000e+01
145        2.920000000000000000e+02
145        3.850000000000000000e+02
145        1.590000000000000000e+02
145        3.310000000000000000e+02
146        3.530000000000000000e+02
146        4.800000000000000000e+01
146        1.950000000000000000e+02
146        3.000000000000000000e+00
146        2.370000000000000000e+02
146        2.190000000000000000e+02
147        3.520000000000000000e+02
148        2.840000000000000000e+02
148        1.670000000000000000e+02
148        3.260000000000000000e+02
148        2.180000000000000000e+02
148        8.600000000000000000e+01
148        1.980000000000000000e+02
148        3.540000000000000000e+02
149        2.820000000000000000e+02
150        3.310000000000000000e+02
150        3.710000000000000000e+02
150        3.640000000000000000e+02
150        1.950000000000000000e+02
151        8.100000000000000000e+01
151        7.400000000000000000e+01
151        1.820000000000000000e+02
152        2.800000000000000000e+01
152        3.090000000000000000e+02
152        9.400000000000000000e+01
152        2.450000000000000000e+02
153        3.980000000000000000e+02
153        1.490000000000000000e+02
153        1.260000000000000000e+02
154        1.070000000000000000e+02
154        7.300000000000000000e+01
154        9.200000000000000000e+01
154        1.330000000000000000e+02
155        2.480000000000000000e+02
155        3.020000000000000000e+02
155        1.630000000000000000e+02
155        2.820000000000000000e+02
155        2.010000000000000000e+02
156        1.390000000000000000e+02
156        2.390000000000000000e+02
156        2.990000000000000000e+02
156        1.520000000000000000e+02
156        8.100000000000000000e+01
157        3.190000000000000000e+02
157        1.050000000000000000e+02
157        3.880000000000000000e+02
158        3.750000000000000000e+02
158        2.710000000000000000e+02
159        7.500000000000000000e+01
159        2.770000000000000000e+02
159        4.000000000000000000e+01
159        2.560000000000000000e+02
160        7.900000000000000000e+01
160        1.120000000000000000e+02
161        3.460000000000000000e+02
161        2.550000000000000000e+02
161        3.870000000000000000e+02
161        1.530000000000000000e+02
161        2.210000000000000000e+02
163        9.300000000000000000e+01
163        3.680000000000000000e+02
163        6.000000000000000000e+01
163        3.660000000000000000e+02
163        3.280000000000000000e+02
163        1.310000000000000000e+02
163        2.780000000000000000e+02
164        2.450000000000000000e+02
164        3.310000000000000000e+02
164        3.600000000000000000e+02
164        1.670000000000000000e+02
165        3.610000000000000000e+02
165        1.680000000000000000e+02
165        1.400000000000000000e+02
166        8.000000000000000000e+00
166        3.820000000000000000e+02
166        3.160000000000000000e+02
166        1.090000000000000000e+02
167        3.640000000000000000e+02
167        1.630000000000000000e+02
167        1.000000000000000000e+00
167        2.960000000000000000e+02
168        1.060000000000000000e+02
168        1.320000000000000000e+02
168        3.120000000000000000e+02
169        3.320000000000000000e+02
169        6.500000000000000000e+01
169        1.760000000000000000e+02
170        2.450000000000000000e+02
171        2.140000000000000000e+02
171        3.900000000000000000e+01
171        2.630000000000000000e+02
171        2.660000000000000000e+02
171        1.450000000000000000e+02
171        7.600000000000000000e+01
171        3.880000000000000000e+02
172        4.000000000000000000e+00
172        3.270000000000000000e+02
172        1.200000000000000000e+02
172        2.940000000000000000e+02
173        3.820000000000000000e+02
173        2.650000000000000000e+02
173        1.310000000000000000e+02
173        8.100000000000000000e+01
173        2.110000000000000000e+02
173        3.360000000000000000e+02
174        2.850000000000000000e+02
174        7.300000000000000000e+01
175        3.940000000000000000e+02
175        2.620000000000000000e+02
176        1.620000000000000000e+02
176        1.400000000000000000e+01
176        2.330000000000000000e+02
177        2.660000000000000000e+02
177        3.220000000000000000e+02
177        2.540000000000000000e+02
178        3.740000000000000000e+02
178        1.590000000000000000e+02
179        1.700000000000000000e+01
179        1.810000000000000000e+02
179        3.400000000000000000e+01
179        1.270000000000000000e+02
179        3.900000000000000000e+02
179        2.900000000000000000e+01
179        1.670000000000000000e+02
180        1.680000000000000000e+02
180        1.250000000000000000e+02
180        3.920000000000000000e+02
181        9.700000000000000000e+01
181        2.560000000000000000e+02
181        1.180000000000000000e+02
181        3.830000000000000000e+02
181        2.200000000000000000e+02
181        3.490000000000000000e+02
181        1.110000000000000000e+02
182        2.900000000000000000e+02
183        1.420000000000000000e+02
184        3.230000000000000000e+02
184        2.450000000000000000e+02
184        6.500000000000000000e+01
184        3.900000000000000000e+01
184        5.300000000000000000e+01
185        1.590000000000000000e+02
185        3.660000000000000000e+02
185        1.700000000000000000e+02
185        9.700000000000000000e+01
185        3.300000000000000000e+02
185        2.920000000000000000e+02
186        2.200000000000000000e+02
186        2.500000000000000000e+01
187        3.120000000000000000e+02
187        1.550000000000000000e+02
188        1.840000000000000000e+02
188        3.400000000000000000e+01
188        4.600000000000000000e+01
188        3.670000000000000000e+02
188        4.400000000000000000e+01
188        9.100000000000000000e+01
188        1.630000000000000000e+02
189        2.060000000000000000e+02
189        2.660000000000000000e+02
189        3.570000000000000000e+02
190        2.740000000000000000e+02
190        2.760000000000000000e+02
190        6.600000000000000000e+01
190        8.200000000000000000e+01
190        2.440000000000000000e+02
190        3.490000000000000000e+02
191        3.880000000000000000e+02
191        2.560000000000000000e+02
191        2.950000000000000000e+02
192        2.860000000000000000e+02
192        1.430000000000000000e+02
193        3.000000000000000000e+02
193        1.070000000000000000e+02
193        3.270000000000000000e+02
193        5.500000000000000000e+01
194        9.300000000000000000e+01
194        1.400000000000000000e+01
195        2.630000000000000000e+02
195        1.800000000000000000e+02
195        9.600000000000000000e+01
195        3.530000000000000000e+02
195        3.960000000000000000e+02
196        2.570000000000000000e+02
196        6.400000000000000000e+01
196        2.890000000000000000e+02
196        2.340000000000000000e+02
197        8.700000000000000000e+01
197        9.200000000000000000e+01
198        1.080000000000000000e+02
198        1.780000000000000000e+02
198        1.470000000000000000e+02
198        3.400000000000000000e+01
199        2.380000000000000000e+02
199        9.000000000000000000e+00
199        1.230000000000000000e+02
199        3.110000000000000000e+02
200        1.550000000000000000e+02
201        1.100000000000000000e+01
201        2.950000000000000000e+02
201        2.300000000000000000e+02
201        1.330000000000000000e+02
201        3.320000000000000000e+02
201        2.000000000000000000e+01
202        7.900000000000000000e+01
202        2.870000000000000000e+02
202        1.980000000000000000e+02
202        3.420000000000000000e+02
203        4.400000000000000000e+01
203        3.620000000000000000e+02
203        2.340000000000000000e+02
203        3.410000000000000000e+02
203        2.590000000000000000e+02
204        2.040000000000000000e+02
204        1.220000000000000000e+02
205        2.800000000000000000e+02
205        1.190000000000000000e+02
205        1.810000000000000000e+02
205        2.080000000000000000e+02
205        6.400000000000000000e+01
205        3.010000000000000000e+02
205        1.420000000000000000e+02
206        1.270000000000000000e+02
206        3.270000000000000000e+02
206        3.870000000000000000e+02
207        2.520000000000000000e+02
207        1.520000000000000000e+02
207        2.710000000000000000e+02
208        1.320000000000000000e+02
208        1.330000000000000000e+02
208        3.200000000000000000e+01
209        3.090000000000000000e+02
209        1.460000000000000000e+02
209        2.540000000000000000e+02
209        1.980000000000000000e+02
209        2.590000000000000000e+02
210        3.410000000000000000e+02
210        5.900000000000000000e+01
210        3.040000000000000000e+02
210        1.120000000000000000e+02
210        4.100000000000000000e+01
210        8.600000000000000000e+01
210        5.200000000000000000e+01
211        2.390000000000000000e+02
211        4.400000000000000000e+01
212        2.760000000000000000e+02
212        2.200000000000000000e+01
212        3.630000000000000000e+02
212        1.620000000000000000e+02
213        3.090000000000000000e+02
213        4.800000000000000000e+01
214        2.280000000000000000e+02
214        3.700000000000000000e+02
214        2.770000000000000000e+02
214        1.380000000000000000e+02
214        1.870000000000000000e+02
215        3.560000000000000000e+02
215        3.600000000000000000e+01
216        4.300000000000000000e+01
216        3.470000000000000000e+02
216        2.290000000000000000e+02
216        1.990000000000000000e+02
217        3.720000000000000000e+02
217        8.000000000000000000e+00
217        1.300000000000000000e+02
217        2.070000000000000000e+02
218        3.030000000000000000e+02
218        4.900000000000000000e+01
218        8.100000000000000000e+01
218        1.100000000000000000e+02
219        9.600000000000000000e+01
219        3.900000000000000000e+02
219        3.980000000000000000e+02
219        2.120000000000000000e+02
219        3.870000000000000000e+02
220        3.100000000000000000e+02
220        5.700000000000000000e+01
220        1.210000000000000000e+02
220        3.510000000000000000e+02
220        3.850000000000000000e+02
220        6.000000000000000000e+00
221        3.070000000000000000e+02
221        3.390000000000000000e+02
221        3.760000000000000000e+02
221        3.970000000000000000e+02
222        3.100000000000000000e+01
223        5.800000000000000000e+01
223        2.500000000000000000e+01
223        2.620000000000000000e+02
224        1.380000000000000000e+02
224        1.130000000000000000e+02
225        3.870000000000000000e+02
225        3.070000000000000000e+02
225        1.590000000000000000e+02
225        6.500000000000000000e+01
226        1.580000000000000000e+02
226        2.560000000000000000e+02
226        3.900000000000000000e+01
226        2.320000000000000000e+02
226        2.220000000000000000e+02
226        3.590000000000000000e+02
227        1.560000000000000000e+02
227        3.600000000000000000e+02
227        1.850000000000000000e+02
227        1.400000000000000000e+01
227        1.700000000000000000e+01
227        1.650000000000000000e+02
228        2.340000000000000000e+02
229        1.060000000000000000e+02
229        2.770000000000000000e+02
229        1.600000000000000000e+01
229        8.100000000000000000e+01
229        8.700000000000000000e+01
230        2.990000000000000000e+02
230        3.310000000000000000e+02
230        2.600000000000000000e+01
231        1.940000000000000000e+02
231        1.440000000000000000e+02
231        9.800000000000000000e+01
231        2.220000000000000000e+02
231        6.700000000000000000e+01
233        2.410000000000000000e+02
233        1.790000000000000000e+02
233        1.190000000000000000e+02
233        3.800000000000000000e+01
233        2.700000000000000000e+01
233        3.990000000000000000e+02
233        2.860000000000000000e+02
234        3.420000000000000000e+02
234        2.520000000000000000e+02
234        3.470000000000000000e+02
234        2.710000000000000000e+02
235        2.070000000000000000e+02
235        3.630000000000000000e+02
235        1.640000000000000000e+02
235        2.900000000000000000e+01
235        3.140000000000000000e+02
235        2.370000000000000000e+02
235        1.970000000000000000e+02
236        2.490000000000000000e+02
236        3.540000000000000000e+02
236        3.200000000000000000e+01
237        3.890000000000000000e+02
237        1.880000000000000000e+02
237        1.430000000000000000e+02
237        1.780000000000000000e+02
238        8.300000000000000000e+01
238        2.610000000000000000e+02
239        2.750000000000000000e+02
239        3.530000000000000000e+02
239        3.940000000000000000e+02
239        5.200000000000000000e+01
239        2.010000000000000000e+02
240        3.080000000000000000e+02
240        3.560000000000000000e+02
240        3.070000000000000000e+02
240        2.550000000000000000e+02
241        3.090000000000000000e+02
241        2.630000000000000000e+02
241        1.450000000000000000e+02
241        3.190000000000000000e+02
241        1.550000000000000000e+02
242        2.520000000000000000e+02
243        1.230000000000000000e+02
243        1.830000000000000000e+02
243        1.480000000000000000e+02
243        3.950000000000000000e+02
243        3.020000000000000000e+02
243        3.340000000000000000e+02
244        2.040000000000000000e+02
244        6.300000000000000000e+01
244        2.680000000000000000e+02
244        3.900000000000000000e+02
245        3.440000000000000000e+02
245        3.700000000000000000e+02
245        1.780000000000000000e+02
246        2.720000000000000000e+02
246        9.600000000000000000e+01
246        2.250000000000000000e+02
246        3.870000000000000000e+02
246        2.220000000000000000e+02
247        2.850000000000000000e+02
247        1.160000000000000000e+02
247        3.010000000000000000e+02
247        4.300000000000000000e+01
247        2.040000000000000000e+02
247        3.490000000000000000e+02
247        3.950000000000000000e+02
247        3.560000000000000000e+02
248        2.000000000000000000e+00
248        3.890000000000000000e+02
249        2.710000000000000000e+02
249        1.370000000000000000e+02
250        2.030000000000000000e+02
251        1.110000000000000000e+02
251        1.700000000000000000e+01
251        2.820000000000000000e+02
252        2.150000000000000000e+02
252        1.560000000000000000e+02
252        3.130000000000000000e+02
252        5.200000000000000000e+01
252        2.700000000000000000e+01
252        1.300000000000000000e+02
253        5.500000000000000000e+01
253        8.000000000000000000e+01
253        2.540000000000000000e+02
253        1.990000000000000000e+02
254        7.900000000000000000e+01
254        3.200000000000000000e+02
254        2.120000000000000000e+02
254        5.900000000000000000e+01
255        9.100000000000000000e+01
255        3.000000000000000000e+00
255        1.640000000000000000e+02
255        1.350000000000000000e+02
255        3.620000000000000000e+02
256        2.400000000000000000e+02
256        2.760000000000000000e+02
256        7.100000000000000000e+01
256        2.590000000000000000e+02
257        4.800000000000000000e+01
257        6.400000000000000000e+01
257        1.310000000000000000e+02
257        2.660000000000000000e+02
258        2.330000000000000000e+02
258        1.540000000000000000e+02
258        5.300000000000000000e+01
258        2.280000000000000000e+02
259        3.200000000000000000e+01
260        1.600000000000000000e+01
260        2.860000000000000000e+02
260        9.100000000000000000e+01
260        2.300000000000000000e+01
260        3.990000000000000000e+02
260        3.680000000000000000e+02
260        2.150000000000000000e+02
261        2.500000000000000000e+01
261        2.800000000000000000e+02
262        1.250000000000000000e+02
262        5.000000000000000000e+01
262        2.210000000000000000e+02
262        3.700000000000000000e+02
263        1.670000000000000000e+02
263        3.690000000000000000e+02
264        3.290000000000000000e+02
264        1.570000000000000000e+02
264        6.400000000000000000e+01
264        2.080000000000000000e+02
264        3.860000000000000000e+02
264        3.650000000000000000e+02
265        2.200000000000000000e+02
265        1.820000000000000000e+02
265        3.200000000000000000e+02
265        8.000000000000000000e+01
266        3.590000000000000000e+02
266        2.190000000000000000e+02
266        2.800000000000000000e+01
266        1.010000000000000000e+02
267        3.300000000000000000e+01
267        1.250000000000000000e+02
267        3.410000000000000000e+02
267        2.810000000000000000e+02
267        2.340000000000000000e+02
267        9.300000000000000000e+01
267        4.900000000000000000e+01
268        4.700000000000000000e+01
268        1.450000000000000000e+02
269        2.630000000000000000e+02
269        2.570000000000000000e+02
269        2.730000000000000000e+02
270        2.370000000000000000e+02
270        1.790000000000000000e+02
270        4.500000000000000000e+01
271        3.680000000000000000e+02
271        4.600000000000000000e+01
271        6.900000000000000000e+01
271        3.200000000000000000e+02
271        2.870000000000000000e+02
271        1.000000000000000000e+00
272        2.560000000000000000e+02
272        2.720000000000000000e+02
272        3.690000000000000000e+02
272        2.100000000000000000e+02
272        3.240000000000000000e+02
272        2.800000000000000000e+01
272        1.460000000000000000e+02
272        3.400000000000000000e+02
273        2.810000000000000000e+02
274        2.990000000000000000e+02
274        2.430000000000000000e+02
274        6.000000000000000000e+00
275        3.980000000000000000e+02
275        1.390000000000000000e+02
275        1.110000000000000000e+02
275        8.000000000000000000e+00
276        1.960000000000000000e+02
276        3.010000000000000000e+02
276        3.950000000000000000e+02
277        1.240000000000000000e+02
277        6.200000000000000000e+01
277        1.710000000000000000e+02
277        6.700000000000000000e+01
277        1.310000000000000000e+02
277        5.900000000000000000e+01
278        2.400000000000000000e+02
278        1.090000000000000000e+02
278        2.120000000000000000e+02
279        3.500000000000000000e+01
279        1.660000000000000000e+02
280        2.000000000000000000e+00
280        2.280000000000000000e+02
280        2.420000000000000000e+02
280        2.980000000000000000e+02
281        1.650000000000000000e+02
281        1.860000000000000000e+02
281        7.900000000000000000e+01
281        1.870000000000000000e+02
282        3.450000000000000000e+02
282        7.600000000000000000e+01
282        3.540000000000000000e+02
282        2.050000000000000000e+02
283        1.260000000000000000e+02
283        3.300000000000000000e+01
283        3.700000000000000000e+01
283        2.800000000000000000e+01
283        3.500000000000000000e+01
283        2.660000000000000000e+02
284        2.690000000000000000e+02
285        3.700000000000000000e+02
285        3.800000000000000000e+02
285        1.600000000000000000e+01
285        1.700000000000000000e+02
286        1.850000000000000000e+02
286        3.200000000000000000e+01
286        5.700000000000000000e+01
286        6.200000000000000000e+01
286        6.000000000000000000e+00
287        2.010000000000000000e+02
287        3.090000000000000000e+02
287        1.770000000000000000e+02
288        3.600000000000000000e+01
288        2.450000000000000000e+02
288        2.710000000000000000e+02
288        1.090000000000000000e+02
288        2.460000000000000000e+02
289        7.400000000000000000e+01
289        9.000000000000000000e+00
289        9.800000000000000000e+01
289        1.570000000000000000e+02
290        2.160000000000000000e+02
290        2.850000000000000000e+02
290        7.800000000000000000e+01
290        1.490000000000000000e+02
290        8.100000000000000000e+01
292        2.090000000000000000e+02
292        5.900000000000000000e+01
292        2.400000000000000000e+01
292        2.490000000000000000e+02
292        1.190000000000000000e+02
292        1.700000000000000000e+02
293        3.820000000000000000e+02
293        2.340000000000000000e+02
293        2.000000000000000000e+00
293        3.660000000000000000e+02
294        1.910000000000000000e+02
294        2.330000000000000000e+02
295        4.500000000000000000e+01
295        1.140000000000000000e+02
295        1.500000000000000000e+02
295        3.670000000000000000e+02
295        1.480000000000000000e+02
295        3.100000000000000000e+02
295        2.860000000000000000e+02
295        3.880000000000000000e+02
296        3.180000000000000000e+02
296        2.680000000000000000e+02
297        1.250000000000000000e+02
297        3.000000000000000000e+02
298        0.000000000000000000e+00
298        1.930000000000000000e+02
298        3.070000000000000000e+02
298        1.990000000000000000e+02
298        1.690000000000000000e+02
298        1.700000000000000000e+02
298        3.890000000000000000e+02
298        3.120000000000000000e+02
299        3.710000000000000000e+02
299        2.480000000000000000e+02
299        4.600000000000000000e+01
299        2.270000000000000000e+02
300        3.540000000000000000e+02
300        3.220000000000000000e+02
300        3.100000000000000000e+01
300        3.130000000000000000e+02
300        3.690000000000000000e+02
301        3.270000000000000000e+02
301        2.500000000000000000e+02
302        2.100000000000000000e+02
302        3.360000000000000000e+02
302        2.240000000000000000e+02
303        1.300000000000000000e+02
303        1.090000000000000000e+02
304        2.390000000000000000e+02
304        1.280000000000000000e+02
304        1.250000000000000000e+02
304        2.700000000000000000e+02
305        2.990000000000000000e+02
305        2.110000000000000000e+02
305        3.960000000000000000e+02
305        1.590000000000000000e+02
306        3.100000000000000000e+02
306        3.120000000000000000e+02
306        6.100000000000000000e+01
306        9.000000000000000000e+00
306        4.600000000000000000e+01
307        3.890000000000000000e+02
307        3.690000000000000000e+02
307        2.000000000000000000e+00
307        3.360000000000000000e+02
307        1.600000000000000000e+01
307        3.800000000000000000e+02
308        9.800000000000000000e+01
308        1.430000000000000000e+02
308        3.350000000000000000e+02
309        6.800000000000000000e+01
309        3.340000000000000000e+02
309        3.050000000000000000e+02
310        3.200000000000000000e+01
310        2.070000000000000000e+02
310        9.000000000000000000e+01
310        3.300000000000000000e+01
310        3.790000000000000000e+02
310        2.280000000000000000e+02
311        5.900000000000000000e+01
311        2.370000000000000000e+02
311        3.060000000000000000e+02
311        2.260000000000000000e+02
311        1.530000000000000000e+02
312        3.000000000000000000e+00
312        1.350000000000000000e+02
312        1.410000000000000000e+02
312        3.620000000000000000e+02
312        2.460000000000000000e+02
312        3.500000000000000000e+01
313        5.800000000000000000e+01
313        2.290000000000000000e+02
313        3.260000000000000000e+02
314        3.070000000000000000e+02
315        2.400000000000000000e+02
315        1.030000000000000000e+02
316        2.480000000000000000e+02
316        3.320000000000000000e+02
316        2.770000000000000000e+02
316        2.190000000000000000e+02
316        9.800000000000000000e+01
316        2.900000000000000000e+02
316        5.500000000000000000e+01
316        6.800000000000000000e+01
317        1.070000000000000000e+02
317        1.090000000000000000e+02
317        1.780000000000000000e+02
317        4.400000000000000000e+01
318        3.690000000000000000e+02
318        1.140000000000000000e+02
318        1.420000000000000000e+02
319        3.130000000000000000e+02
319        3.520000000000000000e+02
319        3.030000000000000000e+02
319        2.520000000000000000e+02
319        3.320000000000000000e+02
320        1.760000000000000000e+02
320        4.700000000000000000e+01
320        3.440000000000000000e+02
320        1.080000000000000000e+02
320        9.000000000000000000e+01
321        7.900000000000000000e+01
321        2.190000000000000000e+02
321        2.350000000000000000e+02
322        3.350000000000000000e+02
322        2.530000000000000000e+02
323        2.810000000000000000e+02
323        2.160000000000000000e+02
323        2.370000000000000000e+02
324        8.700000000000000000e+01
324        1.920000000000000000e+02
324        3.810000000000000000e+02
324        1.980000000000000000e+02
324        4.100000000000000000e+01
324        3.560000000000000000e+02
325        3.690000000000000000e+02
325        3.770000000000000000e+02
325        2.700000000000000000e+01
325        5.400000000000000000e+01
326        3.670000000000000000e+02
326        1.050000000000000000e+02
326        1.320000000000000000e+02
326        5.600000000000000000e+01
326        1.800000000000000000e+02
326        6.400000000000000000e+01
326        2.080000000000000000e+02
327        1.700000000000000000e+01
327        0.000000000000000000e+00
327        3.340000000000000000e+02
327        1.470000000000000000e+02
328        1.370000000000000000e+02
328        9.200000000000000000e+01
328        3.610000000000000000e+02
328        5.100000000000000000e+01
328        8.200000000000000000e+01
329        2.900000000000000000e+01
330        3.680000000000000000e+02
330        3.620000000000000000e+02
330        3.990000000000000000e+02
330        6.000000000000000000e+00
331        5.900000000000000000e+01
331        2.720000000000000000e+02
331        1.500000000000000000e+01
331        1.270000000000000000e+02
332        2.860000000000000000e+02
332        3.300000000000000000e+01
332        4.400000000000000000e+01
332        2.420000000000000000e+02
332        2.960000000000000000e+02
332        1.450000000000000000e+02
333        1.340000000000000000e+02
333        1.480000000000000000e+02
333        2.070000000000000000e+02
334        1.130000000000000000e+02
334        5.000000000000000000e+01
334        1.290000000000000000e+02
335        7.600000000000000000e+01
335        1.500000000000000000e+02
335        2.750000000000000000e+02
335        3.800000000000000000e+01
336        2.940000000000000000e+02
336        3.300000000000000000e+02
336        2.510000000000000000e+02
336        9.200000000000000000e+01
336        2.890000000000000000e+02
336        1.010000000000000000e+02
337        1.730000000000000000e+02
337        1.380000000000000000e+02
338        1.590000000000000000e+02
338        1.650000000000000000e+02
338        1.940000000000000000e+02
338        1.080000000000000000e+02
338        3.000000000000000000e+00
338        3.800000000000000000e+02
338        9.800000000000000000e+01
338        3.760000000000000000e+02
339        3.710000000000000000e+02
339        3.390000000000000000e+02
339        3.820000000000000000e+02
339        8.200000000000000000e+01
340        4.400000000000000000e+01
340        3.370000000000000000e+02
340        1.790000000000000000e+02
340        3.260000000000000000e+02
340        1.290000000000000000e+02
341        1.760000000000000000e+02
341        1.270000000000000000e+02
341        2.680000000000000000e+02
342        3.420000000000000000e+02
342        1.130000000000000000e+02
342        3.520000000000000000e+02
342        2.050000000000000000e+02
343        1.540000000000000000e+02
343        3.660000000000000000e+02
343        3.820000000000000000e+02
343        3.900000000000000000e+01
343        6.400000000000000000e+01
343        1.030000000000000000e+02
343        2.860000000000000000e+02
344        2.440000000000000000e+02
345        3.350000000000000000e+02
345        3.830000000000000000e+02
345        2.620000000000000000e+02
345        3.130000000000000000e+02
346        3.590000000000000000e+02
346        2.650000000000000000e+02
346        3.750000000000000000e+02
346        1.820000000000000000e+02
346        1.100000000000000000e+02
347        1.740000000000000000e+02
347        3.400000000000000000e+01
347        2.060000000000000000e+02
347        2.100000000000000000e+01
347        3.860000000000000000e+02
347        7.500000000000000000e+01
347        1.510000000000000000e+02
348        3.230000000000000000e+02
348        1.760000000000000000e+02
348        3.080000000000000000e+02
349        3.660000000000000000e+02
349        2.680000000000000000e+02
349        9.900000000000000000e+01
349        5.200000000000000000e+01
350        2.280000000000000000e+02
350        3.890000000000000000e+02
350        1.730000000000000000e+02
351        2.450000000000000000e+02
351        9.700000000000000000e+01
351        2.780000000000000000e+02
352        3.490000000000000000e+02
352        3.250000000000000000e+02
352        2.980000000000000000e+02
352        3.410000000000000000e+02
352        3.600000000000000000e+01
352        3.860000000000000000e+02
352        1.120000000000000000e+02
353        2.420000000000000000e+02
353        2.200000000000000000e+01
353        1.050000000000000000e+02
353        2.770000000000000000e+02
354        6.100000000000000000e+01
354        1.220000000000000000e+02
354        2.430000000000000000e+02
354        4.000000000000000000e+01
354        3.000000000000000000e+02
355        2.120000000000000000e+02
355        8.500000000000000000e+01
355        1.390000000000000000e+02
356        3.600000000000000000e+02
356        1.720000000000000000e+02
356        5.600000000000000000e+01
356        2.030000000000000000e+02
356        1.730000000000000000e+02
357        2.620000000000000000e+02
357        1.100000000000000000e+01
357        3.610000000000000000e+02
357        1.000000000000000000e+01
358        3.730000000000000000e+02
358        1.070000000000000000e+02
358        2.640000000000000000e+02
358        2.570000000000000000e+02
359        2.310000000000000000e+02
359        2.700000000000000000e+02
359        3.250000000000000000e+02
359        1.050000000000000000e+02
359        3.120000000000000000e+02
360        2.470000000000000000e+02
360        2.080000000000000000e+02
360        1.650000000000000000e+02
361        3.300000000000000000e+02
361        3.440000000000000000e+02
361        1.010000000000000000e+02
361        2.390000000000000000e+02
361        3.180000000000000000e+02
362        6.200000000000000000e+01
362        3.720000000000000000e+02
362        2.600000000000000000e+02
363        1.850000000000000000e+02
363        2.780000000000000000e+02
363        1.330000000000000000e+02
363        3.220000000000000000e+02
364        3.160000000000000000e+02
364        1.320000000000000000e+02
364        1.970000000000000000e+02
364        2.370000000000000000e+02
364        2.490000000000000000e+02
364        1.470000000000000000e+02
364        3.120000000000000000e+02
364        1.350000000000000000e+02
365        3.460000000000000000e+02
365        3.550000000000000000e+02
366        1.660000000000000000e+02
366        3.450000000000000000e+02
367        3.780000000000000000e+02
367        6.000000000000000000e+01
367        3.640000000000000000e+02
367        1.050000000000000000e+02
367        2.890000000000000000e+02
367        3.530000000000000000e+02
367        3.220000000000000000e+02
367        3.400000000000000000e+02
367        3.600000000000000000e+02
368        1.980000000000000000e+02
368        1.930000000000000000e+02
368        1.120000000000000000e+02
369        2.590000000000000000e+02
369        3.500000000000000000e+01
369        7.400000000000000000e+01
369        8.500000000000000000e+01
369        3.910000000000000000e+02
369        2.200000000000000000e+02
370        4.500000000000000000e+01
370        3.850000000000000000e+02
370        2.090000000000000000e+02
370        3.900000000000000000e+02
370        1.070000000000000000e+02
370        2.520000000000000000e+02
371        3.130000000000000000e+02
372        2.460000000000000000e+02
372        9.300000000000000000e+01
372        3.690000000000000000e+02
372        2.150000000000000000e+02
373        3.090000000000000000e+02
373        9.400000000000000000e+01
373        2.370000000000000000e+02
373        9.700000000000000000e+01
373        3.220000000000000000e+02
374        2.500000000000000000e+02
374        2.620000000000000000e+02
374        3.470000000000000000e+02
374        2.960000000000000000e+02
374        5.400000000000000000e+01
374        3.100000000000000000e+01
375        2.970000000000000000e+02
375        2.300000000000000000e+01
375        1.400000000000000000e+02
376        3.820000000000000000e+02
376        2.200000000000000000e+02
376        2.230000000000000000e+02
376        3.940000000000000000e+02
376        3.170000000000000000e+02
376        3.840000000000000000e+02
377        7.400000000000000000e+01
377        2.720000000000000000e+02
378        1.190000000000000000e+02
378        3.640000000000000000e+02
378        3.120000000000000000e+02
378        3.970000000000000000e+02
378        3.480000000000000000e+02
378        3.100000000000000000e+01
378        2.490000000000000000e+02
379        3.090000000000000000e+02
379        2.740000000000000000e+02
379        7.700000000000000000e+01
379        1.900000000000000000e+02
380        1.990000000000000000e+02
380        3.520000000000000000e+02
380        3.870000000000000000e+02
380        2.620000000000000000e+02
381        9.600000000000000000e+01
381        2.560000000000000000e+02
381        4.100000000000000000e+01
381        3.210000000000000000e+02
382        2.950000000000000000e+02
382        1.220000000000000000e+02
382        7.500000000000000000e+01
382        3.000000000000000000e+01
383        2.350000000000000000e+02
383        3.820000000000000000e+02
383        3.500000000000000000e+01
383        3.550000000000000000e+02
383        2.530000000000000000e+02
383        2.710000000000000000e+02
383        1.790000000000000000e+02
383        3.560000000000000000e+02
383        6.700000000000000000e+01
384        2.590000000000000000e+02
384        3.200000000000000000e+01
384        2.110000000000000000e+02
385        3.910000000000000000e+02
385        7.000000000000000000e+01
385        4.000000000000000000e+00
385        3.960000000000000000e+02
385        3.470000000000000000e+02
385        3.040000000000000000e+02
386        2.250000000000000000e+02
387        3.820000000000000000e+02
387        3.660000000000000000e+02
387        3.170000000000000000e+02
387        2.020000000000000000e+02
388        1.600000000000000000e+01
388        3.570000000000000000e+02
388        2.290000000000000000e+02
388        2.450000000000000000e+02
388        3.900000000000000000e+01
388        3.330000000000000000e+02
388        4.900000000000000000e+01
388        2.120000000000000000e+02
389        4.400000000000000000e+01
389        1.090000000000000000e+02
390        2.770000000000000000e+02
390        9.400000000000000000e+01
390        3.440000000000000000e+02
391        3.160000000000000000e+02
391        3.950000000000000000e+02
391        1.890000000000000000e+02
391        2.970000000000000000e+02
391        2.060000000000000000e+02
391        6.600000000000000000e+01
391        3.380000000000000000e+02
392        2.980000000000000000e+02
392        3.430000000000000000e+02
392        5.300000000000000000e+01
393        3.010000000000000000e+02
393        3.230000000000000000e+02
393        3.200000000000000000e+01
393        8.900000000000000000e+01
393        1.110000000000000000e+02
393        1.780000000000000000e+02
394        1.720000000000000000e+02
394        2.770000000000000000e+02
394        2.030000000000000000e+02
395        2.580000000000000000e+02
395        3.770000000000000000e+02
395        2.810000000000000000e+02
395        2.450000000000000000e+02
395        3.900000000000000000e+01
396        3.900000000000000000e+02
396        1.430000000000000000e+02
396        8.700000000000000000e+01
396        0.000000000000000000e+00
396        7.000000000000000000e+01
397        3.930000000000000000e+02
397        2.930000000000000000e+02
398        1.040000000000000000e+02
398        7.800000000000000000e+01
398        3.600000000000000000e+02
398        2.430000000000000000e+02
398        3.740000000000000000e+02
398        7.100000000000000000e+01
398        3.100000000000000000e+02
399        1.530000000000000000e+02
399        3.210000000000000000e+02
399        3.280000000000000000e+02
399        5.300000000000000000e+01
399        9.600000000000000000e+01
400        9.200000000000000000e+01
400        1.820000000000000000e+02
400        2.550000000000000000e+02
401        1.670000000000000000e+02
401        1.400000000000000000e+01
401        1.710000000000000000e+02
401        2.530000000000000000e+02
401        3.240000000000000000e+02
402        3.230000000000000000e+02
402        3.360000000000000000e+02
402        2.340000000000000000e+02
402        9.000000000000000000e+00
403        3.000000000000000000e+02
403        2.410000000000000000e+02
403        2.300000000000000000e+01
403        3.500000000000000000e+01
404        4.700000000000000000e+01
404        7.400000000000000000e+01
404        3.670000000000000000e+02
404        2.550000000000000000e+02
404        5.500000000000000000e+01
405        3.490000000000000000e+02
405        1.640000000000000000e+02
405        9.800000000000000000e+01
405        3.970000000000000000e+02
405        6.100000000000000000e+01
405        1.800000000000000000e+01
405        3.840000000000000000e+02
406        2.940000000000000000e+02
406        3.930000000000000000e+02
406        3.590000000000000000e+02
407        3.360000000000000000e+02
407        8.700000000000000000e+01
407        1.120000000000000000e+02
407        7.100000000000000000e+01
408        2.720000000000000000e+02
408        2.610000000000000000e+02
408        2.000000000000000000e+02
408        1.830000000000000000e+02
408        2.870000000000000000e+02
408        3.340000000000000000e+02
409        1.310000000000000000e+02
410        1.200000000000000000e+02
410        5.500000000000000000e+01
410        2.930000000000000000e+02
410        8.600000000000000000e+01
410        7.400000000000000000e+01
410        3.730000000000000000e+02
410        1.650000000000000000e+02
411        6.500000000000000000e+01
411        2.190000000000000000e+02
411        3.260000000000000000e+02
411        1.020000000000000000e+02
411        1.990000000000000000e+02
411        1.960000000000000000e+02
412        8.400000000000000000e+01
412        1.200000000000000000e+01
412        1.540000000000000000e+02
413        3.720000000000000000e+02
413        6.700000000000000000e+01
413        3.420000000000000000e+02
414        2.970000000000000000e+02
414        2.300000000000000000e+01
414        3.100000000000000000e+01
414        3.170000000000000000e+02
414        1.340000000000000000e+02
415        1.480000000000000000e+02
415        1.140000000000000000e+02
415        1.230000000000000000e+02
415        2.130000000000000000e+02
415        1.570000000000000000e+02
416        2.040000000000000000e+02
416        3.310000000000000000e+02
416        7.100000000000000000e+01
416        2.200000000000000000e+01
416        1.830000000000000000e+02
416        2.330000000000000000e+02
417        2.170000000000000000e+02
417        1.200000000000000000e+02
417        3.260000000000000000e+02
418        2.800000000000000000e+01
418        8.800000000000000000e+01
418        3.400000000000000000e+01
418        3.300000000000000000e+02
418        3.950000000000000000e+02
418        3.300000000000000000e+01
418        6.900000000000000000e+01
419        2.700000000000000000e+01
419        3.200000000000000000e+02
419        3.920000000000000000e+02
419        2.750000000000000000e+02
419        7.700000000000000000e+01
420        1.890000000000000000e+02
420        3.180000000000000000e+02
420        3.380000000000000000e+02
420        5.100000000000000000e+01
421        2.870000000000000000e+02
421        1.370000000000000000e+02
421        2.370000000000000000e+02
421        1.460000000000000000e+02
421        1.670000000000000000e+02
421        3.270000000000000000e+02
421        1.860000000000000000e+02
422        5.400000000000000000e+01
422        1.450000000000000000e+02
422        1.540000000000000000e+02
422        2.000000000000000000e+01
423        1.700000000000000000e+02
423        2.530000000000000000e+02
423        3.900000000000000000e+02
423        2.090000000000000000e+02
423        4.200000000000000000e+01
424        2.100000000000000000e+02
424        2.000000000000000000e+02
424        7.600000000000000000e+01
424        1.780000000000000000e+02
425        2.840000000000000000e+02
425        1.270000000000000000e+02
425        1.740000000000000000e+02
425        2.350000000000000000e+02
426        6.900000000000000000e+01
426        5.100000000000000000e+01
426        3.420000000000000000e+02
426        1.860000000000000000e+02
426        3.970000000000000000e+02
426        2.900000000000000000e+02
427        2.720000000000000000e+02
427        3.040000000000000000e+02
427        9.000000000000000000e+01
428        1.310000000000000000e+02
428        1.410000000000000000e+02
428        2.770000000000000000e+02
428        2.000000000000000000e+01
429        2.890000000000000000e+02
429        3.660000000000000000e+02
429        1.020000000000000000e+02
429        2.140000000000000000e+02
430        2.830000000000000000e+02
430        1.700000000000000000e+02
430        6.400000000000000000e+01
430        3.910000000000000000e+02
431        2.180000000000000000e+02
431        3.310000000000000000e+02
431        3.480000000000000000e+02
431        3.590000000000000000e+02
431        8.900000000000000000e+01
432        2.320000000000000000e+02
432        3.030000000000000000e+02
432        3.090000000000000000e+02
432        3.900000000000000000e+01
433        2.260000000000000000e+02
433        8.500000000000000000e+01
433        2.400000000000000000e+02
433        9.000000000000000000e+01
433        1.240000000000000000e+02
434        3.460000000000000000e+02
434        5.800000000000000000e+01
434        2.280000000000000000e+02
434        4.300000000000000000e+01
435        7.600000000000000000e+01
435        2.700000000000000000e+01
436        3.420000000000000000e+02
436        3.940000000000000000e+02
436        3.290000000000000000e+02
436        1.600000000000000000e+01
436        2.730000000000000000e+02
436        3.780000000000000000e+02
436        1.440000000000000000e+02
437        6.600000000000000000e+01
437        4.200000000000000000e+01
437        1.700000000000000000e+01
437        8.600000000000000000e+01
437        9.400000000000000000e+01
437        1.860000000000000000e+02
437        5.400000000000000000e+01
437        1.280000000000000000e+02
437        3.660000000000000000e+02
437        3.140000000000000000e+02
438        4.500000000000000000e+01
439        3.980000000000000000e+02
439        1.060000000000000000e+02
439        3.110000000000000000e+02
440        2.270000000000000000e+02
440        1.000000000000000000e+02
440        5.800000000000000000e+01
441        1.180000000000000000e+02
441        3.170000000000000000e+02
441        9.200000000000000000e+01
441        2.370000000000000000e+02
441        1.480000000000000000e+02
442        2.000000000000000000e+02
442        1.700000000000000000e+02
442        1.800000000000000000e+02
442        3.470000000000000000e+02
442        3.520000000000000000e+02
442        2.390000000000000000e+02
442        1.720000000000000000e+02
442        2.400000000000000000e+02
443        2.570000000000000000e+02
443        3.370000000000000000e+02
443        5.100000000000000000e+01
443        3.300000000000000000e+02
444        7.200000000000000000e+01
444        8.000000000000000000e+01
444        2.800000000000000000e+02
444        2.040000000000000000e+02
445        1.140000000000000000e+02
445        1.000000000000000000e+02
445        1.220000000000000000e+02
445        3.630000000000000000e+02
446        1.800000000000000000e+01
446        2.410000000000000000e+02
446        3.070000000000000000e+02
446        9.900000000000000000e+01
446        1.680000000000000000e+02
446        2.500000000000000000e+02
446        2.600000000000000000e+01
447        2.160000000000000000e+02
447        3.560000000000000000e+02
447        2.120000000000000000e+02
447        3.360000000000000000e+02
448        2.970000000000000000e+02
448        2.180000000000000000e+02
448        3.820000000000000000e+02
449        3.000000000000000000e+00
449        1.000000000000000000e+02
449        3.950000000000000000e+02
450        3.870000000000000000e+02
450        3.900000000000000000e+01
450        1.110000000000000000e+02
450        3.170000000000000000e+02
450        3.350000000000000000e+02
450        2.250000000000000000e+02
450        1.810000000000000000e+02
450        3.250000000000000000e+02
450        1.350000000000000000e+02
451        2.750000000000000000e+02
451        1.950000000000000000e+02
452        2.000000000000000000e+02
452        3.500000000000000000e+01
452        5.900000000000000000e+01
452        7.000000000000000000e+00
452        2.710000000000000000e+02
453        2.730000000000000000e+02
453        4.600000000000000000e+01
454        1.270000000000000000e+02
454        4.300000000000000000e+01
454        2.340000000000000000e+02
454        3.000000000000000000e+00
454        1.730000000000000000e+02
454        2.550000000000000000e+02
454        2.020000000000000000e+02
454        5.600000000000000000e+01
455        1.330000000000000000e+02
455        1.420000000000000000e+02
455        3.820000000000000000e+02
455        3.000000000000000000e+01
456        1.000000000000000000e+02
456        3.110000000000000000e+02
456        3.520000000000000000e+02
456        2.910000000000000000e+02
456        1.280000000000000000e+02
456        1.590000000000000000e+02
457        1.180000000000000000e+02
457        1.490000000000000000e+02
458        2.750000000000000000e+02
458        9.700000000000000000e+01
458        5.400000000000000000e+01
459        2.350000000000000000e+02
459        1.000000000000000000e+00
459        1.760000000000000000e+02
459        2.390000000000000000e+02
460        1.920000000000000000e+02
460        3.150000000000000000e+02
460        1.070000000000000000e+02
460        9.300000000000000000e+01
461        8.300000000000000000e+01
461        1.840000000000000000e+02
461        1.690000000000000000e+02
462        3.980000000000000000e+02
462        1.330000000000000000e+02
462        3.690000000000000000e+02
462        6.700000000000000000e+01
462        1.150000000000000000e+02
462        3.770000000000000000e+02
462        2.110000000000000000e+02
463        1.740000000000000000e+02
463        2.710000000000000000e+02
463        3.440000000000000000e+02
463        2.800000000000000000e+01
463        2.500000000000000000e+02
463        4.800000000000000000e+01
463        1.210000000000000000e+02
463        1.880000000000000000e+02
464        3.190000000000000000e+02
464        2.390000000000000000e+02
464        2.660000000000000000e+02
464        2.090000000000000000e+02
464        1.470000000000000000e+02
464        2.900000000000000000e+01
465        5.100000000000000000e+01
466        3.740000000000000000e+02
466        3.600000000000000000e+02
466        1.280000000000000000e+02
466        5.800000000000000000e+01
466        9.400000000000000000e+01
466        2.280000000000000000e+02
467        4.000000000000000000e+00
467        3.440000000000000000e+02
467        3.870000000000000000e+02
468        3.180000000000000000e+02
468        1.030000000000000000e+02
468        3.190000000000000000e+02
469        3.800000000000000000e+01
469        7.200000000000000000e+01
469        8.300000000000000000e+01
469        8.900000000000000000e+01
469        3.070000000000000000e+02
469        2.050000000000000000e+02
469        3.290000000000000000e+02
470        2.650000000000000000e+02
470        3.090000000000000000e+02
470        2.920000000000000000e+02
470        1.380000000000000000e+02
470        1.300000000000000000e+01
471        2.010000000000000000e+02
471        1.410000000000000000e+02
472        2.000000000000000000e+01
472        2.780000000000000000e+02
472        6.700000000000000000e+01
472        8.100000000000000000e+01
472        4.000000000000000000e+01
472        5.400000000000000000e+01
473        3.970000000000000000e+02
473        6.300000000000000000e+01
473        5.100000000000000000e+01
473        3.500000000000000000e+01
474        3.480000000000000000e+02
474        3.920000000000000000e+02
474        3.040000000000000000e+02
475        2.660000000000000000e+02
475        3.700000000000000000e+01
475        2.240000000000000000e+02
475        2.860000000000000000e+02
475        4.300000000000000000e+01
475        6.800000000000000000e+01
475        5.000000000000000000e+01
476        1.100000000000000000e+01
476        1.920000000000000000e+02
476        3.120000000000000000e+02
476        5.500000000000000000e+01
477        5.600000000000000000e+01
478        3.200000000000000000e+02
478        1.220000000000000000e+02
478        4.200000000000000000e+01
478        1.570000000000000000e+02
478        2.520000000000000000e+02
478        2.380000000000000000e+02
478        1.000000000000000000e+01
478        2.620000000000000000e+02
478        3.570000000000000000e+02
478        1.360000000000000000e+02
478        3.690000000000000000e+02
479        3.880000000000000000e+02
480        3.020000000000000000e+02
480        8.400000000000000000e+01
480        1.270000000000000000e+02
480        3.130000000000000000e+02
480        3.110000000000000000e+02
481        3.000000000000000000e+02
481        1.110000000000000000e+02
481        1.190000000000000000e+02
481        2.260000000000000000e+02
481        1.850000000000000000e+02
481        3.090000000000000000e+02
481        3.490000000000000000e+02
482        3.540000000000000000e+02
482        1.330000000000000000e+02
482        2.130000000000000000e+02
482        3.640000000000000000e+02
482        2.890000000000000000e+02
483        1.160000000000000000e+02
483        9.100000000000000000e+01
483        3.560000000000000000e+02
484        6.900000000000000000e+01
484        6.000000000000000000e+00
484        1.300000000000000000e+01
484        2.080000000000000000e+02
485        2.690000000000000000e+02
485        5.000000000000000000e+00
485        6.700000000000000000e+01
486        2.240000000000000000e+02
486        1.420000000000000000e+02
486        2.640000000000000000e+02
486        2.360000000000000000e+02
486        6.600000000000000000e+01
486        1.360000000000000000e+02
487        3.820000000000000000e+02
487        3.540000000000000000e+02
487        1.970000000000000000e+02
487        1.300000000000000000e+02
487        1.750000000000000000e+02
487        3.460000000000000000e+02
487        2.510000000000000000e+02
487        1.080000000000000000e+02
488        3.300000000000000000e+01
488        3.070000000000000000e+02
488        1.310000000000000000e+02
489        1.700000000000000000e+02
489        3.100000000000000000e+01
489        2.710000000000000000e+02
490        3.760000000000000000e+02
490        3.220000000000000000e+02
490        1.020000000000000000e+02
490        1.900000000000000000e+01
491        3.210000000000000000e+02
491        1.470000000000000000e+02
491        2.760000000000000000e+02
491        1.990000000000000000e+02
491        1.440000000000000000e+02
492        7.100000000000000000e+01
492        1.210000000000000000e+02
492        3.160000000000000000e+02
492        1.800000000000000000e+01
493        3.730000000000000000e+02
493        2.050000000000000000e+02
493        7.400000000000000000e+01
493        3.700000000000000000e+01
493        2.590000000000000000e+02
494        3.380000000000000000e+02
494        2.750000000000000000e+02
494        3.410000000000000000e+02
494        2.290000000000000000e+02
494        2.600000000000000000e+02
494        2.930000000000000000e+02
494        1.850000000000000000e+02
494        3.810000000000000000e+02
494        1.140000000000000000e+02
495        2.460000000000000000e+02
495        2.250000000000000000e+02
495        3.310000000000000000e+02
495        1.920000000000000000e+02
496        3.510000000000000000e+02
496        2.020000000000000000e+02
496        3.540000000000000000e+02
496        3.550000000000000000e+02
497        7.000000000000000000e+00
497        8.100000000000000000e+01
498        1.480000000000000000e+02
498        1.190000000000000000e+02
498        1.010000000000000000e+02
498        3.180000000000000000e+02
498        2.700000000000000000e+01
498        3.020000000000000000e+02
499        1.460000000000000000e+02
499        2.840000000000000000e+02
499        3.610000000000000000e+02
499        2.900000000000000000e+01
499        7.600000000000000000e+01
499        3.820000000000000000e+02
500        3.700000000000000000e+02
500        3.530000000000000000e+02
500        2.550000000000000000e+02
500        2.030000000000000000e+02
500        1.070000000000000000e+02
501        2.600000000000000000e+02
501        3.910000000000000000e+02
501        1.640000000000000000e+02
501        3.330000000000000000e+02
502        2.700000000000000000e+02
502        2.000000000000000000e+02
502        1.920000000000000000e+02
502        1.380000000000000000e+02
503        1.160000000000000000e+02
503        2.830000000000000000e+02
503        1.320000000000000000e+02
503        1.520000000000000000e+02
503        3.030000000000000000e+02
504        7.800000000000000000e+01
504        1.100000000000000000e+02
504        3.250000000000000000e+02
505        3.950000000000000000e+02
505        3.300000000000000000e+01
505        1.390000000000000000e+02
505        3.500000000000000000e+02
505        7.300000000000000000e+01
505        3.610000000000000000e+02
505        1.000000000000000000e+02
505        3.060000000000000000e+02
505        3.740000000000000000e+02
505        2.170000000000000000e+02
506        3.820000000000000000e+02
506        1.260000000000000000e+02
506        9.800000000000000000e+01
506        5.400000000000000000e+01
507        5.700000000000000000e+01
507        1.460000000000000000e+02
507        1.920000000000000000e+02
507        1.880000000000000000e+02
508        2.140000000000000000e+02
508        1.660000000000000000e+02
508        1.990000000000000000e+02
509        2.710000000000000000e+02
509        3.270000000000000000e+02
509        4.700000000000000000e+01
509        1.080000000000000000e+02
509        3.530000000000000000e+02
509        2.770000000000000000e+02
509        1.100000000000000000e+01
509        2.000000000000000000e+02
509        3.200000000000000000e+02
509        2.900000000000000000e+01
509        6.100000000000000000e+01
511        3.310000000000000000e+02
511        3.500000000000000000e+02
511        1.530000000000000000e+02
511        2.590000000000000000e+02
512        1.410000000000000000e+02
512        2.370000000000000000e+02
512        3.990000000000000000e+02
512        1.220000000000000000e+02
513        2.390000000000000000e+02
513        2.300000000000000000e+02
513        1.270000000000000000e+02
513        1.730000000000000000e+02
513        2.880000000000000000e+02
513        3.210000000000000000e+02
513        2.200000000000000000e+01
513        3.010000000000000000e+02
514        2.610000000000000000e+02
514        2.490000000000000000e+02
514        9.000000000000000000e+00
514        5.800000000000000000e+01
514        1.910000000000000000e+02
515        3.320000000000000000e+02
515        2.410000000000000000e+02
515        2.470000000000000000e+02
516        1.650000000000000000e+02
516        2.370000000000000000e+02
516        2.560000000000000000e+02
517        3.340000000000000000e+02
517        1.240000000000000000e+02
517        3.960000000000000000e+02
517        1.300000000000000000e+02
517        7.000000000000000000e+00
517        9.600000000000000000e+01
517        0.000000000000000000e+00
517        3.820000000000000000e+02
517        1.740000000000000000e+02
517        4.900000000000000000e+01
518        2.400000000000000000e+01
518        2.780000000000000000e+02
518        2.870000000000000000e+02
519        1.930000000000000000e+02
519        4.600000000000000000e+01
519        2.100000000000000000e+01
519        3.320000000000000000e+02
519        1.180000000000000000e+02
520        3.210000000000000000e+02
521        3.890000000000000000e+02
521        9.000000000000000000e+00
521        2.510000000000000000e+02
521        8.200000000000000000e+01
521        3.740000000000000000e+02
521        3.080000000000000000e+02
522        3.640000000000000000e+02
522        2.680000000000000000e+02
522        1.770000000000000000e+02
522        3.420000000000000000e+02
522        1.700000000000000000e+02
522        3.170000000000000000e+02
522        1.170000000000000000e+02
523        2.900000000000000000e+02
523        3.460000000000000000e+02
523        3.120000000000000000e+02
523        2.110000000000000000e+02
523        1.230000000000000000e+02
524        2.990000000000000000e+02
524        2.940000000000000000e+02
524        7.900000000000000000e+01
525        1.160000000000000000e+02
525        1.520000000000000000e+02
525        1.910000000000000000e+02
525        1.980000000000000000e+02
525        3.430000000000000000e+02
525        1.020000000000000000e+02
525        1.510000000000000000e+02
526        4.200000000000000000e+01
526        1.730000000000000000e+02
526        1.330000000000000000e+02
526        3.120000000000000000e+02
526        3.100000000000000000e+02
526        2.260000000000000000e+02
526        2.490000000000000000e+02
527        5.800000000000000000e+01
528        1.620000000000000000e+02
528        3.030000000000000000e+02
528        3.470000000000000000e+02
528        1.610000000000000000e+02
528        3.200000000000000000e+02
528        1.060000000000000000e+02
529        2.030000000000000000e+02
529        3.400000000000000000e+01
529        1.000000000000000000e+01
530        2.690000000000000000e+02
530        2.150000000000000000e+02
530        1.130000000000000000e+02
530        2.340000000000000000e+02
530        3.200000000000000000e+01
530        1.600000000000000000e+01
530        9.900000000000000000e+01
531        1.420000000000000000e+02
531        1.990000000000000000e+02
531        5.100000000000000000e+01
531        3.390000000000000000e+02
531        3.870000000000000000e+02
532        3.980000000000000000e+02
532        2.960000000000000000e+02
532        2.650000000000000000e+02
533        1.510000000000000000e+02
533        5.400000000000000000e+01
533        1.770000000000000000e+02
533        1.450000000000000000e+02
534        1.590000000000000000e+02
534        2.740000000000000000e+02
534        2.970000000000000000e+02
534        3.030000000000000000e+02
534        2.700000000000000000e+02
534        3.520000000000000000e+02
535        2.780000000000000000e+02
535        1.040000000000000000e+02
535        6.000000000000000000e+00
535        2.370000000000000000e+02
535        1.660000000000000000e+02
536        6.600000000000000000e+01
536        3.770000000000000000e+02
536        1.860000000000000000e+02
536        9.700000000000000000e+01
536        1.110000000000000000e+02
536        3.970000000000000000e+02
536        1.760000000000000000e+02
537        2.820000000000000000e+02
537        2.730000000000000000e+02
537        2.230000000000000000e+02
537        2.300000000000000000e+02
538        5.300000000000000000e+01
538        2.550000000000000000e+02
538        8.200000000000000000e+01
538        1.260000000000000000e+02
539        1.460000000000000000e+02
539        3.940000000000000000e+02
539        1.660000000000000000e+02
539        1.010000000000000000e+02
539        1.380000000000000000e+02
540        2.690000000000000000e+02
540        3.980000000000000000e+02
540        1.430000000000000000e+02
541        3.500000000000000000e+01
541        5.700000000000000000e+01
541        1.120000000000000000e+02
541        6.700000000000000000e+01
541        8.400000000000000000e+01
541        2.340000000000000000e+02
541        2.360000000000000000e+02
541        1.130000000000000000e+02
542        7.600000000000000000e+01
542        3.260000000000000000e+02
543        3.550000000000000000e+02
543        1.740000000000000000e+02
543        1.570000000000000000e+02
543        3.790000000000000000e+02
543        2.630000000000000000e+02
543        3.160000000000000000e+02
544        1.210000000000000000e+02
544        4.200000000000000000e+01
544        2.070000000000000000e+02
544        3.370000000000000000e+02
544        3.070000000000000000e+02
545        6.300000000000000000e+01
545        2.700000000000000000e+02
545        3.700000000000000000e+01
545        4.900000000000000000e+01
546        2.640000000000000000e+02
546        3.040000000000000000e+02
546        2.110000000000000000e+02
546        2.900000000000000000e+02
546        1.540000000000000000e+02
547        3.500000000000000000e+02
547        3.840000000000000000e+02
547        3.440000000000000000e+02
547        2.530000000000000000e+02
547        1.170000000000000000e+02
547        2.500000000000000000e+01
547        2.860000000000000000e+02
548        2.460000000000000000e+02
548        8.300000000000000000e+01
548        2.790000000000000000e+02
548        2.400000000000000000e+01
548        6.600000000000000000e+01
548        3.480000000000000000e+02
548        3.430000000000000000e+02
548        3.920000000000000000e+02
548        4.700000000000000000e+01
549        2.740000000000000000e+02
549        1.840000000000000000e+02
549        1.970000000000000000e+02
549        8.900000000000000000e+01
550        3.600000000000000000e+02
550        3.260000000000000000e+02
550        3.570000000000000000e+02
550        3.960000000000000000e+02
550        2.210000000000000000e+02
551        4.000000000000000000e+00
551        9.200000000000000000e+01
552        3.520000000000000000e+02
552        6.000000000000000000e+01
552        3.440000000000000000e+02
552        4.500000000000000000e+01
552        1.400000000000000000e+02
552        3.790000000000000000e+02
552        2.670000000000000000e+02
553        3.470000000000000000e+02
553        3.060000000000000000e+02
553        2.540000000000000000e+02
553        2.410000000000000000e+02
554        2.940000000000000000e+02
554        1.130000000000000000e+02
554        3.890000000000000000e+02
554        1.100000000000000000e+02
554        2.590000000000000000e+02
554        3.500000000000000000e+01
554        1.400000000000000000e+01
554        2.250000000000000000e+02
555        2.700000000000000000e+02
555        8.800000000000000000e+01
555        1.900000000000000000e+02
555        5.300000000000000000e+01
555        2.620000000000000000e+02
556        1.210000000000000000e+02
556        3.970000000000000000e+02
556        2.300000000000000000e+02
556        8.100000000000000000e+01
556        3.810000000000000000e+02
556        2.700000000000000000e+01
557        2.260000000000000000e+02
557        3.350000000000000000e+02
557        1.950000000000000000e+02
557        9.600000000000000000e+01
557        2.060000000000000000e+02
557        1.840000000000000000e+02
557        8.600000000000000000e+01
558        9.400000000000000000e+01
558        6.900000000000000000e+01
558        2.400000000000000000e+01
558        3.020000000000000000e+02
559        3.410000000000000000e+02
559        2.330000000000000000e+02
559        2.820000000000000000e+02
559        1.760000000000000000e+02
559        4.000000000000000000e+01
559        2.440000000000000000e+02
559        1.240000000000000000e+02
559        8.400000000000000000e+01
560        2.760000000000000000e+02
560        9.800000000000000000e+01
561        2.800000000000000000e+02
561        2.310000000000000000e+02
561        2.680000000000000000e+02
561        3.640000000000000000e+02
561        2.490000000000000000e+02
561        3.000000000000000000e+00
561        4.800000000000000000e+01
562        2.460000000000000000e+02
562        3.480000000000000000e+02
562        4.100000000000000000e+01
562        1.500000000000000000e+02
562        5.000000000000000000e+01
562        3.060000000000000000e+02
563        1.860000000000000000e+02
563        2.430000000000000000e+02
563        3.080000000000000000e+02
564        6.800000000000000000e+01
564        1.340000000000000000e+02
564        4.900000000000000000e+01
564        3.110000000000000000e+02
564        3.020000000000000000e+02
564        8.600000000000000000e+01
564        3.460000000000000000e+02
564        1.610000000000000000e+02
564        2.240000000000000000e+02
565        1.800000000000000000e+02
565        1.250000000000000000e+02
565        4.700000000000000000e+01
566        2.960000000000000000e+02
566        8.000000000000000000e+00
566        3.650000000000000000e+02
567        1.030000000000000000e+02
567        2.410000000000000000e+02
567        3.700000000000000000e+01
567        3.520000000000000000e+02
567        1.660000000000000000e+02
567        2.950000000000000000e+02
568        1.160000000000000000e+02
568        3.320000000000000000e+02
568        1.570000000000000000e+02
569        2.070000000000000000e+02
569        1.670000000000000000e+02
569        2.000000000000000000e+02
569        1.330000000000000000e+02
569        2.740000000000000000e+02
569        2.190000000000000000e+02
569        1.900000000000000000e+01
569        2.560000000000000000e+02
569        1.080000000000000000e+02
570        2.870000000000000000e+02
570        7.600000000000000000e+01
570        2.030000000000000000e+02
570        2.460000000000000000e+02
570        7.200000000000000000e+01
571        9.000000000000000000e+00
571        1.690000000000000000e+02
571        1.460000000000000000e+02
571        2.980000000000000000e+02
571        1.990000000000000000e+02
572        3.890000000000000000e+02
572        6.900000000000000000e+01
572        8.000000000000000000e+01
573        2.440000000000000000e+02
573        1.840000000000000000e+02
573        3.640000000000000000e+02
573        3.350000000000000000e+02
573        3.540000000000000000e+02
573        1.500000000000000000e+02
573        2.400000000000000000e+02
574        2.200000000000000000e+02
574        4.100000000000000000e+01
574        4.400000000000000000e+01
574        7.300000000000000000e+01
574        1.030000000000000000e+02
575        3.870000000000000000e+02
575        7.400000000000000000e+01
575        2.700000000000000000e+02
576        1.020000000000000000e+02
576        1.390000000000000000e+02
576        3.320000000000000000e+02
576        1.190000000000000000e+02
576        1.990000000000000000e+02
576        3.770000000000000000e+02
577        1.450000000000000000e+02
577        1.160000000000000000e+02
577        1.060000000000000000e+02
577        2.380000000000000000e+02
577        1.070000000000000000e+02
577        5.100000000000000000e+01
577        3.570000000000000000e+02
577        2.820000000000000000e+02
578        5.400000000000000000e+01
578        3.200000000000000000e+01
578        2.800000000000000000e+01
578        2.060000000000000000e+02
578        3.390000000000000000e+02
578        3.930000000000000000e+02
578        1.750000000000000000e+02
579        2.990000000000000000e+02
579        2.870000000000000000e+02
579        3.010000000000000000e+02
579        3.590000000000000000e+02
579        2.750000000000000000e+02
579        1.140000000000000000e+02
580        1.890000000000000000e+02
580        2.120000000000000000e+02
580        1.680000000000000000e+02
580        2.400000000000000000e+02
580        2.620000000000000000e+02
581        4.900000000000000000e+01
581        1.370000000000000000e+02
581        3.240000000000000000e+02
581        3.890000000000000000e+02
582        1.480000000000000000e+02
582        1.150000000000000000e+02
582        2.650000000000000000e+02
582        1.220000000000000000e+02
582        2.080000000000000000e+02
583        1.080000000000000000e+02
583        3.820000000000000000e+02
583        2.970000000000000000e+02
583        3.150000000000000000e+02
583        2.700000000000000000e+02
584        7.000000000000000000e+00
584        2.590000000000000000e+02
584        3.430000000000000000e+02
584        2.160000000000000000e+02
584        1.810000000000000000e+02
585        1.310000000000000000e+02
585        4.700000000000000000e+01
585        3.990000000000000000e+02
585        2.350000000000000000e+02
585        1.700000000000000000e+02
585        1.470000000000000000e+02
585        1.210000000000000000e+02
586        3.020000000000000000e+02
586        7.600000000000000000e+01
586        3.180000000000000000e+02
586        2.200000000000000000e+02
586        2.690000000000000000e+02
586        2.720000000000000000e+02
587        3.090000000000000000e+02
587        1.090000000000000000e+02
587        3.380000000000000000e+02
587        4.100000000000000000e+01
587        2.890000000000000000e+02
587        2.210000000000000000e+02
587        1.370000000000000000e+02
587        1.190000000000000000e+02
587        9.500000000000000000e+01
588        8.000000000000000000e+00
588        2.410000000000000000e+02
588        6.000000000000000000e+01
588        1.200000000000000000e+02
588        1.500000000000000000e+01
589        2.920000000000000000e+02
589        3.220000000000000000e+02
589        1.610000000000000000e+02
590        1.600000000000000000e+01
590        1.010000000000000000e+02
590        4.600000000000000000e+01
590        3.230000000000000000e+02
590        4.900000000000000000e+01
590        1.790000000000000000e+02
591        2.500000000000000000e+01
591        1.000000000000000000e+02
591        2.790000000000000000e+02
591        3.180000000000000000e+02
591        9.400000000000000000e+01
591        2.800000000000000000e+01
591        5.500000000000000000e+01
592        1.470000000000000000e+02
592        1.580000000000000000e+02
592        2.010000000000000000e+02
593        2.830000000000000000e+02
593        3.900000000000000000e+01
593        1.020000000000000000e+02
593        3.620000000000000000e+02
593        3.630000000000000000e+02
593        1.240000000000000000e+02
593        1.690000000000000000e+02
593        2.210000000000000000e+02
593        3.320000000000000000e+02
593        2.200000000000000000e+02
593        3.990000000000000000e+02
593        3.130000000000000000e+02
593        4.800000000000000000e+01
594        2.620000000000000000e+02
594        2.410000000000000000e+02
594        1.540000000000000000e+02
595        9.200000000000000000e+01
595        2.340000000000000000e+02
595        2.710000000000000000e+02
595        8.000000000000000000e+01
595        2.640000000000000000e+02
596        5.700000000000000000e+01
596        7.800000000000000000e+01
596        2.100000000000000000e+01
596        2.300000000000000000e+01
596        3.360000000000000000e+02
596        1.020000000000000000e+02
597        1.090000000000000000e+02
597        3.960000000000000000e+02
597        7.000000000000000000e+01
597        1.120000000000000000e+02
597        3.970000000000000000e+02
597        2.250000000000000000e+02
598        1.330000000000000000e+02
598        9.000000000000000000e+00
598        5.000000000000000000e+00
599        1.350000000000000000e+02
599        1.060000000000000000e+02
599        3.980000000000000000e+02
599        7.000000000000000000e+00
599        2.860000000000000000e+02
599        1.280000000000000000e+02
599        1.690000000000000000e+02
599        2.590000000000000000e+02
599        4.100000000000000000e+01
599        2.510000000000000000e+02
600        9.400000000000000000e+01
600        1.840000000000000000e+02
600        3.630000000000000000e+02
600        2.410000000000000000e+02
600        3.470000000000000000e+02
600        2.220000000000000000e+02
600        2.920000000000000000e+02
600        3.450000000000000000e+02
601        3.040000000000000000e+02
601        1.920000000000000000e+02
601        1.260000000000000000e+02
602        3.500000000000000000e+02
602        2.300000000000000000e+01
602        2.660000000000000000e+02
602        3.890000000000000000e+02
602        2.070000000000000000e+02
602        2.820000000000000000e+02
602        3.000000000000000000e+00
602        2.900000000000000000e+01
603        3.700000000000000000e+02
603        2.210000000000000000e+02
604        2.380000000000000000e+02
604        3.380000000000000000e+02
604        3.740000000000000000e+02
604        2.460000000000000000e+02
604        2.960000000000000000e+02
604        6.700000000000000000e+01
604        8.000000000000000000e+01
604        2.990000000000000000e+02
604        1.320000000000000000e+02
605        1.030000000000000000e+02
605        8.900000000000000000e+01
605        1.070000000000000000e+02
605        3.970000000000000000e+02
606        2.080000000000000000e+02
606        1.040000000000000000e+02
606        3.450000000000000000e+02
606        2.070000000000000000e+02
606        1.680000000000000000e+02
606        3.900000000000000000e+02
606        2.000000000000000000e+02
606        2.650000000000000000e+02
606        2.040000000000000000e+02
606        2.980000000000000000e+02
607        1.020000000000000000e+02
607        2.140000000000000000e+02
608        7.000000000000000000e+01
608        2.850000000000000000e+02
608        2.730000000000000000e+02
608        1.400000000000000000e+02
609        2.220000000000000000e+02
609        9.900000000000000000e+01
609        2.320000000000000000e+02
609        6.700000000000000000e+01
609        2.100000000000000000e+01
609        2.210000000000000000e+02
609        1.610000000000000000e+02
609        8.800000000000000000e+01
609        2.560000000000000000e+02
609        2.520000000000000000e+02
609        6.300000000000000000e+01
609        6.500000000000000000e+01
610        1.300000000000000000e+01
610        1.820000000000000000e+02
610        1.010000000000000000e+02
610        9.100000000000000000e+01
610        2.570000000000000000e+02
611        9.600000000000000000e+01
611        2.460000000000000000e+02
611        5.300000000000000000e+01
611        2.470000000000000000e+02
611        1.100000000000000000e+02
612        2.920000000000000000e+02
612        4.500000000000000000e+01
612        8.200000000000000000e+01
612        2.690000000000000000e+02
612        3.900000000000000000e+02
612        3.930000000000000000e+02
613        7.100000000000000000e+01
613        3.990000000000000000e+02
613        8.700000000000000000e+01
613        2.900000000000000000e+01
613        1.400000000000000000e+01
613        1.690000000000000000e+02
614        3.030000000000000000e+02
614        1.310000000000000000e+02
614        1.300000000000000000e+01
614        2.370000000000000000e+02
614        1.460000000000000000e+02
614        1.170000000000000000e+02
614        2.560000000000000000e+02
615        1.920000000000000000e+02
615        3.500000000000000000e+01
615        7.300000000000000000e+01
615        3.520000000000000000e+02
615        1.830000000000000000e+02
615        3.180000000000000000e+02
615        4.900000000000000000e+01
616        4.200000000000000000e+01
616        3.220000000000000000e+02
616        9.700000000000000000e+01
616        1.680000000000000000e+02
616        3.300000000000000000e+02
617        1.900000000000000000e+02
617        4.100000000000000000e+01
617        1.200000000000000000e+02
617        2.160000000000000000e+02
617        1.720000000000000000e+02
618        2.800000000000000000e+01
618        4.500000000000000000e+01
618        3.010000000000000000e+02
618        3.960000000000000000e+02
618        1.850000000000000000e+02
618        3.460000000000000000e+02
619        2.000000000000000000e+00
619        2.000000000000000000e+01
619        2.450000000000000000e+02
619        3.780000000000000000e+02
619        6.100000000000000000e+01
619        3.940000000000000000e+02
620        3.700000000000000000e+01
620        2.360000000000000000e+02
620        3.800000000000000000e+02
620        3.140000000000000000e+02
621        9.000000000000000000e+01
621        2.150000000000000000e+02
621        1.620000000000000000e+02
621        2.080000000000000000e+02
621        1.530000000000000000e+02
621        1.550000000000000000e+02
621        2.290000000000000000e+02
622        2.860000000000000000e+02
622        1.800000000000000000e+01
622        4.000000000000000000e+01
622        1.300000000000000000e+02
622        1.680000000000000000e+02
622        9.500000000000000000e+01
622        3.520000000000000000e+02
623        8.000000000000000000e+01
623        8.500000000000000000e+01
623        2.340000000000000000e+02
623        2.960000000000000000e+02
623        3.260000000000000000e+02
623        5.200000000000000000e+01
623        1.900000000000000000e+02
623        5.800000000000000000e+01
623        3.100000000000000000e+01
624        3.500000000000000000e+01
624        2.570000000000000000e+02
624        3.020000000000000000e+02
624        2.800000000000000000e+01
625        1.160000000000000000e+02
625        1.010000000000000000e+02
625        3.850000000000000000e+02
625        1.850000000000000000e+02
625        1.410000000000000000e+02
626        1.030000000000000000e+02
626        2.410000000000000000e+02
626        4.100000000000000000e+01
626        5.000000000000000000e+01
626        2.910000000000000000e+02
626        3.060000000000000000e+02
627        3.630000000000000000e+02
627        9.200000000000000000e+01
627        3.530000000000000000e+02
627        1.380000000000000000e+02
627        3.050000000000000000e+02
627        1.630000000000000000e+02
627        2.100000000000000000e+01
628        2.280000000000000000e+02
628        2.340000000000000000e+02
628        3.250000000000000000e+02
628        1.800000000000000000e+01
628        6.500000000000000000e+01
628        2.720000000000000000e+02
628        2.440000000000000000e+02
628        1.440000000000000000e+02
629        5.200000000000000000e+01
629        3.160000000000000000e+02
629        2.800000000000000000e+01
630        6.700000000000000000e+01
630        1.340000000000000000e+02
630        1.900000000000000000e+01
630        1.860000000000000000e+02
630        1.910000000000000000e+02
630        3.780000000000000000e+02
630        2.230000000000000000e+02
630        2.650000000000000000e+02
630        1.100000000000000000e+01
631        3.010000000000000000e+02
631        6.000000000000000000e+01
631        2.400000000000000000e+02
631        3.820000000000000000e+02
632        3.080000000000000000e+02
632        2.470000000000000000e+02
632        4.800000000000000000e+01
632        3.600000000000000000e+02
632        2.550000000000000000e+02
632        3.540000000000000000e+02
633        1.390000000000000000e+02
633        1.790000000000000000e+02
633        3.360000000000000000e+02
633        2.810000000000000000e+02
633        1.870000000000000000e+02
633        2.190000000000000000e+02
633        3.990000000000000000e+02
633        1.440000000000000000e+02
633        3.260000000000000000e+02
633        3.860000000000000000e+02
633        1.020000000000000000e+02
633        1.360000000000000000e+02
634        2.300000000000000000e+02
634        2.370000000000000000e+02
635        9.500000000000000000e+01
635        1.130000000000000000e+02
635        1.920000000000000000e+02
635        3.440000000000000000e+02
635        1.000000000000000000e+02
636        9.000000000000000000e+00
636        3.640000000000000000e+02
636        1.800000000000000000e+01
636        2.720000000000000000e+02
636        1.240000000000000000e+02
637        1.090000000000000000e+02
637        3.070000000000000000e+02
637        3.030000000000000000e+02
637        1.900000000000000000e+02
637        1.390000000000000000e+02
637        1.870000000000000000e+02
637        1.220000000000000000e+02
637        1.410000000000000000e+02
638        1.540000000000000000e+02
638        3.080000000000000000e+02
638        1.680000000000000000e+02
638        3.770000000000000000e+02
638        3.100000000000000000e+02
638        5.000000000000000000e+01
638        1.990000000000000000e+02
638        3.900000000000000000e+02
638        7.300000000000000000e+01
639        3.540000000000000000e+02
639        3.380000000000000000e+02
640        1.500000000000000000e+01
640        1.200000000000000000e+02
640        3.220000000000000000e+02
640        3.100000000000000000e+01
640        7.000000000000000000e+01
640        3.440000000000000000e+02
640        2.440000000000000000e+02
640        7.400000000000000000e+01
640        3.180000000000000000e+02
641        2.930000000000000000e+02
641        9.600000000000000000e+01
641        2.400000000000000000e+02
641        9.000000000000000000e+00
641        2.330000000000000000e+02
642        2.710000000000000000e+02
642        8.500000000000000000e+01
642        3.830000000000000000e+02
642        3.420000000000000000e+02
643        1.640000000000000000e+02
643        2.380000000000000000e+02
643        3.590000000000000000e+02
643        1.830000000000000000e+02
643        6.000000000000000000e+00
643        2.620000000000000000e+02
643        2.740000000000000000e+02
643        1.960000000000000000e+02
643        3.930000000000000000e+02
643        2.970000000000000000e+02
643        5.600000000000000000e+01
644        4.700000000000000000e+01
644        3.520000000000000000e+02
644        1.340000000000000000e+02
644        3.970000000000000000e+02
645        2.690000000000000000e+02
645        3.160000000000000000e+02
645        7.700000000000000000e+01
645        3.840000000000000000e+02
645        1.400000000000000000e+02
646        3.910000000000000000e+02
646        1.120000000000000000e+02
646        3.030000000000000000e+02
646        3.240000000000000000e+02
646        1.110000000000000000e+02
646        2.870000000000000000e+02
646        1.040000000000000000e+02
647        2.650000000000000000e+02
647        2.230000000000000000e+02
647        1.160000000000000000e+02
647        2.110000000000000000e+02
647        3.670000000000000000e+02
647        2.270000000000000000e+02
647        6.400000000000000000e+01
648        3.430000000000000000e+02
648        8.000000000000000000e+01
648        2.490000000000000000e+02
648        3.890000000000000000e+02
648        2.890000000000000000e+02
648        2.550000000000000000e+02
649        1.300000000000000000e+01
649        3.770000000000000000e+02
649        1.550000000000000000e+02
649        3.650000000000000000e+02
649        3.390000000000000000e+02
649        2.480000000000000000e+02
649        3.900000000000000000e+02
649        6.200000000000000000e+01
649        1.340000000000000000e+02
650        3.860000000000000000e+02
650        1.900000000000000000e+01
650        3.710000000000000000e+02
651        3.030000000000000000e+02
651        1.150000000000000000e+02
651        2.690000000000000000e+02
651        2.210000000000000000e+02
651        3.520000000000000000e+02
652        2.000000000000000000e+01
652        2.960000000000000000e+02
652        2.670000000000000000e+02
652        9.100000000000000000e+01
652        2.160000000000000000e+02
652        2.100000000000000000e+01
652        1.010000000000000000e+02
652        3.080000000000000000e+02
652        3.340000000000000000e+02
653        3.890000000000000000e+02
653        1.520000000000000000e+02
653        1.870000000000000000e+02
653        2.500000000000000000e+01
653        1.830000000000000000e+02
653        2.220000000000000000e+02
653        3.570000000000000000e+02
654        6.900000000000000000e+01
654        3.400000000000000000e+02
654        7.000000000000000000e+01
654        2.600000000000000000e+01
654        1.370000000000000000e+02
654        3.690000000000000000e+02
655        8.600000000000000000e+01
655        1.040000000000000000e+02
655        5.400000000000000000e+01
655        3.200000000000000000e+01
655        1.660000000000000000e+02
655        1.810000000000000000e+02
655        3.310000000000000000e+02
656        3.550000000000000000e+02
656        2.940000000000000000e+02
656        3.300000000000000000e+02
657        2.980000000000000000e+02
657        1.340000000000000000e+02
657        1.290000000000000000e+02
657        3.580000000000000000e+02
657        2.500000000000000000e+01
657        3.050000000000000000e+02
657        1.000000000000000000e+02
657        2.470000000000000000e+02
657        3.360000000000000000e+02
657        3.800000000000000000e+01
658        1.130000000000000000e+02
658        2.110000000000000000e+02
658        3.100000000000000000e+01
658        2.360000000000000000e+02
658        6.100000000000000000e+01
659        2.250000000000000000e+02
659        3.090000000000000000e+02
659        1.940000000000000000e+02
659        1.000000000000000000e+00
659        3.810000000000000000e+02
659        2.680000000000000000e+02
659        8.400000000000000000e+01
659        8.600000000000000000e+01
660        3.330000000000000000e+02
660        1.960000000000000000e+02
661        1.070000000000000000e+02
661        1.970000000000000000e+02
661        2.600000000000000000e+01
661        1.270000000000000000e+02
661        3.940000000000000000e+02
661        5.000000000000000000e+01
661        2.210000000000000000e+02
661        3.730000000000000000e+02
661        6.300000000000000000e+01
661        1.900000000000000000e+01
661        9.300000000000000000e+01
662        2.280000000000000000e+02
662        1.950000000000000000e+02
662        0.000000000000000000e+00
663        1.400000000000000000e+02
663        1.530000000000000000e+02
663        2.950000000000000000e+02
663        6.500000000000000000e+01
663        2.880000000000000000e+02
663        2.240000000000000000e+02
663        8.700000000000000000e+01
663        8.500000000000000000e+01
663        3.300000000000000000e+01
664        8.600000000000000000e+01
664        1.280000000000000000e+02
664        1.900000000000000000e+02
664        2.730000000000000000e+02
664        2.800000000000000000e+01
664        5.200000000000000000e+01
665        2.200000000000000000e+01
665        3.700000000000000000e+01
665        7.100000000000000000e+01
665        2.270000000000000000e+02
665        3.740000000000000000e+02
666        1.930000000000000000e+02
666        1.030000000000000000e+02
666        9.600000000000000000e+01
666        8.100000000000000000e+01
666        3.320000000000000000e+02
666        5.400000000000000000e+01
666        3.660000000000000000e+02
666        3.100000000000000000e+01
666        9.200000000000000000e+01
667        3.830000000000000000e+02
667        1.730000000000000000e+02
667        3.870000000000000000e+02
667        7.900000000000000000e+01
667        1.010000000000000000e+02
667        1.700000000000000000e+02
667        2.760000000000000000e+02
668        2.770000000000000000e+02
668        1.120000000000000000e+02
668        1.040000000000000000e+02
668        1.260000000000000000e+02
668        2.460000000000000000e+02
669        2.550000000000000000e+02
669        2.630000000000000000e+02
669        1.980000000000000000e+02
669        2.900000000000000000e+01
669        2.820000000000000000e+02
669        3.090000000000000000e+02
669        2.200000000000000000e+01
669        1.130000000000000000e+02
669        1.480000000000000000e+02
669        3.430000000000000000e+02
670        3.910000000000000000e+02
670        5.100000000000000000e+01
670        3.790000000000000000e+02
670        7.100000000000000000e+01
671        1.440000000000000000e+02
671        2.690000000000000000e+02
671        3.740000000000000000e+02
671        3.060000000000000000e+02
671        2.080000000000000000e+02
672        3.960000000000000000e+02
672        9.100000000000000000e+01
672        5.400000000000000000e+01
672        1.420000000000000000e+02
672        3.610000000000000000e+02
672        2.760000000000000000e+02
672        8.400000000000000000e+01
672        2.490000000000000000e+02
672        9.700000000000000000e+01
672        6.400000000000000000e+01
672        8.300000000000000000e+01
672        3.300000000000000000e+02
672        4.600000000000000000e+01
673        1.240000000000000000e+02
673        2.570000000000000000e+02
673        7.500000000000000000e+01
673        3.880000000000000000e+02
674        9.300000000000000000e+01
674        2.200000000000000000e+01
674        2.140000000000000000e+02
674        3.700000000000000000e+02
674        5.200000000000000000e+01
674        3.800000000000000000e+02
674        1.250000000000000000e+02
675        2.530000000000000000e+02
675        3.950000000000000000e+02
675        5.300000000000000000e+01
675        2.500000000000000000e+02
676        2.870000000000000000e+02
676        3.870000000000000000e+02
676        3.560000000000000000e+02
676        1.560000000000000000e+02
676        2.500000000000000000e+01
676        2.490000000000000000e+02
676        3.600000000000000000e+01
676        1.600000000000000000e+02
677        2.320000000000000000e+02
677        1.450000000000000000e+02
677        3.290000000000000000e+02
677        1.360000000000000000e+02
677        3.710000000000000000e+02
677        1.370000000000000000e+02
678        2.560000000000000000e+02
678        1.340000000000000000e+02
678        2.260000000000000000e+02
678        1.500000000000000000e+01
678        1.000000000000000000e+00
678        1.240000000000000000e+02
678        4.100000000000000000e+01
678        2.170000000000000000e+02
678        1.510000000000000000e+02
678        1.050000000000000000e+02
679        1.280000000000000000e+02
679        2.280000000000000000e+02
679        3.800000000000000000e+01
679        1.690000000000000000e+02
679        2.830000000000000000e+02
679        3.330000000000000000e+02
679        3.840000000000000000e+02
680        7.700000000000000000e+01
680        3.750000000000000000e+02
680        3.250000000000000000e+02
680        1.090000000000000000e+02
681        2.020000000000000000e+02
681        5.600000000000000000e+01
681        6.300000000000000000e+01
681        2.150000000000000000e+02
681        2.810000000000000000e+02
682        1.130000000000000000e+02
682        5.000000000000000000e+01
682        2.430000000000000000e+02
682        9.000000000000000000e+01
683        3.430000000000000000e+02
683        3.700000000000000000e+01
683        1.680000000000000000e+02
683        1.980000000000000000e+02
683        8.900000000000000000e+01
683        2.570000000000000000e+02
683        2.830000000000000000e+02
683        1.900000000000000000e+02
684        1.400000000000000000e+01
684        1.310000000000000000e+02
684        3.330000000000000000e+02
684        1.290000000000000000e+02
684        1.500000000000000000e+02
684        3.610000000000000000e+02
684        3.100000000000000000e+01
684        2.990000000000000000e+02
685        2.260000000000000000e+02
685        3.630000000000000000e+02
685        6.200000000000000000e+01
685        0.000000000000000000e+00
685        1.250000000000000000e+02
686        1.060000000000000000e+02
686        1.170000000000000000e+02
686        3.300000000000000000e+01
686        1.560000000000000000e+02
686        2.390000000000000000e+02
686        1.420000000000000000e+02
687        7.000000000000000000e+00
687        2.820000000000000000e+02
687        8.700000000000000000e+01
687        2.330000000000000000e+02
687        3.090000000000000000e+02
688        1.190000000000000000e+02
688        2.290000000000000000e+02
688        8.400000000000000000e+01
688        1.600000000000000000e+02
688        1.680000000000000000e+02
688        2.950000000000000000e+02
688        2.000000000000000000e+02
688        1.660000000000000000e+02
688        7.800000000000000000e+01
688        3.200000000000000000e+02
689        2.900000000000000000e+01
689        6.500000000000000000e+01
689        3.960000000000000000e+02
689        6.400000000000000000e+01
690        3.520000000000000000e+02
690        1.750000000000000000e+02
690        3.210000000000000000e+02
690        2.270000000000000000e+02
690        1.380000000000000000e+02
690        5.300000000000000000e+01
690        6.000000000000000000e+00
690        2.000000000000000000e+01
690        2.280000000000000000e+02
691        2.850000000000000000e+02
691        3.490000000000000000e+02
691        1.360000000000000000e+02
691        3.690000000000000000e+02
691        3.800000000000000000e+02
691        2.840000000000000000e+02
692        3.790000000000000000e+02
692        1.110000000000000000e+02
692        1.850000000000000000e+02
692        2.200000000000000000e+01
692        2.990000000000000000e+02
692        6.900000000000000000e+01
692        1.620000000000000000e+02
693        3.660000000000000000e+02
693        1.840000000000000000e+02
693        1.640000000000000000e+02
693        2.440000000000000000e+02
693        2.700000000000000000e+02
693        3.910000000000000000e+02
693        3.160000000000000000e+02
694        2.140000000000000000e+02
694        2.500000000000000000e+02
694        3.360000000000000000e+02
694        3.120000000000000000e+02
694        1.080000000000000000e+02
694        3.920000000000000000e+02
694        1.180000000000000000e+02
694        2.210000000000000000e+02
695        2.320000000000000000e+02
695        1.400000000000000000e+02
695        3.900000000000000000e+01
695        3.600000000000000000e+01
695        6.000000000000000000e+00
695        2.870000000000000000e+02
695        3.180000000000000000e+02
696        1.680000000000000000e+02
696        2.160000000000000000e+02
696        1.070000000000000000e+02
696        4.700000000000000000e+01
696        2.020000000000000000e+02
697        1.700000000000000000e+01
697        5.000000000000000000e+00
697        9.000000000000000000e+01
697        3.300000000000000000e+02
697        1.860000000000000000e+02
697        3.850000000000000000e+02
698        3.770000000000000000e+02
698        2.070000000000000000e+02
698        8.700000000000000000e+01
698        1.140000000000000000e+02
698        2.460000000000000000e+02
698        3.000000000000000000e+02
699        6.200000000000000000e+01
699        1.900000000000000000e+02
699        1.460000000000000000e+02
699        2.650000000000000000e+02
699        3.610000000000000000e+02
699        1.590000000000000000e+02
699        3.160000000000000000e+02
699        3.280000000000000000e+02
699        1.840000000000000000e+02
700        1.220000000000000000e+02
700        2.450000000000000000e+02
700        3.860000000000000000e+02
701        3.590000000000000000e+02
701        3.410000000000000000e+02
701        1.440000000000000000e+02
701        6.000000000000000000e+00
701        7.000000000000000000e+00
702        1.790000000000000000e+02
702        3.340000000000000000e+02
702        2.700000000000000000e+01
702        1.340000000000000000e+02
702        1.260000000000000000e+02
702        1.500000000000000000e+01
702        3.350000000000000000e+02
702        3.620000000000000000e+02
702        3.930000000000000000e+02
702        3.460000000000000000e+02
702        1.090000000000000000e+02
702        2.440000000000000000e+02
702        2.320000000000000000e+02
702        3.040000000000000000e+02
703        1.300000000000000000e+02
703        3.960000000000000000e+02
703        8.100000000000000000e+01
703        9.400000000000000000e+01
704        1.030000000000000000e+02
704        1.770000000000000000e+02
704        1.540000000000000000e+02
704        3.240000000000000000e+02
704        1.970000000000000000e+02
704        2.570000000000000000e+02
704        1.210000000000000000e+02
704        3.080000000000000000e+02
705        2.960000000000000000e+02
705        7.300000000000000000e+01
705        1.940000000000000000e+02
705        4.100000000000000000e+01
705        4.500000000000000000e+01
705        2.010000000000000000e+02
706        2.640000000000000000e+02
706        8.000000000000000000e+01
706        2.230000000000000000e+02
706        2.140000000000000000e+02
706        2.390000000000000000e+02
706        2.900000000000000000e+02
706        2.870000000000000000e+02
706        1.950000000000000000e+02
707        8.500000000000000000e+01
707        2.170000000000000000e+02
707        1.130000000000000000e+02
707        1.500000000000000000e+01
707        1.690000000000000000e+02
708        1.800000000000000000e+01
708        1.810000000000000000e+02
708        2.930000000000000000e+02
708        2.950000000000000000e+02
708        6.400000000000000000e+01
708        2.300000000000000000e+02
708        2.280000000000000000e+02
708        2.880000000000000000e+02
708        6.900000000000000000e+01
709        2.520000000000000000e+02
709        2.600000000000000000e+01
709        1.340000000000000000e+02
709        2.000000000000000000e+01
709        1.180000000000000000e+02
709        2.310000000000000000e+02
710        1.980000000000000000e+02
710        3.480000000000000000e+02
711        2.410000000000000000e+02
711        5.200000000000000000e+01
711        1.060000000000000000e+02
711        2.110000000000000000e+02
711        8.700000000000000000e+01
711        4.400000000000000000e+01
711        8.300000000000000000e+01
711        9.600000000000000000e+01
711        2.210000000000000000e+02
712        1.770000000000000000e+02
712        2.650000000000000000e+02
712        3.010000000000000000e+02
712        2.450000000000000000e+02
713        1.590000000000000000e+02
713        3.420000000000000000e+02
713        1.940000000000000000e+02
713        2.660000000000000000e+02
713        1.820000000000000000e+02
713        2.820000000000000000e+02
713        2.750000000000000000e+02
713        3.870000000000000000e+02
713        3.690000000000000000e+02
714        3.300000000000000000e+01
714        1.100000000000000000e+02
714        1.990000000000000000e+02
714        3.550000000000000000e+02
714        2.280000000000000000e+02
714        2.930000000000000000e+02
714        9.000000000000000000e+01
715        2.050000000000000000e+02
715        3.780000000000000000e+02
715        7.300000000000000000e+01
715        2.640000000000000000e+02
715        2.810000000000000000e+02
715        7.600000000000000000e+01
715        7.400000000000000000e+01
715        1.180000000000000000e+02
715        2.300000000000000000e+02
716        2.700000000000000000e+02
716        2.020000000000000000e+02
716        3.540000000000000000e+02
716        3.460000000000000000e+02
716        2.470000000000000000e+02
716        2.110000000000000000e+02
716        2.350000000000000000e+02
716        3.790000000000000000e+02
716        3.390000000000000000e+02
717        7.900000000000000000e+01
717        3.670000000000000000e+02
717        2.040000000000000000e+02
718        9.600000000000000000e+01
718        3.610000000000000000e+02
718        2.990000000000000000e+02
718        9.900000000000000000e+01
718        1.770000000000000000e+02
719        1.970000000000000000e+02
719        1.030000000000000000e+02
719        2.560000000000000000e+02
719        1.020000000000000000e+02
719        1.200000000000000000e+01
719        9.100000000000000000e+01
719        3.850000000000000000e+02
719        4.300000000000000000e+01
720        3.310000000000000000e+02
720        3.910000000000000000e+02
720        1.630000000000000000e+02
720        2.100000000000000000e+01
720        3.250000000000000000e+02
720        9.300000000000000000e+01
720        3.770000000000000000e+02
720        3.990000000000000000e+02
720        9.000000000000000000e+01
720        2.140000000000000000e+02
721        3.740000000000000000e+02
721        3.900000000000000000e+02
721        3.300000000000000000e+01
721        2.060000000000000000e+02
721        1.940000000000000000e+02
721        1.400000000000000000e+02
722        1.080000000000000000e+02
722        2.430000000000000000e+02
722        2.880000000000000000e+02
722        5.800000000000000000e+01
722        2.110000000000000000e+02
723        1.180000000000000000e+02
723        8.900000000000000000e+01
723        3.610000000000000000e+02
723        3.550000000000000000e+02
723        3.400000000000000000e+01
723        2.700000000000000000e+01
723        1.200000000000000000e+01
724        3.420000000000000000e+02
724        2.340000000000000000e+02
724        3.700000000000000000e+02
724        7.600000000000000000e+01
724        3.360000000000000000e+02
724        2.170000000000000000e+02
724        8.000000000000000000e+00
725        5.200000000000000000e+01
725        2.640000000000000000e+02
725        3.940000000000000000e+02
725        2.360000000000000000e+02
725        9.000000000000000000e+00
725        2.120000000000000000e+02
725        3.720000000000000000e+02
725        3.100000000000000000e+02
725        3.950000000000000000e+02
725        1.490000000000000000e+02
726        3.880000000000000000e+02
726        1.630000000000000000e+02
727        1.080000000000000000e+02
727        6.400000000000000000e+01
727        2.750000000000000000e+02
727        3.810000000000000000e+02
727        1.580000000000000000e+02
727        1.750000000000000000e+02
728        1.510000000000000000e+02
728        1.450000000000000000e+02
728        2.710000000000000000e+02
728        3.520000000000000000e+02
728        3.110000000000000000e+02
728        2.420000000000000000e+02
728        2.250000000000000000e+02
729        1.970000000000000000e+02
729        5.000000000000000000e+00
729        7.300000000000000000e+01
729        2.700000000000000000e+01
729        3.580000000000000000e+02
729        7.100000000000000000e+01
730        3.770000000000000000e+02
730        3.800000000000000000e+01
730        1.140000000000000000e+02
730        2.700000000000000000e+02
730        2.800000000000000000e+02
730        1.660000000000000000e+02
730        1.990000000000000000e+02
730        1.290000000000000000e+02
730        1.260000000000000000e+02
731        2.600000000000000000e+02
731        1.530000000000000000e+02
731        4.100000000000000000e+01
732        2.200000000000000000e+02
732        1.410000000000000000e+02
732        3.960000000000000000e+02
732        3.050000000000000000e+02
732        6.400000000000000000e+01
732        2.910000000000000000e+02
732        1.810000000000000000e+02
732        3.100000000000000000e+01
733        1.620000000000000000e+02
733        1.490000000000000000e+02
733        2.360000000000000000e+02
734        3.210000000000000000e+02
734        2.220000000000000000e+02
734        1.090000000000000000e+02
734        3.680000000000000000e+02
734        3.000000000000000000e+00
734        3.700000000000000000e+01
734        3.930000000000000000e+02
734        2.230000000000000000e+02
734        3.650000000000000000e+02
734        1.980000000000000000e+02
734        2.850000000000000000e+02
734        1.260000000000000000e+02
735        2.460000000000000000e+02
735        2.660000000000000000e+02
735        2.610000000000000000e+02
736        2.700000000000000000e+01
736        1.580000000000000000e+02
736        2.400000000000000000e+02
736        1.660000000000000000e+02
736        3.610000000000000000e+02
736        1.330000000000000000e+02
736        1.520000000000000000e+02
737        3.780000000000000000e+02
737        2.030000000000000000e+02
737        2.110000000000000000e+02
737        3.850000000000000000e+02
737        2.920000000000000000e+02
737        2.000000000000000000e+00
737        1.510000000000000000e+02
737        4.700000000000000000e+01
737        3.010000000000000000e+02
737        3.340000000000000000e+02
737        1.810000000000000000e+02
738        3.700000000000000000e+02
738        4.500000000000000000e+01
738        3.000000000000000000e+02
738        1.970000000000000000e+02
738        1.530000000000000000e+02
739        1.300000000000000000e+01
739        1.230000000000000000e+02
739        1.900000000000000000e+02
739        1.680000000000000000e+02
739        3.800000000000000000e+02
739        2.280000000000000000e+02
739        2.870000000000000000e+02
739        2.900000000000000000e+02
739        1.710000000000000000e+02
740        3.610000000000000000e+02
740        1.590000000000000000e+02
740        1.560000000000000000e+02
740        2.580000000000000000e+02
740        6.900000000000000000e+01
741        3.930000000000000000e+02
741        8.500000000000000000e+01
741        2.290000000000000000e+02
741        3.780000000000000000e+02
742        1.260000000000000000e+02
742        3.030000000000000000e+02
742        3.300000000000000000e+02
742        3.700000000000000000e+02
742        8.700000000000000000e+01
742        1.370000000000000000e+02
742        1.610000000000000000e+02
742        1.410000000000000000e+02
742        2.210000000000000000e+02
742        3.360000000000000000e+02
742        3.600000000000000000e+01
743        1.970000000000000000e+02
743        1.080000000000000000e+02
743        1.480000000000000000e+02
743        3.050000000000000000e+02
744        1.030000000000000000e+02
744        4.300000000000000000e+01
744        3.830000000000000000e+02
744        1.890000000000000000e+02
744        2.770000000000000000e+02
744        1.820000000000000000e+02
745        2.800000000000000000e+02
745        2.980000000000000000e+02
745        2.500000000000000000e+01
745        2.590000000000000000e+02
745        2.550000000000000000e+02
745        3.160000000000000000e+02
745        7.100000000000000000e+01
746        3.390000000000000000e+02
746        3.610000000000000000e+02
746        3.110000000000000000e+02
746        4.000000000000000000e+00
746        3.500000000000000000e+01
746        1.770000000000000000e+02
746        3.740000000000000000e+02
747        3.060000000000000000e+02
747        3.380000000000000000e+02
747        4.600000000000000000e+01
747        6.300000000000000000e+01
747        3.580000000000000000e+02
748        2.380000000000000000e+02
748        4.400000000000000000e+01
748        3.020000000000000000e+02
748        2.560000000000000000e+02
748        3.850000000000000000e+02
748        2.620000000000000000e+02
748        2.190000000000000000e+02
748        1.800000000000000000e+02
748        3.800000000000000000e+01
748        9.600000000000000000e+01
748        1.640000000000000000e+02
749        2.660000000000000000e+02
749        3.790000000000000000e+02
749        3.710000000000000000e+02
749        2.680000000000000000e+02
750        2.050000000000000000e+02
750        1.600000000000000000e+01
750        2.860000000000000000e+02
750        3.200000000000000000e+01
750        2.720000000000000000e+02
750        1.950000000000000000e+02
751        1.510000000000000000e+02
751        5.600000000000000000e+01
751        1.790000000000000000e+02
751        2.290000000000000000e+02
751        1.910000000000000000e+02
751        2.440000000000000000e+02
751        2.590000000000000000e+02
751        3.130000000000000000e+02
751        2.000000000000000000e+01
752        2.870000000000000000e+02
752        2.400000000000000000e+01
752        2.170000000000000000e+02
752        1.610000000000000000e+02
752        2.990000000000000000e+02
753        8.500000000000000000e+01
753        1.700000000000000000e+02
753        3.050000000000000000e+02
753        1.390000000000000000e+02
753        2.500000000000000000e+01
753        3.940000000000000000e+02
753        2.120000000000000000e+02
753        3.120000000000000000e+02
754        1.410000000000000000e+02
754        2.500000000000000000e+02
754        1.720000000000000000e+02
754        1.920000000000000000e+02
754        3.160000000000000000e+02
755        1.970000000000000000e+02
755        2.770000000000000000e+02
755        3.640000000000000000e+02
755        3.210000000000000000e+02
755        3.590000000000000000e+02
755        0.000000000000000000e+00
756        6.100000000000000000e+01
756        1.350000000000000000e+02
756        4.700000000000000000e+01
756        1.300000000000000000e+02
756        3.000000000000000000e+00
756        5.000000000000000000e+00
756        1.450000000000000000e+02
756        2.600000000000000000e+02
756        1.560000000000000000e+02
756        3.700000000000000000e+02
756        1.780000000000000000e+02
757        1.500000000000000000e+02
757        2.970000000000000000e+02
757        2.800000000000000000e+01
757        1.520000000000000000e+02
757        2.570000000000000000e+02
758        2.880000000000000000e+02
758        6.600000000000000000e+01
758        3.130000000000000000e+02
758        3.050000000000000000e+02
759        1.670000000000000000e+02
759        1.700000000000000000e+01
759        1.860000000000000000e+02
759        3.770000000000000000e+02
759        1.820000000000000000e+02
759        1.370000000000000000e+02
759        3.510000000000000000e+02
759        1.920000000000000000e+02
759        1.590000000000000000e+02
759        7.000000000000000000e+00
759        1.760000000000000000e+02
759        3.600000000000000000e+02
759        1.440000000000000000e+02
759        1.180000000000000000e+02
759        2.070000000000000000e+02
761        1.000000000000000000e+01
761        2.370000000000000000e+02
761        1.780000000000000000e+02
761        2.020000000000000000e+02
761        7.200000000000000000e+01
761        5.100000000000000000e+01
762        1.150000000000000000e+02
762        2.260000000000000000e+02
762        8.500000000000000000e+01
762        1.430000000000000000e+02
762        3.590000000000000000e+02
762        2.730000000000000000e+02
762        2.740000000000000000e+02
762        3.150000000000000000e+02
763        2.650000000000000000e+02
763        2.850000000000000000e+02
763        7.100000000000000000e+01
763        1.350000000000000000e+02
763        3.300000000000000000e+01
763        3.530000000000000000e+02
763        1.970000000000000000e+02
763        3.690000000000000000e+02
764        2.400000000000000000e+01
764        2.610000000000000000e+02
764        2.040000000000000000e+02
765        3.600000000000000000e+01
765        3.120000000000000000e+02
765        1.560000000000000000e+02
765        9.500000000000000000e+01
765        6.100000000000000000e+01
765        2.120000000000000000e+02
765        3.130000000000000000e+02
765        2.720000000000000000e+02
765        6.300000000000000000e+01
765        2.430000000000000000e+02
765        3.940000000000000000e+02
766        3.320000000000000000e+02
766        2.930000000000000000e+02
766        2.280000000000000000e+02
766        2.500000000000000000e+02
766        2.000000000000000000e+01
766        2.220000000000000000e+02
766        3.800000000000000000e+02
767        3.440000000000000000e+02
767        1.780000000000000000e+02
767        3.110000000000000000e+02
767        5.600000000000000000e+01
768        7.800000000000000000e+01
768        1.500000000000000000e+01
768        1.610000000000000000e+02
768        3.820000000000000000e+02
768        3.740000000000000000e+02
768        8.900000000000000000e+01
768        1.310000000000000000e+02
768        1.770000000000000000e+02
769        3.980000000000000000e+02
769        1.370000000000000000e+02
769        8.000000000000000000e+00
769        1.680000000000000000e+02
769        3.700000000000000000e+02
769        1.400000000000000000e+02
769        3.010000000000000000e+02
770        3.990000000000000000e+02
770        3.970000000000000000e+02
770        3.090000000000000000e+02
770        3.680000000000000000e+02
770        3.510000000000000000e+02
770        9.100000000000000000e+01
770        8.400000000000000000e+01
770        1.380000000000000000e+02
771        3.490000000000000000e+02
771        8.000000000000000000e+01
771        2.480000000000000000e+02
772        1.890000000000000000e+02
772        3.180000000000000000e+02
772        3.120000000000000000e+02
772        1.360000000000000000e+02
772        1.780000000000000000e+02
772        1.280000000000000000e+02
772        1.770000000000000000e+02
772        5.300000000000000000e+01
772        1.920000000000000000e+02
773        7.400000000000000000e+01
773        1.830000000000000000e+02
773        2.470000000000000000e+02
773        1.290000000000000000e+02
773        2.640000000000000000e+02
773        3.880000000000000000e+02
773        1.710000000000000000e+02
774        5.800000000000000000e+01
774        2.460000000000000000e+02
774        1.190000000000000000e+02
774        2.370000000000000000e+02
774        2.160000000000000000e+02
774        3.450000000000000000e+02
774        1.530000000000000000e+02
774        3.060000000000000000e+02
775        1.380000000000000000e+02
775        4.000000000000000000e+00
775        2.280000000000000000e+02
775        2.340000000000000000e+02
775        1.660000000000000000e+02
775        3.600000000000000000e+01
776        2.950000000000000000e+02
776        3.890000000000000000e+02
776        3.360000000000000000e+02
776        3.980000000000000000e+02
776        1.700000000000000000e+01
776        1.680000000000000000e+02
776        3.290000000000000000e+02
776        1.640000000000000000e+02
776        2.570000000000000000e+02
777        2.810000000000000000e+02
777        3.860000000000000000e+02
777        2.650000000000000000e+02
778        1.880000000000000000e+02
778        3.320000000000000000e+02
778        0.000000000000000000e+00
778        3.300000000000000000e+02
778        2.600000000000000000e+01
778        1.780000000000000000e+02
778        1.750000000000000000e+02
778        1.550000000000000000e+02
778        3.780000000000000000e+02
778        2.320000000000000000e+02
779        1.300000000000000000e+02
779        6.000000000000000000e+01
779        2.440000000000000000e+02
779        3.630000000000000000e+02
779        9.200000000000000000e+01
779        2.690000000000000000e+02
779        3.800000000000000000e+01
779        2.260000000000000000e+02
780        2.380000000000000000e+02
780        2.830000000000000000e+02
780        2.680000000000000000e+02
781        5.500000000000000000e+01
781        2.310000000000000000e+02
781        1.500000000000000000e+01
781        3.560000000000000000e+02
781        1.600000000000000000e+01
781        2.330000000000000000e+02
781        1.530000000000000000e+02
781        3.850000000000000000e+02
781        7.800000000000000000e+01
781        1.660000000000000000e+02
781        1.240000000000000000e+02
782        3.490000000000000000e+02
782        1.130000000000000000e+02
782        1.580000000000000000e+02
782        1.600000000000000000e+02
782        2.160000000000000000e+02
782        3.600000000000000000e+01
783        2.150000000000000000e+02
783        1.000000000000000000e+02
783        2.300000000000000000e+02
783        3.000000000000000000e+00
783        5.300000000000000000e+01
783        1.010000000000000000e+02
784        2.370000000000000000e+02
784        1.400000000000000000e+02
784        4.200000000000000000e+01
784        1.420000000000000000e+02
784        2.600000000000000000e+02
785        1.170000000000000000e+02
785        2.820000000000000000e+02
785        3.080000000000000000e+02
785        2.450000000000000000e+02
785        3.900000000000000000e+01
785        5.900000000000000000e+01
785        1.850000000000000000e+02
785        3.670000000000000000e+02
785        6.700000000000000000e+01
785        2.130000000000000000e+02
785        2.180000000000000000e+02
785        3.870000000000000000e+02
786        3.700000000000000000e+02
786        8.000000000000000000e+00
786        1.150000000000000000e+02
786        2.760000000000000000e+02
787        2.120000000000000000e+02
787        3.450000000000000000e+02
787        2.080000000000000000e+02
787        2.150000000000000000e+02
787        2.550000000000000000e+02
788        1.820000000000000000e+02
788        2.610000000000000000e+02
788        1.900000000000000000e+01
788        2.060000000000000000e+02
788        2.290000000000000000e+02
788        3.360000000000000000e+02
788        3.860000000000000000e+02
789        3.200000000000000000e+01
789        3.420000000000000000e+02
789        3.520000000000000000e+02
789        2.010000000000000000e+02
789        3.380000000000000000e+02
789        3.890000000000000000e+02
790        1.000000000000000000e+00
790        1.620000000000000000e+02
790        3.080000000000000000e+02
790        2.580000000000000000e+02
790        4.400000000000000000e+01
790        3.820000000000000000e+02
790        2.490000000000000000e+02
791        1.500000000000000000e+02
791        2.370000000000000000e+02
791        1.660000000000000000e+02
791        1.810000000000000000e+02
791        3.950000000000000000e+02
791        1.840000000000000000e+02
791        2.430000000000000000e+02
792        2.600000000000000000e+02
792        1.310000000000000000e+02
792        1.120000000000000000e+02
792        2.780000000000000000e+02
792        5.300000000000000000e+01
792        1.100000000000000000e+01
793        3.900000000000000000e+01
793        9.000000000000000000e+00
793        4.100000000000000000e+01
793        2.200000000000000000e+02
793        2.340000000000000000e+02
793        2.070000000000000000e+02
794        2.880000000000000000e+02
794        3.500000000000000000e+01
794        1.370000000000000000e+02
794        1.920000000000000000e+02
794        2.290000000000000000e+02
794        1.430000000000000000e+02
794        2.000000000000000000e+02
794        2.930000000000000000e+02
794        1.670000000000000000e+02
794        1.220000000000000000e+02
794        3.160000000000000000e+02
795        6.400000000000000000e+01
795        5.000000000000000000e+00
795        2.150000000000000000e+02
795        2.090000000000000000e+02
795        2.570000000000000000e+02
795        6.600000000000000000e+01
795        3.230000000000000000e+02
795        1.760000000000000000e+02
796        2.780000000000000000e+02
796        1.130000000000000000e+02
796        2.860000000000000000e+02
796        9.800000000000000000e+01
796        1.060000000000000000e+02
797        3.180000000000000000e+02
797        3.980000000000000000e+02
797        3.570000000000000000e+02
797        3.930000000000000000e+02
797        4.700000000000000000e+01
797        3.490000000000000000e+02
798        4.400000000000000000e+01
798        3.210000000000000000e+02
798        2.930000000000000000e+02
798        2.040000000000000000e+02
798        1.100000000000000000e+01
798        2.590000000000000000e+02
799        5.100000000000000000e+01
799        2.240000000000000000e+02
799        1.420000000000000000e+02
799        3.220000000000000000e+02
799        1.110000000000000000e+02
799        3.790000000000000000e+02
799        4.000000000000000000e+00
799        2.580000000000000000e+02
800        2.810000000000000000e+02
800        1.550000000000000000e+02
800        2.010000000000000000e+02
800        2.670000000000000000e+02
800        2.830000000000000000e+02
801        1.290000000000000000e+02
801        3.850000000000000000e+02
801        7.900000000000000000e+01
801        3.200000000000000000e+01
801        3.140000000000000000e+02
801        2.060000000000000000e+02
801        3.490000000000000000e+02
801        5.700000000000000000e+01
801        2.080000000000000000e+02
801        2.100000000000000000e+01
802        2.390000000000000000e+02
802        2.940000000000000000e+02
802        2.950000000000000000e+02
802        4.200000000000000000e+01
802        3.620000000000000000e+02
802        1.250000000000000000e+02
803        6.700000000000000000e+01
803        3.710000000000000000e+02
803        1.020000000000000000e+02
803        1.040000000000000000e+02
803        1.280000000000000000e+02
803        9.500000000000000000e+01
804        2.540000000000000000e+02
804        2.250000000000000000e+02
804        1.640000000000000000e+02
804        1.130000000000000000e+02
804        2.600000000000000000e+02
804        3.950000000000000000e+02
804        3.240000000000000000e+02
805        4.600000000000000000e+01
805        2.630000000000000000e+02
805        3.740000000000000000e+02
805        3.080000000000000000e+02
805        3.030000000000000000e+02
805        3.090000000000000000e+02
805        2.640000000000000000e+02
806        1.210000000000000000e+02
806        8.100000000000000000e+01
806        6.900000000000000000e+01
806        1.450000000000000000e+02
806        1.960000000000000000e+02
806        1.270000000000000000e+02
807        1.900000000000000000e+01
807        2.000000000000000000e+00
807        3.270000000000000000e+02
807        2.500000000000000000e+02
807        2.770000000000000000e+02
807        2.700000000000000000e+02
807        3.770000000000000000e+02
807        1.880000000000000000e+02
807        1.090000000000000000e+02
807        1.580000000000000000e+02
807        3.620000000000000000e+02
808        3.350000000000000000e+02
808        3.480000000000000000e+02
809        8.900000000000000000e+01
809        1.820000000000000000e+02
809        2.250000000000000000e+02
809        2.520000000000000000e+02
809        2.900000000000000000e+01
809        2.680000000000000000e+02
809        3.200000000000000000e+01
809        6.200000000000000000e+01
809        1.410000000000000000e+02
809        2.180000000000000000e+02
810        2.460000000000000000e+02
810        6.000000000000000000e+00
810        4.000000000000000000e+01
810        2.020000000000000000e+02
810        3.680000000000000000e+02
810        2.500000000000000000e+01
811        3.950000000000000000e+02
811        3.240000000000000000e+02
811        3.470000000000000000e+02
811        2.920000000000000000e+02
811        3.050000000000000000e+02
812        7.700000000000000000e+01
812        1.600000000000000000e+02
812        2.380000000000000000e+02
812        3.580000000000000000e+02
812        1.250000000000000000e+02
812        1.050000000000000000e+02
813        1.810000000000000000e+02
813        1.600000000000000000e+01
813        3.740000000000000000e+02
813        8.900000000000000000e+01
813        1.820000000000000000e+02
813        1.830000000000000000e+02
814        3.250000000000000000e+02
814        2.900000000000000000e+01
814        1.570000000000000000e+02
814        1.880000000000000000e+02
814        6.500000000000000000e+01
814        2.400000000000000000e+02
814        2.980000000000000000e+02
814        5.900000000000000000e+01
814        7.200000000000000000e+01
814        4.500000000000000000e+01
815        3.200000000000000000e+02
815        2.120000000000000000e+02
815        2.920000000000000000e+02
815        2.840000000000000000e+02
815        1.580000000000000000e+02
816        2.180000000000000000e+02
816        2.760000000000000000e+02
816        9.000000000000000000e+00
816        2.640000000000000000e+02
816        5.000000000000000000e+00
816        2.330000000000000000e+02
816        3.410000000000000000e+02
816        3.840000000000000000e+02
816        1.400000000000000000e+01
817        3.430000000000000000e+02
817        3.790000000000000000e+02
817        1.080000000000000000e+02
817        1.980000000000000000e+02
818        1.550000000000000000e+02
818        6.400000000000000000e+01
818        1.300000000000000000e+01
818        1.910000000000000000e+02
818        3.920000000000000000e+02
818        1.900000000000000000e+02
818        2.090000000000000000e+02
818        3.060000000000000000e+02
819        8.800000000000000000e+01
819        3.340000000000000000e+02
819        3.380000000000000000e+02
819        3.860000000000000000e+02
819        2.850000000000000000e+02
819        2.000000000000000000e+00
819        3.570000000000000000e+02
819        3.360000000000000000e+02
820        3.720000000000000000e+02
820        1.410000000000000000e+02
820        3.300000000000000000e+01
820        2.520000000000000000e+02
820        3.980000000000000000e+02
820        2.740000000000000000e+02
820        7.200000000000000000e+01
821        8.500000000000000000e+01
821        2.210000000000000000e+02
821        2.710000000000000000e+02
821        3.430000000000000000e+02
822        2.360000000000000000e+02
822        3.680000000000000000e+02
822        6.000000000000000000e+00
822        1.660000000000000000e+02
822        1.290000000000000000e+02
822        1.470000000000000000e+02
822        3.230000000000000000e+02
822        2.310000000000000000e+02
822        2.620000000000000000e+02
823        1.490000000000000000e+02
823        8.000000000000000000e+01
823        1.240000000000000000e+02
823        2.020000000000000000e+02
823        4.500000000000000000e+01
824        2.810000000000000000e+02
824        2.540000000000000000e+02
824        2.660000000000000000e+02
824        1.520000000000000000e+02
824        3.120000000000000000e+02
824        2.000000000000000000e+00
824        1.460000000000000000e+02
824        2.560000000000000000e+02
824        2.490000000000000000e+02
824        1.320000000000000000e+02
825        3.570000000000000000e+02
825        1.750000000000000000e+02
825        1.110000000000000000e+02
825        3.340000000000000000e+02
825        1.760000000000000000e+02
825        3.300000000000000000e+02
826        3.770000000000000000e+02
826        1.940000000000000000e+02
826        1.570000000000000000e+02
826        1.180000000000000000e+02
827        1.170000000000000000e+02
827        1.430000000000000000e+02
827        2.780000000000000000e+02
827        2.450000000000000000e+02
827        3.600000000000000000e+02
827        3.890000000000000000e+02
827        2.520000000000000000e+02
827        1.360000000000000000e+02
827        3.210000000000000000e+02
827        2.940000000000000000e+02
827        3.660000000000000000e+02
828        1.100000000000000000e+02
828        2.500000000000000000e+01
828        2.360000000000000000e+02
828        1.870000000000000000e+02
828        2.170000000000000000e+02
828        1.720000000000000000e+02
828        1.530000000000000000e+02
828        6.700000000000000000e+01
828        1.460000000000000000e+02
828        3.080000000000000000e+02
828        4.300000000000000000e+01
829        1.960000000000000000e+02
830        4.000000000000000000e+00
830        2.280000000000000000e+02
830        1.120000000000000000e+02
830        2.610000000000000000e+02
830        3.840000000000000000e+02
830        8.100000000000000000e+01
830        1.340000000000000000e+02
831        3.610000000000000000e+02
831        9.400000000000000000e+01
831        3.800000000000000000e+01
831        1.330000000000000000e+02
831        3.480000000000000000e+02
832        2.400000000000000000e+01
832        2.960000000000000000e+02
832        5.100000000000000000e+01
832        2.190000000000000000e+02
832        2.690000000000000000e+02
832        2.560000000000000000e+02
832        3.330000000000000000e+02
832        3.660000000000000000e+02
832        1.840000000000000000e+02
832        3.300000000000000000e+01
833        1.700000000000000000e+01
833        2.100000000000000000e+01
833        2.130000000000000000e+02
833        1.430000000000000000e+02
833        1.600000000000000000e+02
833        1.550000000000000000e+02
833        3.060000000000000000e+02
833        3.200000000000000000e+01
833        2.210000000000000000e+02
834        1.870000000000000000e+02
835        7.200000000000000000e+01
835        3.740000000000000000e+02
835        1.810000000000000000e+02
835        8.400000000000000000e+01
835        5.500000000000000000e+01
835        1.740000000000000000e+02
835        3.250000000000000000e+02
835        2.810000000000000000e+02
835        3.830000000000000000e+02
835        1.690000000000000000e+02
836        4.200000000000000000e+01
836        9.900000000000000000e+01
836        2.060000000000000000e+02
836        2.000000000000000000e+02
836        2.610000000000000000e+02
836        1.470000000000000000e+02
837        2.440000000000000000e+02
837        3.500000000000000000e+01
837        8.100000000000000000e+01
837        2.800000000000000000e+01
837        3.310000000000000000e+02
837        4.500000000000000000e+01
837        3.480000000000000000e+02
837        2.400000000000000000e+01
837        1.050000000000000000e+02
837        1.230000000000000000e+02
837        1.980000000000000000e+02
837        3.420000000000000000e+02
837        2.500000000000000000e+01
838        5.000000000000000000e+00
838        3.400000000000000000e+02
839        7.600000000000000000e+01
839        2.530000000000000000e+02
839        3.730000000000000000e+02
839        2.740000000000000000e+02
839        2.360000000000000000e+02
840        1.150000000000000000e+02
840        1.780000000000000000e+02
840        2.370000000000000000e+02
840        3.740000000000000000e+02
840        4.900000000000000000e+01
840        3.850000000000000000e+02
840        5.400000000000000000e+01
840        2.560000000000000000e+02
840        4.600000000000000000e+01
840        3.400000000000000000e+01
840        3.460000000000000000e+02
841        3.840000000000000000e+02
841        3.010000000000000000e+02
841        2.680000000000000000e+02
841        2.340000000000000000e+02
841        3.450000000000000000e+02
841        5.800000000000000000e+01
841        2.910000000000000000e+02
841        4.200000000000000000e+01
841        1.460000000000000000e+02
842        2.600000000000000000e+01
843        3.070000000000000000e+02
843        1.960000000000000000e+02
843        2.520000000000000000e+02
843        5.300000000000000000e+01
843        1.710000000000000000e+02
843        2.200000000000000000e+01
844        2.620000000000000000e+02
844        2.590000000000000000e+02
844        1.220000000000000000e+02
844        1.300000000000000000e+01
844        5.500000000000000000e+01
844        2.820000000000000000e+02
844        2.490000000000000000e+02
844        1.190000000000000000e+02
844        2.100000000000000000e+02
844        3.590000000000000000e+02
844        1.820000000000000000e+02
844        3.800000000000000000e+01
844        1.000000000000000000e+00
845        3.600000000000000000e+02
845        2.850000000000000000e+02
845        9.400000000000000000e+01
845        6.000000000000000000e+01
845        9.000000000000000000e+00
846        1.780000000000000000e+02
846        1.230000000000000000e+02
846        1.490000000000000000e+02
846        2.950000000000000000e+02
846        1.840000000000000000e+02
846        1.800000000000000000e+01
846        0.000000000000000000e+00
846        1.360000000000000000e+02
847        2.660000000000000000e+02
847        1.200000000000000000e+01
847        3.810000000000000000e+02
847        7.400000000000000000e+01
847        1.010000000000000000e+02
847        1.570000000000000000e+02
848        3.690000000000000000e+02
848        3.400000000000000000e+01
848        1.960000000000000000e+02
848        1.920000000000000000e+02
848        3.920000000000000000e+02
848        4.000000000000000000e+00
848        5.200000000000000000e+01
848        1.090000000000000000e+02
848        1.070000000000000000e+02
848        8.300000000000000000e+01
848        2.990000000000000000e+02
848        2.800000000000000000e+02
849        1.220000000000000000e+02
849        3.500000000000000000e+02
849        2.440000000000000000e+02
850        4.600000000000000000e+01
850        8.500000000000000000e+01
850        3.880000000000000000e+02
850        2.010000000000000000e+02
850        2.560000000000000000e+02
850        3.260000000000000000e+02
850        3.300000000000000000e+02
850        3.010000000000000000e+02
850        1.450000000000000000e+02
850        3.520000000000000000e+02
851        1.330000000000000000e+02
851        2.720000000000000000e+02
851        3.970000000000000000e+02
851        2.040000000000000000e+02
851        2.430000000000000000e+02
852        4.400000000000000000e+01
852        1.950000000000000000e+02
852        1.240000000000000000e+02
852        1.480000000000000000e+02
852        3.960000000000000000e+02
852        2.800000000000000000e+02
852        3.930000000000000000e+02
852        2.660000000000000000e+02
853        3.000000000000000000e+00
853        6.500000000000000000e+01
853        1.720000000000000000e+02
853        2.250000000000000000e+02
853        3.300000000000000000e+01
854        2.080000000000000000e+02
854        3.010000000000000000e+02
854        1.560000000000000000e+02
854        9.400000000000000000e+01
854        4.600000000000000000e+01
854        5.700000000000000000e+01
854        2.550000000000000000e+02
854        4.100000000000000000e+01
855        3.270000000000000000e+02
855        2.940000000000000000e+02
855        2.650000000000000000e+02
855        1.430000000000000000e+02
855        2.380000000000000000e+02
855        3.550000000000000000e+02
855        3.160000000000000000e+02
855        3.090000000000000000e+02
856        1.250000000000000000e+02
856        1.310000000000000000e+02
856        3.740000000000000000e+02
856        3.170000000000000000e+02
857        3.500000000000000000e+01
857        1.870000000000000000e+02
857        3.220000000000000000e+02
857        3.800000000000000000e+02
857        1.260000000000000000e+02
857        1.340000000000000000e+02
857        3.870000000000000000e+02
857        2.290000000000000000e+02
857        6.400000000000000000e+01
857        3.150000000000000000e+02
857        1.700000000000000000e+01
858        6.000000000000000000e+00
858        1.280000000000000000e+02
858        1.400000000000000000e+01
858        2.570000000000000000e+02
858        1.850000000000000000e+02
858        2.300000000000000000e+01
859        1.700000000000000000e+02
859        2.000000000000000000e+00
859        3.770000000000000000e+02
859        2.680000000000000000e+02
859        1.580000000000000000e+02
860        6.000000000000000000e+01
860        3.300000000000000000e+01
860        2.100000000000000000e+01
860        3.960000000000000000e+02
860        2.630000000000000000e+02
860        3.930000000000000000e+02
860        3.090000000000000000e+02
860        9.200000000000000000e+01
861        1.670000000000000000e+02
861        2.060000000000000000e+02
861        1.130000000000000000e+02
861        3.310000000000000000e+02
861        1.370000000000000000e+02
861        3.110000000000000000e+02
861        4.700000000000000000e+01
862        2.600000000000000000e+01
862        1.740000000000000000e+02
862        1.000000000000000000e+00
862        3.680000000000000000e+02
862        3.250000000000000000e+02
863        1.290000000000000000e+02
863        3.760000000000000000e+02
863        2.800000000000000000e+02
863        1.420000000000000000e+02
863        3.990000000000000000e+02
863        6.400000000000000000e+01
863        3.850000000000000000e+02
863        3.100000000000000000e+01
863        3.190000000000000000e+02
864        2.450000000000000000e+02
864        1.790000000000000000e+02
864        3.070000000000000000e+02
864        3.590000000000000000e+02
864        2.230000000000000000e+02
864        3.490000000000000000e+02
864        3.230000000000000000e+02
865        3.620000000000000000e+02
865        2.300000000000000000e+01
865        3.280000000000000000e+02
865        4.100000000000000000e+01
865        5.400000000000000000e+01
865        1.510000000000000000e+02
865        6.000000000000000000e+00
865        2.260000000000000000e+02
865        3.000000000000000000e+02
866        1.060000000000000000e+02
866        2.210000000000000000e+02
866        1.330000000000000000e+02
866        2.790000000000000000e+02
866        1.590000000000000000e+02
866        2.990000000000000000e+02
867        8.500000000000000000e+01
867        3.040000000000000000e+02
867        3.370000000000000000e+02
867        8.000000000000000000e+01
867        1.760000000000000000e+02
867        3.940000000000000000e+02
867        1.130000000000000000e+02
868        3.780000000000000000e+02
868        2.430000000000000000e+02
868        7.400000000000000000e+01
868        1.450000000000000000e+02
868        3.900000000000000000e+01
868        3.450000000000000000e+02
869        3.190000000000000000e+02
869        3.900000000000000000e+02
869        3.490000000000000000e+02
869        3.530000000000000000e+02
869        3.420000000000000000e+02
869        4.000000000000000000e+00
869        2.510000000000000000e+02
869        3.460000000000000000e+02
870        1.350000000000000000e+02
870        2.200000000000000000e+01
870        9.400000000000000000e+01
870        2.060000000000000000e+02
870        1.620000000000000000e+02
870        3.360000000000000000e+02
870        3.910000000000000000e+02
870        2.790000000000000000e+02
871        1.140000000000000000e+02
871        2.460000000000000000e+02
871        2.740000000000000000e+02
872        1.570000000000000000e+02
872        1.840000000000000000e+02
872        9.900000000000000000e+01
872        3.440000000000000000e+02
872        4.500000000000000000e+01
872        2.640000000000000000e+02
872        4.300000000000000000e+01
873        7.600000000000000000e+01
873        1.940000000000000000e+02
873        2.000000000000000000e+00
873        2.590000000000000000e+02
873        3.150000000000000000e+02
873        1.440000000000000000e+02
874        2.760000000000000000e+02
874        1.450000000000000000e+02
874        3.920000000000000000e+02
874        5.700000000000000000e+01
874        1.650000000000000000e+02
874        1.550000000000000000e+02
874        1.400000000000000000e+02
874        2.300000000000000000e+01
874        9.400000000000000000e+01
874        3.070000000000000000e+02
874        5.000000000000000000e+00
874        5.300000000000000000e+01
874        7.900000000000000000e+01
874        1.730000000000000000e+02
874        8.500000000000000000e+01
874        2.730000000000000000e+02
875        2.390000000000000000e+02
875        2.570000000000000000e+02
875        2.600000000000000000e+01
876        1.620000000000000000e+02
876        9.300000000000000000e+01
876        2.350000000000000000e+02
876        3.640000000000000000e+02
876        1.860000000000000000e+02
877        2.630000000000000000e+02
877        1.260000000000000000e+02
877        2.990000000000000000e+02
877        2.420000000000000000e+02
877        6.400000000000000000e+01
877        1.000000000000000000e+00
877        3.850000000000000000e+02
877        2.280000000000000000e+02
877        1.210000000000000000e+02
878        1.700000000000000000e+02
878        2.910000000000000000e+02
878        3.020000000000000000e+02
878        1.940000000000000000e+02
878        1.920000000000000000e+02
879        3.000000000000000000e+02
879        4.300000000000000000e+01
879        1.090000000000000000e+02
879        1.270000000000000000e+02
879        6.500000000000000000e+01
879        6.000000000000000000e+00
879        3.570000000000000000e+02
879        8.000000000000000000e+01
879        6.300000000000000000e+01
880        3.940000000000000000e+02
880        3.700000000000000000e+02
880        2.020000000000000000e+02
880        3.420000000000000000e+02
880        1.820000000000000000e+02
881        3.320000000000000000e+02
881        2.370000000000000000e+02
881        2.480000000000000000e+02
881        3.230000000000000000e+02
881        1.760000000000000000e+02
881        5.700000000000000000e+01
881        7.700000000000000000e+01
881        2.250000000000000000e+02
881        3.340000000000000000e+02
882        9.700000000000000000e+01
882        1.910000000000000000e+02
882        1.460000000000000000e+02
882        3.310000000000000000e+02
882        4.900000000000000000e+01
882        6.400000000000000000e+01
883        2.450000000000000000e+02
883        5.100000000000000000e+01
883        3.030000000000000000e+02
883        2.490000000000000000e+02
883        1.700000000000000000e+01
883        3.580000000000000000e+02
883        2.470000000000000000e+02
884        1.780000000000000000e+02
884        1.900000000000000000e+01
884        1.610000000000000000e+02
884        1.230000000000000000e+02
885        2.000000000000000000e+00
885        3.880000000000000000e+02
885        1.630000000000000000e+02
885        9.500000000000000000e+01
885        2.690000000000000000e+02
885        3.350000000000000000e+02
885        3.200000000000000000e+02
885        1.620000000000000000e+02
885        1.240000000000000000e+02
885        7.200000000000000000e+01
885        2.200000000000000000e+01
885        2.700000000000000000e+01
886        4.400000000000000000e+01
886        3.860000000000000000e+02
886        1.800000000000000000e+01
886        1.170000000000000000e+02
886        4.000000000000000000e+01
886        1.290000000000000000e+02
887        6.000000000000000000e+01
887        5.300000000000000000e+01
887        2.840000000000000000e+02
887        2.500000000000000000e+02
888        3.970000000000000000e+02
888        2.360000000000000000e+02
888        3.690000000000000000e+02
888        1.740000000000000000e+02
888        2.000000000000000000e+01
888        2.890000000000000000e+02
888        1.370000000000000000e+02
888        2.730000000000000000e+02
888        1.110000000000000000e+02
889        3.400000000000000000e+02
889        1.260000000000000000e+02
889        2.560000000000000000e+02
889        2.330000000000000000e+02
889        3.330000000000000000e+02
889        8.500000000000000000e+01
889        9.700000000000000000e+01
890        2.750000000000000000e+02
890        3.320000000000000000e+02
890        3.660000000000000000e+02
890        6.400000000000000000e+01
890        3.800000000000000000e+02
890        1.850000000000000000e+02
890        2.610000000000000000e+02
890        2.990000000000000000e+02
891        3.600000000000000000e+02
891        5.300000000000000000e+01
891        1.730000000000000000e+02
891        2.460000000000000000e+02
891        3.810000000000000000e+02
892        1.030000000000000000e+02
892        1.520000000000000000e+02
892        9.400000000000000000e+01
893        3.440000000000000000e+02
893        3.370000000000000000e+02
893        2.980000000000000000e+02
893        1.700000000000000000e+01
893        3.340000000000000000e+02
893        1.880000000000000000e+02
893        2.440000000000000000e+02
893        3.070000000000000000e+02
893        2.190000000000000000e+02
893        9.800000000000000000e+01
893        1.100000000000000000e+01
893        2.730000000000000000e+02
894        3.060000000000000000e+02
894        3.840000000000000000e+02
894        8.400000000000000000e+01
894        7.300000000000000000e+01
894        2.400000000000000000e+01
894        1.000000000000000000e+01
894        3.700000000000000000e+01
894        2.010000000000000000e+02
895        2.690000000000000000e+02
895        2.310000000000000000e+02
895        7.400000000000000000e+01
895        4.700000000000000000e+01
895        1.500000000000000000e+01
895        3.970000000000000000e+02
895        3.920000000000000000e+02
895        8.000000000000000000e+01
896        2.480000000000000000e+02
896        3.000000000000000000e+01
896        9.900000000000000000e+01
896        3.100000000000000000e+02
896        2.580000000000000000e+02
897        1.100000000000000000e+02
897        2.270000000000000000e+02
897        1.110000000000000000e+02
897        1.780000000000000000e+02
897        1.710000000000000000e+02
897        2.950000000000000000e+02
897        1.400000000000000000e+01
898        2.380000000000000000e+02
898        3.710000000000000000e+02
898        3.900000000000000000e+01
898        1.520000000000000000e+02
898        2.540000000000000000e+02
898        2.500000000000000000e+02
899        9.000000000000000000e+00
899        2.500000000000000000e+01
899        1.500000000000000000e+01
899        1.980000000000000000e+02
899        7.100000000000000000e+01
899        2.920000000000000000e+02
899        2.960000000000000000e+02
899        3.510000000000000000e+02
900        2.410000000000000000e+02
900        3.080000000000000000e+02
900        2.800000000000000000e+01
900        1.920000000000000000e+02
900        2.990000000000000000e+02
900        2.450000000000000000e+02
900        2.350000000000000000e+02
901        3.400000000000000000e+02
901        1.350000000000000000e+02
901        3.690000000000000000e+02
901        3.380000000000000000e+02
901        1.400000000000000000e+01
901        7.000000000000000000e+01
902        1.260000000000000000e+02
902        1.660000000000000000e+02
902        3.340000000000000000e+02
902        1.140000000000000000e+02
903        3.760000000000000000e+02
903        3.820000000000000000e+02
903        2.890000000000000000e+02
903        1.940000000000000000e+02
903        5.500000000000000000e+01
903        3.950000000000000000e+02
903        2.500000000000000000e+01
904        2.680000000000000000e+02
904        6.000000000000000000e+00
904        8.900000000000000000e+01
904        3.140000000000000000e+02
904        5.400000000000000000e+01
904        3.240000000000000000e+02
904        3.000000000000000000e+02
904        2.650000000000000000e+02
904        2.620000000000000000e+02
905        2.570000000000000000e+02
905        1.560000000000000000e+02
905        1.360000000000000000e+02
905        2.500000000000000000e+02
905        2.510000000000000000e+02
906        1.510000000000000000e+02
906        4.100000000000000000e+01
906        9.400000000000000000e+01
906        1.090000000000000000e+02
906        2.180000000000000000e+02
906        3.830000000000000000e+02
906        3.360000000000000000e+02
906        3.420000000000000000e+02
906        3.180000000000000000e+02
907        3.070000000000000000e+02
907        6.500000000000000000e+01
907        1.200000000000000000e+01
907        2.760000000000000000e+02
908        6.600000000000000000e+01
908        3.340000000000000000e+02
908        1.540000000000000000e+02
908        3.880000000000000000e+02
908        3.130000000000000000e+02
908        2.100000000000000000e+01
908        2.010000000000000000e+02
908        2.370000000000000000e+02
908        1.060000000000000000e+02
909        2.550000000000000000e+02
909        3.400000000000000000e+02
909        2.960000000000000000e+02
909        1.870000000000000000e+02
910        3.300000000000000000e+01
910        3.310000000000000000e+02
910        7.300000000000000000e+01
910        2.440000000000000000e+02
910        1.030000000000000000e+02
910        7.500000000000000000e+01
910        2.890000000000000000e+02
910        1.880000000000000000e+02
910        3.350000000000000000e+02
910        2.880000000000000000e+02
911        2.680000000000000000e+02
911        2.700000000000000000e+02
911        1.190000000000000000e+02
911        1.950000000000000000e+02
912        7.000000000000000000e+01
912        2.360000000000000000e+02
912        2.200000000000000000e+01
912        1.010000000000000000e+02
912        1.490000000000000000e+02
912        1.580000000000000000e+02
913        1.390000000000000000e+02
913        1.780000000000000000e+02
913        3.960000000000000000e+02
913        4.500000000000000000e+01
913        2.280000000000000000e+02
913        3.740000000000000000e+02
913        5.200000000000000000e+01
913        3.020000000000000000e+02
913        2.670000000000000000e+02
913        2.250000000000000000e+02
914        1.590000000000000000e+02
914        1.340000000000000000e+02
914        3.690000000000000000e+02
915        1.200000000000000000e+01
915        3.760000000000000000e+02
915        8.500000000000000000e+01
915        4.000000000000000000e+00
915        3.610000000000000000e+02
915        1.540000000000000000e+02
915        1.020000000000000000e+02
915        1.800000000000000000e+01
915        2.440000000000000000e+02
916        3.140000000000000000e+02
916        1.690000000000000000e+02
916        2.760000000000000000e+02
916        3.270000000000000000e+02
916        3.200000000000000000e+02
917        9.100000000000000000e+01
917        1.240000000000000000e+02
917        7.500000000000000000e+01
917        8.400000000000000000e+01
917        4.600000000000000000e+01
917        9.000000000000000000e+01
917        1.230000000000000000e+02
918        1.470000000000000000e+02
918        2.180000000000000000e+02
918        2.010000000000000000e+02
918        4.300000000000000000e+01
918        1.600000000000000000e+02
918        3.070000000000000000e+02
918        1.000000000000000000e+01
918        8.600000000000000000e+01
919        5.000000000000000000e+01
919        3.420000000000000000e+02
919        1.160000000000000000e+02
919        2.190000000000000000e+02
919        2.600000000000000000e+02
920        1.950000000000000000e+02
920        3.920000000000000000e+02
920        2.710000000000000000e+02
920        2.920000000000000000e+02
920        1.410000000000000000e+02
920        1.400000000000000000e+01
920        3.610000000000000000e+02
920        7.400000000000000000e+01
920        1.200000000000000000e+02
921        1.460000000000000000e+02
921        1.060000000000000000e+02
921        2.790000000000000000e+02
921        2.210000000000000000e+02
921        3.740000000000000000e+02
921        8.100000000000000000e+01
921        3.570000000000000000e+02
921        2.370000000000000000e+02
921        2.930000000000000000e+02
922        2.860000000000000000e+02
922        1.590000000000000000e+02
922        7.600000000000000000e+01
922        2.840000000000000000e+02
923        2.270000000000000000e+02
923        1.730000000000000000e+02
923        3.350000000000000000e+02
923        3.300000000000000000e+01
923        3.010000000000000000e+02
923        8.000000000000000000e+00
923        3.210000000000000000e+02
924        7.300000000000000000e+01
924        3.980000000000000000e+02
924        2.990000000000000000e+02
924        1.100000000000000000e+02
924        3.490000000000000000e+02
924        8.800000000000000000e+01
925        1.720000000000000000e+02
925        1.800000000000000000e+02
925        3.150000000000000000e+02
925        9.300000000000000000e+01
925        1.840000000000000000e+02
925        3.130000000000000000e+02
925        1.710000000000000000e+02
926        3.320000000000000000e+02
926        1.930000000000000000e+02
926        1.500000000000000000e+02
926        1.700000000000000000e+02
926        3.550000000000000000e+02
926        1.150000000000000000e+02
926        4.900000000000000000e+01
926        1.530000000000000000e+02
926        2.170000000000000000e+02
927        3.040000000000000000e+02
927        3.290000000000000000e+02
927        1.890000000000000000e+02
927        1.000000000000000000e+01
927        2.980000000000000000e+02
927        3.890000000000000000e+02
927        2.970000000000000000e+02
928        2.930000000000000000e+02
928        2.050000000000000000e+02
928        2.640000000000000000e+02
928        8.300000000000000000e+01
928        1.300000000000000000e+02
928        1.050000000000000000e+02
928        3.800000000000000000e+02
928        3.900000000000000000e+01
929        5.000000000000000000e+00
929        3.330000000000000000e+02
929        3.820000000000000000e+02
929        3.570000000000000000e+02
930        3.230000000000000000e+02
930        2.890000000000000000e+02
930        3.370000000000000000e+02
930        3.880000000000000000e+02
930        3.020000000000000000e+02
930        1.000000000000000000e+00
930        3.650000000000000000e+02
930        3.000000000000000000e+01
930        6.400000000000000000e+01
930        3.410000000000000000e+02
931        1.840000000000000000e+02
931        3.010000000000000000e+02
931        1.230000000000000000e+02
932        1.860000000000000000e+02
932        3.110000000000000000e+02
932        2.210000000000000000e+02
932        4.600000000000000000e+01
932        2.300000000000000000e+01
932        7.700000000000000000e+01
932        2.660000000000000000e+02
932        2.490000000000000000e+02
932        3.270000000000000000e+02
933        0.000000000000000000e+00
933        1.300000000000000000e+01
933        1.480000000000000000e+02
933        2.980000000000000000e+02
933        7.800000000000000000e+01
934        2.100000000000000000e+01
934        1.760000000000000000e+02
934        1.020000000000000000e+02
934        3.340000000000000000e+02
934        4.200000000000000000e+01
934        3.150000000000000000e+02
934        1.500000000000000000e+02
934        3.690000000000000000e+02
935        4.000000000000000000e+00
935        1.670000000000000000e+02
935        2.800000000000000000e+01
935        3.870000000000000000e+02
935        1.300000000000000000e+02
935        3.490000000000000000e+02
935        3.970000000000000000e+02
935        7.600000000000000000e+01
935        2.330000000000000000e+02
935        2.340000000000000000e+02
936        3.750000000000000000e+02
936        1.820000000000000000e+02
936        1.440000000000000000e+02
936        7.000000000000000000e+01
937        1.500000000000000000e+01
937        2.850000000000000000e+02
937        3.760000000000000000e+02
937        2.990000000000000000e+02
937        2.520000000000000000e+02
937        3.510000000000000000e+02
937        2.800000000000000000e+02
937        1.810000000000000000e+02
937        3.420000000000000000e+02
938        3.200000000000000000e+01
938        7.700000000000000000e+01
938        3.550000000000000000e+02
938        3.120000000000000000e+02
938        6.300000000000000000e+01
938        3.690000000000000000e+02
939        3.010000000000000000e+02
939        2.750000000000000000e+02
939        3.400000000000000000e+02
939        6.800000000000000000e+01
939        1.310000000000000000e+02
939        1.930000000000000000e+02
940        3.150000000000000000e+02
940        3.950000000000000000e+02
940        1.570000000000000000e+02
940        2.240000000000000000e+02
940        1.210000000000000000e+02
941        3.580000000000000000e+02
941        8.000000000000000000e+00
941        2.100000000000000000e+02
941        3.590000000000000000e+02
941        2.480000000000000000e+02
941        2.380000000000000000e+02
941        3.750000000000000000e+02
942        2.500000000000000000e+01
942        2.060000000000000000e+02
942        3.900000000000000000e+01
942        1.350000000000000000e+02
942        2.570000000000000000e+02
942        1.970000000000000000e+02
942        3.940000000000000000e+02
942        3.210000000000000000e+02
942        3.960000000000000000e+02
942        1.890000000000000000e+02
943        2.440000000000000000e+02
943        3.400000000000000000e+02
943        3.330000000000000000e+02
943        1.530000000000000000e+02
944        1.640000000000000000e+02
944        3.000000000000000000e+00
944        3.880000000000000000e+02
944        3.640000000000000000e+02
944        3.500000000000000000e+01
944        3.770000000000000000e+02
944        3.420000000000000000e+02
944        2.270000000000000000e+02
945        2.940000000000000000e+02
945        2.130000000000000000e+02
945        3.790000000000000000e+02
945        3.650000000000000000e+02
945        6.300000000000000000e+01
945        1.420000000000000000e+02
946        3.560000000000000000e+02
946        3.230000000000000000e+02
946        2.410000000000000000e+02
946        3.860000000000000000e+02
946        2.810000000000000000e+02
946        3.750000000000000000e+02
946        4.600000000000000000e+01
947        3.150000000000000000e+02
947        7.200000000000000000e+01
947        1.720000000000000000e+02
947        3.060000000000000000e+02
947        1.020000000000000000e+02
947        3.280000000000000000e+02
947        1.360000000000000000e+02
947        3.670000000000000000e+02
947        2.200000000000000000e+01
947        3.580000000000000000e+02
947        1.690000000000000000e+02
947        7.500000000000000000e+01
948        4.400000000000000000e+01
948        1.080000000000000000e+02
949        3.820000000000000000e+02
949        6.400000000000000000e+01
949        5.200000000000000000e+01
949        2.770000000000000000e+02
949        3.680000000000000000e+02
949        1.990000000000000000e+02
949        2.300000000000000000e+02
949        3.210000000000000000e+02
949        1.910000000000000000e+02
950        1.740000000000000000e+02
950        3.940000000000000000e+02
950        1.670000000000000000e+02
950        2.700000000000000000e+01
950        1.330000000000000000e+02
951        2.720000000000000000e+02
951        3.870000000000000000e+02
951        1.800000000000000000e+01
951        3.780000000000000000e+02
951        3.570000000000000000e+02
952        1.220000000000000000e+02
952        6.800000000000000000e+01
952        2.370000000000000000e+02
952        8.700000000000000000e+01
952        2.060000000000000000e+02
952        3.450000000000000000e+02
952        2.080000000000000000e+02
953        2.560000000000000000e+02
953        4.000000000000000000e+01
953        6.300000000000000000e+01
953        9.400000000000000000e+01
953        4.600000000000000000e+01
953        3.090000000000000000e+02
954        1.400000000000000000e+01
954        1.090000000000000000e+02
954        7.400000000000000000e+01
954        1.630000000000000000e+02
954        1.620000000000000000e+02
954        2.330000000000000000e+02
954        2.600000000000000000e+01
954        9.200000000000000000e+01
955        2.790000000000000000e+02
955        1.900000000000000000e+01
955        6.600000000000000000e+01
955        5.700000000000000000e+01
955        4.800000000000000000e+01
955        2.400000000000000000e+01
955        2.990000000000000000e+02
956        1.080000000000000000e+02
956        2.000000000000000000e+01
956        2.780000000000000000e+02
956        3.400000000000000000e+02
956        1.600000000000000000e+01
956        2.860000000000000000e+02
956        3.440000000000000000e+02
956        3.040000000000000000e+02
957        1.260000000000000000e+02
957        1.700000000000000000e+02
957        3.500000000000000000e+02
957        2.350000000000000000e+02
958        3.600000000000000000e+01
958        3.650000000000000000e+02
958        6.000000000000000000e+01
958        7.800000000000000000e+01
958        2.550000000000000000e+02
958        1.880000000000000000e+02
958        3.560000000000000000e+02
958        2.390000000000000000e+02
958        4.100000000000000000e+01
958        8.800000000000000000e+01
958        2.080000000000000000e+02
958        3.120000000000000000e+02
959        2.300000000000000000e+01
959        6.900000000000000000e+01
959        2.700000000000000000e+01
959        2.540000000000000000e+02
959        2.250000000000000000e+02
959        1.680000000000000000e+02
960        8.600000000000000000e+01
960        1.800000000000000000e+02
960        4.200000000000000000e+01
960        2.320000000000000000e+02
961        2.110000000000000000e+02
961        4.600000000000000000e+01
961        9.900000000000000000e+01
961        3.290000000000000000e+02
961        3.540000000000000000e+02
961        3.130000000000000000e+02
961        5.800000000000000000e+01
961        3.020000000000000000e+02
962        1.700000000000000000e+01
962        1.000000000000000000e+00
962        5.400000000000000000e+01
962        3.250000000000000000e+02
962        1.550000000000000000e+02
962        1.210000000000000000e+02
962        1.290000000000000000e+02
962        2.150000000000000000e+02
962        3.990000000000000000e+02
963        4.500000000000000000e+01
963        3.730000000000000000e+02
963        3.790000000000000000e+02
963        2.020000000000000000e+02
963        1.780000000000000000e+02
963        3.420000000000000000e+02
963        1.570000000000000000e+02
964        3.740000000000000000e+02
964        1.410000000000000000e+02
964        1.660000000000000000e+02
964        4.300000000000000000e+01
965        5.000000000000000000e+00
965        4.000000000000000000e+01
965        1.930000000000000000e+02
965        2.350000000000000000e+02
965        3.340000000000000000e+02
965        2.320000000000000000e+02
965        3.950000000000000000e+02
965        1.760000000000000000e+02
966        3.900000000000000000e+02
966        3.930000000000000000e+02
966        1.650000000000000000e+02
966        1.500000000000000000e+02
966        1.980000000000000000e+02
966        9.300000000000000000e+01
966        9.400000000000000000e+01
967        2.950000000000000000e+02
967        1.120000000000000000e+02
967        3.530000000000000000e+02
967        2.790000000000000000e+02
967        3.280000000000000000e+02
967        1.580000000000000000e+02
968        1.240000000000000000e+02
968        2.900000000000000000e+01
968        1.920000000000000000e+02
968        5.200000000000000000e+01
968        6.000000000000000000e+00
968        2.990000000000000000e+02
968        1.450000000000000000e+02
968        1.830000000000000000e+02
969        1.180000000000000000e+02
969        2.060000000000000000e+02
969        3.300000000000000000e+01
969        3.170000000000000000e+02
970        1.530000000000000000e+02
970        1.130000000000000000e+02
970        1.950000000000000000e+02
970        1.990000000000000000e+02
970        2.770000000000000000e+02
970        3.080000000000000000e+02
970        2.910000000000000000e+02
970        2.780000000000000000e+02
970        3.150000000000000000e+02
970        1.780000000000000000e+02
970        1.170000000000000000e+02
970        7.100000000000000000e+01
971        3.590000000000000000e+02
971        2.550000000000000000e+02
971        0.000000000000000000e+00
971        1.060000000000000000e+02
972        3.010000000000000000e+02
972        2.120000000000000000e+02
972        3.430000000000000000e+02
972        3.600000000000000000e+02
972        3.160000000000000000e+02
972        9.200000000000000000e+01
973        1.040000000000000000e+02
973        1.730000000000000000e+02
973        3.110000000000000000e+02
973        1.700000000000000000e+02
973        3.210000000000000000e+02
973        2.700000000000000000e+02
973        2.700000000000000000e+01
974        1.160000000000000000e+02
974        2.860000000000000000e+02
974        1.760000000000000000e+02
974        3.100000000000000000e+01
974        1.380000000000000000e+02
974        1.370000000000000000e+02
974        1.660000000000000000e+02
974        1.860000000000000000e+02
975        8.900000000000000000e+01
975        3.180000000000000000e+02
976        1.790000000000000000e+02
976        2.800000000000000000e+01
976        1.300000000000000000e+01
976        2.530000000000000000e+02
976        1.170000000000000000e+02
976        1.260000000000000000e+02
976        3.060000000000000000e+02
976        1.030000000000000000e+02
977        4.500000000000000000e+01
977        2.370000000000000000e+02
977        1.700000000000000000e+01
977        3.560000000000000000e+02
977        4.200000000000000000e+01
978        5.300000000000000000e+01
978        1.330000000000000000e+02
978        3.250000000000000000e+02
978        2.750000000000000000e+02
978        1.400000000000000000e+01
978        3.500000000000000000e+02
978        1.400000000000000000e+02
978        2.570000000000000000e+02
979        3.600000000000000000e+02
979        2.200000000000000000e+01
979        3.000000000000000000e+01
979        2.600000000000000000e+02
979        1.240000000000000000e+02
979        1.820000000000000000e+02
979        2.900000000000000000e+01
979        2.830000000000000000e+02
979        2.110000000000000000e+02
980        5.500000000000000000e+01
980        3.100000000000000000e+01
980        1.080000000000000000e+02
980        3.400000000000000000e+02
980        1.440000000000000000e+02
980        2.480000000000000000e+02
980        6.000000000000000000e+01
981        1.980000000000000000e+02
981        9.400000000000000000e+01
981        1.360000000000000000e+02
981        3.000000000000000000e+00
981        1.070000000000000000e+02
981        3.020000000000000000e+02
982        2.020000000000000000e+02
982        1.420000000000000000e+02
982        2.490000000000000000e+02
982        1.100000000000000000e+01
982        2.750000000000000000e+02
982        5.800000000000000000e+01
982        2.900000000000000000e+02
982        2.000000000000000000e+00
982        3.700000000000000000e+02
983        1.600000000000000000e+02
983        1.910000000000000000e+02
983        2.250000000000000000e+02
983        2.630000000000000000e+02
984        3.180000000000000000e+02
984        3.500000000000000000e+02
984        2.540000000000000000e+02
984        1.920000000000000000e+02
984        2.700000000000000000e+02
984        3.840000000000000000e+02
985        9.000000000000000000e+01
985        1.600000000000000000e+01
985        4.300000000000000000e+01
985        3.890000000000000000e+02
985        5.900000000000000000e+01
985        1.280000000000000000e+02
985        1.800000000000000000e+01
985        1.730000000000000000e+02
985        1.230000000000000000e+02
985        8.800000000000000000e+01
985        6.700000000000000000e+01
986        1.930000000000000000e+02
986        2.770000000000000000e+02
986        3.940000000000000000e+02
986        3.160000000000000000e+02
987        2.600000000000000000e+02
987        2.230000000000000000e+02
987        3.340000000000000000e+02
987        3.350000000000000000e+02
987        2.030000000000000000e+02
987        8.000000000000000000e+01
987        4.600000000000000000e+01
987        8.600000000000000000e+01
987        2.810000000000000000e+02
988        1.480000000000000000e+02
988        3.730000000000000000e+02
988        1.570000000000000000e+02
988        1.740000000000000000e+02
988        2.260000000000000000e+02
989        2.470000000000000000e+02
989        2.430000000000000000e+02
989        3.070000000000000000e+02
989        9.500000000000000000e+01
989        2.400000000000000000e+02
989        8.200000000000000000e+01
989        3.470000000000000000e+02
989        3.810000000000000000e+02
989        1.500000000000000000e+01
990        3.790000000000000000e+02
990        1.040000000000000000e+02
990        1.530000000000000000e+02
990        1.440000000000000000e+02
990        2.570000000000000000e+02
990        1.900000000000000000e+02
990        6.400000000000000000e+01
991        5.400000000000000000e+01
991        1.470000000000000000e+02
991        1.920000000000000000e+02
991        3.030000000000000000e+02
991        3.020000000000000000e+02
991        2.900000000000000000e+02
992        1.970000000000000000e+02
992        2.580000000000000000e+02
992        1.010000000000000000e+02
992        2.310000000000000000e+02
992        2.520000000000000000e+02
992        3.250000000000000000e+02
992        3.190000000000000000e+02
993        3.160000000000000000e+02
993        1.160000000000000000e+02
993        2.770000000000000000e+02
993        8.300000000000000000e+01
993        3.450000000000000000e+02
994        2.690000000000000000e+02
994        1.870000000000000000e+02
994        2.270000000000000000e+02
994        2.460000000000000000e+02
994        3.680000000000000000e+02
994        2.990000000000000000e+02
995        1.860000000000000000e+02
995        6.300000000000000000e+01
995        3.970000000000000000e+02
995        2.200000000000000000e+01
995        5.000000000000000000e+00
995        3.140000000000000000e+02
996        2.680000000000000000e+02
996        2.390000000000000000e+02
996        1.630000000000000000e+02
996        3.580000000000000000e+02
996        1.230000000000000000e+02
996        2.940000000000000000e+02
996        1.130000000000000000e+02
997        1.320000000000000000e+02
997        3.160000000000000000e+02
997        3.910000000000000000e+02
997        3.660000000000000000e+02
997        2.100000000000000000e+01
997        1.160000000000000000e+02
997        1.310000000000000000e+02
997        2.260000000000000000e+02
998        4.600000000000000000e+01
998        1.700000000000000000e+02
998        2.550000000000000000e+02
998        3.330000000000000000e+02
998        6.400000000000000000e+01
998        3.340000000000000000e+02
998        3.300000000000000000e+02
998        3.300000000000000000e+01
999        2.020000000000000000e+02
999        3.920000000000000000e+02
999        3.950000000000000000e+02
999        1.940000000000000000e+02
999        1.760000000000000000e+02
999        2.000000000000000000e+00
999        2.610000000000000000e+02
999        2.250000000000000000e+02
1000       1.540000000000000000e+02
1000       3.370000000000000000e+02
1000       8.200000000000000000e+01
1000       5.400000000000000000e+01
1000       1.440000000000000000e+02
1000       1.000000000000000000e+01
1001       1.980000000000000000e+02
1001       7.800000000000000000e+01
1001       5.800000000000000000e+01
1002       3.780000000000000000e+02
1002       4.000000000000000000e+01
1002       3.450000000000000000e+02
1002       2.100000000000000000e+02
1002       2.510000000000000000e+02
1002       1.380000000000000000e+02
1002       3.880000000000000000e+02
1002       3.860000000000000000e+02
1002       8.000000000000000000e+01
1002       3.850000000000000000e+02
1002       3.800000000000000000e+01
1003       1.960000000000000000e+02
1003       1.890000000000000000e+02
1003       3.980000000000000000e+02
1003       3.100000000000000000e+02
1003       2.040000000000000000e+02
1004       9.000000000000000000e+01
1004       1.590000000000000000e+02
1004       3.650000000000000000e+02
1004       1.060000000000000000e+02
1004       1.930000000000000000e+02
1004       2.030000000000000000e+02
1004       2.170000000000000000e+02
1004       2.340000000000000000e+02
1004       2.410000000000000000e+02
1004       2.000000000000000000e+02
1005       2.140000000000000000e+02
1005       8.100000000000000000e+01
1005       9.200000000000000000e+01
1005       2.500000000000000000e+02
1006       3.700000000000000000e+01
1006       3.300000000000000000e+01
1006       6.000000000000000000e+00
1006       1.460000000000000000e+02
1006       9.100000000000000000e+01
1006       1.780000000000000000e+02
1006       2.850000000000000000e+02
1006       3.360000000000000000e+02
1006       2.240000000000000000e+02
1007       3.950000000000000000e+02
1007       3.500000000000000000e+01
1007       3.850000000000000000e+02
1007       2.230000000000000000e+02
1007       3.690000000000000000e+02
1007       6.900000000000000000e+01
1007       2.400000000000000000e+02
1007       2.360000000000000000e+02
1007       1.100000000000000000e+01
1007       1.380000000000000000e+02
1007       3.760000000000000000e+02
1008       1.750000000000000000e+02
1008       2.810000000000000000e+02
1008       2.660000000000000000e+02
1008       2.100000000000000000e+01
1009       2.980000000000000000e+02
1009       1.120000000000000000e+02
1009       3.170000000000000000e+02
1009       8.600000000000000000e+01
1009       3.200000000000000000e+01
1009       2.090000000000000000e+02
1009       2.910000000000000000e+02
1010       2.430000000000000000e+02
1010       2.760000000000000000e+02
1010       1.640000000000000000e+02
1010       3.260000000000000000e+02
1010       1.210000000000000000e+02
1011       3.080000000000000000e+02
1011       2.260000000000000000e+02
1011       3.750000000000000000e+02
1011       1.750000000000000000e+02
1011       2.040000000000000000e+02
1011       1.200000000000000000e+02
1011       3.350000000000000000e+02
1012       1.900000000000000000e+01
1012       3.850000000000000000e+02
1012       2.900000000000000000e+02
1012       7.500000000000000000e+01
1012       2.540000000000000000e+02
1012       3.480000000000000000e+02
1012       1.530000000000000000e+02
1012       9.200000000000000000e+01
1012       3.510000000000000000e+02
1013       2.640000000000000000e+02
1013       3.730000000000000000e+02
1013       2.050000000000000000e+02
1013       1.100000000000000000e+01
1013       3.380000000000000000e+02
1013       1.000000000000000000e+00
1013       1.900000000000000000e+02
1013       1.930000000000000000e+02
1013       7.400000000000000000e+01
1013       1.390000000000000000e+02
1013       1.180000000000000000e+02
1013       1.730000000000000000e+02
1014       2.320000000000000000e+02
1014       3.570000000000000000e+02
1014       1.720000000000000000e+02
1014       1.760000000000000000e+02
1014       1.280000000000000000e+02
1015       6.700000000000000000e+01
1015       2.000000000000000000e+02
1015       1.420000000000000000e+02
1016       2.620000000000000000e+02
1016       3.010000000000000000e+02
1016       5.500000000000000000e+01
1016       5.900000000000000000e+01
1016       1.050000000000000000e+02
1016       3.470000000000000000e+02
1016       9.000000000000000000e+00
1016       1.000000000000000000e+02
1016       9.800000000000000000e+01
1016       3.150000000000000000e+02
1016       9.000000000000000000e+01
1017       2.320000000000000000e+02
1017       2.750000000000000000e+02
1017       1.600000000000000000e+01
1017       1.400000000000000000e+01
1017       2.600000000000000000e+02
1018       1.910000000000000000e+02
1018       3.690000000000000000e+02
1018       3.160000000000000000e+02
1018       3.130000000000000000e+02
1018       3.280000000000000000e+02
1018       9.700000000000000000e+01
1018       1.210000000000000000e+02
1018       3.550000000000000000e+02
1019       3.400000000000000000e+02
1019       1.410000000000000000e+02
1019       2.230000000000000000e+02
1019       3.840000000000000000e+02
1019       9.600000000000000000e+01
1019       2.520000000000000000e+02
1020       2.570000000000000000e+02
1020       3.590000000000000000e+02
1020       1.600000000000000000e+02
1020       2.800000000000000000e+01
1020       3.710000000000000000e+02
1020       2.690000000000000000e+02
1020       2.150000000000000000e+02
1020       2.000000000000000000e+02
1021       3.870000000000000000e+02
1021       3.120000000000000000e+02
1021       1.820000000000000000e+02
1021       1.110000000000000000e+02
1021       2.700000000000000000e+02
1021       8.500000000000000000e+01
1021       3.640000000000000000e+02
1022       1.380000000000000000e+02
1022       2.100000000000000000e+01
1022       3.320000000000000000e+02
1022       2.820000000000000000e+02
1022       1.050000000000000000e+02
1022       2.190000000000000000e+02
1023       2.660000000000000000e+02
1023       1.300000000000000000e+02
1023       2.130000000000000000e+02
1023       3.840000000000000000e+02
1023       5.400000000000000000e+01
1023       4.900000000000000000e+01
1023       3.230000000000000000e+02
1024       1.700000000000000000e+01
1024       6.300000000000000000e+01
1024       2.690000000000000000e+02
1024       1.650000000000000000e+02
1024       1.610000000000000000e+02
1024       4.400000000000000000e+01
1024       1.630000000000000000e+02
1025       1.740000000000000000e+02
1025       1.550000000000000000e+02
1025       2.620000000000000000e+02
1025       1.230000000000000000e+02
1025       3.430000000000000000e+02
1025       2.490000000000000000e+02
1025       2.870000000000000000e+02
1025       1.150000000000000000e+02
1025       1.710000000000000000e+02
1025       2.100000000000000000e+02
1026       1.800000000000000000e+02
1026       5.500000000000000000e+01
1026       2.410000000000000000e+02
1026       1.570000000000000000e+02
1026       4.000000000000000000e+00
1026       6.900000000000000000e+01
1026       1.640000000000000000e+02
1027       3.680000000000000000e+02
1027       3.300000000000000000e+01
1027       8.000000000000000000e+01
1027       5.000000000000000000e+00
1027       5.800000000000000000e+01
1028       1.120000000000000000e+02
1028       1.740000000000000000e+02
1028       1.400000000000000000e+02
1028       3.910000000000000000e+02
1028       9.400000000000000000e+01
1028       2.670000000000000000e+02
1029       2.460000000000000000e+02
1029       2.550000000000000000e+02
1029       3.120000000000000000e+02
1029       1.980000000000000000e+02
1029       3.020000000000000000e+02
1029       2.400000000000000000e+01
1030       1.590000000000000000e+02
1030       3.900000000000000000e+02
1030       3.440000000000000000e+02
1030       1.700000000000000000e+02
1030       3.750000000000000000e+02
1030       2.290000000000000000e+02
1030       2.490000000000000000e+02
1031       5.100000000000000000e+01
1031       8.000000000000000000e+01
1031       6.600000000000000000e+01
1031       3.570000000000000000e+02
1031       2.950000000000000000e+02
1031       1.540000000000000000e+02
1032       3.090000000000000000e+02
1032       3.050000000000000000e+02
1032       4.300000000000000000e+01
1032       2.590000000000000000e+02
1032       1.210000000000000000e+02
1032       3.210000000000000000e+02
1032       1.350000000000000000e+02
1032       5.400000000000000000e+01
1032       1.140000000000000000e+02
1033       2.050000000000000000e+02
1033       3.230000000000000000e+02
1033       3.160000000000000000e+02
1033       3.280000000000000000e+02
1033       3.170000000000000000e+02
1033       3.390000000000000000e+02
1034       1.380000000000000000e+02
1034       1.300000000000000000e+01
1034       2.790000000000000000e+02
1034       4.000000000000000000e+01
1034       3.690000000000000000e+02
1034       2.500000000000000000e+01
1034       2.540000000000000000e+02
1034       2.280000000000000000e+02
1034       3.110000000000000000e+02
1034       7.100000000000000000e+01
1034       2.750000000000000000e+02
1034       2.670000000000000000e+02
1035       3.370000000000000000e+02
1035       2.490000000000000000e+02
1035       1.960000000000000000e+02
1035       1.180000000000000000e+02
1035       2.820000000000000000e+02
1035       2.760000000000000000e+02
1035       1.220000000000000000e+02
1036       5.300000000000000000e+01
1036       5.000000000000000000e+00
1036       5.800000000000000000e+01
1037       3.310000000000000000e+02
1037       9.400000000000000000e+01
1037       3.670000000000000000e+02
1037       2.000000000000000000e+01
1038       3.800000000000000000e+01
1038       1.090000000000000000e+02
1038       1.850000000000000000e+02
1038       1.810000000000000000e+02
1038       1.480000000000000000e+02
1038       2.600000000000000000e+01
1038       1.050000000000000000e+02
1038       2.190000000000000000e+02
1038       4.300000000000000000e+01
1038       2.680000000000000000e+02
1038       7.300000000000000000e+01
1038       3.640000000000000000e+02
1038       3.410000000000000000e+02
1038       3.790000000000000000e+02
1038       1.890000000000000000e+02
1038       2.800000000000000000e+01
1039       1.800000000000000000e+01
1039       1.800000000000000000e+02
1039       3.100000000000000000e+01
1039       1.470000000000000000e+02
1039       3.490000000000000000e+02
1040       1.220000000000000000e+02
1040       2.390000000000000000e+02
1040       1.490000000000000000e+02
1040       1.610000000000000000e+02
1040       2.750000000000000000e+02
1040       1.400000000000000000e+01
1040       2.310000000000000000e+02
1040       2.810000000000000000e+02
1041       2.360000000000000000e+02
1041       3.080000000000000000e+02
1041       3.440000000000000000e+02
1041       9.500000000000000000e+01
1041       9.400000000000000000e+01
1041       7.700000000000000000e+01
1041       3.330000000000000000e+02
1041       3.200000000000000000e+02
1041       2.070000000000000000e+02
1042       6.500000000000000000e+01
1042       3.200000000000000000e+01
1042       2.700000000000000000e+02
1043       1.000000000000000000e+01
1043       3.630000000000000000e+02
1043       2.670000000000000000e+02
1043       3.590000000000000000e+02
1043       2.790000000000000000e+02
1043       7.300000000000000000e+01
1043       1.600000000000000000e+02
1044       1.440000000000000000e+02
1044       1.370000000000000000e+02
1044       7.000000000000000000e+00
1044       8.400000000000000000e+01
1044       3.470000000000000000e+02
1044       4.200000000000000000e+01
1044       3.940000000000000000e+02
1044       2.500000000000000000e+02
1044       3.140000000000000000e+02
1044       1.210000000000000000e+02
1044       3.510000000000000000e+02
1044       3.290000000000000000e+02
1045       1.530000000000000000e+02
1046       9.500000000000000000e+01
1046       3.260000000000000000e+02
1046       2.920000000000000000e+02
1046       1.830000000000000000e+02
1046       3.540000000000000000e+02
1046       3.200000000000000000e+02
1046       3.610000000000000000e+02
1046       1.600000000000000000e+01
1046       6.300000000000000000e+01
1046       1.690000000000000000e+02
1046       5.600000000000000000e+01
1046       3.860000000000000000e+02
1046       1.580000000000000000e+02
1046       3.910000000000000000e+02
1047       6.900000000000000000e+01
1047       2.660000000000000000e+02
1047       3.440000000000000000e+02
1047       2.990000000000000000e+02
1047       0.000000000000000000e+00
1047       3.310000000000000000e+02
1048       3.330000000000000000e+02
1048       4.100000000000000000e+01
1048       3.160000000000000000e+02
1048       1.190000000000000000e+02
1048       1.960000000000000000e+02
1048       7.800000000000000000e+01
1048       1.440000000000000000e+02
1048       2.810000000000000000e+02
1048       2.380000000000000000e+02
1049       2.860000000000000000e+02
1049       3.550000000000000000e+02
1049       7.600000000000000000e+01
1050       2.830000000000000000e+02
1050       2.580000000000000000e+02
1050       9.900000000000000000e+01
1050       3.640000000000000000e+02
1050       3.680000000000000000e+02
1050       1.300000000000000000e+01
1050       2.570000000000000000e+02
1050       3.500000000000000000e+01
1050       1.020000000000000000e+02
1050       2.500000000000000000e+02
1051       1.990000000000000000e+02
1051       3.050000000000000000e+02
1051       3.520000000000000000e+02
1051       3.770000000000000000e+02
1051       1.800000000000000000e+01
1051       1.350000000000000000e+02
1052       5.800000000000000000e+01
1052       1.570000000000000000e+02
1052       1.620000000000000000e+02
1052       2.020000000000000000e+02
1053       6.100000000000000000e+01
1053       3.300000000000000000e+01
1053       1.610000000000000000e+02
1053       1.500000000000000000e+02
1053       8.700000000000000000e+01
1053       2.500000000000000000e+01
1054       3.240000000000000000e+02
1054       8.400000000000000000e+01
1054       1.330000000000000000e+02
1054       2.630000000000000000e+02
1054       1.010000000000000000e+02
1054       3.160000000000000000e+02
1054       2.220000000000000000e+02
1054       3.290000000000000000e+02
1054       2.120000000000000000e+02
1054       1.100000000000000000e+01
1054       2.610000000000000000e+02
1054       2.480000000000000000e+02
1055       9.700000000000000000e+01
1055       1.780000000000000000e+02
1055       3.570000000000000000e+02
1055       3.740000000000000000e+02
1055       1.560000000000000000e+02
1056       1.100000000000000000e+02
1056       6.000000000000000000e+00
1056       1.480000000000000000e+02
1056       7.100000000000000000e+01
1056       2.910000000000000000e+02
1056       1.950000000000000000e+02
1056       1.700000000000000000e+02
1056       1.830000000000000000e+02
1057       2.230000000000000000e+02
1057       5.600000000000000000e+01
1057       3.840000000000000000e+02
1057       3.400000000000000000e+01
1057       3.950000000000000000e+02
1058       6.000000000000000000e+01
1058       2.780000000000000000e+02
1058       1.430000000000000000e+02
1058       1.630000000000000000e+02
1058       3.470000000000000000e+02
1058       2.130000000000000000e+02
1058       1.710000000000000000e+02
1059       2.390000000000000000e+02
1059       2.500000000000000000e+01
1059       1.260000000000000000e+02
1059       1.770000000000000000e+02
1059       3.780000000000000000e+02
1059       9.000000000000000000e+01
1059       2.700000000000000000e+02
1059       1.550000000000000000e+02
1059       1.450000000000000000e+02
1059       1.270000000000000000e+02
1060       3.610000000000000000e+02
1060       7.100000000000000000e+01
1060       3.560000000000000000e+02
1061       5.600000000000000000e+01
1061       3.550000000000000000e+02
1061       1.960000000000000000e+02
1061       2.400000000000000000e+02
1061       1.050000000000000000e+02
1061       1.140000000000000000e+02
1061       3.700000000000000000e+01
1061       3.540000000000000000e+02
1062       2.070000000000000000e+02
1062       2.220000000000000000e+02
1062       5.700000000000000000e+01
1062       2.990000000000000000e+02
1062       1.110000000000000000e+02
1062       3.800000000000000000e+01
1062       3.330000000000000000e+02
1063       1.490000000000000000e+02
1063       3.380000000000000000e+02
1063       1.240000000000000000e+02
1063       6.000000000000000000e+01
1063       2.850000000000000000e+02
1063       2.130000000000000000e+02
1063       1.990000000000000000e+02
1064       2.630000000000000000e+02
1064       3.000000000000000000e+00
1064       1.130000000000000000e+02
1064       1.060000000000000000e+02
1064       2.770000000000000000e+02
1064       1.300000000000000000e+01
1065       4.600000000000000000e+01
1065       3.150000000000000000e+02
1065       2.320000000000000000e+02
1065       9.900000000000000000e+01
1065       1.760000000000000000e+02
1065       3.720000000000000000e+02
1065       3.110000000000000000e+02
1065       2.790000000000000000e+02
1066       7.600000000000000000e+01
1066       3.660000000000000000e+02
1066       2.070000000000000000e+02
1066       3.310000000000000000e+02
1067       2.450000000000000000e+02
1067       2.400000000000000000e+01
1067       2.210000000000000000e+02
1067       3.300000000000000000e+01
1067       3.960000000000000000e+02
1067       3.880000000000000000e+02
1067       2.110000000000000000e+02
1067       7.300000000000000000e+01
1067       3.030000000000000000e+02
1067       2.240000000000000000e+02
1068       1.190000000000000000e+02
1068       1.780000000000000000e+02
1068       2.770000000000000000e+02
1068       1.200000000000000000e+01
1068       2.290000000000000000e+02
1068       1.450000000000000000e+02
1068       1.550000000000000000e+02
1068       3.410000000000000000e+02
1069       9.300000000000000000e+01
1069       3.530000000000000000e+02
1069       2.360000000000000000e+02
1069       1.830000000000000000e+02
1069       3.790000000000000000e+02
1069       1.840000000000000000e+02
1069       2.530000000000000000e+02
1069       2.950000000000000000e+02
1070       2.620000000000000000e+02
1071       3.760000000000000000e+02
1071       3.210000000000000000e+02
1071       2.200000000000000000e+02
1071       0.000000000000000000e+00
1071       2.600000000000000000e+01
1071       1.970000000000000000e+02
1071       8.900000000000000000e+01
1072       3.500000000000000000e+02
1072       2.110000000000000000e+02
1072       8.000000000000000000e+00
1072       8.600000000000000000e+01
1072       1.390000000000000000e+02
1072       3.960000000000000000e+02
1072       3.560000000000000000e+02
1072       3.050000000000000000e+02
1073       5.600000000000000000e+01
1073       2.500000000000000000e+01
1073       3.030000000000000000e+02
1073       3.750000000000000000e+02
1073       2.610000000000000000e+02
1073       9.100000000000000000e+01
1073       3.500000000000000000e+01
1074       3.160000000000000000e+02
1074       3.690000000000000000e+02
1074       2.810000000000000000e+02
1074       2.330000000000000000e+02
1074       4.900000000000000000e+01
1074       1.950000000000000000e+02
1075       1.330000000000000000e+02
1075       3.040000000000000000e+02
1075       2.080000000000000000e+02
1075       2.250000000000000000e+02
1075       1.480000000000000000e+02
1075       1.980000000000000000e+02
1075       1.530000000000000000e+02
1075       3.550000000000000000e+02
1075       1.000000000000000000e+00
1075       3.190000000000000000e+02
1075       9.500000000000000000e+01
1075       2.930000000000000000e+02
1075       1.450000000000000000e+02
1076       2.190000000000000000e+02
1076       2.120000000000000000e+02
1076       3.220000000000000000e+02
1076       1.490000000000000000e+02
1076       2.780000000000000000e+02
1076       2.230000000000000000e+02
1077       2.840000000000000000e+02
1077       1.560000000000000000e+02
1078       7.100000000000000000e+01
1078       2.500000000000000000e+02
1078       2.290000000000000000e+02
1078       1.400000000000000000e+02
1078       3.930000000000000000e+02
1079       1.270000000000000000e+02
1079       2.090000000000000000e+02
1079       2.550000000000000000e+02
1079       2.420000000000000000e+02
1079       1.360000000000000000e+02
1079       3.230000000000000000e+02
1080       1.900000000000000000e+01
1080       3.050000000000000000e+02
1080       3.220000000000000000e+02
1080       3.070000000000000000e+02
1080       1.380000000000000000e+02
1080       3.600000000000000000e+01
1080       3.360000000000000000e+02
1080       1.880000000000000000e+02
1080       3.200000000000000000e+02
1080       8.800000000000000000e+01
1081       2.150000000000000000e+02
1081       1.190000000000000000e+02
1081       3.060000000000000000e+02
1081       3.540000000000000000e+02
1081       1.390000000000000000e+02
1081       1.000000000000000000e+01
1081       1.760000000000000000e+02
1081       2.980000000000000000e+02
1082       2.350000000000000000e+02
1082       1.270000000000000000e+02
1082       3.240000000000000000e+02
1082       3.580000000000000000e+02
1082       3.010000000000000000e+02
1082       2.760000000000000000e+02
1082       3.320000000000000000e+02
1082       1.700000000000000000e+01
1083       1.450000000000000000e+02
1083       3.250000000000000000e+02
1083       2.880000000000000000e+02
1083       7.900000000000000000e+01
1083       3.820000000000000000e+02
1084       3.270000000000000000e+02
1084       7.000000000000000000e+00
1084       3.990000000000000000e+02
1084       9.700000000000000000e+01
1084       6.300000000000000000e+01
1085       2.090000000000000000e+02
1085       3.200000000000000000e+01
1085       1.410000000000000000e+02
1085       2.130000000000000000e+02
1085       5.600000000000000000e+01
1085       3.080000000000000000e+02
1085       1.950000000000000000e+02
1086       9.600000000000000000e+01
1086       2.030000000000000000e+02
1086       3.440000000000000000e+02
1086       3.170000000000000000e+02
1086       3.180000000000000000e+02
1086       1.140000000000000000e+02
1086       2.340000000000000000e+02
1086       3.770000000000000000e+02
1087       1.880000000000000000e+02
1087       3.390000000000000000e+02
1087       1.610000000000000000e+02
1087       3.360000000000000000e+02
1088       4.700000000000000000e+01
1088       1.190000000000000000e+02
1088       0.000000000000000000e+00
1088       2.720000000000000000e+02
1088       2.930000000000000000e+02
1088       1.570000000000000000e+02
1088       8.500000000000000000e+01
1088       8.700000000000000000e+01
1088       3.290000000000000000e+02
1088       8.300000000000000000e+01
1089       3.240000000000000000e+02
1089       2.020000000000000000e+02
1089       2.410000000000000000e+02
1089       2.440000000000000000e+02
1089       2.830000000000000000e+02
1089       2.240000000000000000e+02
1089       1.730000000000000000e+02
1089       1.000000000000000000e+01
1090       2.260000000000000000e+02
1090       3.880000000000000000e+02
1090       8.200000000000000000e+01
1090       6.000000000000000000e+01
1090       1.440000000000000000e+02
1091       3.300000000000000000e+02
1091       2.320000000000000000e+02
1091       2.380000000000000000e+02
1092       3.500000000000000000e+01
1092       1.640000000000000000e+02
1092       1.500000000000000000e+02
1092       3.530000000000000000e+02
1092       1.250000000000000000e+02
1092       3.650000000000000000e+02
1092       5.600000000000000000e+01
1092       3.050000000000000000e+02
1092       2.340000000000000000e+02
1093       2.960000000000000000e+02
1093       3.810000000000000000e+02
1093       1.400000000000000000e+02
1093       8.000000000000000000e+00
1093       1.960000000000000000e+02
1093       1.390000000000000000e+02
1093       1.560000000000000000e+02
1093       1.270000000000000000e+02
1094       3.980000000000000000e+02
1094       1.760000000000000000e+02
1094       1.710000000000000000e+02
1094       3.700000000000000000e+02
1094       2.350000000000000000e+02
1094       2.710000000000000000e+02
1095       2.930000000000000000e+02
1095       2.990000000000000000e+02
1095       4.200000000000000000e+01
1095       8.900000000000000000e+01
1095       3.000000000000000000e+00
1096       3.020000000000000000e+02
1096       9.400000000000000000e+01
1096       1.340000000000000000e+02
1096       1.530000000000000000e+02
1096       3.040000000000000000e+02
1096       1.360000000000000000e+02
1096       2.360000000000000000e+02
1096       1.050000000000000000e+02
1096       6.300000000000000000e+01
1096       1.980000000000000000e+02
1096       1.820000000000000000e+02
1096       4.000000000000000000e+00
1096       1.660000000000000000e+02
1097       2.100000000000000000e+01
1097       1.550000000000000000e+02
1097       6.900000000000000000e+01
1097       1.270000000000000000e+02
1098       5.500000000000000000e+01
1098       3.900000000000000000e+01
1098       3.320000000000000000e+02
1098       1.280000000000000000e+02
1098       2.440000000000000000e+02
1098       1.880000000000000000e+02
1098       5.300000000000000000e+01
1098       3.290000000000000000e+02
1098       1.250000000000000000e+02
1099       1.810000000000000000e+02
1099       3.220000000000000000e+02
1099       2.060000000000000000e+02
1099       1.760000000000000000e+02
1099       3.460000000000000000e+02
1100       3.310000000000000000e+02
1100       3.980000000000000000e+02
1100       1.700000000000000000e+02
1100       1.540000000000000000e+02
1100       9.300000000000000000e+01
1100       1.340000000000000000e+02
1100       4.200000000000000000e+01
1101       3.650000000000000000e+02
1101       1.170000000000000000e+02
1101       3.590000000000000000e+02
1101       3.660000000000000000e+02
1101       1.500000000000000000e+01
1101       3.910000000000000000e+02
1102       2.690000000000000000e+02
1102       2.680000000000000000e+02
1102       2.220000000000000000e+02
1102       4.600000000000000000e+01
1102       2.120000000000000000e+02
1102       3.690000000000000000e+02
1102       1.480000000000000000e+02
1102       3.840000000000000000e+02
1102       3.960000000000000000e+02
1102       1.990000000000000000e+02
1102       3.680000000000000000e+02
1102       3.900000000000000000e+01
1102       2.570000000000000000e+02
1103       6.400000000000000000e+01
1103       2.960000000000000000e+02
1103       3.540000000000000000e+02
1104       3.350000000000000000e+02
1104       2.140000000000000000e+02
1104       3.440000000000000000e+02
1104       3.700000000000000000e+01
1104       1.200000000000000000e+01
1104       3.800000000000000000e+01
1104       7.600000000000000000e+01
1104       3.600000000000000000e+02
1105       1.340000000000000000e+02
1105       7.400000000000000000e+01
1105       1.530000000000000000e+02
1105       3.700000000000000000e+02
1105       3.600000000000000000e+01
1105       2.790000000000000000e+02
1105       1.860000000000000000e+02
1106       0.000000000000000000e+00
1106       1.380000000000000000e+02
1106       7.000000000000000000e+00
1106       2.460000000000000000e+02
1107       2.970000000000000000e+02
1107       2.730000000000000000e+02
1107       8.700000000000000000e+01
1107       3.750000000000000000e+02
1107       2.720000000000000000e+02
1107       3.960000000000000000e+02
1107       3.950000000000000000e+02
1107       3.400000000000000000e+01
1108       1.970000000000000000e+02
1108       1.650000000000000000e+02
1108       9.700000000000000000e+01
1108       1.800000000000000000e+02
1108       1.530000000000000000e+02
1108       3.710000000000000000e+02
1108       2.020000000000000000e+02
1109       1.830000000000000000e+02
1109       2.340000000000000000e+02
1109       3.180000000000000000e+02
1109       2.150000000000000000e+02
1109       2.580000000000000000e+02
1109       3.400000000000000000e+02
1109       8.300000000000000000e+01
1109       2.060000000000000000e+02
1110       3.250000000000000000e+02
1110       3.190000000000000000e+02
1110       5.000000000000000000e+00
1110       3.650000000000000000e+02
1110       9.900000000000000000e+01
1110       3.040000000000000000e+02
1110       2.450000000000000000e+02
1110       1.870000000000000000e+02
1111       2.160000000000000000e+02
1111       1.880000000000000000e+02
1111       2.260000000000000000e+02
1111       4.400000000000000000e+01
1111       1.550000000000000000e+02
1111       1.120000000000000000e+02
1112       3.950000000000000000e+02
1112       3.750000000000000000e+02
1112       2.100000000000000000e+02
1112       2.300000000000000000e+01
1112       1.240000000000000000e+02
1112       3.920000000000000000e+02
1112       1.760000000000000000e+02
1112       2.120000000000000000e+02
1113       3.930000000000000000e+02
1113       3.400000000000000000e+02
1113       2.970000000000000000e+02
1113       1.520000000000000000e+02
1113       1.100000000000000000e+02
1113       3.620000000000000000e+02
1114       3.900000000000000000e+01
1114       1.400000000000000000e+02
1114       8.000000000000000000e+00
1114       1.150000000000000000e+02
1115       2.330000000000000000e+02
1115       2.670000000000000000e+02
1115       4.700000000000000000e+01
1115       8.200000000000000000e+01
1115       3.340000000000000000e+02
1115       3.870000000000000000e+02
1115       3.240000000000000000e+02
1115       2.630000000000000000e+02
1116       1.320000000000000000e+02
1116       1.730000000000000000e+02
1116       2.100000000000000000e+02
1116       2.160000000000000000e+02
1116       3.880000000000000000e+02
1116       8.700000000000000000e+01
1116       2.890000000000000000e+02
1117       1.310000000000000000e+02
1117       3.130000000000000000e+02
1117       3.630000000000000000e+02
1117       3.600000000000000000e+02
1117       3.420000000000000000e+02
1117       6.200000000000000000e+01
1117       3.430000000000000000e+02
1117       2.820000000000000000e+02
1117       2.400000000000000000e+01
1117       1.680000000000000000e+02
1118       3.040000000000000000e+02
1118       7.700000000000000000e+01
1118       3.250000000000000000e+02
1118       2.500000000000000000e+01
1118       3.140000000000000000e+02
1118       2.540000000000000000e+02
1118       2.470000000000000000e+02
1118       1.800000000000000000e+02
1118       2.550000000000000000e+02
1119       1.240000000000000000e+02
1119       9.300000000000000000e+01
1120       1.210000000000000000e+02
1120       1.670000000000000000e+02
1120       9.000000000000000000e+00
1120       2.050000000000000000e+02
1120       3.320000000000000000e+02
1121       1.100000000000000000e+01
1121       7.800000000000000000e+01
1121       2.120000000000000000e+02
1121       2.250000000000000000e+02
1121       2.380000000000000000e+02
1121       1.120000000000000000e+02
1121       3.790000000000000000e+02
1121       7.400000000000000000e+01
1122       3.580000000000000000e+02
1122       1.240000000000000000e+02
1122       2.670000000000000000e+02
1122       1.400000000000000000e+01
1122       2.650000000000000000e+02
1122       2.900000000000000000e+02
1122       1.840000000000000000e+02
1122       2.910000000000000000e+02
1123       1.310000000000000000e+02
1123       3.880000000000000000e+02
1123       1.890000000000000000e+02
1123       3.980000000000000000e+02
1123       3.370000000000000000e+02
1123       2.900000000000000000e+01
1123       2.030000000000000000e+02
1124       1.220000000000000000e+02
1124       1.600000000000000000e+02
1124       1.670000000000000000e+02
1124       1.300000000000000000e+01
1124       2.300000000000000000e+02
1124       5.200000000000000000e+01
1124       1.580000000000000000e+02
1124       9.600000000000000000e+01
1125       3.770000000000000000e+02
1125       2.400000000000000000e+01
1125       3.780000000000000000e+02
1125       2.010000000000000000e+02
1125       2.790000000000000000e+02
1125       2.950000000000000000e+02
1125       8.200000000000000000e+01
1125       3.740000000000000000e+02
1126       6.500000000000000000e+01
1126       3.800000000000000000e+01
1126       1.360000000000000000e+02
1126       2.000000000000000000e+02
1127       1.210000000000000000e+02
1127       6.700000000000000000e+01
1127       2.880000000000000000e+02
1127       7.300000000000000000e+01
1127       1.290000000000000000e+02
1127       3.590000000000000000e+02
1127       7.500000000000000000e+01
1127       1.630000000000000000e+02
1127       1.800000000000000000e+02
1127       2.700000000000000000e+02
1127       2.340000000000000000e+02
1128       2.890000000000000000e+02
1128       2.400000000000000000e+02
1128       3.700000000000000000e+01
1128       7.200000000000000000e+01
1128       1.400000000000000000e+02
1128       1.140000000000000000e+02
1128       1.220000000000000000e+02
1129       1.940000000000000000e+02
1129       2.900000000000000000e+02
1129       3.330000000000000000e+02
1129       1.670000000000000000e+02
1129       2.480000000000000000e+02
1129       2.330000000000000000e+02
1129       2.200000000000000000e+02
1129       3.230000000000000000e+02
1130       2.300000000000000000e+01
1130       5.700000000000000000e+01
1130       1.080000000000000000e+02
1130       3.990000000000000000e+02
1130       1.330000000000000000e+02
1130       3.080000000000000000e+02
1130       8.900000000000000000e+01
1130       1.660000000000000000e+02
1131       1.000000000000000000e+02
1131       1.960000000000000000e+02
1131       3.500000000000000000e+01
1131       2.390000000000000000e+02
1131       2.410000000000000000e+02
1132       3.760000000000000000e+02
1132       1.600000000000000000e+02
1132       2.140000000000000000e+02
1132       1.400000000000000000e+01
1132       2.560000000000000000e+02
1132       1.500000000000000000e+01
1132       3.820000000000000000e+02
1132       1.100000000000000000e+01
1133       3.230000000000000000e+02
1133       2.690000000000000000e+02
1133       1.120000000000000000e+02
1133       1.150000000000000000e+02
1133       2.660000000000000000e+02
1133       3.390000000000000000e+02
1133       8.200000000000000000e+01
1133       3.020000000000000000e+02
1134       2.300000000000000000e+02
1134       3.830000000000000000e+02
1134       2.590000000000000000e+02
1134       2.570000000000000000e+02
1134       1.620000000000000000e+02
1134       3.000000000000000000e+02
1134       7.300000000000000000e+01
1134       3.030000000000000000e+02
1134       1.440000000000000000e+02
1134       3.550000000000000000e+02
1134       2.450000000000000000e+02
1135       3.520000000000000000e+02
1135       2.670000000000000000e+02
1135       1.930000000000000000e+02
1136       6.700000000000000000e+01
1136       4.000000000000000000e+00
1136       1.510000000000000000e+02
1136       2.360000000000000000e+02
1136       3.590000000000000000e+02
1136       2.440000000000000000e+02
1137       1.900000000000000000e+01
1137       1.610000000000000000e+02
1137       1.890000000000000000e+02
1137       8.000000000000000000e+00
1137       3.620000000000000000e+02
1138       2.640000000000000000e+02
1138       3.140000000000000000e+02
1138       1.650000000000000000e+02
1138       1.960000000000000000e+02
1138       1.140000000000000000e+02
1138       5.200000000000000000e+01
1138       1.470000000000000000e+02
1139       2.070000000000000000e+02
1139       2.020000000000000000e+02
1139       1.050000000000000000e+02
1139       9.000000000000000000e+01
1139       2.700000000000000000e+01
1139       1.200000000000000000e+02
1139       3.900000000000000000e+02
1139       3.960000000000000000e+02
1139       1.840000000000000000e+02
1139       2.430000000000000000e+02
1140       2.990000000000000000e+02
1140       4.600000000000000000e+01
1140       9.500000000000000000e+01
1140       2.490000000000000000e+02
1140       2.750000000000000000e+02
1141       1.480000000000000000e+02
1141       3.740000000000000000e+02
1141       2.380000000000000000e+02
1141       3.270000000000000000e+02
1141       3.530000000000000000e+02
1141       3.990000000000000000e+02
1141       1.710000000000000000e+02
1142       3.660000000000000000e+02
1142       1.870000000000000000e+02
1142       2.400000000000000000e+02
1142       3.880000000000000000e+02
1142       3.130000000000000000e+02
1142       3.410000000000000000e+02
1142       1.580000000000000000e+02
1142       3.720000000000000000e+02
1142       1.000000000000000000e+00
1143       4.500000000000000000e+01
1143       3.260000000000000000e+02
1143       2.500000000000000000e+01
1143       3.200000000000000000e+01
1143       1.660000000000000000e+02
1143       1.390000000000000000e+02
1143       3.140000000000000000e+02
1143       2.920000000000000000e+02
1144       1.690000000000000000e+02
1144       1.290000000000000000e+02
1144       3.100000000000000000e+01
1144       1.800000000000000000e+01
1144       2.100000000000000000e+02
1145       2.910000000000000000e+02
1145       1.280000000000000000e+02
1145       8.600000000000000000e+01
1145       2.160000000000000000e+02
1145       2.300000000000000000e+02
1145       3.310000000000000000e+02
1145       1.070000000000000000e+02
1145       2.200000000000000000e+02
1145       3.650000000000000000e+02
1145       2.080000000000000000e+02
1145       3.740000000000000000e+02
1146       1.200000000000000000e+01
1146       2.700000000000000000e+02
1146       2.420000000000000000e+02
1146       1.110000000000000000e+02
1146       2.390000000000000000e+02
1147       3.940000000000000000e+02
1147       2.980000000000000000e+02
1147       2.240000000000000000e+02
1147       9.900000000000000000e+01
1147       5.100000000000000000e+01
1147       3.750000000000000000e+02
1147       1.170000000000000000e+02
1148       3.620000000000000000e+02
1148       1.910000000000000000e+02
1148       2.770000000000000000e+02
1148       2.940000000000000000e+02
1149       1.290000000000000000e+02
1149       1.590000000000000000e+02
1149       1.090000000000000000e+02
1149       1.620000000000000000e+02
1149       3.100000000000000000e+01
1149       3.470000000000000000e+02
1149       1.390000000000000000e+02
1149       2.320000000000000000e+02
1149       4.500000000000000000e+01
1149       1.100000000000000000e+01
1150       2.580000000000000000e+02
1150       1.080000000000000000e+02
1150       3.830000000000000000e+02
1150       2.390000000000000000e+02
1151       7.700000000000000000e+01
1151       5.000000000000000000e+01
1151       7.500000000000000000e+01
1151       3.000000000000000000e+02
1151       5.100000000000000000e+01
1151       2.550000000000000000e+02
1151       7.000000000000000000e+00
1151       3.890000000000000000e+02
1151       1.540000000000000000e+02
1152       2.370000000000000000e+02
1152       3.090000000000000000e+02
1152       3.590000000000000000e+02
1152       3.380000000000000000e+02
1152       1.850000000000000000e+02
1152       3.880000000000000000e+02
1153       1.350000000000000000e+02
1153       2.850000000000000000e+02
1153       2.160000000000000000e+02
1153       2.300000000000000000e+02
1154       2.100000000000000000e+01
1154       1.510000000000000000e+02
1154       2.240000000000000000e+02
1154       1.770000000000000000e+02
1154       8.700000000000000000e+01
1154       2.680000000000000000e+02
1154       3.420000000000000000e+02
1154       3.040000000000000000e+02
1154       2.450000000000000000e+02
1155       3.790000000000000000e+02
1155       1.760000000000000000e+02
1155       2.440000000000000000e+02
1155       3.490000000000000000e+02
1155       2.810000000000000000e+02
1155       2.630000000000000000e+02
1155       1.390000000000000000e+02
1155       7.500000000000000000e+01
1155       1.800000000000000000e+01
1156       1.470000000000000000e+02
1156       1.670000000000000000e+02
1156       3.830000000000000000e+02
1156       2.820000000000000000e+02
1157       6.900000000000000000e+01
1157       1.790000000000000000e+02
1157       6.000000000000000000e+01
1157       9.000000000000000000e+00
1157       2.330000000000000000e+02
1157       2.890000000000000000e+02
1157       1.140000000000000000e+02
1158       1.010000000000000000e+02
1158       2.180000000000000000e+02
1158       3.120000000000000000e+02
1158       1.740000000000000000e+02
1158       2.640000000000000000e+02
1158       2.770000000000000000e+02
1158       2.710000000000000000e+02
1158       9.300000000000000000e+01
1158       1.250000000000000000e+02
1159       2.110000000000000000e+02
1159       2.900000000000000000e+02
1159       2.230000000000000000e+02
1159       8.500000000000000000e+01
1160       1.570000000000000000e+02
1160       3.050000000000000000e+02
1160       3.080000000000000000e+02
1160       2.670000000000000000e+02
1160       3.180000000000000000e+02
1160       3.550000000000000000e+02
1160       3.650000000000000000e+02
1160       5.300000000000000000e+01
1160       1.500000000000000000e+01
1160       2.200000000000000000e+01
1160       1.090000000000000000e+02
1160       3.420000000000000000e+02
1161       3.840000000000000000e+02
1161       1.110000000000000000e+02
1161       2.460000000000000000e+02
1161       1.270000000000000000e+02
1161       5.700000000000000000e+01
1161       1.460000000000000000e+02
1162       2.220000000000000000e+02
1162       4.300000000000000000e+01
1163       1.720000000000000000e+02
1163       2.420000000000000000e+02
1163       1.360000000000000000e+02
1163       2.390000000000000000e+02
1163       2.510000000000000000e+02
1163       7.900000000000000000e+01
1163       9.300000000000000000e+01
1163       9.700000000000000000e+01
1163       2.190000000000000000e+02
1163       6.900000000000000000e+01
1163       2.860000000000000000e+02
1163       2.160000000000000000e+02
1164       3.020000000000000000e+02
1164       3.800000000000000000e+01
1164       1.590000000000000000e+02
1164       3.940000000000000000e+02
1165       1.000000000000000000e+01
1165       2.710000000000000000e+02
1165       3.750000000000000000e+02
1165       9.500000000000000000e+01
1165       1.700000000000000000e+02
1165       1.110000000000000000e+02
1165       2.240000000000000000e+02
1165       1.060000000000000000e+02
1165       1.700000000000000000e+01
1165       3.780000000000000000e+02
1166       1.410000000000000000e+02
1167       2.120000000000000000e+02
1167       2.490000000000000000e+02
1167       1.140000000000000000e+02
1167       3.690000000000000000e+02
1167       2.030000000000000000e+02
1167       7.800000000000000000e+01
1167       3.900000000000000000e+01
1167       6.500000000000000000e+01
1167       1.330000000000000000e+02
1167       3.700000000000000000e+02
1167       5.500000000000000000e+01
1167       1.080000000000000000e+02
1167       1.220000000000000000e+02
1168       3.640000000000000000e+02
1168       2.890000000000000000e+02
1168       2.810000000000000000e+02
1168       1.230000000000000000e+02
1168       5.400000000000000000e+01
1168       3.830000000000000000e+02
1168       2.110000000000000000e+02
1169       6.800000000000000000e+01
1169       2.700000000000000000e+02
1169       3.530000000000000000e+02
1169       3.800000000000000000e+01
1169       4.600000000000000000e+01
1170       8.300000000000000000e+01
1170       3.700000000000000000e+01
1170       2.470000000000000000e+02
1170       1.110000000000000000e+02
1170       3.720000000000000000e+02
1170       3.990000000000000000e+02
1171       3.900000000000000000e+01
1171       6.700000000000000000e+01
1171       1.950000000000000000e+02
1171       2.690000000000000000e+02
1171       3.910000000000000000e+02
1171       1.200000000000000000e+02
1171       3.630000000000000000e+02
1171       2.910000000000000000e+02
1172       3.240000000000000000e+02
1172       2.000000000000000000e+02
1172       9.700000000000000000e+01
1172       1.880000000000000000e+02
1172       7.500000000000000000e+01
1172       2.890000000000000000e+02
1172       2.600000000000000000e+02
1172       3.110000000000000000e+02
1172       4.800000000000000000e+01
1172       3.420000000000000000e+02
1173       3.500000000000000000e+01
1173       3.520000000000000000e+02
1173       8.800000000000000000e+01
1173       3.010000000000000000e+02
1173       1.220000000000000000e+02
1174       2.510000000000000000e+02
1174       2.950000000000000000e+02
1174       3.340000000000000000e+02
1174       2.400000000000000000e+02
1174       3.120000000000000000e+02
1174       2.380000000000000000e+02
1175       3.640000000000000000e+02
1175       3.210000000000000000e+02
1175       8.700000000000000000e+01
1175       6.300000000000000000e+01
1175       3.260000000000000000e+02
1175       1.070000000000000000e+02
1175       2.880000000000000000e+02
1175       9.700000000000000000e+01
1175       6.400000000000000000e+01
1176       2.480000000000000000e+02
1176       3.410000000000000000e+02
1176       2.340000000000000000e+02
1176       3.220000000000000000e+02
1176       1.910000000000000000e+02
1177       2.760000000000000000e+02
1177       2.390000000000000000e+02
1177       1.720000000000000000e+02
1177       3.270000000000000000e+02
1178       1.220000000000000000e+02
1178       3.530000000000000000e+02
1178       1.460000000000000000e+02
1178       5.600000000000000000e+01
1178       8.500000000000000000e+01
1178       1.230000000000000000e+02
1178       2.770000000000000000e+02
1178       3.610000000000000000e+02
1178       3.800000000000000000e+02
1178       3.710000000000000000e+02
1178       3.970000000000000000e+02
1179       9.100000000000000000e+01
1179       2.160000000000000000e+02
1179       1.130000000000000000e+02
1179       2.060000000000000000e+02
1179       5.000000000000000000e+00
1179       3.120000000000000000e+02
1179       6.500000000000000000e+01
1180       1.300000000000000000e+02
1180       9.900000000000000000e+01
1180       2.630000000000000000e+02
1180       1.960000000000000000e+02
1180       5.300000000000000000e+01
1180       1.090000000000000000e+02
1180       2.120000000000000000e+02
1180       1.340000000000000000e+02
1181       3.370000000000000000e+02
1181       2.640000000000000000e+02
1181       2.290000000000000000e+02
1182       1.260000000000000000e+02
1182       2.780000000000000000e+02
1182       1.600000000000000000e+02
1182       3.730000000000000000e+02
1182       1.970000000000000000e+02
1182       3.250000000000000000e+02
1182       2.350000000000000000e+02
1182       3.850000000000000000e+02
1183       2.890000000000000000e+02
1183       1.420000000000000000e+02
1183       2.060000000000000000e+02
1183       1.010000000000000000e+02
1183       3.670000000000000000e+02
1183       4.400000000000000000e+01
1183       2.170000000000000000e+02
1183       2.480000000000000000e+02
1184       3.120000000000000000e+02
1184       2.680000000000000000e+02
1184       2.050000000000000000e+02
1184       1.120000000000000000e+02
1184       1.280000000000000000e+02
1184       1.550000000000000000e+02
1184       2.590000000000000000e+02
1184       3.950000000000000000e+02
1184       5.000000000000000000e+01
1185       3.900000000000000000e+02
1185       1.330000000000000000e+02
1185       9.500000000000000000e+01
1185       2.280000000000000000e+02
1185       7.800000000000000000e+01
1186       2.180000000000000000e+02
1186       4.100000000000000000e+01
1186       3.590000000000000000e+02
1186       8.500000000000000000e+01
1186       1.250000000000000000e+02
1186       6.800000000000000000e+01
1187       2.560000000000000000e+02
1187       1.570000000000000000e+02
1187       4.300000000000000000e+01
1187       4.200000000000000000e+01
1187       2.920000000000000000e+02
1187       3.640000000000000000e+02
1187       1.500000000000000000e+01
1187       1.480000000000000000e+02
1188       2.650000000000000000e+02
1188       4.600000000000000000e+01
1188       2.620000000000000000e+02
1188       2.740000000000000000e+02
1188       2.960000000000000000e+02
1188       1.240000000000000000e+02
1188       3.500000000000000000e+02
1189       1.900000000000000000e+02
1189       3.010000000000000000e+02
1189       2.120000000000000000e+02
1189       1.840000000000000000e+02
1189       2.400000000000000000e+02
1189       2.510000000000000000e+02
1189       1.590000000000000000e+02
1190       2.420000000000000000e+02
1190       1.030000000000000000e+02
1190       9.000000000000000000e+01
1190       2.340000000000000000e+02
1190       1.210000000000000000e+02
1191       8.900000000000000000e+01
1191       3.510000000000000000e+02
1191       3.610000000000000000e+02
1191       1.800000000000000000e+02
1191       2.720000000000000000e+02
1191       3.480000000000000000e+02
1191       9.300000000000000000e+01
1191       1.880000000000000000e+02
1191       1.670000000000000000e+02
1192       2.610000000000000000e+02
1192       3.990000000000000000e+02
1192       3.160000000000000000e+02
1192       2.750000000000000000e+02
1192       3.930000000000000000e+02
1193       3.250000000000000000e+02
1193       1.900000000000000000e+02
1193       2.500000000000000000e+01
1193       8.400000000000000000e+01
1193       2.910000000000000000e+02
1193       4.000000000000000000e+00
1193       2.330000000000000000e+02
1193       3.950000000000000000e+02
1194       1.450000000000000000e+02
1194       2.930000000000000000e+02
1194       1.350000000000000000e+02
1194       1.910000000000000000e+02
1194       2.160000000000000000e+02
1194       2.280000000000000000e+02
1194       1.920000000000000000e+02
1194       2.480000000000000000e+02
1194       2.730000000000000000e+02
1194       2.710000000000000000e+02
1194       1.420000000000000000e+02
1194       9.700000000000000000e+01
1194       5.300000000000000000e+01
1194       1.290000000000000000e+02
1194       5.100000000000000000e+01
1195       1.000000000000000000e+01
1196       3.510000000000000000e+02
1196       1.840000000000000000e+02
1196       2.410000000000000000e+02
1196       4.100000000000000000e+01
1196       1.010000000000000000e+02
1196       6.300000000000000000e+01
1197       8.800000000000000000e+01
1197       2.210000000000000000e+02
1197       3.470000000000000000e+02
1197       3.300000000000000000e+02
1197       2.220000000000000000e+02
1197       2.580000000000000000e+02
1197       3.480000000000000000e+02
1198       2.180000000000000000e+02
1198       8.400000000000000000e+01
1198       2.350000000000000000e+02
1198       1.360000000000000000e+02
1198       3.370000000000000000e+02
1198       1.510000000000000000e+02
1198       1.800000000000000000e+02
1198       9.300000000000000000e+01
1199       5.900000000000000000e+01
1199       1.120000000000000000e+02
1199       2.250000000000000000e+02
1199       3.350000000000000000e+02
1199       1.100000000000000000e+01
1199       2.360000000000000000e+02
1199       1.820000000000000000e+02
1200       8.100000000000000000e+01
1200       3.560000000000000000e+02
1200       1.230000000000000000e+02
1200       1.270000000000000000e+02
1200       8.000000000000000000e+00
1201       7.000000000000000000e+01
1201       7.900000000000000000e+01
1201       2.540000000000000000e+02
1201       3.210000000000000000e+02
1202       2.980000000000000000e+02
1202       3.910000000000000000e+02
1202       1.060000000000000000e+02
1202       1.800000000000000000e+01
1202       1.990000000000000000e+02
1202       1.420000000000000000e+02
1202       9.400000000000000000e+01
1202       1.170000000000000000e+02
1202       3.110000000000000000e+02
1202       3.010000000000000000e+02
1202       3.390000000000000000e+02
1203       5.500000000000000000e+01
1203       2.310000000000000000e+02
1203       2.650000000000000000e+02
1203       3.540000000000000000e+02
1203       2.170000000000000000e+02
1203       1.240000000000000000e+02
1203       3.520000000000000000e+02
1204       1.340000000000000000e+02
1204       1.470000000000000000e+02
1204       2.990000000000000000e+02
1204       1.400000000000000000e+02
1204       1.620000000000000000e+02
1204       1.560000000000000000e+02
1205       2.000000000000000000e+01
1205       3.660000000000000000e+02
1205       1.370000000000000000e+02
1205       2.880000000000000000e+02
1205       3.490000000000000000e+02
1205       2.200000000000000000e+01
1206       2.400000000000000000e+02
1206       3.400000000000000000e+02
1206       1.610000000000000000e+02
1206       1.130000000000000000e+02
1206       9.100000000000000000e+01
1206       2.860000000000000000e+02
1206       2.770000000000000000e+02
1206       1.960000000000000000e+02
1206       2.610000000000000000e+02
1206       1.480000000000000000e+02
1206       2.160000000000000000e+02
1206       6.700000000000000000e+01
1206       2.410000000000000000e+02
1207       3.450000000000000000e+02
1207       6.600000000000000000e+01
1207       1.930000000000000000e+02
1207       3.680000000000000000e+02
1208       2.690000000000000000e+02
1208       4.600000000000000000e+01
1208       2.250000000000000000e+02
1208       2.200000000000000000e+02
1208       2.460000000000000000e+02
1208       2.780000000000000000e+02
1208       3.430000000000000000e+02
1208       1.210000000000000000e+02
1209       3.540000000000000000e+02
1209       2.720000000000000000e+02
1209       3.190000000000000000e+02
1209       1.350000000000000000e+02
1210       3.260000000000000000e+02
1210       3.160000000000000000e+02
1210       3.460000000000000000e+02
1210       2.870000000000000000e+02
1210       8.700000000000000000e+01
1210       3.750000000000000000e+02
1210       3.000000000000000000e+02
1210       3.700000000000000000e+01
1210       1.900000000000000000e+02
1210       1.630000000000000000e+02
1210       3.900000000000000000e+02
1211       3.100000000000000000e+01
1211       3.670000000000000000e+02
1211       7.500000000000000000e+01
1212       3.390000000000000000e+02
1212       3.650000000000000000e+02
1212       3.890000000000000000e+02
1212       2.300000000000000000e+01
1212       2.310000000000000000e+02
1212       3.960000000000000000e+02
1212       3.440000000000000000e+02
1212       6.000000000000000000e+00
1212       3.200000000000000000e+01
1213       2.860000000000000000e+02
1213       9.900000000000000000e+01
1213       3.340000000000000000e+02
1213       2.210000000000000000e+02
1213       6.000000000000000000e+01
1213       2.330000000000000000e+02
1214       2.670000000000000000e+02
1214       1.950000000000000000e+02
1214       2.820000000000000000e+02
1214       1.680000000000000000e+02
1214       3.840000000000000000e+02
1214       1.960000000000000000e+02
1214       2.840000000000000000e+02
1215       6.100000000000000000e+01
1215       3.750000000000000000e+02
1215       1.310000000000000000e+02
1215       1.440000000000000000e+02
1215       1.160000000000000000e+02
1215       2.990000000000000000e+02
1215       7.300000000000000000e+01
1215       5.100000000000000000e+01
1215       1.090000000000000000e+02
1216       2.010000000000000000e+02
1216       3.710000000000000000e+02
1216       3.810000000000000000e+02
1216       3.270000000000000000e+02
1216       6.300000000000000000e+01
1217       2.420000000000000000e+02
1217       2.560000000000000000e+02
1217       8.100000000000000000e+01
1217       3.700000000000000000e+02
1217       1.340000000000000000e+02
1217       1.630000000000000000e+02
1218       1.540000000000000000e+02
1218       7.200000000000000000e+01
1218       5.800000000000000000e+01
1218       5.000000000000000000e+01
1218       2.920000000000000000e+02
1218       1.400000000000000000e+02
1218       4.000000000000000000e+01
1218       2.580000000000000000e+02
1218       6.600000000000000000e+01
1218       1.700000000000000000e+01
1218       8.000000000000000000e+01
1219       1.500000000000000000e+02
1219       2.730000000000000000e+02
1219       2.000000000000000000e+02
1220       3.860000000000000000e+02
1220       3.660000000000000000e+02
1220       3.600000000000000000e+01
1220       2.350000000000000000e+02
1220       3.240000000000000000e+02
1220       6.100000000000000000e+01
1220       1.180000000000000000e+02
1220       7.700000000000000000e+01
1220       3.150000000000000000e+02
1221       3.690000000000000000e+02
1221       1.500000000000000000e+01
1221       3.130000000000000000e+02
1221       3.700000000000000000e+02
1221       3.650000000000000000e+02
1221       1.530000000000000000e+02
1221       3.300000000000000000e+02
1222       3.000000000000000000e+02
1222       3.470000000000000000e+02
1222       1.220000000000000000e+02
1222       1.800000000000000000e+02
1222       1.060000000000000000e+02
1223       8.000000000000000000e+01
1223       3.540000000000000000e+02
1223       2.700000000000000000e+02
1223       2.390000000000000000e+02
1223       3.530000000000000000e+02
1223       1.670000000000000000e+02
1223       1.600000000000000000e+01
1223       3.260000000000000000e+02
1223       2.570000000000000000e+02
1223       1.000000000000000000e+00
1224       5.400000000000000000e+01
1224       5.000000000000000000e+00
1224       2.190000000000000000e+02
1224       3.460000000000000000e+02
1225       4.900000000000000000e+01
1225       3.180000000000000000e+02
1225       1.220000000000000000e+02
1225       5.600000000000000000e+01
1225       3.870000000000000000e+02
1225       2.920000000000000000e+02
1226       3.910000000000000000e+02
1226       2.750000000000000000e+02
1226       2.400000000000000000e+02
1226       2.730000000000000000e+02
1226       1.340000000000000000e+02
1226       2.340000000000000000e+02
1226       2.410000000000000000e+02
1226       1.360000000000000000e+02
1227       3.820000000000000000e+02
1227       3.560000000000000000e+02
1227       1.660000000000000000e+02
1227       3.420000000000000000e+02
1227       7.000000000000000000e+00
1227       6.100000000000000000e+01
1227       1.050000000000000000e+02
1227       1.490000000000000000e+02
1227       4.800000000000000000e+01
1228       2.180000000000000000e+02
1228       2.640000000000000000e+02
1228       9.800000000000000000e+01
1228       1.430000000000000000e+02
1228       1.840000000000000000e+02
1228       2.000000000000000000e+02
1228       2.770000000000000000e+02
1229       1.510000000000000000e+02
1229       1.800000000000000000e+02
1230       6.400000000000000000e+01
1230       8.500000000000000000e+01
1230       2.670000000000000000e+02
1230       1.020000000000000000e+02
1230       2.000000000000000000e+01
1230       1.850000000000000000e+02
1230       3.650000000000000000e+02
1230       2.930000000000000000e+02
1230       2.400000000000000000e+01
1230       1.080000000000000000e+02
1231       2.190000000000000000e+02
1231       1.180000000000000000e+02
1231       1.570000000000000000e+02
1231       2.500000000000000000e+01
1231       3.460000000000000000e+02
1231       1.910000000000000000e+02
1231       1.740000000000000000e+02
1231       1.530000000000000000e+02
1231       2.710000000000000000e+02
1232       3.500000000000000000e+02
1232       2.390000000000000000e+02
1232       2.300000000000000000e+02
1232       3.820000000000000000e+02
1232       2.900000000000000000e+02
1233       1.100000000000000000e+01
1233       3.200000000000000000e+01
1233       2.430000000000000000e+02
1233       2.730000000000000000e+02
1233       2.540000000000000000e+02
1233       3.920000000000000000e+02
1234       7.500000000000000000e+01
1234       3.550000000000000000e+02
1234       3.640000000000000000e+02
1234       2.980000000000000000e+02
1234       2.000000000000000000e+00
1234       1.310000000000000000e+02
1234       8.700000000000000000e+01
1235       2.110000000000000000e+02
1235       3.010000000000000000e+02
1235       3.160000000000000000e+02
1235       7.300000000000000000e+01
1235       1.210000000000000000e+02
1236       3.580000000000000000e+02
1236       8.300000000000000000e+01
1236       3.420000000000000000e+02
1236       3.000000000000000000e+01
1236       2.570000000000000000e+02
1236       4.000000000000000000e+00
1236       3.090000000000000000e+02
1236       3.060000000000000000e+02
1236       4.400000000000000000e+01
1236       2.160000000000000000e+02
1236       2.690000000000000000e+02
1236       3.680000000000000000e+02
1237       1.350000000000000000e+02
1237       8.800000000000000000e+01
1237       3.600000000000000000e+02
1237       5.900000000000000000e+01
1238       1.720000000000000000e+02
1238       7.800000000000000000e+01
1238       2.420000000000000000e+02
1238       1.440000000000000000e+02
1238       1.170000000000000000e+02
1238       2.070000000000000000e+02
1238       6.100000000000000000e+01
1238       1.700000000000000000e+02
1238       2.000000000000000000e+01
1238       3.790000000000000000e+02
1239       2.810000000000000000e+02
1240       3.950000000000000000e+02
1240       2.440000000000000000e+02
1240       3.400000000000000000e+01
1240       5.800000000000000000e+01
1240       3.420000000000000000e+02
1240       3.740000000000000000e+02
1240       1.300000000000000000e+02
1240       2.820000000000000000e+02
1240       1.800000000000000000e+01
1240       3.230000000000000000e+02
1241       1.070000000000000000e+02
1241       3.410000000000000000e+02
1241       3.000000000000000000e+01
1241       5.100000000000000000e+01
1241       3.960000000000000000e+02
1241       1.130000000000000000e+02
1241       1.560000000000000000e+02
1242       1.480000000000000000e+02
1242       5.400000000000000000e+01
1242       3.970000000000000000e+02
1242       6.000000000000000000e+00
1242       3.900000000000000000e+01
1242       2.290000000000000000e+02
1242       2.580000000000000000e+02
1242       1.710000000000000000e+02
1242       4.000000000000000000e+00
1242       1.290000000000000000e+02
1243       1.570000000000000000e+02
1243       3.360000000000000000e+02
1243       2.570000000000000000e+02
1243       1.330000000000000000e+02
1244       2.720000000000000000e+02
1244       3.580000000000000000e+02
1244       2.390000000000000000e+02
1244       1.730000000000000000e+02
1244       2.710000000000000000e+02
1244       3.700000000000000000e+01
1244       4.900000000000000000e+01
1244       3.370000000000000000e+02
1245       7.600000000000000000e+01
1245       6.600000000000000000e+01
1245       3.940000000000000000e+02
1246       2.130000000000000000e+02
1246       4.400000000000000000e+01
1246       2.760000000000000000e+02
1246       2.210000000000000000e+02
1246       1.140000000000000000e+02
1246       3.530000000000000000e+02
1246       2.370000000000000000e+02
1246       1.190000000000000000e+02
1246       1.260000000000000000e+02
1247       2.320000000000000000e+02
1247       2.220000000000000000e+02
1247       2.050000000000000000e+02
1247       4.200000000000000000e+01
1247       2.500000000000000000e+01
1247       1.240000000000000000e+02
1248       3.650000000000000000e+02
1248       1.860000000000000000e+02
1248       3.320000000000000000e+02
1248       2.190000000000000000e+02
1248       1.890000000000000000e+02
1248       6.500000000000000000e+01
1248       3.080000000000000000e+02
1248       3.190000000000000000e+02
1248       3.070000000000000000e+02
1248       3.920000000000000000e+02
1249       2.240000000000000000e+02
1249       2.970000000000000000e+02
1249       3.700000000000000000e+02
1249       4.800000000000000000e+01
1249       2.160000000000000000e+02
1250       8.500000000000000000e+01
1250       1.220000000000000000e+02
1250       2.830000000000000000e+02
1250       1.790000000000000000e+02
1250       2.560000000000000000e+02
1250       1.460000000000000000e+02
1250       3.350000000000000000e+02
1250       3.390000000000000000e+02
1251       1.010000000000000000e+02
1251       2.940000000000000000e+02
1251       5.000000000000000000e+00
1252       9.800000000000000000e+01
1252       3.200000000000000000e+01
1252       2.300000000000000000e+02
1252       2.590000000000000000e+02
1252       3.890000000000000000e+02
1252       8.600000000000000000e+01
1253       1.200000000000000000e+02
1253       9.300000000000000000e+01
1253       5.400000000000000000e+01
1253       6.100000000000000000e+01
1253       2.280000000000000000e+02
1253       0.000000000000000000e+00
1253       1.800000000000000000e+02
1253       2.660000000000000000e+02
1253       2.930000000000000000e+02
1253       8.700000000000000000e+01
1254       1.830000000000000000e+02
1254       1.930000000000000000e+02
1254       2.470000000000000000e+02
1254       3.820000000000000000e+02
1254       3.860000000000000000e+02
1255       1.480000000000000000e+02
1255       7.100000000000000000e+01
1255       5.700000000000000000e+01
1255       8.500000000000000000e+01
1255       2.600000000000000000e+02
1255       2.700000000000000000e+01
1256       3.100000000000000000e+01
1256       3.330000000000000000e+02
1256       3.020000000000000000e+02
1256       1.090000000000000000e+02
1256       3.900000000000000000e+02
1256       2.530000000000000000e+02
1256       7.200000000000000000e+01
1256       3.610000000000000000e+02
1256       2.490000000000000000e+02
1256       9.300000000000000000e+01
1257       8.900000000000000000e+01
1257       1.570000000000000000e+02
1257       2.300000000000000000e+02
1257       3.650000000000000000e+02
1257       2.370000000000000000e+02
1258       3.340000000000000000e+02
1258       3.390000000000000000e+02
1258       2.900000000000000000e+02
1258       4.000000000000000000e+00
1259       2.690000000000000000e+02
1259       8.600000000000000000e+01
1259       3.700000000000000000e+02
1259       2.680000000000000000e+02
1259       3.290000000000000000e+02
1259       8.100000000000000000e+01
1259       1.250000000000000000e+02
1259       1.380000000000000000e+02
1259       3.970000000000000000e+02
1259       3.600000000000000000e+01
1259       8.800000000000000000e+01
1259       2.310000000000000000e+02
1259       4.400000000000000000e+01
1260       5.400000000000000000e+01
1260       2.350000000000000000e+02
1261       2.440000000000000000e+02
1261       3.420000000000000000e+02
1261       7.900000000000000000e+01
1261       1.280000000000000000e+02
1261       2.180000000000000000e+02
1261       6.300000000000000000e+01
1261       1.410000000000000000e+02
1261       1.100000000000000000e+01
1261       2.380000000000000000e+02
1261       8.000000000000000000e+01
1262       1.900000000000000000e+01
1262       3.630000000000000000e+02
1262       1.600000000000000000e+01
1262       3.800000000000000000e+01
1262       3.650000000000000000e+02
1263       1.540000000000000000e+02
1263       2.860000000000000000e+02
1263       2.210000000000000000e+02
1263       2.780000000000000000e+02
1264       2.660000000000000000e+02
1264       1.800000000000000000e+01
1264       9.300000000000000000e+01
1264       5.800000000000000000e+01
1264       1.370000000000000000e+02
1264       3.890000000000000000e+02
1264       1.790000000000000000e+02
1264       2.360000000000000000e+02
1264       3.410000000000000000e+02
1264       3.230000000000000000e+02
1264       3.330000000000000000e+02
1265       2.640000000000000000e+02
1265       4.000000000000000000e+01
1265       6.300000000000000000e+01
1265       2.670000000000000000e+02
1265       6.700000000000000000e+01
1265       1.700000000000000000e+01
1265       1.730000000000000000e+02
1265       1.420000000000000000e+02
1266       1.600000000000000000e+02
1266       2.700000000000000000e+01
1266       3.760000000000000000e+02
1266       3.800000000000000000e+02
1266       8.500000000000000000e+01
1266       7.100000000000000000e+01
1266       2.080000000000000000e+02
1266       3.690000000000000000e+02
1267       2.750000000000000000e+02
1267       1.260000000000000000e+02
1267       1.280000000000000000e+02
1267       3.120000000000000000e+02
1267       1.840000000000000000e+02
1267       9.700000000000000000e+01
1267       1.890000000000000000e+02
1268       2.950000000000000000e+02
1268       1.140000000000000000e+02
1268       2.300000000000000000e+01
1268       1.090000000000000000e+02
1268       3.830000000000000000e+02
1269       2.410000000000000000e+02
1269       1.600000000000000000e+01
1269       1.650000000000000000e+02
1269       1.290000000000000000e+02
1269       8.500000000000000000e+01
1269       6.600000000000000000e+01
1270       3.580000000000000000e+02
1270       2.820000000000000000e+02
1270       2.220000000000000000e+02
1270       3.150000000000000000e+02
1270       3.070000000000000000e+02
1270       2.470000000000000000e+02
1270       3.980000000000000000e+02
1270       2.440000000000000000e+02
1270       5.000000000000000000e+01
1270       3.180000000000000000e+02
1270       3.000000000000000000e+01
1271       8.400000000000000000e+01
1271       3.230000000000000000e+02
1271       5.400000000000000000e+01
1271       2.160000000000000000e+02
1272       1.030000000000000000e+02
1272       2.020000000000000000e+02
1272       3.240000000000000000e+02
1272       2.380000000000000000e+02
1272       4.300000000000000000e+01
1272       1.970000000000000000e+02
1273       3.620000000000000000e+02
1273       2.420000000000000000e+02
1273       3.770000000000000000e+02
1273       3.990000000000000000e+02
1273       1.020000000000000000e+02
1273       1.960000000000000000e+02
1273       2.180000000000000000e+02
1273       1.110000000000000000e+02
1274       1.670000000000000000e+02
1274       2.170000000000000000e+02
1274       2.640000000000000000e+02
1274       1.100000000000000000e+02
1274       2.500000000000000000e+02
1274       1.270000000000000000e+02
1274       1.040000000000000000e+02
1275       2.970000000000000000e+02
1275       2.580000000000000000e+02
1275       3.910000000000000000e+02
1275       1.890000000000000000e+02
1275       2.850000000000000000e+02
1275       1.280000000000000000e+02
1276       2.290000000000000000e+02
1276       3.680000000000000000e+02
1276       3.100000000000000000e+02
1276       1.930000000000000000e+02
1276       4.400000000000000000e+01
1276       5.600000000000000000e+01
1276       3.210000000000000000e+02
1276       3.090000000000000000e+02
1276       8.000000000000000000e+01
1276       1.600000000000000000e+01
1277       3.390000000000000000e+02
1277       4.200000000000000000e+01
1277       1.310000000000000000e+02
1277       2.090000000000000000e+02
1277       3.050000000000000000e+02
1278       3.530000000000000000e+02
1278       5.700000000000000000e+01
1278       5.200000000000000000e+01
1278       3.730000000000000000e+02
1278       2.150000000000000000e+02
1278       2.680000000000000000e+02
1278       6.500000000000000000e+01
1278       1.120000000000000000e+02
1278       3.890000000000000000e+02
1279       3.220000000000000000e+02
1279       1.770000000000000000e+02
1280       1.880000000000000000e+02
1280       1.890000000000000000e+02
1280       2.620000000000000000e+02
1280       2.570000000000000000e+02
1281       2.700000000000000000e+01
1281       2.820000000000000000e+02
1281       4.500000000000000000e+01
1281       2.310000000000000000e+02
1281       3.650000000000000000e+02
1281       1.490000000000000000e+02
1281       3.970000000000000000e+02
1281       2.100000000000000000e+02
1281       3.750000000000000000e+02
1282       1.060000000000000000e+02
1282       1.760000000000000000e+02
1282       3.320000000000000000e+02
1282       3.720000000000000000e+02
1282       3.500000000000000000e+01
1282       3.690000000000000000e+02
1282       1.600000000000000000e+01
1282       1.450000000000000000e+02
1283       2.500000000000000000e+01
1283       3.630000000000000000e+02
1283       2.520000000000000000e+02
1283       8.000000000000000000e+01
1283       2.370000000000000000e+02
1283       2.380000000000000000e+02
1283       1.830000000000000000e+02
1284       1.840000000000000000e+02
1284       7.100000000000000000e+01
1284       2.610000000000000000e+02
1284       9.100000000000000000e+01
1284       2.130000000000000000e+02
1284       4.600000000000000000e+01
1284       3.570000000000000000e+02
1285       3.650000000000000000e+02
1285       2.480000000000000000e+02
1285       2.240000000000000000e+02
1285       1.520000000000000000e+02
1285       3.330000000000000000e+02
1285       5.200000000000000000e+01
1286       4.800000000000000000e+01
1286       1.640000000000000000e+02
1286       3.900000000000000000e+02
1286       2.020000000000000000e+02
1286       1.590000000000000000e+02
1286       1.210000000000000000e+02
1286       3.090000000000000000e+02
1286       9.000000000000000000e+00
1286       1.140000000000000000e+02
1286       5.500000000000000000e+01
1287       3.820000000000000000e+02
1287       3.860000000000000000e+02
1287       1.120000000000000000e+02
1287       3.390000000000000000e+02
1288       2.680000000000000000e+02
1288       2.440000000000000000e+02
1288       2.600000000000000000e+02
1288       3.290000000000000000e+02
1288       2.660000000000000000e+02
1288       8.500000000000000000e+01
1289       3.930000000000000000e+02
1289       3.300000000000000000e+02
1289       3.690000000000000000e+02
1289       3.800000000000000000e+02
1289       2.220000000000000000e+02
1289       5.000000000000000000e+01
1289       4.200000000000000000e+01
1289       9.100000000000000000e+01
1289       2.380000000000000000e+02
1289       2.140000000000000000e+02
1289       2.530000000000000000e+02
1290       2.290000000000000000e+02
1290       2.600000000000000000e+01
1290       8.000000000000000000e+01
1290       2.780000000000000000e+02
1290       1.290000000000000000e+02
1290       2.280000000000000000e+02
1290       1.340000000000000000e+02
1290       1.800000000000000000e+02
1291       1.600000000000000000e+01
1291       2.330000000000000000e+02
1291       6.500000000000000000e+01
1291       7.400000000000000000e+01
1291       1.070000000000000000e+02
1292       2.770000000000000000e+02
1292       4.500000000000000000e+01
1292       1.770000000000000000e+02
1292       2.820000000000000000e+02
1292       2.060000000000000000e+02
1293       2.610000000000000000e+02
1293       3.180000000000000000e+02
1293       3.190000000000000000e+02
1293       2.250000000000000000e+02
1293       1.980000000000000000e+02
1293       3.510000000000000000e+02
1293       3.070000000000000000e+02
1293       2.190000000000000000e+02
1293       2.240000000000000000e+02
1294       3.790000000000000000e+02
1294       2.440000000000000000e+02
1294       2.840000000000000000e+02
1294       1.700000000000000000e+01
1294       3.820000000000000000e+02
1294       3.990000000000000000e+02
1295       2.000000000000000000e+01
1295       3.450000000000000000e+02
1295       3.690000000000000000e+02
1295       1.000000000000000000e+00
1295       2.950000000000000000e+02
1295       2.380000000000000000e+02
1295       3.090000000000000000e+02
1295       1.940000000000000000e+02
1296       2.880000000000000000e+02
1296       7.600000000000000000e+01
1296       8.500000000000000000e+01
1296       9.700000000000000000e+01
1296       3.720000000000000000e+02
1296       1.220000000000000000e+02
1297       3.800000000000000000e+02
1297       1.850000000000000000e+02
1297       6.000000000000000000e+00
1297       6.700000000000000000e+01
1298       1.570000000000000000e+02
1298       1.810000000000000000e+02
1298       9.300000000000000000e+01
1298       3.320000000000000000e+02
1298       1.950000000000000000e+02
1298       2.840000000000000000e+02
1298       1.730000000000000000e+02
1298       1.080000000000000000e+02
1299       3.390000000000000000e+02
1299       8.300000000000000000e+01
1299       2.490000000000000000e+02
1299       1.330000000000000000e+02
1299       3.190000000000000000e+02
1299       1.230000000000000000e+02
1299       3.770000000000000000e+02
1299       1.600000000000000000e+01
1299       3.890000000000000000e+02
1300       2.530000000000000000e+02
1300       3.700000000000000000e+01
1300       3.060000000000000000e+02
1300       3.900000000000000000e+02
1300       3.740000000000000000e+02
1301       1.610000000000000000e+02
1301       2.820000000000000000e+02
1301       3.860000000000000000e+02
1301       4.800000000000000000e+01
1301       4.000000000000000000e+00
1301       1.600000000000000000e+02
1301       2.000000000000000000e+01
1301       8.000000000000000000e+00
1301       1.880000000000000000e+02
1301       2.680000000000000000e+02
1302       3.790000000000000000e+02
1302       2.640000000000000000e+02
1302       3.410000000000000000e+02
1302       1.700000000000000000e+01
1302       1.110000000000000000e+02
1302       2.690000000000000000e+02
1303       6.200000000000000000e+01
1303       1.990000000000000000e+02
1303       1.430000000000000000e+02
1303       7.700000000000000000e+01
1303       1.130000000000000000e+02
1304       8.700000000000000000e+01
1304       2.200000000000000000e+02
1304       3.420000000000000000e+02
1304       3.720000000000000000e+02
1304       3.900000000000000000e+02
1304       1.900000000000000000e+02
1305       2.920000000000000000e+02
1305       1.700000000000000000e+02
1305       3.890000000000000000e+02
1305       3.700000000000000000e+01
1305       3.500000000000000000e+02
1305       3.830000000000000000e+02
1305       2.940000000000000000e+02
1306       1.540000000000000000e+02
1306       2.230000000000000000e+02
1306       6.300000000000000000e+01
1306       5.900000000000000000e+01
1306       3.270000000000000000e+02
1306       1.120000000000000000e+02
1306       1.140000000000000000e+02
1307       2.700000000000000000e+01
1307       1.390000000000000000e+02
1307       1.400000000000000000e+01
1307       3.170000000000000000e+02
1307       2.890000000000000000e+02
1307       1.000000000000000000e+01
1307       4.800000000000000000e+01
1308       3.090000000000000000e+02
1308       3.550000000000000000e+02
1308       7.900000000000000000e+01
1308       2.600000000000000000e+01
1309       9.000000000000000000e+01
1309       1.040000000000000000e+02
1309       9.000000000000000000e+00
1309       2.970000000000000000e+02
1309       1.530000000000000000e+02
1309       2.000000000000000000e+00
1309       8.600000000000000000e+01
1309       7.300000000000000000e+01
1309       1.510000000000000000e+02
1309       1.920000000000000000e+02
1309       2.980000000000000000e+02
1309       3.150000000000000000e+02
1309       1.030000000000000000e+02
1309       1.730000000000000000e+02
1310       2.040000000000000000e+02
1310       1.690000000000000000e+02
1310       1.610000000000000000e+02
1310       3.510000000000000000e+02
1310       3.730000000000000000e+02
1310       3.350000000000000000e+02
1310       2.990000000000000000e+02
1310       3.130000000000000000e+02
1311       1.950000000000000000e+02
1311       1.870000000000000000e+02
1311       1.570000000000000000e+02
1311       2.720000000000000000e+02
1311       2.860000000000000000e+02
1312       1.580000000000000000e+02
1312       3.980000000000000000e+02
1312       1.970000000000000000e+02
1312       3.270000000000000000e+02
1312       1.240000000000000000e+02
1312       1.600000000000000000e+01
1313       2.620000000000000000e+02
1313       2.120000000000000000e+02
1313       5.200000000000000000e+01
1313       2.100000000000000000e+02
1313       3.240000000000000000e+02
1313       2.520000000000000000e+02
1314       3.080000000000000000e+02
1314       3.520000000000000000e+02
1314       1.150000000000000000e+02
1314       3.370000000000000000e+02
1314       2.180000000000000000e+02
1314       1.600000000000000000e+02
1314       3.200000000000000000e+01
1314       9.500000000000000000e+01
1315       2.600000000000000000e+02
1315       2.170000000000000000e+02
1315       3.850000000000000000e+02
1315       2.010000000000000000e+02
1315       2.700000000000000000e+02
1315       1.860000000000000000e+02
1315       3.990000000000000000e+02
1316       1.000000000000000000e+01
1316       2.370000000000000000e+02
1316       3.750000000000000000e+02
1316       3.410000000000000000e+02
1316       3.480000000000000000e+02
1316       9.600000000000000000e+01
1316       3.900000000000000000e+02
1316       1.760000000000000000e+02
1316       4.200000000000000000e+01
1317       3.000000000000000000e+02
1317       6.900000000000000000e+01
1317       2.440000000000000000e+02
1317       1.890000000000000000e+02
1318       2.940000000000000000e+02
1318       3.530000000000000000e+02
1318       3.060000000000000000e+02
1318       1.320000000000000000e+02
1319       1.720000000000000000e+02
1319       3.840000000000000000e+02
1319       3.100000000000000000e+02
1319       1.490000000000000000e+02
1319       9.000000000000000000e+00
1319       1.240000000000000000e+02
1319       9.700000000000000000e+01
1319       3.010000000000000000e+02
1319       1.620000000000000000e+02
1320       3.990000000000000000e+02
1320       2.900000000000000000e+02
1320       1.300000000000000000e+02
1320       1.860000000000000000e+02
1320       1.940000000000000000e+02
1320       3.140000000000000000e+02
1320       2.470000000000000000e+02
1320       1.010000000000000000e+02
1320       5.600000000000000000e+01
1320       2.690000000000000000e+02
1321       1.220000000000000000e+02
1321       1.870000000000000000e+02
1321       2.380000000000000000e+02
1321       3.940000000000000000e+02
1321       2.340000000000000000e+02
1322       1.510000000000000000e+02
1322       9.600000000000000000e+01
1322       2.020000000000000000e+02
1322       4.200000000000000000e+01
1322       4.900000000000000000e+01
1322       1.100000000000000000e+01
1322       2.410000000000000000e+02
1322       1.740000000000000000e+02
1323       7.100000000000000000e+01
1323       2.950000000000000000e+02
1323       2.430000000000000000e+02
1323       2.750000000000000000e+02
1323       2.590000000000000000e+02
1323       2.400000000000000000e+01
1324       1.480000000000000000e+02
1324       1.490000000000000000e+02
1324       1.470000000000000000e+02
1324       2.110000000000000000e+02
1324       1.700000000000000000e+01
1324       3.550000000000000000e+02
1324       1.580000000000000000e+02
1324       1.460000000000000000e+02
1325       1.600000000000000000e+02
1325       2.180000000000000000e+02
1325       3.180000000000000000e+02
1326       3.640000000000000000e+02
1326       3.360000000000000000e+02
1326       2.550000000000000000e+02
1326       1.840000000000000000e+02
1326       6.700000000000000000e+01
1326       4.900000000000000000e+01
1326       1.550000000000000000e+02
1326       2.880000000000000000e+02
1326       4.200000000000000000e+01
1327       7.300000000000000000e+01
1327       4.100000000000000000e+01
1327       7.900000000000000000e+01
1327       3.530000000000000000e+02
1327       2.200000000000000000e+01
1328       1.290000000000000000e+02
1328       2.140000000000000000e+02
1328       1.570000000000000000e+02
1328       1.160000000000000000e+02
1328       1.390000000000000000e+02
1328       3.040000000000000000e+02
1328       3.670000000000000000e+02
1328       3.390000000000000000e+02
1328       1.300000000000000000e+01
1328       1.070000000000000000e+02
1329       2.570000000000000000e+02
1329       2.300000000000000000e+02
1329       2.410000000000000000e+02
1329       2.190000000000000000e+02
1329       3.480000000000000000e+02
1329       3.780000000000000000e+02
1330       9.200000000000000000e+01
1330       2.770000000000000000e+02
1330       3.510000000000000000e+02
1330       3.260000000000000000e+02
1330       3.130000000000000000e+02
1330       1.330000000000000000e+02
1330       7.600000000000000000e+01
1331       0.000000000000000000e+00
1331       3.560000000000000000e+02
1331       3.350000000000000000e+02
1331       3.310000000000000000e+02
1331       1.800000000000000000e+02
1331       3.570000000000000000e+02
1331       1.610000000000000000e+02
1331       3.770000000000000000e+02
1332       2.630000000000000000e+02
1332       1.030000000000000000e+02
1332       3.500000000000000000e+01
1332       3.630000000000000000e+02
1332       1.250000000000000000e+02
1332       1.700000000000000000e+02
1333       2.780000000000000000e+02
1333       3.340000000000000000e+02
1333       3.620000000000000000e+02
1333       3.830000000000000000e+02
1333       1.560000000000000000e+02
1333       2.800000000000000000e+02
1334       1.110000000000000000e+02
1334       1.970000000000000000e+02
1334       1.910000000000000000e+02
1334       6.200000000000000000e+01
1334       8.600000000000000000e+01
1334       1.740000000000000000e+02
1334       2.750000000000000000e+02
1334       3.310000000000000000e+02
1335       2.340000000000000000e+02
1335       3.100000000000000000e+02
1335       2.150000000000000000e+02
1336       1.700000000000000000e+01
1336       3.550000000000000000e+02
1336       1.380000000000000000e+02
1336       3.990000000000000000e+02
1336       8.200000000000000000e+01
1336       2.350000000000000000e+02
1336       7.000000000000000000e+00
1336       1.520000000000000000e+02
1336       3.710000000000000000e+02
1337       1.430000000000000000e+02
1337       2.050000000000000000e+02
1337       1.040000000000000000e+02
1337       4.200000000000000000e+01
1337       6.900000000000000000e+01
1338       1.080000000000000000e+02
1338       1.410000000000000000e+02
1338       3.440000000000000000e+02
1338       3.310000000000000000e+02
1338       2.710000000000000000e+02
1338       8.100000000000000000e+01
1338       5.500000000000000000e+01
1339       2.940000000000000000e+02
1339       3.780000000000000000e+02
1339       3.660000000000000000e+02
1339       3.900000000000000000e+01
1339       2.340000000000000000e+02
1339       3.210000000000000000e+02
1339       1.550000000000000000e+02
1339       1.940000000000000000e+02
1339       2.800000000000000000e+02
1340       1.660000000000000000e+02
1340       1.880000000000000000e+02
1340       1.300000000000000000e+01
1340       3.120000000000000000e+02
1340       1.400000000000000000e+02
1341       3.930000000000000000e+02
1341       4.900000000000000000e+01
1341       3.400000000000000000e+02
1341       1.960000000000000000e+02
1341       6.100000000000000000e+01
1341       3.000000000000000000e+00
1341       2.090000000000000000e+02
1341       1.060000000000000000e+02
1341       1.010000000000000000e+02
1341       2.330000000000000000e+02
1341       1.650000000000000000e+02
1342       9.500000000000000000e+01
1342       5.200000000000000000e+01
1342       1.480000000000000000e+02
1342       4.200000000000000000e+01
1342       1.100000000000000000e+01
1342       7.400000000000000000e+01
1343       1.590000000000000000e+02
1343       3.310000000000000000e+02
1343       1.090000000000000000e+02
1344       2.810000000000000000e+02
1344       3.370000000000000000e+02
1344       5.700000000000000000e+01
1344       2.150000000000000000e+02
1344       1.510000000000000000e+02
1344       1.030000000000000000e+02
1344       2.580000000000000000e+02
1344       8.600000000000000000e+01
1345       2.670000000000000000e+02
1345       5.900000000000000000e+01
1345       2.300000000000000000e+02
1345       2.010000000000000000e+02
1345       1.320000000000000000e+02
1346       1.820000000000000000e+02
1346       3.390000000000000000e+02
1346       3.520000000000000000e+02
1346       7.100000000000000000e+01
1346       7.700000000000000000e+01
1346       6.000000000000000000e+01
1346       9.900000000000000000e+01
1346       2.900000000000000000e+01
1346       1.140000000000000000e+02
1346       1.130000000000000000e+02
1346       3.760000000000000000e+02
1347       1.280000000000000000e+02
1347       2.360000000000000000e+02
1347       2.920000000000000000e+02
1347       2.490000000000000000e+02
1347       1.210000000000000000e+02
1347       2.610000000000000000e+02
1347       7.500000000000000000e+01
1347       3.900000000000000000e+01
1348       1.000000000000000000e+01
1348       2.260000000000000000e+02
1349       3.140000000000000000e+02
1349       1.440000000000000000e+02
1349       4.900000000000000000e+01
1349       3.440000000000000000e+02
1350       2.270000000000000000e+02
1350       2.160000000000000000e+02
1350       3.400000000000000000e+02
1350       2.520000000000000000e+02
1350       3.940000000000000000e+02
1350       4.600000000000000000e+01
1350       1.220000000000000000e+02
1350       8.800000000000000000e+01
1351       1.330000000000000000e+02
1351       8.000000000000000000e+01
1351       2.130000000000000000e+02
1351       2.450000000000000000e+02
1351       2.530000000000000000e+02
1351       2.860000000000000000e+02
1351       3.180000000000000000e+02
1352       8.000000000000000000e+00
1352       3.490000000000000000e+02
1352       1.350000000000000000e+02
1352       1.540000000000000000e+02
1353       3.700000000000000000e+02
1353       3.790000000000000000e+02
1353       3.990000000000000000e+02
1353       1.250000000000000000e+02
1353       2.080000000000000000e+02
1353       2.470000000000000000e+02
1353       1.170000000000000000e+02
1353       3.930000000000000000e+02
1353       4.100000000000000000e+01
1353       6.100000000000000000e+01
1353       2.740000000000000000e+02
1353       3.410000000000000000e+02
1353       2.790000000000000000e+02
1354       3.330000000000000000e+02
1354       4.500000000000000000e+01
1354       2.390000000000000000e+02
1354       3.100000000000000000e+01
1354       2.630000000000000000e+02
1355       3.100000000000000000e+02
1355       2.290000000000000000e+02
1355       3.220000000000000000e+02
1355       1.830000000000000000e+02
1356       2.600000000000000000e+02
1356       3.590000000000000000e+02
1356       3.760000000000000000e+02
1356       4.000000000000000000e+00
1356       3.520000000000000000e+02
1356       1.970000000000000000e+02
1356       1.370000000000000000e+02
1356       3.510000000000000000e+02
1357       3.020000000000000000e+02
1357       2.590000000000000000e+02
1357       4.900000000000000000e+01
1357       9.300000000000000000e+01
1357       1.950000000000000000e+02
1357       2.480000000000000000e+02
1357       2.670000000000000000e+02
1357       1.900000000000000000e+02
1357       1.420000000000000000e+02
1357       3.040000000000000000e+02
1358       2.020000000000000000e+02
1358       4.200000000000000000e+01
1358       3.280000000000000000e+02
1358       5.000000000000000000e+00
1358       2.180000000000000000e+02
1359       1.660000000000000000e+02
1359       3.890000000000000000e+02
1359       2.100000000000000000e+01
1359       2.110000000000000000e+02
1359       2.450000000000000000e+02
1359       2.930000000000000000e+02
1359       9.600000000000000000e+01
1360       1.540000000000000000e+02
1360       1.990000000000000000e+02
1360       5.300000000000000000e+01
1360       2.560000000000000000e+02
1361       2.520000000000000000e+02
1361       3.000000000000000000e+00
1361       3.650000000000000000e+02
1361       1.940000000000000000e+02
1361       3.390000000000000000e+02
1361       1.810000000000000000e+02
1361       1.110000000000000000e+02
1362       1.450000000000000000e+02
1362       3.000000000000000000e+01
1362       2.940000000000000000e+02
1362       3.020000000000000000e+02
1362       7.400000000000000000e+01
1362       3.600000000000000000e+02
1362       3.850000000000000000e+02
1362       8.400000000000000000e+01
1363       3.260000000000000000e+02
1363       2.150000000000000000e+02
1363       1.680000000000000000e+02
1363       3.140000000000000000e+02
1363       1.050000000000000000e+02
1363       3.120000000000000000e+02
1363       2.380000000000000000e+02
1364       2.480000000000000000e+02
1364       1.460000000000000000e+02
1364       3.770000000000000000e+02
1364       6.000000000000000000e+00
1364       1.310000000000000000e+02
1364       1.300000000000000000e+01
1364       2.600000000000000000e+01
1365       3.100000000000000000e+02
1365       2.200000000000000000e+02
1365       2.590000000000000000e+02
1365       3.520000000000000000e+02
1365       2.700000000000000000e+02
1366       2.550000000000000000e+02
1366       1.950000000000000000e+02
1366       7.100000000000000000e+01
1366       3.610000000000000000e+02
1366       3.060000000000000000e+02
1366       1.620000000000000000e+02
1366       1.810000000000000000e+02
1366       2.470000000000000000e+02
1366       3.050000000000000000e+02
1367       5.500000000000000000e+01
1367       2.190000000000000000e+02
1367       1.500000000000000000e+02
1367       3.930000000000000000e+02
1367       2.890000000000000000e+02
1367       1.070000000000000000e+02
1367       1.020000000000000000e+02
1368       3.490000000000000000e+02
1368       8.000000000000000000e+00
1368       3.780000000000000000e+02
1368       1.250000000000000000e+02
1368       1.210000000000000000e+02
1368       5.600000000000000000e+01
1368       1.830000000000000000e+02
1368       2.780000000000000000e+02
1369       1.980000000000000000e+02
1369       2.370000000000000000e+02
1369       3.640000000000000000e+02
1369       1.720000000000000000e+02
1369       2.770000000000000000e+02
1369       2.630000000000000000e+02
1370       1.310000000000000000e+02
1370       3.440000000000000000e+02
1370       3.000000000000000000e+00
1370       7.500000000000000000e+01
1370       3.400000000000000000e+01
1370       1.380000000000000000e+02
1370       3.740000000000000000e+02
1371       2.200000000000000000e+02
1371       2.140000000000000000e+02
1371       3.800000000000000000e+01
1371       3.120000000000000000e+02
1371       8.900000000000000000e+01
1372       2.470000000000000000e+02
1372       3.100000000000000000e+02
1372       2.960000000000000000e+02
1372       6.600000000000000000e+01
1372       4.000000000000000000e+01
1372       2.300000000000000000e+02
1373       1.590000000000000000e+02
1373       6.900000000000000000e+01
1373       2.000000000000000000e+01
1373       2.190000000000000000e+02
1373       3.710000000000000000e+02
1373       3.080000000000000000e+02
1374       3.210000000000000000e+02
1374       3.480000000000000000e+02
1374       1.000000000000000000e+01
1374       8.600000000000000000e+01
1374       3.990000000000000000e+02
1374       3.550000000000000000e+02
1374       6.200000000000000000e+01
1374       3.630000000000000000e+02
1374       2.580000000000000000e+02
1374       1.400000000000000000e+02
1375       2.080000000000000000e+02
1375       3.220000000000000000e+02
1375       3.130000000000000000e+02
1376       3.040000000000000000e+02
1376       3.500000000000000000e+02
1376       6.400000000000000000e+01
1376       3.300000000000000000e+01
1376       6.000000000000000000e+00
1376       1.020000000000000000e+02
1376       1.930000000000000000e+02
1376       3.760000000000000000e+02
1376       2.000000000000000000e+01
1376       1.300000000000000000e+01
1376       3.300000000000000000e+02
1376       2.700000000000000000e+01
1377       2.150000000000000000e+02
1377       3.670000000000000000e+02
1377       9.300000000000000000e+01
1377       3.480000000000000000e+02
1378       1.700000000000000000e+02
1378       2.240000000000000000e+02
1378       6.100000000000000000e+01
1378       1.490000000000000000e+02
1378       3.070000000000000000e+02
1378       3.150000000000000000e+02
1378       3.900000000000000000e+02
1378       1.610000000000000000e+02
1379       1.670000000000000000e+02
1379       3.800000000000000000e+01
1379       1.100000000000000000e+01
1379       3.010000000000000000e+02
1379       6.900000000000000000e+01
1379       3.000000000000000000e+01
1379       1.110000000000000000e+02
1379       5.500000000000000000e+01
1379       2.200000000000000000e+01
1380       1.550000000000000000e+02
1380       2.930000000000000000e+02
1380       2.990000000000000000e+02
1380       3.140000000000000000e+02
1380       1.600000000000000000e+01
1380       1.450000000000000000e+02
1381       3.640000000000000000e+02
1381       3.360000000000000000e+02
1381       2.700000000000000000e+02
1381       2.650000000000000000e+02
1381       1.530000000000000000e+02
1381       1.020000000000000000e+02
1381       1.520000000000000000e+02
1381       8.200000000000000000e+01
1382       9.800000000000000000e+01
1382       2.670000000000000000e+02
1382       3.990000000000000000e+02
1382       2.890000000000000000e+02
1382       7.200000000000000000e+01
1382       4.800000000000000000e+01
1382       3.090000000000000000e+02
1383       6.400000000000000000e+01
1383       3.250000000000000000e+02
1383       3.650000000000000000e+02
1383       3.610000000000000000e+02
1383       3.590000000000000000e+02
1383       2.380000000000000000e+02
1383       1.030000000000000000e+02
1384       3.070000000000000000e+02
1384       2.970000000000000000e+02
1384       1.950000000000000000e+02
1384       8.000000000000000000e+00
1384       7.100000000000000000e+01
1384       6.600000000000000000e+01
1384       2.600000000000000000e+01
1385       3.900000000000000000e+01
1385       1.010000000000000000e+02
1385       3.540000000000000000e+02
1385       2.180000000000000000e+02
1385       2.000000000000000000e+02
1385       2.930000000000000000e+02
1386       1.880000000000000000e+02
1386       5.500000000000000000e+01
1386       2.410000000000000000e+02
1386       1.020000000000000000e+02
1386       1.000000000000000000e+01
1386       1.970000000000000000e+02
1386       1.690000000000000000e+02
1386       8.600000000000000000e+01
1386       1.800000000000000000e+01
1386       4.700000000000000000e+01
1387       1.380000000000000000e+02
1387       3.560000000000000000e+02
1387       1.930000000000000000e+02
1387       9.300000000000000000e+01
1387       9.600000000000000000e+01
1387       1.840000000000000000e+02
1387       2.780000000000000000e+02
1387       3.230000000000000000e+02
1388       3.010000000000000000e+02
1388       5.000000000000000000e+00
1388       3.490000000000000000e+02
1388       7.600000000000000000e+01
1388       3.980000000000000000e+02
1388       1.360000000000000000e+02
1389       3.510000000000000000e+02
1389       8.400000000000000000e+01
1389       2.200000000000000000e+01
1389       3.170000000000000000e+02
1389       8.000000000000000000e+01
1390       1.400000000000000000e+02
1390       2.540000000000000000e+02
1390       3.620000000000000000e+02
1391       2.820000000000000000e+02
1391       3.590000000000000000e+02
1391       1.760000000000000000e+02
1391       2.100000000000000000e+02
1391       1.880000000000000000e+02
1391       3.420000000000000000e+02
1391       3.270000000000000000e+02
1391       2.970000000000000000e+02
1391       2.350000000000000000e+02
1391       2.260000000000000000e+02
1391       1.460000000000000000e+02
1391       2.650000000000000000e+02
1391       3.760000000000000000e+02
1391       1.870000000000000000e+02
1392       2.500000000000000000e+02
1392       1.800000000000000000e+01
1392       3.670000000000000000e+02
1392       3.360000000000000000e+02
1392       2.000000000000000000e+00
1392       2.740000000000000000e+02
1393       1.540000000000000000e+02
1393       3.070000000000000000e+02
1393       1.560000000000000000e+02
1394       1.030000000000000000e+02
1394       2.660000000000000000e+02
1394       1.080000000000000000e+02
1394       1.490000000000000000e+02
1394       7.000000000000000000e+01
1394       3.020000000000000000e+02
1395       3.440000000000000000e+02
1395       1.190000000000000000e+02
1395       3.400000000000000000e+01
1395       2.040000000000000000e+02
1395       1.110000000000000000e+02
1395       3.410000000000000000e+02
1395       2.030000000000000000e+02
1395       3.650000000000000000e+02
1396       1.790000000000000000e+02
1396       1.800000000000000000e+01
1396       1.850000000000000000e+02
1396       3.520000000000000000e+02
1396       2.500000000000000000e+01
1396       2.810000000000000000e+02
1396       9.300000000000000000e+01
1397       3.180000000000000000e+02
1397       8.000000000000000000e+00
1397       6.700000000000000000e+01
1397       2.620000000000000000e+02
1397       1.900000000000000000e+01
1397       2.410000000000000000e+02
1398       3.190000000000000000e+02
1398       2.240000000000000000e+02
1398       1.280000000000000000e+02
1398       3.000000000000000000e+00
1398       1.020000000000000000e+02
1398       3.930000000000000000e+02
1398       1.400000000000000000e+02
1398       1.590000000000000000e+02
1398       3.200000000000000000e+02
1399       1.120000000000000000e+02
1399       3.670000000000000000e+02
1399       8.000000000000000000e+01
1399       3.300000000000000000e+01
1399       2.270000000000000000e+02
1399       3.560000000000000000e+02
1400       1.450000000000000000e+02
1400       3.750000000000000000e+02
1400       3.660000000000000000e+02
1400       3.260000000000000000e+02
1400       9.000000000000000000e+00
1400       7.300000000000000000e+01
1400       7.400000000000000000e+01
1400       2.720000000000000000e+02
1400       3.140000000000000000e+02
1400       6.100000000000000000e+01
1401       1.700000000000000000e+02
1401       1.310000000000000000e+02
1402       1.800000000000000000e+01
1402       6.000000000000000000e+00
1402       5.500000000000000000e+01
1402       2.280000000000000000e+02
1402       1.200000000000000000e+02
1402       3.510000000000000000e+02
1402       7.900000000000000000e+01
1403       3.490000000000000000e+02
1403       6.900000000000000000e+01
1403       3.820000000000000000e+02
1403       3.530000000000000000e+02
1403       2.230000000000000000e+02
1403       1.570000000000000000e+02
1403       1.850000000000000000e+02
1403       3.320000000000000000e+02
1403       3.890000000000000000e+02
1404       3.130000000000000000e+02
1404       6.700000000000000000e+01
1404       2.320000000000000000e+02
1404       1.710000000000000000e+02
1404       1.360000000000000000e+02
1404       1.000000000000000000e+02
1404       5.200000000000000000e+01
1404       1.060000000000000000e+02
1404       3.700000000000000000e+02
1405       2.110000000000000000e+02
1405       2.310000000000000000e+02
1405       3.630000000000000000e+02
1405       2.440000000000000000e+02
1405       1.210000000000000000e+02
1405       3.150000000000000000e+02
1406       3.390000000000000000e+02
1406       8.100000000000000000e+01
1406       1.610000000000000000e+02
1406       9.000000000000000000e+00
1406       3.840000000000000000e+02
1406       1.620000000000000000e+02
1407       1.350000000000000000e+02
1407       2.620000000000000000e+02
1407       3.970000000000000000e+02
1407       2.730000000000000000e+02
1407       4.000000000000000000e+01
1407       1.390000000000000000e+02
1407       2.830000000000000000e+02
1408       2.130000000000000000e+02
1408       4.400000000000000000e+01
1408       3.100000000000000000e+02
1408       2.270000000000000000e+02
1408       1.400000000000000000e+02
1408       4.200000000000000000e+01
1408       2.960000000000000000e+02
1409       1.330000000000000000e+02
1409       1.100000000000000000e+02
1409       3.820000000000000000e+02
1409       1.170000000000000000e+02
1409       1.600000000000000000e+01
1410       2.100000000000000000e+02
1410       1.770000000000000000e+02
1410       3.700000000000000000e+01
1410       1.450000000000000000e+02
1410       4.100000000000000000e+01
1410       3.190000000000000000e+02
1410       9.100000000000000000e+01
1410       3.950000000000000000e+02
1410       1.790000000000000000e+02
1411       2.090000000000000000e+02
1411       3.800000000000000000e+01
1411       2.850000000000000000e+02
1411       1.630000000000000000e+02
1411       2.260000000000000000e+02
1411       5.900000000000000000e+01
1411       1.700000000000000000e+01
1411       3.910000000000000000e+02
1411       4.000000000000000000e+01
1412       8.800000000000000000e+01
1412       1.280000000000000000e+02
1412       3.280000000000000000e+02
1412       2.430000000000000000e+02
1412       3.560000000000000000e+02
1412       1.560000000000000000e+02
1412       2.570000000000000000e+02
1412       2.480000000000000000e+02
1413       1.900000000000000000e+01
1413       1.680000000000000000e+02
1413       9.200000000000000000e+01
1413       1.900000000000000000e+02
1413       2.020000000000000000e+02
1414       2.830000000000000000e+02
1414       6.400000000000000000e+01
1414       2.880000000000000000e+02
1414       3.960000000000000000e+02
1414       5.000000000000000000e+01
1414       1.610000000000000000e+02
1414       1.590000000000000000e+02
1415       4.300000000000000000e+01
1415       1.000000000000000000e+02
1416       1.880000000000000000e+02
1416       2.910000000000000000e+02
1416       1.890000000000000000e+02
1416       2.860000000000000000e+02
1416       2.270000000000000000e+02
1416       9.500000000000000000e+01
1416       2.940000000000000000e+02
1416       1.080000000000000000e+02
1416       2.240000000000000000e+02
1416       3.190000000000000000e+02
1416       2.400000000000000000e+02
1416       1.560000000000000000e+02
1416       5.000000000000000000e+00
1417       3.440000000000000000e+02
1417       1.600000000000000000e+02
1418       2.380000000000000000e+02
1418       3.800000000000000000e+02
1418       3.380000000000000000e+02
1418       2.480000000000000000e+02
1418       2.460000000000000000e+02
1418       2.590000000000000000e+02
1418       3.310000000000000000e+02
1419       2.470000000000000000e+02
1419       7.600000000000000000e+01
1419       3.550000000000000000e+02
1419       8.000000000000000000e+01
1419       1.710000000000000000e+02
1419       5.000000000000000000e+01
1420       2.310000000000000000e+02
1420       3.060000000000000000e+02
1420       1.550000000000000000e+02
1420       2.000000000000000000e+01
1420       1.240000000000000000e+02
1420       2.230000000000000000e+02
1420       1.540000000000000000e+02
1420       2.670000000000000000e+02
1420       3.110000000000000000e+02
1420       8.200000000000000000e+01
1420       1.800000000000000000e+02
1420       3.740000000000000000e+02
1420       5.100000000000000000e+01
1420       1.400000000000000000e+01
1420       7.400000000000000000e+01
1421       1.720000000000000000e+02
1421       2.340000000000000000e+02
1421       1.560000000000000000e+02
1422       3.540000000000000000e+02
1422       3.980000000000000000e+02
1422       3.590000000000000000e+02
1422       2.400000000000000000e+01
1422       3.280000000000000000e+02
1423       3.070000000000000000e+02
1423       7.000000000000000000e+01
1423       2.700000000000000000e+02
1423       1.590000000000000000e+02
1423       6.100000000000000000e+01
1424       7.200000000000000000e+01
1424       1.530000000000000000e+02
1424       2.640000000000000000e+02
1424       3.300000000000000000e+02
1424       1.190000000000000000e+02
1424       1.990000000000000000e+02
1424       1.200000000000000000e+02
1424       1.050000000000000000e+02
1424       2.880000000000000000e+02
1425       3.090000000000000000e+02
1425       1.830000000000000000e+02
1425       3.600000000000000000e+02
1425       1.370000000000000000e+02
1425       5.700000000000000000e+01
1425       3.530000000000000000e+02
1425       3.810000000000000000e+02
1425       1.000000000000000000e+02
1425       9.200000000000000000e+01
1425       6.200000000000000000e+01
1425       3.900000000000000000e+02
1426       1.770000000000000000e+02
1426       3.030000000000000000e+02
1426       3.730000000000000000e+02
1426       3.010000000000000000e+02
1427       1.600000000000000000e+01
1427       5.500000000000000000e+01
1427       3.820000000000000000e+02
1427       3.240000000000000000e+02
1427       4.100000000000000000e+01
1427       2.410000000000000000e+02
1427       8.000000000000000000e+00
1428       3.070000000000000000e+02
1428       1.100000000000000000e+01
1428       1.510000000000000000e+02
1428       2.840000000000000000e+02
1428       2.690000000000000000e+02
1428       1.200000000000000000e+01
1429       8.300000000000000000e+01
1429       1.130000000000000000e+02
1429       2.030000000000000000e+02
1429       0.000000000000000000e+00
1429       1.940000000000000000e+02
1429       1.780000000000000000e+02
1429       2.700000000000000000e+02
1429       2.630000000000000000e+02
1430       3.200000000000000000e+01
1430       1.640000000000000000e+02
1430       2.170000000000000000e+02
1430       2.810000000000000000e+02
1430       1.550000000000000000e+02
1430       6.000000000000000000e+01
1430       1.910000000000000000e+02
1431       3.250000000000000000e+02
1431       2.100000000000000000e+01
1431       1.520000000000000000e+02
1432       3.530000000000000000e+02
1432       3.020000000000000000e+02
1432       3.350000000000000000e+02
1432       3.770000000000000000e+02
1432       1.980000000000000000e+02
1432       2.950000000000000000e+02
1432       2.890000000000000000e+02
1432       2.920000000000000000e+02
1432       2.980000000000000000e+02
1433       2.090000000000000000e+02
1433       1.210000000000000000e+02
1433       3.390000000000000000e+02
1434       3.580000000000000000e+02
1434       4.000000000000000000e+01
1434       5.300000000000000000e+01
1434       2.560000000000000000e+02
1434       2.880000000000000000e+02
1434       2.540000000000000000e+02
1434       2.850000000000000000e+02
1434       2.440000000000000000e+02
1434       9.400000000000000000e+01
1434       3.300000000000000000e+01
1435       6.400000000000000000e+01
1435       3.710000000000000000e+02
1435       4.300000000000000000e+01
1435       8.100000000000000000e+01
1435       1.440000000000000000e+02
1435       8.500000000000000000e+01
1436       2.200000000000000000e+02
1436       3.740000000000000000e+02
1436       3.000000000000000000e+00
1436       2.630000000000000000e+02
1436       2.490000000000000000e+02
1437       3.020000000000000000e+02
1437       2.350000000000000000e+02
1437       2.110000000000000000e+02
1437       3.200000000000000000e+01
1437       3.930000000000000000e+02
1437       3.980000000000000000e+02
1437       2.150000000000000000e+02
1437       1.940000000000000000e+02
1437       9.300000000000000000e+01
1437       2.100000000000000000e+01
1437       2.980000000000000000e+02
1437       2.140000000000000000e+02
1438       1.570000000000000000e+02
1438       2.690000000000000000e+02
1438       3.460000000000000000e+02
1438       3.690000000000000000e+02
1438       3.770000000000000000e+02
1439       3.100000000000000000e+02
1439       2.130000000000000000e+02
1439       3.220000000000000000e+02
1439       1.810000000000000000e+02
1440       1.960000000000000000e+02
1440       4.400000000000000000e+01
1440       1.860000000000000000e+02
1440       2.430000000000000000e+02
1440       1.700000000000000000e+01
1440       1.920000000000000000e+02
1440       1.170000000000000000e+02
1440       1.720000000000000000e+02
1440       4.800000000000000000e+01
1441       1.700000000000000000e+02
1441       2.710000000000000000e+02
1441       1.060000000000000000e+02
1441       6.400000000000000000e+01
1441       9.200000000000000000e+01
1441       2.030000000000000000e+02
1442       3.000000000000000000e+00
1442       3.670000000000000000e+02
1442       3.250000000000000000e+02
1442       3.800000000000000000e+02
1442       5.300000000000000000e+01
1442       1.990000000000000000e+02
1442       1.540000000000000000e+02
1442       3.060000000000000000e+02
1442       3.100000000000000000e+02
1442       1.380000000000000000e+02
1443       1.250000000000000000e+02
1443       2.520000000000000000e+02
1443       2.830000000000000000e+02
1444       1.650000000000000000e+02
1444       3.660000000000000000e+02
1444       3.770000000000000000e+02
1444       2.930000000000000000e+02
1444       2.430000000000000000e+02
1444       3.840000000000000000e+02
1445       2.690000000000000000e+02
1445       3.760000000000000000e+02
1445       6.200000000000000000e+01
1445       2.600000000000000000e+01
1445       8.300000000000000000e+01
1445       5.200000000000000000e+01
1445       3.630000000000000000e+02
1446       3.490000000000000000e+02
1446       4.400000000000000000e+01
1446       2.180000000000000000e+02
1446       1.760000000000000000e+02
1446       1.770000000000000000e+02
1446       2.800000000000000000e+01
1447       6.000000000000000000e+00
1447       3.800000000000000000e+02
1447       1.100000000000000000e+01
1447       1.680000000000000000e+02
1447       2.760000000000000000e+02
1447       1.720000000000000000e+02
1447       1.990000000000000000e+02
1447       2.470000000000000000e+02
1448       1.820000000000000000e+02
1448       6.400000000000000000e+01
1448       2.810000000000000000e+02
1448       1.960000000000000000e+02
1448       3.710000000000000000e+02
1448       1.700000000000000000e+02
1448       1.070000000000000000e+02
1448       3.150000000000000000e+02
1448       2.630000000000000000e+02
1448       2.120000000000000000e+02
1449       2.370000000000000000e+02
1449       1.830000000000000000e+02
1449       2.990000000000000000e+02
1449       5.100000000000000000e+01
1449       1.760000000000000000e+02
1450       3.620000000000000000e+02
1450       2.300000000000000000e+02
1450       5.800000000000000000e+01
1450       3.080000000000000000e+02
1450       3.480000000000000000e+02
1450       2.730000000000000000e+02
1451       3.980000000000000000e+02
1451       1.220000000000000000e+02
1451       3.000000000000000000e+00
1451       3.900000000000000000e+01
1451       2.160000000000000000e+02
1451       1.730000000000000000e+02
1451       2.020000000000000000e+02
1451       2.460000000000000000e+02
1452       3.200000000000000000e+02
1452       2.260000000000000000e+02
1452       7.800000000000000000e+01
1452       3.760000000000000000e+02
1452       9.800000000000000000e+01
1452       6.900000000000000000e+01
1452       3.990000000000000000e+02
1453       1.000000000000000000e+01
1453       6.700000000000000000e+01
1453       1.100000000000000000e+01
1453       1.060000000000000000e+02
1453       2.700000000000000000e+01
1453       3.690000000000000000e+02
1454       2.600000000000000000e+01
1454       3.720000000000000000e+02
1454       2.520000000000000000e+02
1454       2.990000000000000000e+02
1454       2.310000000000000000e+02
1454       2.800000000000000000e+02
1454       4.700000000000000000e+01
1455       2.760000000000000000e+02
1455       2.580000000000000000e+02
1455       3.600000000000000000e+02
1455       3.980000000000000000e+02
1455       7.900000000000000000e+01
1455       1.370000000000000000e+02
1455       8.600000000000000000e+01
1455       2.560000000000000000e+02
1455       1.920000000000000000e+02
1455       1.460000000000000000e+02
1456       1.110000000000000000e+02
1456       3.000000000000000000e+02
1456       6.300000000000000000e+01
1457       2.800000000000000000e+01
1457       1.000000000000000000e+02
1457       1.500000000000000000e+01
1457       3.510000000000000000e+02
1458       3.950000000000000000e+02
1458       3.440000000000000000e+02
1458       1.220000000000000000e+02
1458       1.670000000000000000e+02
1458       1.130000000000000000e+02
1458       2.930000000000000000e+02
1459       3.960000000000000000e+02
1459       2.500000000000000000e+02
1459       8.000000000000000000e+01
1459       2.280000000000000000e+02
1459       1.500000000000000000e+02
1459       8.800000000000000000e+01
1459       1.340000000000000000e+02
1459       3.330000000000000000e+02
1460       7.400000000000000000e+01
1460       7.000000000000000000e+01
1460       1.910000000000000000e+02
1460       1.090000000000000000e+02
1460       3.030000000000000000e+02
1460       1.950000000000000000e+02
1460       1.920000000000000000e+02
1460       2.960000000000000000e+02
1460       3.320000000000000000e+02
1460       2.810000000000000000e+02
1461       7.300000000000000000e+01
1461       3.140000000000000000e+02
1461       2.050000000000000000e+02
1462       1.570000000000000000e+02
1462       2.640000000000000000e+02
1462       1.890000000000000000e+02
1462       1.370000000000000000e+02
1462       3.740000000000000000e+02
1462       3.720000000000000000e+02
1462       3.840000000000000000e+02
1462       1.940000000000000000e+02
1462       3.910000000000000000e+02
1463       1.520000000000000000e+02
1463       3.400000000000000000e+01
1463       1.500000000000000000e+01
1463       8.000000000000000000e+00
1463       2.940000000000000000e+02
1463       3.170000000000000000e+02
1463       2.230000000000000000e+02
1464       3.540000000000000000e+02
1464       1.080000000000000000e+02
1464       6.600000000000000000e+01
1464       2.850000000000000000e+02
1464       1.260000000000000000e+02
1464       2.380000000000000000e+02
1464       2.440000000000000000e+02
1465       3.200000000000000000e+02
1465       2.320000000000000000e+02
1465       8.200000000000000000e+01
1465       1.290000000000000000e+02
1466       1.900000000000000000e+02
1466       2.730000000000000000e+02
1466       1.870000000000000000e+02
1466       2.810000000000000000e+02
1466       1.750000000000000000e+02
1466       2.690000000000000000e+02
1466       2.410000000000000000e+02
1466       2.720000000000000000e+02
1467       3.940000000000000000e+02
1467       9.800000000000000000e+01
1467       1.680000000000000000e+02
1467       1.770000000000000000e+02
1467       1.890000000000000000e+02
1467       3.750000000000000000e+02
1468       2.350000000000000000e+02
1468       6.600000000000000000e+01
1468       8.600000000000000000e+01
1468       1.930000000000000000e+02
1468       2.930000000000000000e+02
1468       1.280000000000000000e+02
1468       2.420000000000000000e+02
1468       1.620000000000000000e+02
1469       2.890000000000000000e+02
1469       1.170000000000000000e+02
1469       1.540000000000000000e+02
1469       2.700000000000000000e+02
1469       1.570000000000000000e+02
1470       3.040000000000000000e+02
1470       3.850000000000000000e+02
1470       3.120000000000000000e+02
1470       3.460000000000000000e+02
1470       3.720000000000000000e+02
1470       1.970000000000000000e+02
1470       8.000000000000000000e+00
1470       6.100000000000000000e+01
1471       9.300000000000000000e+01
1471       1.410000000000000000e+02
1471       1.000000000000000000e+02
1471       4.000000000000000000e+01
1471       2.110000000000000000e+02
1471       1.940000000000000000e+02
1471       3.230000000000000000e+02
1471       3.440000000000000000e+02
1471       5.300000000000000000e+01
1471       3.600000000000000000e+02
1472       3.500000000000000000e+02
1472       2.080000000000000000e+02
1472       2.620000000000000000e+02
1472       3.700000000000000000e+01
1472       2.270000000000000000e+02
1472       1.000000000000000000e+01
1472       5.800000000000000000e+01
1473       1.300000000000000000e+01
1473       8.100000000000000000e+01
1473       2.730000000000000000e+02
1473       3.760000000000000000e+02
1473       1.800000000000000000e+02
1474       1.400000000000000000e+02
1474       1.680000000000000000e+02
1474       2.430000000000000000e+02
1475       1.220000000000000000e+02
1475       2.400000000000000000e+02
1475       3.950000000000000000e+02
1475       1.350000000000000000e+02
1475       3.160000000000000000e+02
1475       2.180000000000000000e+02
1475       2.300000000000000000e+01
1475       3.480000000000000000e+02
1475       7.700000000000000000e+01
1476       2.030000000000000000e+02
1476       2.420000000000000000e+02
1476       7.600000000000000000e+01
1476       2.610000000000000000e+02
1476       3.040000000000000000e+02
1476       1.340000000000000000e+02
1476       3.400000000000000000e+01
1477       3.720000000000000000e+02
1477       2.020000000000000000e+02
1477       1.000000000000000000e+02
1477       9.700000000000000000e+01
1477       5.600000000000000000e+01
1477       1.940000000000000000e+02
1477       3.300000000000000000e+01
1477       3.600000000000000000e+02
1477       3.510000000000000000e+02
1478       3.200000000000000000e+02
1478       1.670000000000000000e+02
1478       5.000000000000000000e+00
1478       2.450000000000000000e+02
1478       2.200000000000000000e+01
1479       1.530000000000000000e+02
1479       3.500000000000000000e+02
1479       3.470000000000000000e+02
1479       3.640000000000000000e+02
1479       3.560000000000000000e+02
1479       2.510000000000000000e+02
1479       3.090000000000000000e+02
1480       2.310000000000000000e+02
1480       3.000000000000000000e+00
1480       6.900000000000000000e+01
1480       2.320000000000000000e+02
1480       1.700000000000000000e+01
1480       2.990000000000000000e+02
1480       3.650000000000000000e+02
1481       2.750000000000000000e+02
1481       1.260000000000000000e+02
1481       1.930000000000000000e+02
1481       1.140000000000000000e+02
1481       2.700000000000000000e+02
1481       2.060000000000000000e+02
1481       3.080000000000000000e+02
1482       9.100000000000000000e+01
1482       2.300000000000000000e+02
1482       5.700000000000000000e+01
1482       1.000000000000000000e+02
1482       3.920000000000000000e+02
1482       3.510000000000000000e+02
1482       3.110000000000000000e+02
1482       2.000000000000000000e+00
1483       3.760000000000000000e+02
1483       3.440000000000000000e+02
1483       1.240000000000000000e+02
1483       3.600000000000000000e+02
1483       2.790000000000000000e+02
1483       2.830000000000000000e+02
1483       3.420000000000000000e+02
1483       1.210000000000000000e+02
1483       1.590000000000000000e+02
1483       1.470000000000000000e+02
1484       2.680000000000000000e+02
1484       2.810000000000000000e+02
1484       3.530000000000000000e+02
1485       1.000000000000000000e+00
1485       2.080000000000000000e+02
1485       2.040000000000000000e+02
1485       1.690000000000000000e+02
1486       1.460000000000000000e+02
1486       8.700000000000000000e+01
1486       3.040000000000000000e+02
1486       9.000000000000000000e+00
1486       2.800000000000000000e+01
1486       2.340000000000000000e+02
1486       1.130000000000000000e+02
1486       3.260000000000000000e+02
1486       1.300000000000000000e+01
1486       1.020000000000000000e+02
1486       1.400000000000000000e+02
1487       2.740000000000000000e+02
1487       8.000000000000000000e+00
1487       1.730000000000000000e+02
1487       1.670000000000000000e+02
1488       3.870000000000000000e+02
1488       2.430000000000000000e+02
1488       9.300000000000000000e+01
1488       3.030000000000000000e+02
1489       3.600000000000000000e+02
1489       8.500000000000000000e+01
1489       3.070000000000000000e+02
1489       2.750000000000000000e+02
1489       1.100000000000000000e+01
1489       5.000000000000000000e+00
1489       7.000000000000000000e+01
1489       1.570000000000000000e+02
1489       2.350000000000000000e+02
1489       1.660000000000000000e+02
1489       2.840000000000000000e+02
1489       3.590000000000000000e+02
1489       4.300000000000000000e+01
1490       1.450000000000000000e+02
1490       1.330000000000000000e+02
1490       3.040000000000000000e+02
1490       7.800000000000000000e+01
1491       1.930000000000000000e+02
1491       1.070000000000000000e+02
1491       1.870000000000000000e+02
1491       3.850000000000000000e+02
1491       1.880000000000000000e+02
1492       3.020000000000000000e+02
1492       1.900000000000000000e+01
1492       8.800000000000000000e+01
1492       7.900000000000000000e+01
1492       3.750000000000000000e+02
1493       1.660000000000000000e+02
1493       3.500000000000000000e+01
1493       3.520000000000000000e+02
1493       1.730000000000000000e+02
1493       2.690000000000000000e+02
1493       3.960000000000000000e+02
1493       8.200000000000000000e+01
1493       2.560000000000000000e+02
1493       1.600000000000000000e+02
1493       1.400000000000000000e+01
1493       3.190000000000000000e+02
1493       1.020000000000000000e+02
1494       3.560000000000000000e+02
1494       9.300000000000000000e+01
1494       3.230000000000000000e+02
1494       1.540000000000000000e+02
1494       3.140000000000000000e+02
1494       4.300000000000000000e+01
1495       2.110000000000000000e+02
1495       3.200000000000000000e+01
1495       4.600000000000000000e+01
1495       1.340000000000000000e+02
1495       3.800000000000000000e+01
1495       1.140000000000000000e+02
1495       2.600000000000000000e+02
1495       1.100000000000000000e+01
1495       3.380000000000000000e+02
1495       3.100000000000000000e+01
1496       3.400000000000000000e+02
1496       3.310000000000000000e+02
1496       1.360000000000000000e+02
1496       3.330000000000000000e+02
1496       2.360000000000000000e+02
1496       1.890000000000000000e+02
1496       3.470000000000000000e+02
1497       1.760000000000000000e+02
1497       3.500000000000000000e+02
1497       3.910000000000000000e+02
1497       1.270000000000000000e+02
1498       3.000000000000000000e+00
1498       3.450000000000000000e+02
1498       3.080000000000000000e+02
1498       3.830000000000000000e+02
1499       2.330000000000000000e+02
1499       8.000000000000000000e+00
1499       3.900000000000000000e+02
1499       2.560000000000000000e+02
1499       5.300000000000000000e+01
1499       1.750000000000000000e+02
1499       1.240000000000000000e+02
1499       2.800000000000000000e+01
1500       1.110000000000000000e+02
1500       4.000000000000000000e+00
1500       5.700000000000000000e+01
1500       1.960000000000000000e+02
1500       3.520000000000000000e+02
1500       3.010000000000000000e+02
1500       9.700000000000000000e+01
1500       9.300000000000000000e+01
1500       3.260000000000000000e+02
1500       1.250000000000000000e+02
1501       8.600000000000000000e+01
1501       3.620000000000000000e+02
1501       2.180000000000000000e+02
1501       3.400000000000000000e+01
1501       1.420000000000000000e+02
1502       3.860000000000000000e+02
1502       2.540000000000000000e+02
1502       1.950000000000000000e+02
1502       1.400000000000000000e+01
1502       7.200000000000000000e+01
1502       2.100000000000000000e+01
1502       1.020000000000000000e+02
1502       4.200000000000000000e+01
1502       2.870000000000000000e+02
1503       3.110000000000000000e+02
1503       9.400000000000000000e+01
1503       2.940000000000000000e+02
1503       2.800000000000000000e+02
1503       8.000000000000000000e+01
1503       1.830000000000000000e+02
1503       1.470000000000000000e+02
1504       1.010000000000000000e+02
1504       3.080000000000000000e+02
1504       1.590000000000000000e+02
1504       9.200000000000000000e+01
1504       2.840000000000000000e+02
1504       7.800000000000000000e+01
1504       2.970000000000000000e+02
1505       0.000000000000000000e+00
1505       3.420000000000000000e+02
1505       3.850000000000000000e+02
1505       1.350000000000000000e+02
1505       2.310000000000000000e+02
1505       1.530000000000000000e+02
1506       1.440000000000000000e+02
1506       1.300000000000000000e+01
1506       2.060000000000000000e+02
1506       3.460000000000000000e+02
1506       2.860000000000000000e+02
1506       1.640000000000000000e+02
1507       2.570000000000000000e+02
1507       2.680000000000000000e+02
1507       2.140000000000000000e+02
1507       4.300000000000000000e+01
1508       3.320000000000000000e+02
1508       2.580000000000000000e+02
1508       2.660000000000000000e+02
1508       3.590000000000000000e+02
1508       3.230000000000000000e+02
1508       1.420000000000000000e+02
1508       2.170000000000000000e+02
1508       1.100000000000000000e+01
1508       2.760000000000000000e+02
1508       1.150000000000000000e+02
1509       4.500000000000000000e+01
1509       3.760000000000000000e+02
1509       2.210000000000000000e+02
1509       1.200000000000000000e+01
1509       0.000000000000000000e+00
1509       2.000000000000000000e+00
1509       6.300000000000000000e+01
1509       3.240000000000000000e+02
1510       3.700000000000000000e+02
1510       3.750000000000000000e+02
1510       2.200000000000000000e+01
1511       1.430000000000000000e+02
1511       2.000000000000000000e+02
1511       2.040000000000000000e+02
1511       1.960000000000000000e+02
1511       2.960000000000000000e+02
1511       3.860000000000000000e+02
1511       2.890000000000000000e+02
1511       1.600000000000000000e+01
1511       1.720000000000000000e+02
1512       9.200000000000000000e+01
1512       1.260000000000000000e+02
1512       2.180000000000000000e+02
1512       9.800000000000000000e+01
1512       3.230000000000000000e+02
1512       5.400000000000000000e+01
1512       5.200000000000000000e+01
1512       2.490000000000000000e+02
1513       3.690000000000000000e+02
1513       3.710000000000000000e+02
1513       2.840000000000000000e+02
1513       4.200000000000000000e+01
1513       8.700000000000000000e+01
1513       1.770000000000000000e+02
1514       2.830000000000000000e+02
1514       1.110000000000000000e+02
1514       3.370000000000000000e+02
1514       2.660000000000000000e+02
1514       7.400000000000000000e+01
1515       1.080000000000000000e+02
1515       3.580000000000000000e+02
1515       3.000000000000000000e+00
1515       1.120000000000000000e+02
1515       1.900000000000000000e+01
1515       2.000000000000000000e+02
1515       3.010000000000000000e+02
1515       2.690000000000000000e+02
1515       1.000000000000000000e+01
1515       7.000000000000000000e+00
1516       2.940000000000000000e+02
1516       2.210000000000000000e+02
1516       3.790000000000000000e+02
1516       3.290000000000000000e+02
1516       2.330000000000000000e+02
1516       9.300000000000000000e+01
1516       1.970000000000000000e+02
1517       3.140000000000000000e+02
1517       1.710000000000000000e+02
1517       3.760000000000000000e+02
1517       3.840000000000000000e+02
1517       1.590000000000000000e+02
1517       1.410000000000000000e+02
1518       1.830000000000000000e+02
1518       3.600000000000000000e+02
1518       3.160000000000000000e+02
1518       1.470000000000000000e+02
1518       2.250000000000000000e+02
1518       3.960000000000000000e+02
1518       1.990000000000000000e+02
1518       2.470000000000000000e+02
1519       2.080000000000000000e+02
1519       3.570000000000000000e+02
1519       1.290000000000000000e+02
1519       3.470000000000000000e+02
1519       2.000000000000000000e+01
1519       1.000000000000000000e+02
1519       8.100000000000000000e+01
1519       1.220000000000000000e+02
1519       3.070000000000000000e+02
1519       2.430000000000000000e+02
1519       3.700000000000000000e+01
1520       1.260000000000000000e+02
1520       2.210000000000000000e+02
1520       1.530000000000000000e+02
1520       3.970000000000000000e+02
1520       3.080000000000000000e+02
1521       3.500000000000000000e+02
1521       2.420000000000000000e+02
1521       6.900000000000000000e+01
1521       3.670000000000000000e+02
1521       1.190000000000000000e+02
1522       1.820000000000000000e+02
1522       8.700000000000000000e+01
1522       2.640000000000000000e+02
1522       3.040000000000000000e+02
1522       3.290000000000000000e+02
1522       5.100000000000000000e+01
1522       5.400000000000000000e+01
1522       3.700000000000000000e+01
1523       2.070000000000000000e+02
1523       8.400000000000000000e+01
1523       1.470000000000000000e+02
1523       2.300000000000000000e+01
1524       2.710000000000000000e+02
1524       7.300000000000000000e+01
1524       1.590000000000000000e+02
1524       3.800000000000000000e+02
1524       3.680000000000000000e+02
1524       3.960000000000000000e+02
1524       1.230000000000000000e+02
1525       1.520000000000000000e+02
1525       2.010000000000000000e+02
1525       2.860000000000000000e+02
1525       2.730000000000000000e+02
1526       8.300000000000000000e+01
1526       4.900000000000000000e+01
1526       1.810000000000000000e+02
1526       3.280000000000000000e+02
1526       2.770000000000000000e+02
1526       3.790000000000000000e+02
1526       3.930000000000000000e+02
1527       1.400000000000000000e+02
1527       1.150000000000000000e+02
1527       9.700000000000000000e+01
1527       4.800000000000000000e+01
1527       2.240000000000000000e+02
1527       2.400000000000000000e+02
1527       2.620000000000000000e+02
1527       9.900000000000000000e+01
1528       1.630000000000000000e+02
1528       2.540000000000000000e+02
1528       2.200000000000000000e+02
1528       3.360000000000000000e+02
1528       6.700000000000000000e+01
1528       3.400000000000000000e+02
1528       3.150000000000000000e+02
1529       3.700000000000000000e+01
1529       2.720000000000000000e+02
1529       3.960000000000000000e+02
1529       3.080000000000000000e+02
1529       3.340000000000000000e+02
1529       3.240000000000000000e+02
1529       3.820000000000000000e+02
1529       0.000000000000000000e+00
1530       2.290000000000000000e+02
1530       5.800000000000000000e+01
1530       2.550000000000000000e+02
1530       3.750000000000000000e+02
1530       1.610000000000000000e+02
1530       2.210000000000000000e+02
1531       1.690000000000000000e+02
1531       3.290000000000000000e+02
1531       8.100000000000000000e+01
1531       1.620000000000000000e+02
1531       2.760000000000000000e+02
1531       3.530000000000000000e+02
1532       2.640000000000000000e+02
1532       2.490000000000000000e+02
1532       2.690000000000000000e+02
1533       3.970000000000000000e+02
1533       1.190000000000000000e+02
1533       2.900000000000000000e+02
1533       2.950000000000000000e+02
1533       1.500000000000000000e+02
1533       2.620000000000000000e+02
1533       2.960000000000000000e+02
1533       3.890000000000000000e+02
1533       3.430000000000000000e+02
1533       2.820000000000000000e+02
1533       2.260000000000000000e+02
1533       1.560000000000000000e+02
1534       1.990000000000000000e+02
1534       2.180000000000000000e+02
1534       1.600000000000000000e+01
1534       3.760000000000000000e+02
1534       3.870000000000000000e+02
1534       1.710000000000000000e+02
1534       3.410000000000000000e+02
1534       3.900000000000000000e+02
1534       1.420000000000000000e+02
1535       1.180000000000000000e+02
1535       5.900000000000000000e+01
1535       2.510000000000000000e+02
1535       8.200000000000000000e+01
1535       2.940000000000000000e+02
1535       2.040000000000000000e+02
1535       1.680000000000000000e+02
1536       1.490000000000000000e+02
1536       1.890000000000000000e+02
1537       1.660000000000000000e+02
1537       2.910000000000000000e+02
1537       2.210000000000000000e+02
1537       6.600000000000000000e+01
1537       2.720000000000000000e+02
1537       6.000000000000000000e+01
1537       3.610000000000000000e+02
1537       1.980000000000000000e+02
1538       3.220000000000000000e+02
1538       2.490000000000000000e+02
1538       8.900000000000000000e+01
1538       1.070000000000000000e+02
1538       3.830000000000000000e+02
1538       2.120000000000000000e+02
1539       2.400000000000000000e+02
1539       1.480000000000000000e+02
1539       5.700000000000000000e+01
1539       8.000000000000000000e+00
1539       3.000000000000000000e+02
1540       1.420000000000000000e+02
1540       3.100000000000000000e+02
1540       2.530000000000000000e+02
1540       2.690000000000000000e+02
1540       1.090000000000000000e+02
1540       1.970000000000000000e+02
1540       2.730000000000000000e+02
1541       1.000000000000000000e+00
1541       2.600000000000000000e+01
1541       6.500000000000000000e+01
1541       4.100000000000000000e+01
1541       1.630000000000000000e+02
1541       3.020000000000000000e+02
1542       3.680000000000000000e+02
1542       2.750000000000000000e+02
1542       1.080000000000000000e+02
1542       7.800000000000000000e+01
1542       1.840000000000000000e+02
1542       3.000000000000000000e+00
1542       5.300000000000000000e+01
1542       8.800000000000000000e+01
1542       1.290000000000000000e+02
1542       3.090000000000000000e+02
1542       2.280000000000000000e+02
1543       6.700000000000000000e+01
1543       7.300000000000000000e+01
1543       2.400000000000000000e+02
1543       9.400000000000000000e+01
1543       1.040000000000000000e+02
1543       1.280000000000000000e+02
1543       3.300000000000000000e+01
1544       1.640000000000000000e+02
1544       1.890000000000000000e+02
1544       1.690000000000000000e+02
1544       3.410000000000000000e+02
1544       4.800000000000000000e+01
1545       3.420000000000000000e+02
1545       3.800000000000000000e+01
1545       3.940000000000000000e+02
1546       3.340000000000000000e+02
1546       7.600000000000000000e+01
1546       2.700000000000000000e+01
1546       1.500000000000000000e+01
1546       3.700000000000000000e+01
1546       2.030000000000000000e+02
1546       2.000000000000000000e+02
1546       2.000000000000000000e+01
1546       1.120000000000000000e+02
1546       2.590000000000000000e+02
1546       1.400000000000000000e+01
1546       1.760000000000000000e+02
1547       3.500000000000000000e+02
1547       4.600000000000000000e+01
1548       8.300000000000000000e+01
1548       2.960000000000000000e+02
1548       1.590000000000000000e+02
1548       1.750000000000000000e+02
1548       6.100000000000000000e+01
1548       2.100000000000000000e+01
1548       1.910000000000000000e+02
1548       3.710000000000000000e+02
1549       2.430000000000000000e+02
1549       2.180000000000000000e+02
1549       4.000000000000000000e+01
1549       1.200000000000000000e+02
1549       5.800000000000000000e+01
1549       3.050000000000000000e+02
1549       8.600000000000000000e+01
1549       2.010000000000000000e+02
1549       1.550000000000000000e+02
1549       2.790000000000000000e+02
1550       3.440000000000000000e+02
1550       2.630000000000000000e+02
1550       3.960000000000000000e+02
1550       1.690000000000000000e+02
1550       2.990000000000000000e+02
1550       2.670000000000000000e+02
1551       1.000000000000000000e+00
1551       2.480000000000000000e+02
1551       2.750000000000000000e+02
1551       1.280000000000000000e+02
1551       1.760000000000000000e+02
1551       5.400000000000000000e+01
1552       3.720000000000000000e+02
1552       6.500000000000000000e+01
1552       1.230000000000000000e+02
1552       3.780000000000000000e+02
1552       1.060000000000000000e+02
1552       1.360000000000000000e+02
1552       1.670000000000000000e+02
1552       3.930000000000000000e+02
1553       1.100000000000000000e+01
1553       3.290000000000000000e+02
1553       2.000000000000000000e+02
1553       5.300000000000000000e+01
1553       1.380000000000000000e+02
1553       3.800000000000000000e+01
1553       1.980000000000000000e+02
1553       8.600000000000000000e+01
1554       2.110000000000000000e+02
1555       8.000000000000000000e+01
1555       9.500000000000000000e+01
1555       3.390000000000000000e+02
1555       5.600000000000000000e+01
1555       2.710000000000000000e+02
1555       1.000000000000000000e+00
1555       7.400000000000000000e+01
1555       3.870000000000000000e+02
1555       2.980000000000000000e+02
1555       1.790000000000000000e+02
1555       1.430000000000000000e+02
1555       7.500000000000000000e+01
1556       4.700000000000000000e+01
1556       2.380000000000000000e+02
1556       3.860000000000000000e+02
1556       3.110000000000000000e+02
1556       3.440000000000000000e+02
1556       1.590000000000000000e+02
1557       1.410000000000000000e+02
1557       3.710000000000000000e+02
1557       1.350000000000000000e+02
1557       4.300000000000000000e+01
1557       1.100000000000000000e+01
1557       1.080000000000000000e+02
1557       2.220000000000000000e+02
1558       1.490000000000000000e+02
1558       8.300000000000000000e+01
1558       2.500000000000000000e+02
1558       2.600000000000000000e+02
1558       1.890000000000000000e+02
1559       2.110000000000000000e+02
1559       8.200000000000000000e+01
1559       3.050000000000000000e+02
1559       1.950000000000000000e+02
1559       1.160000000000000000e+02
1559       3.900000000000000000e+02
1559       5.600000000000000000e+01
1560       8.000000000000000000e+01
1560       3.720000000000000000e+02
1560       1.450000000000000000e+02
1560       1.930000000000000000e+02
1560       2.780000000000000000e+02
1561       3.110000000000000000e+02
1561       3.580000000000000000e+02
1561       2.800000000000000000e+02
1561       2.620000000000000000e+02
1561       1.990000000000000000e+02
1561       1.380000000000000000e+02
1561       1.150000000000000000e+02
1561       2.150000000000000000e+02
1562       1.080000000000000000e+02
1562       6.000000000000000000e+00
1562       3.570000000000000000e+02
1562       1.120000000000000000e+02
1562       3.200000000000000000e+01
1562       3.480000000000000000e+02
1562       6.100000000000000000e+01
1562       3.620000000000000000e+02
1563       1.950000000000000000e+02
1563       1.920000000000000000e+02
1563       5.200000000000000000e+01
1563       2.410000000000000000e+02
1564       3.340000000000000000e+02
1564       2.140000000000000000e+02
1564       5.500000000000000000e+01
1564       3.980000000000000000e+02
1564       1.560000000000000000e+02
1564       2.000000000000000000e+02
1564       2.620000000000000000e+02
1564       2.750000000000000000e+02
1565       1.360000000000000000e+02
1565       2.100000000000000000e+01
1565       1.730000000000000000e+02
1565       1.100000000000000000e+01
1565       3.280000000000000000e+02
1565       3.000000000000000000e+00
1565       2.480000000000000000e+02
1566       3.560000000000000000e+02
1566       3.130000000000000000e+02
1566       1.150000000000000000e+02
1566       2.210000000000000000e+02
1566       1.630000000000000000e+02
1566       1.900000000000000000e+02
1566       1.950000000000000000e+02
1567       6.100000000000000000e+01
1567       1.840000000000000000e+02
1567       7.600000000000000000e+01
1567       3.410000000000000000e+02
1567       1.910000000000000000e+02
1567       1.850000000000000000e+02
1567       2.300000000000000000e+01
1567       9.400000000000000000e+01
1568       1.310000000000000000e+02
1568       3.570000000000000000e+02
1568       1.580000000000000000e+02
1568       1.400000000000000000e+02
1568       2.160000000000000000e+02
1568       3.300000000000000000e+01
1568       2.270000000000000000e+02
1569       1.200000000000000000e+02
1569       3.730000000000000000e+02
1569       3.500000000000000000e+02
1569       1.590000000000000000e+02
1569       2.400000000000000000e+02
1570       1.370000000000000000e+02
1570       1.620000000000000000e+02
1570       3.100000000000000000e+01
1570       2.360000000000000000e+02
1570       8.400000000000000000e+01
1570       1.170000000000000000e+02
1571       2.300000000000000000e+01
1571       9.800000000000000000e+01
1571       5.000000000000000000e+01
1571       2.700000000000000000e+02
1571       1.560000000000000000e+02
1572       3.330000000000000000e+02
1572       1.070000000000000000e+02
1572       2.330000000000000000e+02
1572       1.860000000000000000e+02
1572       4.000000000000000000e+00
1572       3.820000000000000000e+02
1572       8.900000000000000000e+01
1572       8.300000000000000000e+01
1572       1.750000000000000000e+02
1573       3.660000000000000000e+02
1573       1.690000000000000000e+02
1574       3.990000000000000000e+02
1574       1.060000000000000000e+02
1574       3.030000000000000000e+02
1574       3.800000000000000000e+01
1574       2.480000000000000000e+02
1574       2.930000000000000000e+02
1574       2.220000000000000000e+02
1574       2.150000000000000000e+02
1574       2.950000000000000000e+02
1574       9.100000000000000000e+01
1574       2.370000000000000000e+02
1574       3.440000000000000000e+02
1574       3.300000000000000000e+02
1575       7.700000000000000000e+01
1575       1.070000000000000000e+02
1575       3.560000000000000000e+02
1575       1.010000000000000000e+02
1575       2.000000000000000000e+00
1575       2.670000000000000000e+02
1576       3.270000000000000000e+02
1576       2.730000000000000000e+02
1576       3.570000000000000000e+02
1576       1.850000000000000000e+02
1576       3.840000000000000000e+02
1576       3.630000000000000000e+02
1576       4.500000000000000000e+01
1577       2.970000000000000000e+02
1577       2.000000000000000000e+01
1577       2.040000000000000000e+02
1577       8.800000000000000000e+01
1577       2.550000000000000000e+02
1577       1.980000000000000000e+02
1577       3.380000000000000000e+02
1578       5.500000000000000000e+01
1578       3.680000000000000000e+02
1578       1.860000000000000000e+02
1578       2.700000000000000000e+02
1578       1.780000000000000000e+02
1578       3.580000000000000000e+02
1578       2.990000000000000000e+02
1578       3.870000000000000000e+02
1579       3.520000000000000000e+02
1579       9.400000000000000000e+01
1579       3.020000000000000000e+02
1580       1.380000000000000000e+02
1580       1.270000000000000000e+02
1580       1.260000000000000000e+02
1580       2.840000000000000000e+02
1580       2.730000000000000000e+02
1580       1.650000000000000000e+02
1581       3.810000000000000000e+02
1581       1.550000000000000000e+02
1581       3.300000000000000000e+01
1581       3.050000000000000000e+02
1581       2.800000000000000000e+01
1581       1.900000000000000000e+02
1582       1.930000000000000000e+02
1582       3.950000000000000000e+02
1582       1.940000000000000000e+02
1582       3.620000000000000000e+02
1582       1.090000000000000000e+02
1582       2.580000000000000000e+02
1583       1.990000000000000000e+02
1583       3.550000000000000000e+02
1583       1.890000000000000000e+02
1584       8.300000000000000000e+01
1584       2.990000000000000000e+02
1584       3.720000000000000000e+02
1584       2.320000000000000000e+02
1584       1.580000000000000000e+02
1584       2.270000000000000000e+02
1584       7.800000000000000000e+01
1584       3.730000000000000000e+02
1584       4.000000000000000000e+01
1584       7.300000000000000000e+01
1584       1.200000000000000000e+01
1584       2.030000000000000000e+02
1584       1.590000000000000000e+02
1585       7.700000000000000000e+01
1585       4.500000000000000000e+01
1585       2.950000000000000000e+02
1585       6.400000000000000000e+01
1586       6.100000000000000000e+01
1586       3.920000000000000000e+02
1586       3.450000000000000000e+02
1586       1.200000000000000000e+02
1586       3.330000000000000000e+02
1586       3.710000000000000000e+02
1587       6.000000000000000000e+00
1587       3.390000000000000000e+02
1587       1.170000000000000000e+02
1587       1.140000000000000000e+02
1587       1.760000000000000000e+02
1587       2.430000000000000000e+02
1588       2.000000000000000000e+00
1588       3.990000000000000000e+02
1588       3.510000000000000000e+02
1588       3.500000000000000000e+01
1588       2.820000000000000000e+02
1588       3.730000000000000000e+02
1588       2.160000000000000000e+02
1588       1.780000000000000000e+02
1588       9.400000000000000000e+01
1588       1.420000000000000000e+02
1588       2.400000000000000000e+02
1589       2.810000000000000000e+02
1589       2.790000000000000000e+02
1589       3.660000000000000000e+02
1589       7.200000000000000000e+01
1590       3.790000000000000000e+02
1590       3.670000000000000000e+02
1590       3.920000000000000000e+02
1590       3.180000000000000000e+02
1591       3.280000000000000000e+02
1591       3.010000000000000000e+02
1591       1.570000000000000000e+02
1591       2.300000000000000000e+01
1591       2.830000000000000000e+02
1591       3.530000000000000000e+02
1591       3.730000000000000000e+02
1591       3.950000000000000000e+02
1591       8.300000000000000000e+01
1591       3.870000000000000000e+02
1592       1.700000000000000000e+02
1592       3.830000000000000000e+02
1592       9.800000000000000000e+01
1592       2.180000000000000000e+02
1592       5.400000000000000000e+01
1592       1.900000000000000000e+02
1592       1.560000000000000000e+02
1592       3.740000000000000000e+02
1593       9.000000000000000000e+01
1593       3.410000000000000000e+02
1593       2.850000000000000000e+02
1593       2.220000000000000000e+02
1593       7.700000000000000000e+01
1593       3.810000000000000000e+02
1594       2.790000000000000000e+02
1594       3.240000000000000000e+02
1594       1.800000000000000000e+01
1594       2.060000000000000000e+02
1594       1.650000000000000000e+02
1594       3.330000000000000000e+02
1594       1.070000000000000000e+02
1594       3.170000000000000000e+02
1595       1.890000000000000000e+02
1595       5.500000000000000000e+01
1595       2.720000000000000000e+02
1595       3.470000000000000000e+02
1595       2.630000000000000000e+02
1595       3.950000000000000000e+02
1595       5.600000000000000000e+01
1595       1.200000000000000000e+02
1595       2.690000000000000000e+02
1596       9.400000000000000000e+01
1596       2.490000000000000000e+02
1596       6.100000000000000000e+01
1596       1.190000000000000000e+02
1596       3.570000000000000000e+02
1596       2.300000000000000000e+02
1597       5.300000000000000000e+01
1597       2.900000000000000000e+02
1597       3.990000000000000000e+02
1598       1.040000000000000000e+02
1598       2.100000000000000000e+01
1598       7.000000000000000000e+00
1598       2.720000000000000000e+02
1598       1.900000000000000000e+02
1598       2.930000000000000000e+02
1598       2.820000000000000000e+02
1599       3.870000000000000000e+02
1599       1.410000000000000000e+02
1599       1.200000000000000000e+01
1599       3.900000000000000000e+02
1599       1.940000000000000000e+02
1599       7.900000000000000000e+01
1600       1.300000000000000000e+02
1600       3.110000000000000000e+02
1600       8.400000000000000000e+01
1600       3.500000000000000000e+02
1600       1.580000000000000000e+02
1601       6.100000000000000000e+01
1601       3.020000000000000000e+02
1601       2.190000000000000000e+02
1601       2.920000000000000000e+02
1601       2.600000000000000000e+01
1601       3.400000000000000000e+01
1601       7.500000000000000000e+01
1602       1.100000000000000000e+01
1602       9.000000000000000000e+01
1602       1.850000000000000000e+02
1602       3.830000000000000000e+02
1602       2.560000000000000000e+02
1602       2.460000000000000000e+02
1602       5.200000000000000000e+01
1602       6.000000000000000000e+00
1603       1.960000000000000000e+02
1603       1.500000000000000000e+01
1603       3.800000000000000000e+01
1603       3.940000000000000000e+02
1603       8.900000000000000000e+01
1603       3.960000000000000000e+02
1603       1.600000000000000000e+01
1603       1.250000000000000000e+02
1603       2.370000000000000000e+02
1604       2.180000000000000000e+02
1604       1.510000000000000000e+02
1605       2.720000000000000000e+02
1605       3.380000000000000000e+02
1605       2.980000000000000000e+02
1605       2.510000000000000000e+02
1605       1.440000000000000000e+02
1606       3.730000000000000000e+02
1606       1.360000000000000000e+02
1606       2.550000000000000000e+02
1606       3.100000000000000000e+02
1606       1.620000000000000000e+02
1606       3.080000000000000000e+02
1606       3.340000000000000000e+02
1606       9.200000000000000000e+01
1606       1.110000000000000000e+02
1606       1.290000000000000000e+02
1606       1.560000000000000000e+02
1607       3.900000000000000000e+01
1607       5.100000000000000000e+01
1607       2.540000000000000000e+02
1607       1.310000000000000000e+02
1608       8.600000000000000000e+01
1608       3.830000000000000000e+02
1608       3.560000000000000000e+02
1608       1.660000000000000000e+02
1608       1.210000000000000000e+02
1608       2.690000000000000000e+02
1608       1.800000000000000000e+02
1608       3.430000000000000000e+02
1608       3.640000000000000000e+02
1609       3.060000000000000000e+02
1609       7.000000000000000000e+00
1609       9.000000000000000000e+01
1609       3.310000000000000000e+02
1609       1.610000000000000000e+02
1610       2.950000000000000000e+02
1610       1.010000000000000000e+02
1610       1.730000000000000000e+02
1610       2.570000000000000000e+02
1610       3.400000000000000000e+02
1610       3.910000000000000000e+02
1610       1.230000000000000000e+02
1610       2.520000000000000000e+02
1611       2.990000000000000000e+02
1611       1.810000000000000000e+02
1611       2.200000000000000000e+02
1611       3.420000000000000000e+02
1611       2.750000000000000000e+02
1611       3.300000000000000000e+01
1611       3.880000000000000000e+02
1611       3.960000000000000000e+02
1611       2.640000000000000000e+02
1612       1.120000000000000000e+02
1613       2.000000000000000000e+01
1613       1.690000000000000000e+02
1613       2.930000000000000000e+02
1613       9.300000000000000000e+01
1613       3.210000000000000000e+02
1613       2.960000000000000000e+02
1613       3.190000000000000000e+02
1614       2.810000000000000000e+02
1614       1.700000000000000000e+01
1614       1.060000000000000000e+02
1614       1.900000000000000000e+02
1614       3.750000000000000000e+02
1614       3.690000000000000000e+02
1614       3.100000000000000000e+01
1614       2.720000000000000000e+02
1615       2.630000000000000000e+02
1615       3.150000000000000000e+02
1615       2.870000000000000000e+02
1615       8.400000000000000000e+01
1616       2.670000000000000000e+02
1616       6.400000000000000000e+01
1616       1.170000000000000000e+02
1616       3.470000000000000000e+02
1616       1.180000000000000000e+02
1616       1.240000000000000000e+02
1616       3.570000000000000000e+02
1616       3.220000000000000000e+02
1617       2.590000000000000000e+02
1617       3.280000000000000000e+02
1617       1.000000000000000000e+01
1617       2.610000000000000000e+02
1617       3.960000000000000000e+02
1617       3.560000000000000000e+02
1617       2.560000000000000000e+02
1617       3.550000000000000000e+02
1617       4.500000000000000000e+01
1617       8.000000000000000000e+01
1618       1.370000000000000000e+02
1618       1.960000000000000000e+02
1618       3.130000000000000000e+02
1618       3.070000000000000000e+02
1619       2.960000000000000000e+02
1619       2.680000000000000000e+02
1619       2.400000000000000000e+01
1620       2.350000000000000000e+02
1620       3.150000000000000000e+02
1620       1.430000000000000000e+02
1620       2.500000000000000000e+01
1620       3.980000000000000000e+02
1620       2.270000000000000000e+02
1620       8.900000000000000000e+01
1620       2.100000000000000000e+02
1620       1.530000000000000000e+02
1620       3.430000000000000000e+02
1620       3.020000000000000000e+02
1620       2.000000000000000000e+01
1620       2.660000000000000000e+02
1621       2.470000000000000000e+02
1621       8.200000000000000000e+01
1621       2.040000000000000000e+02
1621       2.950000000000000000e+02
1622       3.460000000000000000e+02
1622       3.990000000000000000e+02
1622       9.700000000000000000e+01
1622       4.600000000000000000e+01
1622       1.580000000000000000e+02
1623       1.600000000000000000e+02
1623       1.220000000000000000e+02
1623       6.700000000000000000e+01
1623       4.500000000000000000e+01
1623       1.800000000000000000e+02
1623       3.260000000000000000e+02
1623       3.240000000000000000e+02
1624       2.850000000000000000e+02
1624       2.270000000000000000e+02
1624       0.000000000000000000e+00
1624       2.350000000000000000e+02
1624       3.580000000000000000e+02
1624       3.490000000000000000e+02
1624       2.460000000000000000e+02
1624       2.750000000000000000e+02
1625       1.420000000000000000e+02
1625       1.050000000000000000e+02
1625       1.800000000000000000e+01
1626       1.660000000000000000e+02
1626       1.060000000000000000e+02
1626       2.290000000000000000e+02
1626       2.280000000000000000e+02
1626       2.810000000000000000e+02
1626       1.950000000000000000e+02
1627       1.720000000000000000e+02
1627       3.410000000000000000e+02
1627       2.580000000000000000e+02
1627       1.610000000000000000e+02
1627       4.400000000000000000e+01
1627       3.710000000000000000e+02
1627       5.600000000000000000e+01
1627       1.890000000000000000e+02
1627       1.900000000000000000e+02
1628       7.100000000000000000e+01
1628       1.700000000000000000e+02
1628       2.700000000000000000e+02
1628       2.220000000000000000e+02
1628       1.800000000000000000e+02
1629       2.590000000000000000e+02
1629       3.700000000000000000e+02
1629       3.330000000000000000e+02
1629       2.560000000000000000e+02
1629       9.000000000000000000e+00
1629       6.000000000000000000e+01
1629       3.600000000000000000e+01
1629       1.740000000000000000e+02
1629       1.700000000000000000e+01
1629       3.370000000000000000e+02
1630       3.950000000000000000e+02
1630       3.790000000000000000e+02
1630       4.100000000000000000e+01
1630       9.300000000000000000e+01
1631       3.750000000000000000e+02
1631       1.220000000000000000e+02
1631       2.100000000000000000e+02
1631       2.140000000000000000e+02
1631       1.510000000000000000e+02
1631       2.900000000000000000e+02
1632       4.600000000000000000e+01
1632       2.120000000000000000e+02
1632       7.600000000000000000e+01
1632       3.810000000000000000e+02
1632       3.490000000000000000e+02
1633       2.300000000000000000e+01
1633       3.300000000000000000e+02
1633       1.460000000000000000e+02
1633       2.260000000000000000e+02
1633       1.430000000000000000e+02
1633       6.600000000000000000e+01
1633       3.540000000000000000e+02
1634       3.600000000000000000e+02
1634       3.300000000000000000e+01
1634       4.000000000000000000e+00
1634       3.020000000000000000e+02
1634       1.780000000000000000e+02
1634       1.250000000000000000e+02
1634       2.080000000000000000e+02
1634       4.400000000000000000e+01
1634       2.450000000000000000e+02
1635       3.040000000000000000e+02
1635       2.210000000000000000e+02
1635       1.970000000000000000e+02
1635       3.100000000000000000e+02
1636       3.840000000000000000e+02
1636       6.000000000000000000e+00
1636       2.370000000000000000e+02
1636       3.000000000000000000e+00
1636       2.110000000000000000e+02
1637       3.760000000000000000e+02
1637       3.030000000000000000e+02
1637       3.060000000000000000e+02
1637       1.220000000000000000e+02
1637       2.120000000000000000e+02
1637       5.200000000000000000e+01
1637       3.790000000000000000e+02
1638       7.500000000000000000e+01
1638       8.400000000000000000e+01
1638       2.790000000000000000e+02
1638       2.610000000000000000e+02
1638       3.890000000000000000e+02
1638       1.400000000000000000e+01
1639       4.500000000000000000e+01
1639       2.620000000000000000e+02
1639       1.470000000000000000e+02
1639       2.330000000000000000e+02
1639       1.420000000000000000e+02
1639       3.660000000000000000e+02
1639       2.700000000000000000e+01
1639       5.000000000000000000e+01
1639       3.440000000000000000e+02
1639       3.800000000000000000e+01
1639       3.500000000000000000e+01
1640       3.160000000000000000e+02
1640       2.780000000000000000e+02
1640       3.010000000000000000e+02
1640       3.840000000000000000e+02
1641       2.250000000000000000e+02
1641       3.020000000000000000e+02
1641       2.220000000000000000e+02
1641       2.760000000000000000e+02
1641       9.200000000000000000e+01
1641       2.320000000000000000e+02
1641       2.840000000000000000e+02
1642       3.900000000000000000e+02
1642       4.000000000000000000e+00
1642       3.910000000000000000e+02
1642       3.400000000000000000e+02
1643       2.500000000000000000e+01
1643       3.900000000000000000e+01
1643       5.600000000000000000e+01
1643       1.890000000000000000e+02
1643       1.290000000000000000e+02
1643       3.740000000000000000e+02
1644       2.770000000000000000e+02
1644       3.000000000000000000e+02
1644       3.430000000000000000e+02
1644       1.770000000000000000e+02
1644       7.700000000000000000e+01
1644       4.300000000000000000e+01
1644       3.180000000000000000e+02
1645       1.690000000000000000e+02
1645       1.480000000000000000e+02
1645       3.100000000000000000e+02
1645       2.810000000000000000e+02
1645       1.920000000000000000e+02
1645       1.630000000000000000e+02
1645       6.700000000000000000e+01
1645       1.360000000000000000e+02
1645       1.020000000000000000e+02
1646       1.520000000000000000e+02
1646       5.400000000000000000e+01
1646       8.500000000000000000e+01
1646       1.440000000000000000e+02
1646       2.170000000000000000e+02
1646       1.210000000000000000e+02
1646       2.710000000000000000e+02
1647       1.260000000000000000e+02
1647       3.420000000000000000e+02
1647       3.800000000000000000e+02
1647       2.400000000000000000e+02
1647       2.840000000000000000e+02
1647       1.610000000000000000e+02
1647       2.130000000000000000e+02
1648       2.190000000000000000e+02
1648       6.600000000000000000e+01
1648       3.270000000000000000e+02
1649       3.800000000000000000e+01
1649       3.620000000000000000e+02
1649       2.270000000000000000e+02
1649       3.460000000000000000e+02
1649       2.900000000000000000e+02
1649       3.300000000000000000e+01
1649       2.750000000000000000e+02
1650       4.500000000000000000e+01
1650       1.730000000000000000e+02
1650       3.810000000000000000e+02
1650       3.060000000000000000e+02
1650       2.700000000000000000e+01
1650       3.390000000000000000e+02
1650       3.950000000000000000e+02
1650       3.830000000000000000e+02
1650       7.400000000000000000e+01
1650       2.480000000000000000e+02
1650       2.200000000000000000e+02
1650       3.000000000000000000e+02
1650       7.000000000000000000e+00
1650       1.290000000000000000e+02
1651       7.200000000000000000e+01
1651       1.090000000000000000e+02
1652       8.600000000000000000e+01
1652       1.230000000000000000e+02
1652       1.750000000000000000e+02
1652       1.910000000000000000e+02
1652       2.690000000000000000e+02
1653       3.500000000000000000e+02
1653       2.730000000000000000e+02
1653       2.000000000000000000e+02
1653       5.900000000000000000e+01
1653       6.300000000000000000e+01
1653       9.600000000000000000e+01
1654       3.190000000000000000e+02
1654       1.060000000000000000e+02
1654       1.480000000000000000e+02
1654       2.720000000000000000e+02
1654       3.700000000000000000e+01
1654       3.900000000000000000e+01
1654       8.500000000000000000e+01
1655       3.610000000000000000e+02
1655       1.470000000000000000e+02
1655       3.400000000000000000e+02
1655       2.490000000000000000e+02
1655       3.020000000000000000e+02
1655       2.180000000000000000e+02
1656       3.000000000000000000e+01
1656       1.000000000000000000e+00
1656       1.750000000000000000e+02
1656       3.500000000000000000e+02
1656       3.340000000000000000e+02
1656       2.340000000000000000e+02
1656       7.200000000000000000e+01
1656       3.040000000000000000e+02
1657       1.590000000000000000e+02
1657       2.670000000000000000e+02
1657       2.050000000000000000e+02
1657       1.940000000000000000e+02
1657       1.270000000000000000e+02
1657       3.780000000000000000e+02
1657       1.620000000000000000e+02
1658       6.900000000000000000e+01
1658       2.990000000000000000e+02
1658       2.290000000000000000e+02
1658       2.170000000000000000e+02
1658       3.830000000000000000e+02
1658       3.420000000000000000e+02
1658       2.680000000000000000e+02
1658       1.060000000000000000e+02
1659       1.080000000000000000e+02
1659       2.600000000000000000e+02
1660       1.250000000000000000e+02
1660       4.000000000000000000e+01
1660       1.440000000000000000e+02
1660       1.660000000000000000e+02
1660       3.210000000000000000e+02
1660       1.690000000000000000e+02
1660       3.400000000000000000e+01
1660       1.490000000000000000e+02
1661       3.470000000000000000e+02
1661       3.390000000000000000e+02
1661       1.770000000000000000e+02
1661       2.940000000000000000e+02
1662       2.830000000000000000e+02
1662       3.670000000000000000e+02
1662       3.770000000000000000e+02
1662       9.200000000000000000e+01
1662       3.920000000000000000e+02
1662       2.290000000000000000e+02
1662       1.650000000000000000e+02
1662       3.300000000000000000e+01
1663       5.700000000000000000e+01
1663       1.880000000000000000e+02
1663       3.030000000000000000e+02
1663       3.200000000000000000e+02
1663       3.250000000000000000e+02
1663       9.900000000000000000e+01
1663       3.000000000000000000e+01
1663       1.020000000000000000e+02
1664       2.450000000000000000e+02
1664       7.800000000000000000e+01
1664       3.270000000000000000e+02
1664       1.330000000000000000e+02
1664       2.380000000000000000e+02
1665       3.370000000000000000e+02
1665       2.910000000000000000e+02
1665       2.640000000000000000e+02
1665       4.000000000000000000e+00
1665       1.080000000000000000e+02
1665       3.130000000000000000e+02
1666       3.450000000000000000e+02
1666       2.220000000000000000e+02
1666       2.960000000000000000e+02
1666       1.440000000000000000e+02
1666       6.500000000000000000e+01
1666       1.500000000000000000e+01
1666       3.220000000000000000e+02
1666       2.280000000000000000e+02
1666       3.110000000000000000e+02
1666       3.930000000000000000e+02
1667       3.000000000000000000e+01
1667       2.210000000000000000e+02
1667       7.600000000000000000e+01
1667       3.250000000000000000e+02
1668       1.180000000000000000e+02
1668       2.920000000000000000e+02
1668       2.170000000000000000e+02
1668       8.200000000000000000e+01
1668       3.020000000000000000e+02
1668       1.210000000000000000e+02
1668       6.600000000000000000e+01
1669       2.080000000000000000e+02
1669       2.390000000000000000e+02
1669       1.040000000000000000e+02
1669       1.570000000000000000e+02
1669       2.550000000000000000e+02
1669       2.090000000000000000e+02
1670       2.370000000000000000e+02
1670       9.500000000000000000e+01
1670       1.130000000000000000e+02
1671       1.790000000000000000e+02
1671       3.600000000000000000e+02
1671       2.530000000000000000e+02
1671       1.050000000000000000e+02
1671       2.200000000000000000e+01
1671       1.100000000000000000e+01
1671       1.180000000000000000e+02
1671       7.000000000000000000e+00
1672       9.300000000000000000e+01
1672       3.500000000000000000e+01
1672       2.860000000000000000e+02
1672       3.120000000000000000e+02
1672       1.830000000000000000e+02
1672       4.300000000000000000e+01
1672       3.000000000000000000e+01
1672       2.200000000000000000e+02
1673       2.060000000000000000e+02
1673       1.720000000000000000e+02
1673       2.590000000000000000e+02
1673       3.900000000000000000e+02
1673       2.030000000000000000e+02
1673       1.320000000000000000e+02
1673       5.400000000000000000e+01
1674       1.610000000000000000e+02
1674       3.480000000000000000e+02
1674       2.810000000000000000e+02
1674       2.880000000000000000e+02
1674       2.050000000000000000e+02
1675       6.300000000000000000e+01
1675       1.330000000000000000e+02
1675       2.470000000000000000e+02
1675       2.380000000000000000e+02
1675       8.000000000000000000e+01
1675       3.100000000000000000e+01
1675       2.300000000000000000e+02
1675       2.400000000000000000e+01
1675       4.000000000000000000e+01
1676       2.930000000000000000e+02
1676       2.340000000000000000e+02
1676       2.800000000000000000e+02
1676       2.520000000000000000e+02
1676       3.200000000000000000e+01
1677       2.460000000000000000e+02
1677       2.280000000000000000e+02
1677       1.930000000000000000e+02
1677       3.410000000000000000e+02
1678       7.500000000000000000e+01
1678       3.400000000000000000e+02
1678       3.750000000000000000e+02
1678       1.870000000000000000e+02
1678       1.150000000000000000e+02
1678       3.830000000000000000e+02
1678       3.790000000000000000e+02
1678       2.110000000000000000e+02
1678       2.980000000000000000e+02
1679       4.000000000000000000e+00
1679       3.700000000000000000e+02
1679       4.100000000000000000e+01
1679       2.440000000000000000e+02
1680       1.670000000000000000e+02
1680       3.380000000000000000e+02
1680       3.600000000000000000e+02
1680       2.170000000000000000e+02
1680       2.450000000000000000e+02
1680       7.200000000000000000e+01
1680       2.610000000000000000e+02
1680       4.700000000000000000e+01
1680       1.270000000000000000e+02
1680       1.070000000000000000e+02
1680       3.980000000000000000e+02
1680       1.560000000000000000e+02
1680       1.690000000000000000e+02
1680       2.860000000000000000e+02
1680       8.100000000000000000e+01
1680       1.640000000000000000e+02
1680       3.300000000000000000e+02
1681       3.340000000000000000e+02
1681       3.030000000000000000e+02
1681       1.250000000000000000e+02
1682       1.920000000000000000e+02
1682       2.370000000000000000e+02
1682       2.510000000000000000e+02
1683       7.600000000000000000e+01
1683       1.330000000000000000e+02
1683       3.490000000000000000e+02
1683       3.250000000000000000e+02
1683       3.230000000000000000e+02
1683       3.460000000000000000e+02
1683       7.000000000000000000e+00
1683       1.470000000000000000e+02
1684       2.560000000000000000e+02
1684       3.380000000000000000e+02
1684       2.020000000000000000e+02
1684       2.620000000000000000e+02
1684       1.320000000000000000e+02
1684       9.100000000000000000e+01
1685       9.000000000000000000e+01
1685       1.440000000000000000e+02
1685       1.870000000000000000e+02
1685       3.760000000000000000e+02
1685       2.710000000000000000e+02
1685       1.880000000000000000e+02
1685       1.960000000000000000e+02
1686       1.300000000000000000e+01
1686       5.100000000000000000e+01
1686       3.470000000000000000e+02
1686       2.000000000000000000e+00
1686       8.300000000000000000e+01
1686       1.400000000000000000e+01
1687       2.550000000000000000e+02
1687       1.460000000000000000e+02
1687       1.080000000000000000e+02
1687       3.820000000000000000e+02
1687       3.480000000000000000e+02
1687       1.910000000000000000e+02
1687       1.740000000000000000e+02
1687       9.900000000000000000e+01
1687       5.800000000000000000e+01
1687       1.640000000000000000e+02
1687       1.430000000000000000e+02
1688       1.970000000000000000e+02
1689       3.330000000000000000e+02
1689       6.900000000000000000e+01
1689       3.210000000000000000e+02
1689       2.590000000000000000e+02
1689       1.850000000000000000e+02
1689       3.700000000000000000e+01
1689       1.510000000000000000e+02
1689       3.200000000000000000e+01
1689       1.870000000000000000e+02
1690       3.130000000000000000e+02
1690       2.040000000000000000e+02
1690       2.070000000000000000e+02
1690       3.680000000000000000e+02
1690       1.610000000000000000e+02
1690       1.360000000000000000e+02
1691       1.820000000000000000e+02
1691       2.020000000000000000e+02
1691       8.700000000000000000e+01
1691       3.240000000000000000e+02
1691       2.420000000000000000e+02
1691       3.520000000000000000e+02
1691       8.300000000000000000e+01
1691       1.150000000000000000e+02
1691       1.500000000000000000e+01
1692       1.540000000000000000e+02
1692       2.580000000000000000e+02
1692       2.690000000000000000e+02
1692       1.960000000000000000e+02
1692       2.110000000000000000e+02
1693       3.660000000000000000e+02
1693       9.300000000000000000e+01
1693       1.380000000000000000e+02
1693       7.300000000000000000e+01
1693       1.400000000000000000e+02
1693       1.340000000000000000e+02
1693       2.410000000000000000e+02
1694       3.230000000000000000e+02
1694       1.720000000000000000e+02
1694       3.940000000000000000e+02
1694       3.500000000000000000e+02
1694       3.630000000000000000e+02
1694       1.240000000000000000e+02
1694       1.500000000000000000e+02
1695       3.740000000000000000e+02
1695       1.320000000000000000e+02
1695       9.100000000000000000e+01
1695       3.710000000000000000e+02
1695       3.180000000000000000e+02
1695       3.350000000000000000e+02
1695       3.100000000000000000e+02
1696       2.370000000000000000e+02
1696       2.860000000000000000e+02
1696       3.390000000000000000e+02
1696       3.760000000000000000e+02
1696       7.800000000000000000e+01
1696       2.050000000000000000e+02
1697       1.570000000000000000e+02
1697       8.800000000000000000e+01
1697       3.250000000000000000e+02
1697       3.840000000000000000e+02
1697       2.300000000000000000e+01
1697       2.880000000000000000e+02
1697       1.260000000000000000e+02
1697       3.520000000000000000e+02
1697       8.700000000000000000e+01
1698       2.270000000000000000e+02
1698       2.600000000000000000e+02
1698       2.990000000000000000e+02
1698       2.430000000000000000e+02
1698       3.800000000000000000e+01
1699       1.520000000000000000e+02
1699       9.600000000000000000e+01
1699       2.300000000000000000e+02
1699       2.890000000000000000e+02
1699       2.040000000000000000e+02
1700       2.480000000000000000e+02
1700       8.300000000000000000e+01
1700       3.610000000000000000e+02
1700       3.380000000000000000e+02
1700       1.940000000000000000e+02
1700       4.000000000000000000e+01
1700       3.700000000000000000e+02
1700       1.800000000000000000e+02
1700       1.560000000000000000e+02
1701       3.650000000000000000e+02
1701       8.100000000000000000e+01
1701       2.650000000000000000e+02
1701       9.300000000000000000e+01
1701       1.300000000000000000e+01
1701       3.100000000000000000e+02
1701       1.810000000000000000e+02
1701       3.520000000000000000e+02
1702       1.100000000000000000e+02
1702       1.770000000000000000e+02
1702       2.410000000000000000e+02
1702       1.790000000000000000e+02
1703       1.700000000000000000e+01
1703       2.600000000000000000e+01
1703       2.990000000000000000e+02
1703       3.350000000000000000e+02
1703       3.690000000000000000e+02
1703       3.430000000000000000e+02
1703       2.730000000000000000e+02
1703       1.640000000000000000e+02
1703       5.300000000000000000e+01
1703       3.240000000000000000e+02
1703       1.400000000000000000e+01
1703       3.000000000000000000e+01
1704       3.400000000000000000e+02
1704       2.500000000000000000e+02
1704       2.600000000000000000e+02
1704       3.780000000000000000e+02
1704       4.800000000000000000e+01
1704       5.800000000000000000e+01
1705       8.000000000000000000e+00
1705       2.680000000000000000e+02
1705       1.890000000000000000e+02
1706       3.600000000000000000e+01
1706       3.340000000000000000e+02
1706       1.690000000000000000e+02
1706       1.220000000000000000e+02
1706       9.800000000000000000e+01
1706       3.020000000000000000e+02
1706       2.020000000000000000e+02
1706       2.050000000000000000e+02
1706       1.060000000000000000e+02
1706       1.750000000000000000e+02
1707       2.250000000000000000e+02
1707       3.190000000000000000e+02
1707       2.750000000000000000e+02
1707       1.900000000000000000e+02
1707       7.300000000000000000e+01
1707       9.500000000000000000e+01
1707       2.540000000000000000e+02
1707       2.270000000000000000e+02
1707       3.880000000000000000e+02
1707       3.550000000000000000e+02
1708       1.300000000000000000e+01
1708       2.130000000000000000e+02
1708       1.420000000000000000e+02
1708       3.360000000000000000e+02
1709       1.250000000000000000e+02
1709       6.100000000000000000e+01
1709       3.950000000000000000e+02
1709       3.850000000000000000e+02
1710       2.280000000000000000e+02
1710       1.660000000000000000e+02
1710       2.840000000000000000e+02
1710       3.820000000000000000e+02
1710       3.910000000000000000e+02
1710       2.790000000000000000e+02
1710       5.300000000000000000e+01
1710       3.700000000000000000e+01
1710       3.840000000000000000e+02
1710       3.970000000000000000e+02
1710       2.590000000000000000e+02
1711       1.430000000000000000e+02
1711       1.800000000000000000e+02
1711       1.300000000000000000e+01
1711       4.900000000000000000e+01
1711       2.100000000000000000e+01
1711       4.200000000000000000e+01
1711       4.000000000000000000e+01
1712       1.570000000000000000e+02
1712       2.950000000000000000e+02
1712       2.150000000000000000e+02
1712       1.410000000000000000e+02
1712       1.970000000000000000e+02
1713       7.600000000000000000e+01
1713       2.550000000000000000e+02
1713       3.500000000000000000e+02
1713       1.220000000000000000e+02
1714       4.600000000000000000e+01
1714       3.550000000000000000e+02
1714       2.210000000000000000e+02
1714       9.900000000000000000e+01
1714       1.350000000000000000e+02
1714       5.000000000000000000e+01
1714       2.990000000000000000e+02
1715       3.080000000000000000e+02
1715       9.000000000000000000e+00
1715       1.080000000000000000e+02
1715       2.710000000000000000e+02
1715       1.410000000000000000e+02
1715       3.700000000000000000e+02
1715       1.840000000000000000e+02
1715       2.860000000000000000e+02
1715       2.700000000000000000e+01
1715       2.820000000000000000e+02
1715       3.180000000000000000e+02
1715       2.130000000000000000e+02
1716       2.060000000000000000e+02
1716       3.330000000000000000e+02
1716       3.060000000000000000e+02
1716       4.900000000000000000e+01
1716       2.000000000000000000e+00
1717       1.000000000000000000e+00
1717       3.110000000000000000e+02
1717       2.400000000000000000e+02
1717       2.520000000000000000e+02
1717       9.300000000000000000e+01
1717       3.660000000000000000e+02
1717       1.300000000000000000e+01
1717       3.450000000000000000e+02
1718       3.580000000000000000e+02
1718       2.580000000000000000e+02
1718       3.340000000000000000e+02
1718       3.750000000000000000e+02
1719       6.100000000000000000e+01
1719       1.910000000000000000e+02
1719       2.850000000000000000e+02
1719       3.470000000000000000e+02
1719       2.610000000000000000e+02
1719       1.090000000000000000e+02
1720       3.010000000000000000e+02
1720       3.880000000000000000e+02
1720       2.010000000000000000e+02
1720       6.000000000000000000e+00
1720       3.550000000000000000e+02
1720       3.240000000000000000e+02
1720       2.500000000000000000e+02
1720       8.200000000000000000e+01
1720       2.150000000000000000e+02
1720       2.380000000000000000e+02
1720       2.400000000000000000e+01
1720       2.390000000000000000e+02
1720       2.260000000000000000e+02
1720       4.600000000000000000e+01
1720       7.300000000000000000e+01
1721       2.500000000000000000e+01
1721       1.220000000000000000e+02
1722       2.860000000000000000e+02
1722       1.210000000000000000e+02
1722       3.810000000000000000e+02
1722       1.680000000000000000e+02
1722       1.080000000000000000e+02
1722       3.930000000000000000e+02
1722       2.170000000000000000e+02
1723       2.280000000000000000e+02
1723       1.530000000000000000e+02
1723       1.520000000000000000e+02
1723       9.000000000000000000e+00
1723       3.700000000000000000e+01
1723       3.310000000000000000e+02
1723       3.830000000000000000e+02
1723       3.500000000000000000e+02
1724       2.480000000000000000e+02
1724       1.130000000000000000e+02
1724       2.350000000000000000e+02
1724       3.650000000000000000e+02
1724       3.200000000000000000e+02
1724       7.000000000000000000e+00
1724       2.680000000000000000e+02
1725       2.000000000000000000e+02
1725       1.770000000000000000e+02
1725       3.060000000000000000e+02
1725       1.980000000000000000e+02
1725       2.080000000000000000e+02
1725       9.400000000000000000e+01
1726       3.820000000000000000e+02
1726       1.260000000000000000e+02
1726       1.710000000000000000e+02
1726       8.400000000000000000e+01
1726       1.140000000000000000e+02
1726       3.300000000000000000e+01
1727       2.660000000000000000e+02
1727       3.540000000000000000e+02
1727       1.380000000000000000e+02
1727       2.840000000000000000e+02
1727       1.530000000000000000e+02
1727       1.860000000000000000e+02
1727       2.360000000000000000e+02
1727       1.680000000000000000e+02
1728       1.300000000000000000e+01
1728       2.210000000000000000e+02
1728       3.000000000000000000e+00
1728       3.920000000000000000e+02
1728       2.100000000000000000e+02
1728       3.790000000000000000e+02
1728       8.800000000000000000e+01
1728       4.400000000000000000e+01
1729       5.700000000000000000e+01
1729       5.900000000000000000e+01
1729       2.780000000000000000e+02
1729       1.870000000000000000e+02
1729       2.960000000000000000e+02
1729       3.900000000000000000e+02
1729       2.870000000000000000e+02
1730       1.510000000000000000e+02
1730       3.850000000000000000e+02
1730       1.070000000000000000e+02
1730       3.130000000000000000e+02
1730       1.630000000000000000e+02
1730       3.740000000000000000e+02
1731       6.800000000000000000e+01
1731       1.880000000000000000e+02
1731       1.910000000000000000e+02
1731       2.650000000000000000e+02
1731       1.970000000000000000e+02
1731       3.890000000000000000e+02
1732       2.100000000000000000e+01
1732       3.600000000000000000e+01
1732       1.210000000000000000e+02
1732       2.260000000000000000e+02
1732       3.210000000000000000e+02
1732       1.240000000000000000e+02
1732       2.280000000000000000e+02
1733       8.800000000000000000e+01
1733       1.050000000000000000e+02
1733       3.200000000000000000e+01
1733       2.590000000000000000e+02
1733       1.380000000000000000e+02
1733       1.840000000000000000e+02
1733       2.200000000000000000e+02
1733       1.610000000000000000e+02
1733       3.370000000000000000e+02
1733       4.600000000000000000e+01
1733       1.600000000000000000e+01
1733       2.170000000000000000e+02
1734       3.100000000000000000e+02
1734       1.080000000000000000e+02
1735       6.900000000000000000e+01
1735       4.800000000000000000e+01
1735       9.300000000000000000e+01
1735       3.940000000000000000e+02
1735       4.900000000000000000e+01
1735       3.350000000000000000e+02
1736       1.680000000000000000e+02
1736       1.900000000000000000e+01
1736       2.410000000000000000e+02
1736       3.530000000000000000e+02
1736       2.720000000000000000e+02
1736       8.000000000000000000e+00
1736       2.630000000000000000e+02
1737       2.680000000000000000e+02
1737       2.300000000000000000e+02
1737       1.380000000000000000e+02
1737       2.070000000000000000e+02
1737       1.840000000000000000e+02
1737       2.940000000000000000e+02
1737       3.980000000000000000e+02
1737       2.850000000000000000e+02
1738       2.960000000000000000e+02
1738       0.000000000000000000e+00
1738       8.400000000000000000e+01
1738       3.860000000000000000e+02
1738       3.040000000000000000e+02
1738       1.480000000000000000e+02
1738       5.900000000000000000e+01
1739       3.780000000000000000e+02
1739       2.550000000000000000e+02
1739       3.740000000000000000e+02
1739       7.800000000000000000e+01
1739       2.670000000000000000e+02
1740       3.910000000000000000e+02
1740       7.400000000000000000e+01
1740       1.700000000000000000e+02
1740       3.410000000000000000e+02
1740       2.700000000000000000e+01
1740       2.590000000000000000e+02
1740       3.350000000000000000e+02
1740       1.590000000000000000e+02
1741       1.300000000000000000e+02
1741       2.690000000000000000e+02
1741       1.190000000000000000e+02
1741       5.000000000000000000e+01
1742       1.460000000000000000e+02
1742       5.000000000000000000e+00
1742       1.840000000000000000e+02
1742       1.140000000000000000e+02
1742       2.430000000000000000e+02
1742       1.320000000000000000e+02
1742       3.930000000000000000e+02
1742       7.200000000000000000e+01
1742       1.450000000000000000e+02
1742       1.470000000000000000e+02
1742       6.200000000000000000e+01
1742       2.540000000000000000e+02
1743       1.810000000000000000e+02
1743       8.700000000000000000e+01
1743       3.110000000000000000e+02
1743       5.900000000000000000e+01
1743       1.610000000000000000e+02
1743       1.530000000000000000e+02
1744       1.480000000000000000e+02
1744       2.550000000000000000e+02
1744       3.000000000000000000e+01
1744       2.150000000000000000e+02
1744       3.940000000000000000e+02
1744       1.100000000000000000e+01
1745       1.800000000000000000e+01
1745       1.190000000000000000e+02
1745       1.010000000000000000e+02
1745       3.310000000000000000e+02
1745       8.300000000000000000e+01
1746       7.900000000000000000e+01
1746       3.050000000000000000e+02
1746       1.170000000000000000e+02
1746       2.490000000000000000e+02
1746       2.250000000000000000e+02
1746       2.470000000000000000e+02
1746       3.880000000000000000e+02
1746       2.430000000000000000e+02
1747       3.910000000000000000e+02
1747       1.320000000000000000e+02
1747       1.610000000000000000e+02
1747       3.700000000000000000e+01
1748       2.330000000000000000e+02
1748       2.440000000000000000e+02
1748       3.750000000000000000e+02
1748       5.300000000000000000e+01
1748       2.680000000000000000e+02
1748       2.070000000000000000e+02
1748       3.080000000000000000e+02
1749       1.720000000000000000e+02
1749       2.850000000000000000e+02
1749       3.350000000000000000e+02
1749       2.830000000000000000e+02
1749       3.390000000000000000e+02
1749       1.800000000000000000e+02
1749       3.680000000000000000e+02
1750       1.420000000000000000e+02
1750       2.090000000000000000e+02
1750       3.620000000000000000e+02
1750       2.140000000000000000e+02
1750       3.100000000000000000e+02
1750       3.270000000000000000e+02
1750       3.660000000000000000e+02
1750       9.200000000000000000e+01
1750       8.700000000000000000e+01
1750       3.470000000000000000e+02
1750       5.100000000000000000e+01
1750       3.580000000000000000e+02
1751       3.540000000000000000e+02
1751       1.950000000000000000e+02
1751       1.290000000000000000e+02
1751       2.010000000000000000e+02
1751       1.080000000000000000e+02
1752       1.120000000000000000e+02
1752       1.530000000000000000e+02
1752       2.870000000000000000e+02
1752       3.460000000000000000e+02
1753       9.400000000000000000e+01
1753       3.430000000000000000e+02
1753       1.280000000000000000e+02
1753       2.920000000000000000e+02
1753       5.000000000000000000e+01
1753       1.400000000000000000e+02
1754       2.610000000000000000e+02
1754       2.900000000000000000e+01
1754       1.580000000000000000e+02
1754       1.400000000000000000e+01
1754       7.200000000000000000e+01
1754       3.070000000000000000e+02
1754       3.930000000000000000e+02
1754       4.200000000000000000e+01
1754       8.900000000000000000e+01
1755       4.700000000000000000e+01
1755       3.400000000000000000e+02
1755       3.050000000000000000e+02
1755       1.730000000000000000e+02
1755       1.650000000000000000e+02
1755       3.510000000000000000e+02
1755       3.950000000000000000e+02
1755       3.990000000000000000e+02
1755       3.600000000000000000e+02
1756       1.160000000000000000e+02
1756       6.300000000000000000e+01
1756       3.300000000000000000e+02
1756       3.520000000000000000e+02
1756       2.530000000000000000e+02
1756       3.730000000000000000e+02
1757       1.100000000000000000e+02
1757       1.270000000000000000e+02
1757       2.640000000000000000e+02
1757       2.400000000000000000e+02
1757       2.040000000000000000e+02
1757       1.220000000000000000e+02
1758       3.190000000000000000e+02
1758       3.210000000000000000e+02
1758       3.800000000000000000e+02
1758       3.110000000000000000e+02
1758       2.010000000000000000e+02
1758       3.200000000000000000e+01
1758       3.910000000000000000e+02
1758       2.800000000000000000e+02
1758       3.040000000000000000e+02
1759       2.660000000000000000e+02
1759       2.380000000000000000e+02
1759       3.750000000000000000e+02
1759       6.400000000000000000e+01
1760       3.220000000000000000e+02
1760       1.310000000000000000e+02
1760       1.720000000000000000e+02
1760       3.720000000000000000e+02
1761       3.410000000000000000e+02
1761       3.270000000000000000e+02
1761       3.450000000000000000e+02
1761       1.500000000000000000e+01
1761       1.420000000000000000e+02
1761       3.960000000000000000e+02
1761       8.000000000000000000e+01
1761       3.010000000000000000e+02
1761       5.300000000000000000e+01
1762       2.800000000000000000e+01
1762       3.050000000000000000e+02
1762       3.420000000000000000e+02
1762       1.210000000000000000e+02
1762       1.530000000000000000e+02
1762       3.550000000000000000e+02
1763       4.300000000000000000e+01
1763       3.920000000000000000e+02
1763       1.290000000000000000e+02
1763       3.940000000000000000e+02
1763       1.320000000000000000e+02
1763       2.300000000000000000e+02
1763       1.200000000000000000e+02
1763       1.870000000000000000e+02
1763       3.730000000000000000e+02
1763       2.780000000000000000e+02
1764       2.450000000000000000e+02
1764       3.870000000000000000e+02
1764       2.440000000000000000e+02
1764       2.320000000000000000e+02
1764       3.930000000000000000e+02
1765       1.040000000000000000e+02
1765       3.410000000000000000e+02
1765       3.300000000000000000e+01
1765       3.100000000000000000e+02
1765       1.560000000000000000e+02
1765       2.210000000000000000e+02
1766       2.050000000000000000e+02
1766       1.010000000000000000e+02
1766       1.500000000000000000e+01
1766       3.710000000000000000e+02
1766       2.710000000000000000e+02
1766       3.970000000000000000e+02
1766       3.400000000000000000e+02
1766       1.800000000000000000e+01
1766       2.670000000000000000e+02
1767       1.500000000000000000e+02
1767       1.800000000000000000e+02
1767       3.670000000000000000e+02
1767       2.660000000000000000e+02
1767       5.500000000000000000e+01
1768       6.600000000000000000e+01
1768       3.030000000000000000e+02
1768       3.850000000000000000e+02
1768       2.650000000000000000e+02
1768       2.450000000000000000e+02
1768       2.360000000000000000e+02
1768       3.720000000000000000e+02
1768       9.800000000000000000e+01
1769       1.360000000000000000e+02
1769       3.070000000000000000e+02
1769       3.660000000000000000e+02
1769       1.760000000000000000e+02
1769       1.050000000000000000e+02
1769       2.070000000000000000e+02
1770       3.250000000000000000e+02
1770       3.300000000000000000e+02
1770       9.300000000000000000e+01
1770       2.860000000000000000e+02
1770       1.440000000000000000e+02
1771       1.090000000000000000e+02
1771       2.220000000000000000e+02
1771       6.000000000000000000e+01
1771       1.200000000000000000e+01
1771       5.100000000000000000e+01
1771       3.540000000000000000e+02
1771       1.540000000000000000e+02
1771       8.100000000000000000e+01
1771       3.880000000000000000e+02
1772       9.600000000000000000e+01
1772       2.370000000000000000e+02
1772       1.330000000000000000e+02
1772       1.820000000000000000e+02
1772       2.180000000000000000e+02
1772       3.630000000000000000e+02
1772       6.600000000000000000e+01
1772       2.990000000000000000e+02
1773       1.030000000000000000e+02
1773       7.700000000000000000e+01
1773       7.000000000000000000e+00
1773       2.010000000000000000e+02
1773       2.310000000000000000e+02
1773       3.900000000000000000e+01
1773       1.160000000000000000e+02
1774       1.050000000000000000e+02
1774       1.610000000000000000e+02
1774       1.410000000000000000e+02
1774       5.000000000000000000e+01
1774       2.970000000000000000e+02
1774       3.120000000000000000e+02
1774       3.270000000000000000e+02
1775       2.600000000000000000e+02
1775       1.490000000000000000e+02
1775       2.560000000000000000e+02
1775       5.300000000000000000e+01
1776       3.180000000000000000e+02
1776       8.800000000000000000e+01
1776       1.080000000000000000e+02
1776       2.960000000000000000e+02
1776       1.300000000000000000e+01
1776       3.420000000000000000e+02
1776       3.000000000000000000e+00
1776       1.850000000000000000e+02
1776       1.960000000000000000e+02
1776       1.010000000000000000e+02
1777       1.650000000000000000e+02
1777       1.180000000000000000e+02
1777       1.540000000000000000e+02
1777       2.180000000000000000e+02
1777       1.570000000000000000e+02
1777       2.930000000000000000e+02
1778       3.010000000000000000e+02
1778       9.400000000000000000e+01
1778       1.110000000000000000e+02
1778       2.840000000000000000e+02
1778       2.320000000000000000e+02
1778       5.800000000000000000e+01
1779       1.260000000000000000e+02
1779       1.030000000000000000e+02
1779       1.440000000000000000e+02
1779       1.530000000000000000e+02
1779       1.610000000000000000e+02
1779       3.600000000000000000e+01
1779       1.100000000000000000e+02
1780       2.400000000000000000e+01
1780       1.380000000000000000e+02
1780       3.960000000000000000e+02
1780       3.540000000000000000e+02
1780       1.860000000000000000e+02
1781       2.920000000000000000e+02
1781       2.590000000000000000e+02
1781       2.660000000000000000e+02
1781       1.640000000000000000e+02
1781       3.320000000000000000e+02
1781       1.470000000000000000e+02
1781       3.720000000000000000e+02
1782       1.230000000000000000e+02
1782       1.400000000000000000e+02
1782       1.690000000000000000e+02
1782       8.400000000000000000e+01
1782       3.000000000000000000e+01
1782       6.300000000000000000e+01
1782       1.750000000000000000e+02
1782       1.910000000000000000e+02
1782       2.880000000000000000e+02
1782       1.330000000000000000e+02
1783       3.630000000000000000e+02
1783       3.760000000000000000e+02
1783       1.520000000000000000e+02
1783       1.540000000000000000e+02
1783       3.180000000000000000e+02
1783       9.400000000000000000e+01
1784       1.710000000000000000e+02
1784       1.800000000000000000e+02
1784       9.500000000000000000e+01
1784       1.100000000000000000e+02
1784       2.010000000000000000e+02
1784       3.150000000000000000e+02
1784       3.930000000000000000e+02
1784       2.510000000000000000e+02
1784       2.800000000000000000e+02
1785       2.680000000000000000e+02
1785       3.060000000000000000e+02
1785       5.200000000000000000e+01
1785       4.000000000000000000e+01
1785       3.690000000000000000e+02
1785       1.680000000000000000e+02
1786       3.700000000000000000e+01
1786       9.000000000000000000e+00
1786       2.560000000000000000e+02
1786       3.730000000000000000e+02
1786       1.310000000000000000e+02
1787       2.580000000000000000e+02
1787       1.000000000000000000e+00
1787       1.590000000000000000e+02
1788       9.400000000000000000e+01
1788       2.530000000000000000e+02
1788       2.820000000000000000e+02
1788       2.460000000000000000e+02
1788       2.340000000000000000e+02
1788       3.380000000000000000e+02
1788       2.120000000000000000e+02
1788       2.170000000000000000e+02
1789       2.440000000000000000e+02
1789       4.700000000000000000e+01
1789       2.740000000000000000e+02
1789       3.890000000000000000e+02
1789       1.800000000000000000e+02
1789       3.540000000000000000e+02
1789       1.400000000000000000e+02
1789       2.140000000000000000e+02
1790       1.930000000000000000e+02
1790       3.700000000000000000e+02
1790       1.160000000000000000e+02
1790       2.980000000000000000e+02
1790       1.230000000000000000e+02
1790       3.970000000000000000e+02
1790       1.210000000000000000e+02
1790       2.480000000000000000e+02
1790       1.850000000000000000e+02
1790       2.490000000000000000e+02
1790       2.920000000000000000e+02
1791       1.820000000000000000e+02
1791       8.900000000000000000e+01
1791       2.600000000000000000e+02
1791       2.150000000000000000e+02
1792       3.600000000000000000e+01
1792       3.500000000000000000e+02
1792       3.600000000000000000e+02
1792       2.230000000000000000e+02
1792       1.640000000000000000e+02
1792       1.970000000000000000e+02
1792       2.180000000000000000e+02
1792       1.560000000000000000e+02
1792       1.180000000000000000e+02
1792       2.610000000000000000e+02
1792       1.060000000000000000e+02
1792       2.080000000000000000e+02
1793       2.400000000000000000e+02
1793       3.300000000000000000e+02
1794       3.000000000000000000e+02
1794       2.330000000000000000e+02
1794       3.900000000000000000e+01
1794       3.570000000000000000e+02
1794       1.000000000000000000e+02
1794       1.650000000000000000e+02
1794       2.350000000000000000e+02
1795       2.540000000000000000e+02
1795       3.990000000000000000e+02
1795       6.200000000000000000e+01
1795       1.490000000000000000e+02
1795       3.400000000000000000e+02
1795       1.590000000000000000e+02
1796       1.450000000000000000e+02
1796       3.910000000000000000e+02
1796       9.900000000000000000e+01
1796       2.150000000000000000e+02
1796       4.000000000000000000e+00
1797       3.690000000000000000e+02
1797       3.180000000000000000e+02
1797       3.490000000000000000e+02
1797       3.510000000000000000e+02
1797       2.880000000000000000e+02
1797       1.720000000000000000e+02
1798       0.000000000000000000e+00
1798       1.200000000000000000e+01
1798       2.210000000000000000e+02
1798       2.100000000000000000e+01
1798       9.200000000000000000e+01
1798       2.170000000000000000e+02
1798       2.450000000000000000e+02
1798       2.050000000000000000e+02
1798       1.740000000000000000e+02
1799       1.920000000000000000e+02
1799       3.740000000000000000e+02
1799       2.770000000000000000e+02
1799       2.900000000000000000e+01
1800       3.000000000000000000e+02
1800       1.800000000000000000e+01
1800       2.110000000000000000e+02
1801       8.500000000000000000e+01
1801       2.380000000000000000e+02
1801       9.000000000000000000e+00
1801       9.800000000000000000e+01
1801       3.580000000000000000e+02
1801       1.200000000000000000e+01
1801       1.470000000000000000e+02
1801       1.060000000000000000e+02
1801       2.260000000000000000e+02
1801       2.950000000000000000e+02
1802       2.850000000000000000e+02
1802       7.000000000000000000e+01
1802       2.620000000000000000e+02
1802       4.700000000000000000e+01
1802       2.410000000000000000e+02
1802       2.090000000000000000e+02
1802       7.400000000000000000e+01
1802       2.900000000000000000e+02
1803       1.050000000000000000e+02
1803       3.950000000000000000e+02
1803       3.450000000000000000e+02
1803       7.800000000000000000e+01
1803       3.650000000000000000e+02
1803       1.020000000000000000e+02
1803       3.600000000000000000e+02
1803       2.120000000000000000e+02
1804       1.580000000000000000e+02
1804       2.700000000000000000e+02
1804       2.590000000000000000e+02
1805       8.200000000000000000e+01
1805       1.810000000000000000e+02
1805       2.020000000000000000e+02
1805       2.780000000000000000e+02
1805       1.990000000000000000e+02
1805       2.610000000000000000e+02
1805       1.940000000000000000e+02
1805       3.100000000000000000e+01
1805       1.630000000000000000e+02
1805       1.300000000000000000e+02
1806       3.070000000000000000e+02
1806       1.100000000000000000e+01
1806       2.320000000000000000e+02
1806       2.680000000000000000e+02
1806       8.100000000000000000e+01
1806       4.000000000000000000e+00
1806       9.800000000000000000e+01
1807       1.260000000000000000e+02
1807       4.000000000000000000e+01
1807       1.530000000000000000e+02
1807       1.880000000000000000e+02
1808       3.690000000000000000e+02
1808       2.600000000000000000e+01
1808       2.200000000000000000e+02
1808       1.820000000000000000e+02
1808       8.800000000000000000e+01
1808       3.640000000000000000e+02
1808       2.230000000000000000e+02
1808       2.050000000000000000e+02
1808       3.190000000000000000e+02
1809       3.300000000000000000e+02
1809       3.080000000000000000e+02
1809       3.800000000000000000e+02
1809       3.420000000000000000e+02
1809       1.860000000000000000e+02
1810       2.020000000000000000e+02
1810       9.800000000000000000e+01
1810       8.100000000000000000e+01
1810       2.100000000000000000e+02
1810       2.510000000000000000e+02
1810       2.090000000000000000e+02
1810       2.410000000000000000e+02
1810       1.540000000000000000e+02
1811       3.460000000000000000e+02
1811       2.430000000000000000e+02
1811       1.320000000000000000e+02
1811       2.810000000000000000e+02
1811       1.400000000000000000e+01
1811       2.260000000000000000e+02
1812       1.520000000000000000e+02
1812       2.690000000000000000e+02
1812       2.300000000000000000e+01
1812       7.400000000000000000e+01
1812       3.400000000000000000e+02
1813       1.310000000000000000e+02
1813       7.600000000000000000e+01
1813       2.120000000000000000e+02
1813       1.330000000000000000e+02
1813       1.180000000000000000e+02
1813       1.910000000000000000e+02
1813       8.800000000000000000e+01
1813       2.550000000000000000e+02
1814       2.950000000000000000e+02
1814       1.600000000000000000e+01
1814       3.200000000000000000e+02
1814       3.500000000000000000e+02
1814       3.980000000000000000e+02
1814       2.420000000000000000e+02
1814       1.740000000000000000e+02
1814       2.320000000000000000e+02
1815       1.070000000000000000e+02
1815       3.710000000000000000e+02
1815       5.200000000000000000e+01
1815       5.700000000000000000e+01
1815       9.000000000000000000e+00
1815       3.230000000000000000e+02
1815       3.930000000000000000e+02
1815       3.500000000000000000e+01
1816       1.960000000000000000e+02
1816       2.270000000000000000e+02
1816       2.920000000000000000e+02
1816       1.400000000000000000e+01
1817       4.400000000000000000e+01
1817       8.300000000000000000e+01
1817       3.640000000000000000e+02
1817       1.020000000000000000e+02
1817       3.320000000000000000e+02
1817       2.680000000000000000e+02
1817       3.820000000000000000e+02
1818       6.900000000000000000e+01
1818       1.900000000000000000e+01
1818       1.490000000000000000e+02
1818       3.770000000000000000e+02
1818       1.500000000000000000e+01
1818       6.700000000000000000e+01
1818       1.410000000000000000e+02
1819       1.340000000000000000e+02
1819       2.930000000000000000e+02
1819       2.800000000000000000e+01
1819       8.900000000000000000e+01
1819       2.330000000000000000e+02
1819       2.570000000000000000e+02
1820       3.090000000000000000e+02
1820       2.960000000000000000e+02
1820       1.500000000000000000e+02
1820       8.300000000000000000e+01
1820       1.390000000000000000e+02
1820       3.530000000000000000e+02
1821       3.080000000000000000e+02
1821       1.520000000000000000e+02
1821       3.600000000000000000e+01
1821       3.260000000000000000e+02
1821       2.680000000000000000e+02
1821       9.600000000000000000e+01
1821       2.210000000000000000e+02
1822       1.620000000000000000e+02
1822       1.210000000000000000e+02
1822       3.650000000000000000e+02
1822       7.200000000000000000e+01
1822       1.400000000000000000e+02
1822       1.430000000000000000e+02
1822       1.050000000000000000e+02
1822       3.200000000000000000e+02
1822       2.130000000000000000e+02
1823       2.010000000000000000e+02
1823       3.580000000000000000e+02
1823       2.590000000000000000e+02
1823       3.780000000000000000e+02
1823       3.300000000000000000e+01
1823       3.430000000000000000e+02
1823       3.890000000000000000e+02
1824       3.880000000000000000e+02
1824       2.740000000000000000e+02
1824       3.800000000000000000e+01
1824       2.370000000000000000e+02
1824       8.300000000000000000e+01
1825       3.280000000000000000e+02
1825       4.400000000000000000e+01
1825       2.100000000000000000e+02
1826       2.070000000000000000e+02
1826       1.230000000000000000e+02
1826       2.240000000000000000e+02
1826       3.530000000000000000e+02
1826       3.390000000000000000e+02
1826       8.000000000000000000e+00
1826       2.700000000000000000e+01
1826       1.110000000000000000e+02
1826       9.300000000000000000e+01
1826       6.500000000000000000e+01
1827       1.000000000000000000e+01
1827       2.000000000000000000e+00
1827       1.330000000000000000e+02
1827       2.790000000000000000e+02
1827       3.200000000000000000e+01
1827       2.760000000000000000e+02
1827       3.080000000000000000e+02
1828       6.700000000000000000e+01
1828       2.500000000000000000e+01
1828       3.740000000000000000e+02
1828       2.020000000000000000e+02
1828       1.770000000000000000e+02
1828       1.690000000000000000e+02
1828       3.050000000000000000e+02
1829       3.550000000000000000e+02
1829       3.030000000000000000e+02
1829       1.610000000000000000e+02
1829       3.670000000000000000e+02
1829       1.060000000000000000e+02
1830       3.850000000000000000e+02
1830       1.650000000000000000e+02
1830       7.800000000000000000e+01
1830       3.470000000000000000e+02
1830       1.150000000000000000e+02
1831       2.170000000000000000e+02
1831       1.000000000000000000e+00
1831       3.250000000000000000e+02
1831       7.700000000000000000e+01
1831       9.400000000000000000e+01
1831       1.280000000000000000e+02
1831       2.030000000000000000e+02
1831       8.600000000000000000e+01
1831       2.610000000000000000e+02
1831       1.900000000000000000e+01
1831       1.180000000000000000e+02
1832       3.150000000000000000e+02
1832       8.400000000000000000e+01
1832       6.100000000000000000e+01
1832       3.180000000000000000e+02
1832       2.390000000000000000e+02
1832       1.660000000000000000e+02
1832       3.430000000000000000e+02
1833       1.850000000000000000e+02
1833       3.970000000000000000e+02
1833       2.100000000000000000e+01
1833       5.800000000000000000e+01
1834       1.500000000000000000e+01
1834       2.780000000000000000e+02
1834       1.060000000000000000e+02
1834       1.810000000000000000e+02
1834       1.270000000000000000e+02
1834       2.180000000000000000e+02
1834       8.000000000000000000e+01
1834       8.500000000000000000e+01
1834       1.750000000000000000e+02
1835       2.480000000000000000e+02
1835       8.200000000000000000e+01
1835       2.250000000000000000e+02
1835       3.220000000000000000e+02
1835       3.540000000000000000e+02
1835       1.990000000000000000e+02
1836       2.700000000000000000e+01
1836       2.710000000000000000e+02
1836       3.130000000000000000e+02
1837       7.000000000000000000e+00
1837       3.710000000000000000e+02
1837       7.000000000000000000e+01
1837       3.520000000000000000e+02
1837       1.240000000000000000e+02
1838       3.080000000000000000e+02
1838       5.900000000000000000e+01
1838       1.500000000000000000e+01
1838       2.010000000000000000e+02
1838       8.400000000000000000e+01
1838       1.060000000000000000e+02
1839       1.700000000000000000e+02
1839       9.700000000000000000e+01
1839       6.900000000000000000e+01
1839       2.670000000000000000e+02
1839       3.270000000000000000e+02
1839       3.010000000000000000e+02
1839       1.580000000000000000e+02
1839       2.650000000000000000e+02
1839       3.000000000000000000e+01
1839       1.270000000000000000e+02
1839       1.900000000000000000e+01
1840       2.560000000000000000e+02
1840       2.610000000000000000e+02
1840       3.990000000000000000e+02
1840       7.800000000000000000e+01
1840       1.930000000000000000e+02
1840       1.050000000000000000e+02
1841       3.400000000000000000e+01
1841       3.700000000000000000e+02
1842       2.600000000000000000e+01
1842       4.000000000000000000e+00
1842       3.380000000000000000e+02
1842       2.080000000000000000e+02
1842       2.980000000000000000e+02
1842       2.230000000000000000e+02
1843       2.520000000000000000e+02
1843       2.880000000000000000e+02
1843       3.750000000000000000e+02
1843       1.660000000000000000e+02
1843       3.970000000000000000e+02
1843       1.590000000000000000e+02
1843       1.400000000000000000e+01
1843       4.400000000000000000e+01
1843       3.180000000000000000e+02
1843       1.840000000000000000e+02
1843       2.290000000000000000e+02
1843       9.300000000000000000e+01
1844       3.020000000000000000e+02
1844       1.810000000000000000e+02
1845       2.650000000000000000e+02
1845       3.130000000000000000e+02
1845       1.780000000000000000e+02
1845       3.030000000000000000e+02
1845       1.710000000000000000e+02
1845       3.980000000000000000e+02
1845       2.450000000000000000e+02
1845       2.950000000000000000e+02
1846       2.500000000000000000e+02
1846       3.580000000000000000e+02
1846       2.760000000000000000e+02
1846       2.720000000000000000e+02
1846       7.900000000000000000e+01
1846       3.880000000000000000e+02
1847       3.550000000000000000e+02
1847       1.110000000000000000e+02
1847       2.080000000000000000e+02
1847       2.000000000000000000e+02
1847       2.660000000000000000e+02
1848       3.060000000000000000e+02
1848       3.230000000000000000e+02
1848       3.400000000000000000e+01
1848       1.420000000000000000e+02
1848       2.200000000000000000e+02
1848       5.200000000000000000e+01
1848       2.900000000000000000e+01
1849       7.800000000000000000e+01
1849       3.280000000000000000e+02
1849       3.260000000000000000e+02
1849       1.930000000000000000e+02
1849       2.370000000000000000e+02
1849       2.460000000000000000e+02
1850       2.940000000000000000e+02
1850       7.500000000000000000e+01
1850       1.410000000000000000e+02
1850       1.570000000000000000e+02
1850       3.010000000000000000e+02
1850       3.990000000000000000e+02
1850       3.700000000000000000e+02
1850       6.300000000000000000e+01
1850       2.850000000000000000e+02
1851       1.020000000000000000e+02
1851       1.810000000000000000e+02
1851       2.810000000000000000e+02
1851       2.100000000000000000e+02
1851       7.200000000000000000e+01
1852       3.900000000000000000e+02
1852       2.270000000000000000e+02
1852       1.770000000000000000e+02
1852       1.670000000000000000e+02
1852       1.300000000000000000e+01
1853       2.560000000000000000e+02
1853       5.200000000000000000e+01
1853       7.400000000000000000e+01
1853       3.120000000000000000e+02
1853       1.830000000000000000e+02
1853       1.750000000000000000e+02
1854       1.720000000000000000e+02
1854       3.370000000000000000e+02
1854       2.700000000000000000e+01
1854       3.930000000000000000e+02
1854       2.190000000000000000e+02
1854       3.540000000000000000e+02
1855       1.990000000000000000e+02
1855       1.270000000000000000e+02
1855       3.950000000000000000e+02
1855       1.290000000000000000e+02
1855       1.500000000000000000e+01
1855       2.940000000000000000e+02
1855       3.630000000000000000e+02
1855       2.170000000000000000e+02
1855       3.350000000000000000e+02
1856       1.960000000000000000e+02
1856       3.400000000000000000e+01
1856       9.000000000000000000e+00
1856       2.730000000000000000e+02
1856       4.700000000000000000e+01
1856       1.080000000000000000e+02
1856       3.720000000000000000e+02
1857       1.020000000000000000e+02
1857       3.230000000000000000e+02
1857       1.170000000000000000e+02
1857       1.840000000000000000e+02
1857       1.580000000000000000e+02
1857       2.380000000000000000e+02
1858       3.450000000000000000e+02
1858       1.700000000000000000e+01
1858       2.700000000000000000e+01
1858       2.500000000000000000e+01
1858       1.780000000000000000e+02
1858       2.910000000000000000e+02
1859       3.740000000000000000e+02
1859       8.000000000000000000e+00
1859       2.730000000000000000e+02
1859       9.700000000000000000e+01
1859       3.960000000000000000e+02
1859       9.500000000000000000e+01
1859       3.160000000000000000e+02
1859       1.360000000000000000e+02
1859       8.800000000000000000e+01
1860       2.300000000000000000e+01
1860       1.410000000000000000e+02
1860       2.240000000000000000e+02
1860       3.130000000000000000e+02
1860       3.630000000000000000e+02
1861       2.830000000000000000e+02
1861       1.000000000000000000e+02
1861       2.600000000000000000e+01
1861       1.240000000000000000e+02
1861       3.000000000000000000e+02
1861       1.580000000000000000e+02
1861       1.080000000000000000e+02
1862       2.670000000000000000e+02
1862       2.480000000000000000e+02
1862       2.170000000000000000e+02
1863       2.390000000000000000e+02
1863       5.300000000000000000e+01
1863       9.100000000000000000e+01
1863       2.350000000000000000e+02
1863       7.800000000000000000e+01
1863       1.960000000000000000e+02
1863       2.280000000000000000e+02
1863       2.200000000000000000e+01
1864       2.330000000000000000e+02
1864       1.210000000000000000e+02
1864       3.380000000000000000e+02
1864       3.330000000000000000e+02
1864       3.320000000000000000e+02
1865       3.090000000000000000e+02
1865       9.500000000000000000e+01
1865       2.100000000000000000e+01
1865       3.000000000000000000e+02
1865       3.660000000000000000e+02
1865       2.460000000000000000e+02
1865       4.000000000000000000e+00
1865       2.970000000000000000e+02
1865       2.830000000000000000e+02
1866       1.500000000000000000e+02
1866       2.050000000000000000e+02
1866       2.290000000000000000e+02
1866       9.300000000000000000e+01
1866       9.700000000000000000e+01
1866       3.630000000000000000e+02
1866       3.400000000000000000e+02
1867       1.100000000000000000e+02
1867       2.550000000000000000e+02
1867       1.910000000000000000e+02
1868       2.900000000000000000e+02
1868       1.480000000000000000e+02
1868       1.510000000000000000e+02
1868       3.050000000000000000e+02
1868       5.300000000000000000e+01
1868       1.630000000000000000e+02
1869       3.400000000000000000e+01
1869       7.500000000000000000e+01
1869       1.230000000000000000e+02
1869       3.750000000000000000e+02
1869       1.620000000000000000e+02
1869       1.960000000000000000e+02
1869       6.700000000000000000e+01
1869       1.270000000000000000e+02
1870       2.320000000000000000e+02
1870       3.660000000000000000e+02
1870       2.310000000000000000e+02
1870       3.720000000000000000e+02
1870       1.490000000000000000e+02
1870       3.810000000000000000e+02
1871       3.270000000000000000e+02
1871       3.390000000000000000e+02
1871       8.800000000000000000e+01
1871       2.160000000000000000e+02
1871       2.040000000000000000e+02
1871       2.780000000000000000e+02
1872       2.130000000000000000e+02
1872       3.530000000000000000e+02
1872       6.000000000000000000e+01
1872       3.210000000000000000e+02
1872       1.430000000000000000e+02
1872       1.630000000000000000e+02
1872       3.140000000000000000e+02
1872       1.250000000000000000e+02
1873       2.690000000000000000e+02
1873       2.180000000000000000e+02
1873       1.560000000000000000e+02
1873       2.400000000000000000e+02
1873       3.490000000000000000e+02
1873       2.970000000000000000e+02
1873       3.200000000000000000e+01
1874       1.160000000000000000e+02
1874       2.190000000000000000e+02
1874       6.400000000000000000e+01
1875       3.160000000000000000e+02
1875       5.000000000000000000e+00
1875       2.920000000000000000e+02
1875       1.440000000000000000e+02
1875       3.310000000000000000e+02
1875       3.960000000000000000e+02
1875       3.900000000000000000e+01
1875       2.400000000000000000e+01
1876       1.380000000000000000e+02
1876       7.800000000000000000e+01
1876       5.800000000000000000e+01
1876       1.970000000000000000e+02
1876       2.870000000000000000e+02
1876       3.950000000000000000e+02
1876       2.520000000000000000e+02
1876       3.390000000000000000e+02
1877       1.100000000000000000e+01
1877       1.140000000000000000e+02
1877       3.100000000000000000e+01
1878       5.300000000000000000e+01
1878       2.160000000000000000e+02
1878       2.650000000000000000e+02
1878       2.320000000000000000e+02
1878       8.100000000000000000e+01
1878       1.480000000000000000e+02
1878       1.640000000000000000e+02
1878       3.520000000000000000e+02
1879       3.750000000000000000e+02
1879       2.190000000000000000e+02
1879       3.240000000000000000e+02
1879       9.600000000000000000e+01
1880       5.000000000000000000e+01
1880       1.110000000000000000e+02
1880       2.290000000000000000e+02
1880       1.930000000000000000e+02
1880       1.380000000000000000e+02
1880       3.460000000000000000e+02
1880       1.610000000000000000e+02
1880       9.000000000000000000e+01
1880       3.970000000000000000e+02
1881       6.900000000000000000e+01
1881       1.870000000000000000e+02
1881       2.250000000000000000e+02
1881       2.950000000000000000e+02
1881       2.360000000000000000e+02
1881       3.100000000000000000e+02
1881       2.350000000000000000e+02
1882       4.000000000000000000e+01
1882       2.010000000000000000e+02
1882       1.490000000000000000e+02
1882       8.700000000000000000e+01
1883       1.360000000000000000e+02
1883       2.240000000000000000e+02
1883       3.180000000000000000e+02
1883       2.410000000000000000e+02
1883       6.100000000000000000e+01
1883       3.520000000000000000e+02
1883       3.960000000000000000e+02
1884       1.730000000000000000e+02
1884       3.400000000000000000e+02
1884       3.680000000000000000e+02
1884       2.400000000000000000e+01
1884       6.700000000000000000e+01
1885       2.490000000000000000e+02
1885       3.770000000000000000e+02
1885       1.800000000000000000e+02
1885       3.700000000000000000e+02
1886       3.830000000000000000e+02
1886       3.260000000000000000e+02
1886       2.280000000000000000e+02
1886       3.930000000000000000e+02
1886       2.350000000000000000e+02
1886       2.260000000000000000e+02
1886       1.890000000000000000e+02
1886       1.500000000000000000e+01
1886       1.540000000000000000e+02
1886       7.200000000000000000e+01
1887       1.930000000000000000e+02
1887       6.400000000000000000e+01
1887       1.220000000000000000e+02
1887       1.950000000000000000e+02
1887       9.800000000000000000e+01
1887       3.040000000000000000e+02
1888       2.400000000000000000e+01
1888       1.870000000000000000e+02
1889       2.430000000000000000e+02
1889       1.290000000000000000e+02
1889       3.310000000000000000e+02
1889       1.860000000000000000e+02
1889       1.590000000000000000e+02
1889       1.550000000000000000e+02
1889       1.430000000000000000e+02
1889       3.120000000000000000e+02
1889       3.320000000000000000e+02
1889       3.940000000000000000e+02
1889       4.600000000000000000e+01
1890       3.000000000000000000e+01
1890       1.030000000000000000e+02
1890       1.300000000000000000e+01
1890       8.600000000000000000e+01
1890       1.620000000000000000e+02
1891       3.240000000000000000e+02
1891       3.370000000000000000e+02
1891       3.600000000000000000e+01
1892       8.800000000000000000e+01
1892       2.810000000000000000e+02
1892       2.730000000000000000e+02
1892       3.400000000000000000e+01
1892       7.200000000000000000e+01
1892       8.200000000000000000e+01
1892       2.380000000000000000e+02
1892       3.310000000000000000e+02
1892       5.200000000000000000e+01
1892       3.700000000000000000e+02
1892       3.000000000000000000e+00
1893       7.300000000000000000e+01
1893       5.700000000000000000e+01
1893       1.280000000000000000e+02
1893       1.480000000000000000e+02
1893       2.770000000000000000e+02
1893       3.100000000000000000e+02
1894       3.100000000000000000e+01
1894       2.600000000000000000e+01
1894       3.890000000000000000e+02
1894       3.330000000000000000e+02
1895       9.700000000000000000e+01
1895       2.130000000000000000e+02
1895       3.200000000000000000e+01
1895       6.200000000000000000e+01
1895       2.390000000000000000e+02
1895       1.790000000000000000e+02
1895       2.260000000000000000e+02
1896       7.500000000000000000e+01
1896       1.890000000000000000e+02
1896       3.140000000000000000e+02
1896       2.710000000000000000e+02
1896       1.020000000000000000e+02
1896       1.580000000000000000e+02
1896       1.040000000000000000e+02
1896       3.490000000000000000e+02
1897       3.300000000000000000e+02
1897       8.600000000000000000e+01
1897       3.550000000000000000e+02
1897       2.340000000000000000e+02
1897       3.020000000000000000e+02
1897       2.400000000000000000e+01
1898       3.520000000000000000e+02
1898       3.270000000000000000e+02
1898       2.820000000000000000e+02
1898       3.000000000000000000e+02
1898       1.330000000000000000e+02
1898       2.700000000000000000e+02
1899       2.090000000000000000e+02
1899       1.570000000000000000e+02
1899       1.190000000000000000e+02
1899       1.390000000000000000e+02
1899       5.700000000000000000e+01
1899       8.000000000000000000e+01
1899       3.900000000000000000e+01
1899       1.360000000000000000e+02
1900       5.200000000000000000e+01
1900       2.790000000000000000e+02
1900       1.950000000000000000e+02
1900       3.430000000000000000e+02
1901       3.160000000000000000e+02
1901       1.810000000000000000e+02
1901       3.190000000000000000e+02
1901       3.990000000000000000e+02
1901       1.890000000000000000e+02
1902       6.900000000000000000e+01
1902       1.400000000000000000e+02
1902       3.320000000000000000e+02
1902       3.140000000000000000e+02
1902       5.500000000000000000e+01
1902       3.530000000000000000e+02
1903       1.790000000000000000e+02
1903       2.480000000000000000e+02
1903       2.580000000000000000e+02
1903       5.300000000000000000e+01
1903       2.860000000000000000e+02
1903       1.100000000000000000e+01
1903       2.440000000000000000e+02
1903       1.850000000000000000e+02
1904       3.600000000000000000e+02
1904       3.700000000000000000e+02
1904       2.270000000000000000e+02
1904       9.300000000000000000e+01
1904       1.260000000000000000e+02
1904       3.280000000000000000e+02
1904       3.760000000000000000e+02
1905       4.500000000000000000e+01
1905       2.420000000000000000e+02
1905       2.640000000000000000e+02
1905       2.180000000000000000e+02
1906       2.030000000000000000e+02
1906       3.140000000000000000e+02
1906       1.690000000000000000e+02
1906       3.380000000000000000e+02
1906       3.040000000000000000e+02
1906       3.910000000000000000e+02
1906       6.800000000000000000e+01
1907       2.780000000000000000e+02
1907       1.340000000000000000e+02
1907       1.540000000000000000e+02
1907       3.430000000000000000e+02
1907       2.870000000000000000e+02
1908       3.290000000000000000e+02
1908       1.460000000000000000e+02
1908       6.700000000000000000e+01
1908       1.630000000000000000e+02
1908       3.030000000000000000e+02
1908       1.810000000000000000e+02
1908       3.480000000000000000e+02
1908       1.830000000000000000e+02
1908       2.130000000000000000e+02
1909       1.020000000000000000e+02
1909       1.760000000000000000e+02
1909       1.900000000000000000e+02
1909       3.680000000000000000e+02
1910       3.800000000000000000e+01
1910       2.680000000000000000e+02
1910       1.990000000000000000e+02
1910       2.060000000000000000e+02
1910       2.930000000000000000e+02
1910       2.600000000000000000e+01
1911       3.640000000000000000e+02
1911       1.600000000000000000e+02
1911       2.300000000000000000e+01
1911       2.470000000000000000e+02
1911       1.010000000000000000e+02
1911       1.870000000000000000e+02
1911       2.600000000000000000e+02
1912       3.780000000000000000e+02
1912       1.090000000000000000e+02
1912       3.950000000000000000e+02
1912       1.080000000000000000e+02
1912       7.700000000000000000e+01
1912       3.500000000000000000e+01
1912       3.770000000000000000e+02
1912       3.850000000000000000e+02
1913       3.880000000000000000e+02
1913       1.830000000000000000e+02
1913       4.500000000000000000e+01
1913       3.790000000000000000e+02
1913       3.670000000000000000e+02
1914       3.420000000000000000e+02
1914       3.870000000000000000e+02
1914       2.290000000000000000e+02
1914       1.150000000000000000e+02
1915       9.300000000000000000e+01
1915       1.230000000000000000e+02
1915       2.640000000000000000e+02
1915       1.900000000000000000e+01
1915       6.200000000000000000e+01
1915       3.250000000000000000e+02
1915       2.130000000000000000e+02
1915       2.600000000000000000e+02
1915       1.930000000000000000e+02
1915       3.400000000000000000e+01
1916       1.170000000000000000e+02
1916       3.520000000000000000e+02
1916       2.700000000000000000e+01
1916       1.290000000000000000e+02
1917       1.530000000000000000e+02
1917       4.000000000000000000e+01
1917       2.170000000000000000e+02
1917       3.170000000000000000e+02
1917       1.830000000000000000e+02
1918       2.400000000000000000e+01
1918       3.240000000000000000e+02
1918       2.950000000000000000e+02
1918       4.000000000000000000e+00
1918       1.000000000000000000e+00
1918       3.050000000000000000e+02
1918       2.480000000000000000e+02
1918       1.000000000000000000e+02
1918       2.430000000000000000e+02
1918       1.350000000000000000e+02
1919       1.620000000000000000e+02
1919       9.700000000000000000e+01
1919       2.470000000000000000e+02
1920       3.880000000000000000e+02
1920       1.140000000000000000e+02
1920       1.080000000000000000e+02
1920       2.230000000000000000e+02
1920       2.000000000000000000e+00
1920       8.300000000000000000e+01
1920       6.800000000000000000e+01
1921       3.720000000000000000e+02
1921       1.230000000000000000e+02
1921       3.790000000000000000e+02
1921       4.500000000000000000e+01
1921       1.820000000000000000e+02
1921       2.000000000000000000e+02
1921       3.500000000000000000e+01
1921       2.180000000000000000e+02
1922       3.080000000000000000e+02
1922       1.990000000000000000e+02
1922       3.170000000000000000e+02
1922       2.830000000000000000e+02
1922       3.860000000000000000e+02
1922       3.490000000000000000e+02
1923       2.510000000000000000e+02
1923       3.330000000000000000e+02
1923       1.040000000000000000e+02
1923       8.400000000000000000e+01
1923       2.030000000000000000e+02
1923       1.170000000000000000e+02
1924       2.880000000000000000e+02
1924       2.220000000000000000e+02
1924       2.800000000000000000e+01
1924       3.510000000000000000e+02
1924       2.170000000000000000e+02
1924       7.300000000000000000e+01
1924       4.400000000000000000e+01
1924       3.010000000000000000e+02
1925       2.710000000000000000e+02
1925       3.920000000000000000e+02
1925       2.090000000000000000e+02
1925       3.780000000000000000e+02
1925       7.400000000000000000e+01
1926       9.800000000000000000e+01
1926       2.250000000000000000e+02
1926       5.000000000000000000e+00
1926       1.100000000000000000e+02
1926       1.910000000000000000e+02
1926       3.430000000000000000e+02
1926       2.080000000000000000e+02
1927       3.210000000000000000e+02
1927       3.700000000000000000e+02
1927       2.480000000000000000e+02
1927       2.420000000000000000e+02
1927       3.970000000000000000e+02
1927       8.000000000000000000e+01
1927       1.800000000000000000e+02
1928       1.520000000000000000e+02
1928       1.690000000000000000e+02
1928       1.660000000000000000e+02
1929       7.600000000000000000e+01
1929       1.540000000000000000e+02
1929       2.400000000000000000e+02
1929       2.330000000000000000e+02
1929       3.720000000000000000e+02
1929       2.530000000000000000e+02
1929       3.920000000000000000e+02
1930       4.900000000000000000e+01
1930       2.640000000000000000e+02
1930       3.090000000000000000e+02
1930       1.450000000000000000e+02
1930       3.220000000000000000e+02
1930       2.610000000000000000e+02
1931       9.600000000000000000e+01
1931       2.570000000000000000e+02
1931       6.800000000000000000e+01
1931       1.250000000000000000e+02
1931       3.940000000000000000e+02
1932       3.230000000000000000e+02
1932       3.890000000000000000e+02
1932       1.390000000000000000e+02
1932       1.500000000000000000e+01
1932       3.180000000000000000e+02
1932       2.770000000000000000e+02
1932       2.920000000000000000e+02
1932       4.300000000000000000e+01
1932       2.990000000000000000e+02
1933       2.310000000000000000e+02
1933       1.410000000000000000e+02
1933       3.780000000000000000e+02
1933       9.200000000000000000e+01
1933       2.270000000000000000e+02
1933       2.510000000000000000e+02
1933       7.800000000000000000e+01
1933       7.000000000000000000e+00
1934       3.120000000000000000e+02
1934       3.690000000000000000e+02
1934       4.500000000000000000e+01
1934       2.340000000000000000e+02
1934       2.820000000000000000e+02
1934       1.000000000000000000e+01
1934       1.830000000000000000e+02
1934       8.500000000000000000e+01
1935       3.900000000000000000e+01
1935       3.800000000000000000e+02
1935       8.600000000000000000e+01
1935       3.200000000000000000e+02
1935       2.760000000000000000e+02
1935       3.530000000000000000e+02
1936       1.430000000000000000e+02
1936       2.050000000000000000e+02
1936       2.580000000000000000e+02
1936       1.210000000000000000e+02
1936       3.380000000000000000e+02
1936       2.180000000000000000e+02
1936       1.120000000000000000e+02
1937       1.960000000000000000e+02
1937       3.820000000000000000e+02
1937       1.400000000000000000e+02
1937       4.300000000000000000e+01
1937       2.830000000000000000e+02
1937       1.620000000000000000e+02
1938       1.240000000000000000e+02
1938       3.980000000000000000e+02
1938       0.000000000000000000e+00
1938       8.200000000000000000e+01
1938       1.130000000000000000e+02
1938       1.520000000000000000e+02
1938       3.510000000000000000e+02
1938       1.770000000000000000e+02
1938       3.960000000000000000e+02
1939       1.880000000000000000e+02
1939       9.500000000000000000e+01
1939       2.340000000000000000e+02
1939       3.250000000000000000e+02
1939       3.690000000000000000e+02
1940       3.410000000000000000e+02
1940       1.420000000000000000e+02
1940       2.230000000000000000e+02
1941       2.300000000000000000e+01
1941       1.970000000000000000e+02
1941       3.170000000000000000e+02
1941       1.700000000000000000e+02
1941       2.210000000000000000e+02
1942       2.150000000000000000e+02
1942       2.890000000000000000e+02
1942       1.750000000000000000e+02
1942       2.920000000000000000e+02
1942       3.660000000000000000e+02
1942       1.000000000000000000e+02
1942       3.380000000000000000e+02
1942       2.470000000000000000e+02
1942       3.560000000000000000e+02
1942       3.840000000000000000e+02
1942       2.200000000000000000e+02
1943       3.300000000000000000e+01
1943       7.400000000000000000e+01
1943       3.320000000000000000e+02
1943       2.650000000000000000e+02
1944       3.200000000000000000e+02
1944       1.500000000000000000e+01
1944       3.880000000000000000e+02
1944       3.970000000000000000e+02
1944       4.000000000000000000e+00
1944       2.310000000000000000e+02
1945       2.770000000000000000e+02
1945       1.430000000000000000e+02
1945       8.000000000000000000e+00
1945       1.870000000000000000e+02
1945       2.750000000000000000e+02
1945       2.930000000000000000e+02
1945       1.390000000000000000e+02
1945       3.260000000000000000e+02
1946       1.900000000000000000e+02
1946       2.670000000000000000e+02
1946       1.230000000000000000e+02
1946       2.190000000000000000e+02
1946       2.180000000000000000e+02
1946       3.310000000000000000e+02
1947       2.900000000000000000e+01
1947       1.910000000000000000e+02
1947       1.720000000000000000e+02
1947       2.800000000000000000e+02
1948       2.540000000000000000e+02
1948       2.220000000000000000e+02
1948       3.590000000000000000e+02
1948       1.570000000000000000e+02
1948       2.900000000000000000e+02
1948       2.260000000000000000e+02
1948       3.850000000000000000e+02
1948       1.500000000000000000e+01
1949       2.140000000000000000e+02
1950       1.520000000000000000e+02
1950       7.600000000000000000e+01
1950       6.100000000000000000e+01
1950       3.900000000000000000e+01
1950       3.740000000000000000e+02
1950       2.680000000000000000e+02
1950       1.640000000000000000e+02
1950       1.860000000000000000e+02
1950       3.000000000000000000e+02
1951       1.480000000000000000e+02
1951       2.080000000000000000e+02
1951       2.980000000000000000e+02
1951       3.800000000000000000e+01
1951       1.590000000000000000e+02
1951       2.900000000000000000e+01
1951       1.760000000000000000e+02
1952       3.700000000000000000e+01
1952       1.950000000000000000e+02
1952       7.300000000000000000e+01
1952       2.970000000000000000e+02
1952       1.980000000000000000e+02
1952       7.000000000000000000e+01
1952       5.900000000000000000e+01
1952       3.030000000000000000e+02
1952       3.020000000000000000e+02
1952       2.230000000000000000e+02
1953       1.100000000000000000e+02
1953       3.180000000000000000e+02
1953       3.400000000000000000e+01
1954       3.500000000000000000e+01
1954       1.400000000000000000e+02
1954       3.110000000000000000e+02
1954       2.710000000000000000e+02
1954       1.570000000000000000e+02
1954       3.040000000000000000e+02
1954       2.300000000000000000e+02
1954       2.570000000000000000e+02
1954       8.600000000000000000e+01
1955       3.830000000000000000e+02
1955       2.760000000000000000e+02
1955       6.500000000000000000e+01
1955       8.100000000000000000e+01
1956       2.440000000000000000e+02
1956       2.630000000000000000e+02
1956       3.750000000000000000e+02
1956       2.370000000000000000e+02
1956       3.490000000000000000e+02
1956       1.820000000000000000e+02
1956       1.440000000000000000e+02
1956       3.650000000000000000e+02
1956       2.250000000000000000e+02
1956       1.110000000000000000e+02
1956       3.870000000000000000e+02
1957       1.030000000000000000e+02
1957       3.680000000000000000e+02
1957       9.100000000000000000e+01
1957       7.400000000000000000e+01
1958       3.160000000000000000e+02
1958       3.800000000000000000e+02
1958       3.880000000000000000e+02
1958       1.260000000000000000e+02
1958       1.830000000000000000e+02
1958       2.700000000000000000e+01
1958       1.500000000000000000e+01
1959       1.990000000000000000e+02
1959       2.120000000000000000e+02
1959       1.060000000000000000e+02
1959       2.230000000000000000e+02
1959       7.700000000000000000e+01
1959       2.400000000000000000e+02
1960       1.590000000000000000e+02
1960       1.650000000000000000e+02
1960       2.640000000000000000e+02
1960       2.480000000000000000e+02
1960       2.290000000000000000e+02
1961       3.590000000000000000e+02
1961       5.900000000000000000e+01
1961       3.030000000000000000e+02
1961       2.500000000000000000e+02
1961       3.860000000000000000e+02
1961       1.720000000000000000e+02
1962       1.740000000000000000e+02
1962       2.070000000000000000e+02
1962       7.700000000000000000e+01
1962       3.670000000000000000e+02
1962       7.900000000000000000e+01
1962       2.630000000000000000e+02
1962       1.900000000000000000e+02
1962       1.260000000000000000e+02
1962       3.460000000000000000e+02
1963       1.590000000000000000e+02
1963       1.070000000000000000e+02
1963       2.370000000000000000e+02
1963       1.790000000000000000e+02
1964       1.960000000000000000e+02
1964       1.490000000000000000e+02
1964       1.880000000000000000e+02
1964       2.030000000000000000e+02
1964       2.850000000000000000e+02
1964       1.900000000000000000e+01
1964       1.010000000000000000e+02
1964       3.990000000000000000e+02
1964       3.000000000000000000e+02
1965       3.500000000000000000e+01
1965       3.940000000000000000e+02
1965       3.830000000000000000e+02
1965       3.130000000000000000e+02
1966       2.940000000000000000e+02
1966       8.600000000000000000e+01
1966       3.050000000000000000e+02
1966       2.370000000000000000e+02
1966       3.810000000000000000e+02
1966       3.720000000000000000e+02
1967       1.840000000000000000e+02
1967       2.250000000000000000e+02
1967       1.590000000000000000e+02
1967       1.210000000000000000e+02
1967       3.200000000000000000e+01
1967       3.030000000000000000e+02
1968       2.480000000000000000e+02
1968       3.150000000000000000e+02
1968       3.950000000000000000e+02
1968       2.920000000000000000e+02
1968       2.080000000000000000e+02
1968       2.660000000000000000e+02
1968       3.730000000000000000e+02
1968       3.000000000000000000e+01
1969       3.690000000000000000e+02
1969       3.780000000000000000e+02
1969       1.270000000000000000e+02
1969       2.640000000000000000e+02
1969       1.200000000000000000e+02
1969       7.200000000000000000e+01
1970       3.240000000000000000e+02
1970       2.340000000000000000e+02
1970       2.650000000000000000e+02
1970       1.500000000000000000e+01
1970       4.000000000000000000e+00
1970       2.830000000000000000e+02
1971       2.400000000000000000e+01
1971       2.870000000000000000e+02
1971       3.680000000000000000e+02
1971       1.950000000000000000e+02
1971       2.350000000000000000e+02
1971       3.050000000000000000e+02
1971       1.370000000000000000e+02
1971       1.030000000000000000e+02
1971       1.740000000000000000e+02
1971       1.050000000000000000e+02
1971       2.760000000000000000e+02
1972       3.300000000000000000e+02
1972       3.730000000000000000e+02
1972       5.100000000000000000e+01
1972       2.750000000000000000e+02
1972       1.350000000000000000e+02
1972       8.000000000000000000e+00
1972       2.360000000000000000e+02
1972       2.140000000000000000e+02
1973       2.370000000000000000e+02
1973       5.900000000000000000e+01
1974       2.980000000000000000e+02
1974       3.340000000000000000e+02
1974       2.520000000000000000e+02
1974       2.030000000000000000e+02
1975       3.310000000000000000e+02
1975       2.220000000000000000e+02
1975       9.400000000000000000e+01
1975       3.180000000000000000e+02
1975       2.400000000000000000e+02
1975       1.990000000000000000e+02
1975       8.100000000000000000e+01
1975       2.250000000000000000e+02
1976       2.490000000000000000e+02
1976       1.560000000000000000e+02
1976       3.120000000000000000e+02
1976       1.160000000000000000e+02
1976       1.810000000000000000e+02
1976       2.740000000000000000e+02
1976       2.630000000000000000e+02
1977       1.110000000000000000e+02
1977       2.940000000000000000e+02
1977       2.420000000000000000e+02
1977       2.400000000000000000e+01
1977       2.260000000000000000e+02
1977       1.020000000000000000e+02
1977       9.800000000000000000e+01
1978       3.110000000000000000e+02
1978       2.900000000000000000e+02
1978       9.700000000000000000e+01
1978       2.020000000000000000e+02
1978       1.350000000000000000e+02
1979       8.700000000000000000e+01
1979       3.760000000000000000e+02
1979       1.250000000000000000e+02
1980       1.940000000000000000e+02
1980       2.460000000000000000e+02
1980       3.390000000000000000e+02
1980       8.000000000000000000e+00
1980       3.340000000000000000e+02
1980       2.880000000000000000e+02
1981       2.860000000000000000e+02
1981       2.580000000000000000e+02
1981       3.500000000000000000e+02
1981       2.110000000000000000e+02
1981       5.600000000000000000e+01
1981       3.180000000000000000e+02
1981       3.230000000000000000e+02
1981       3.860000000000000000e+02
1981       3.000000000000000000e+00
1982       3.680000000000000000e+02
1982       2.530000000000000000e+02
1982       6.200000000000000000e+01
1982       1.600000000000000000e+02
1982       1.210000000000000000e+02
1983       3.470000000000000000e+02
1983       4.100000000000000000e+01
1983       3.690000000000000000e+02
1983       3.850000000000000000e+02
1983       3.310000000000000000e+02
1983       1.170000000000000000e+02
1984       2.820000000000000000e+02
1984       8.000000000000000000e+00
1984       3.250000000000000000e+02
1984       2.330000000000000000e+02
1984       2.300000000000000000e+01
1984       3.510000000000000000e+02
1984       3.650000000000000000e+02
1984       9.600000000000000000e+01
1985       2.730000000000000000e+02
1985       1.250000000000000000e+02
1985       3.400000000000000000e+02
1985       2.690000000000000000e+02
1985       1.990000000000000000e+02
1985       3.930000000000000000e+02
1985       5.100000000000000000e+01
1985       6.300000000000000000e+01
1986       3.840000000000000000e+02
1986       3.700000000000000000e+01
1986       2.060000000000000000e+02
1986       1.360000000000000000e+02
1986       2.200000000000000000e+01
1986       7.600000000000000000e+01
1986       5.000000000000000000e+00
1987       3.020000000000000000e+02
1987       8.000000000000000000e+00
1987       8.700000000000000000e+01
1987       1.000000000000000000e+00
1987       1.190000000000000000e+02
1987       3.830000000000000000e+02
1988       2.440000000000000000e+02
1988       1.450000000000000000e+02
1988       2.940000000000000000e+02
1988       3.820000000000000000e+02
1988       1.770000000000000000e+02
1988       3.870000000000000000e+02
1988       1.210000000000000000e+02
1989       2.650000000000000000e+02
1989       3.250000000000000000e+02
1989       3.630000000000000000e+02
1989       2.300000000000000000e+02
1989       1.860000000000000000e+02
1989       2.760000000000000000e+02
1989       1.340000000000000000e+02
1990       6.200000000000000000e+01
1990       3.550000000000000000e+02
1990       3.760000000000000000e+02
1990       2.500000000000000000e+01
1990       3.300000000000000000e+01
1991       2.530000000000000000e+02
1991       3.460000000000000000e+02
1991       2.160000000000000000e+02
1991       2.700000000000000000e+02
1991       2.130000000000000000e+02
1991       3.040000000000000000e+02
1991       6.000000000000000000e+01
1991       3.000000000000000000e+01
1992       3.930000000000000000e+02
1992       2.080000000000000000e+02
1992       2.200000000000000000e+02
1992       1.440000000000000000e+02
1992       3.730000000000000000e+02
1993       6.900000000000000000e+01
1993       2.250000000000000000e+02
1993       1.450000000000000000e+02
1993       3.580000000000000000e+02
1994       2.930000000000000000e+02
1994       2.590000000000000000e+02
1994       2.110000000000000000e+02
1994       1.390000000000000000e+02
1995       1.120000000000000000e+02
1995       1.650000000000000000e+02
1995       1.030000000000000000e+02
1995       3.150000000000000000e+02
1995       1.160000000000000000e+02
1995       3.000000000000000000e+02
1996       3.100000000000000000e+02
1996       1.200000000000000000e+01
1996       2.920000000000000000e+02
1996       3.320000000000000000e+02
1996       1.500000000000000000e+01
1996       2.300000000000000000e+02
1996       3.430000000000000000e+02
1997       2.220000000000000000e+02
1997       3.840000000000000000e+02
1997       1.260000000000000000e+02
1997       9.500000000000000000e+01
1997       6.000000000000000000e+01
1997       2.100000000000000000e+01
1997       3.940000000000000000e+02
1998       5.100000000000000000e+01
1998       1.700000000000000000e+01
1998       2.880000000000000000e+02
1998       1.230000000000000000e+02
1998       3.800000000000000000e+01
1998       9.800000000000000000e+01
1998       3.000000000000000000e+00
1998       2.500000000000000000e+02
1998       2.340000000000000000e+02
1998       1.480000000000000000e+02
1998       2.200000000000000000e+01
1999       2.110000000000000000e+02
1999       3.500000000000000000e+02
1999       2.120000000000000000e+02
1999       2.270000000000000000e+02
1999       1.410000000000000000e+02
