# Neuron   Time (ms)                
3          1.053000000000000000e+03
3          2.930000000000000000e+02
3          2.600000000000000000e+02
3          1.302000000000000000e+03
3          6.370000000000000000e+02
3          1.880000000000000000e+02
3          2.910000000000000000e+02
3          1.316000000000000000e+03
4          6.500000000000000000e+02
4          5.280000000000000000e+02
4          2.750000000000000000e+02
4          8.000000000000000000e+00
4          7.430000000000000000e+02
4          7.670000000000000000e+02
5          1.000000000000000000e+00
5          8.240000000000000000e+02
5          1.148000000000000000e+03
5          1.399000000000000000e+03
6          1.024000000000000000e+03
6          1.164000000000000000e+03
6          1.700000000000000000e+02
7          1.441000000000000000e+03
7          2.620000000000000000e+02
7          2.520000000000000000e+02
7          8.910000000000000000e+02
8          1.502000000000000000e+03
9          2.540000000000000000e+02
10         4.220000000000000000e+02
10         1.477000000000000000e+03
12         6.400000000000000000e+02
12         4.100000000000000000e+02
12         1.326000000000000000e+03
13         9.500000000000000000e+01
13         1.073000000000000000e+03
13         8.980000000000000000e+02
13         1.230000000000000000e+03
14         7.900000000000000000e+01
14         1.230000000000000000e+02
14         9.470000000000000000e+02
14         1.546000000000000000e+03
14         4.710000000000000000e+02
15         1.128000000000000000e+03
15         1.160000000000000000e+02
15         8.420000000000000000e+02
15         1.349000000000000000e+03
15         1.550000000000000000e+03
16         1.421000000000000000e+03
16         9.010000000000000000e+02
16         1.176000000000000000e+03
16         9.040000000000000000e+02
17         1.900000000000000000e+02
17         1.075000000000000000e+03
17         2.340000000000000000e+02
17         2.920000000000000000e+02
17         3.290000000000000000e+02
17         1.163000000000000000e+03
17         6.100000000000000000e+01
18         9.480000000000000000e+02
18         3.360000000000000000e+02
18         1.485000000000000000e+03
19         1.031000000000000000e+03
20         7.980000000000000000e+02
21         8.310000000000000000e+02
21         9.530000000000000000e+02
21         7.230000000000000000e+02
22         1.365000000000000000e+03
22         1.003000000000000000e+03
23         3.280000000000000000e+02
23         4.970000000000000000e+02
24         1.840000000000000000e+02
25         1.650000000000000000e+02
25         7.140000000000000000e+02
25         6.760000000000000000e+02
26         1.270000000000000000e+03
27         1.464000000000000000e+03
27         9.820000000000000000e+02
27         4.670000000000000000e+02
28         1.590000000000000000e+03
29         1.264000000000000000e+03
29         1.513000000000000000e+03
31         2.830000000000000000e+02
32         1.419000000000000000e+03
32         1.373000000000000000e+03
33         1.410000000000000000e+02
33         3.890000000000000000e+02
34         5.900000000000000000e+01
34         1.402000000000000000e+03
35         1.000000000000000000e+00
35         1.299000000000000000e+03
35         2.320000000000000000e+02
35         4.060000000000000000e+02
36         1.423000000000000000e+03
36         1.557000000000000000e+03
36         7.220000000000000000e+02
37         5.670000000000000000e+02
37         1.000000000000000000e+02
37         5.850000000000000000e+02
37         1.250000000000000000e+03
37         2.930000000000000000e+02
38         6.980000000000000000e+02
39         1.039000000000000000e+03
39         1.390000000000000000e+02
39         4.170000000000000000e+02
40         6.450000000000000000e+02
40         8.090000000000000000e+02
40         2.190000000000000000e+02
40         1.102000000000000000e+03
41         7.110000000000000000e+02
41         7.570000000000000000e+02
41         1.377000000000000000e+03
41         8.750000000000000000e+02
41         1.105000000000000000e+03
43         1.389000000000000000e+03
43         1.595000000000000000e+03
43         4.700000000000000000e+02
43         9.860000000000000000e+02
43         1.513000000000000000e+03
44         5.130000000000000000e+02
45         1.357000000000000000e+03
46         1.090000000000000000e+02
46         6.400000000000000000e+02
46         9.040000000000000000e+02
47         2.170000000000000000e+02
48         2.940000000000000000e+02
48         9.000000000000000000e+00
50         1.610000000000000000e+02
50         1.394000000000000000e+03
50         6.200000000000000000e+01
50         6.250000000000000000e+02
51         2.070000000000000000e+02
51         8.520000000000000000e+02
52         3.750000000000000000e+02
52         6.860000000000000000e+02
52         7.800000000000000000e+01
53         1.201000000000000000e+03
54         1.599000000000000000e+03
54         9.460000000000000000e+02
56         5.080000000000000000e+02
56         5.000000000000000000e+01
56         1.559000000000000000e+03
57         1.510000000000000000e+03
57         6.130000000000000000e+02
57         5.440000000000000000e+02
58         1.092000000000000000e+03
59         1.504000000000000000e+03
59         1.573000000000000000e+03
59         3.450000000000000000e+02
59         6.910000000000000000e+02
60         1.058000000000000000e+03
60         1.481000000000000000e+03
60         5.590000000000000000e+02
60         1.140000000000000000e+03
60         1.800000000000000000e+02
60         4.800000000000000000e+02
60         2.940000000000000000e+02
60         3.410000000000000000e+02
61         1.067000000000000000e+03
61         2.540000000000000000e+02
61         3.080000000000000000e+02
61         1.270000000000000000e+02
61         1.477000000000000000e+03
61         2.240000000000000000e+02
61         3.120000000000000000e+02
61         9.290000000000000000e+02
61         9.680000000000000000e+02
62         5.500000000000000000e+01
62         1.012000000000000000e+03
63         5.310000000000000000e+02
63         1.423000000000000000e+03
63         1.230000000000000000e+02
64         3.300000000000000000e+01
64         1.129000000000000000e+03
65         1.044000000000000000e+03
65         7.300000000000000000e+01
65         3.390000000000000000e+02
67         3.870000000000000000e+02
67         1.021000000000000000e+03
67         1.068000000000000000e+03
67         1.441000000000000000e+03
67         3.050000000000000000e+02
68         1.172000000000000000e+03
68         7.300000000000000000e+02
68         5.900000000000000000e+02
68         5.940000000000000000e+02
69         7.400000000000000000e+01
69         9.000000000000000000e+02
69         3.580000000000000000e+02
69         5.270000000000000000e+02
69         1.320000000000000000e+03
70         4.770000000000000000e+02
70         2.000000000000000000e+00
70         5.240000000000000000e+02
70         8.000000000000000000e+00
71         2.770000000000000000e+02
71         1.160000000000000000e+03
71         1.051000000000000000e+03
71         2.290000000000000000e+02
71         3.770000000000000000e+02
71         1.516000000000000000e+03
72         1.179000000000000000e+03
72         8.830000000000000000e+02
72         4.040000000000000000e+02
73         1.580000000000000000e+02
73         1.548000000000000000e+03
73         1.001000000000000000e+03
73         1.296000000000000000e+03
74         1.013000000000000000e+03
74         3.400000000000000000e+01
75         1.152000000000000000e+03
75         1.213000000000000000e+03
75         9.980000000000000000e+02
75         7.940000000000000000e+02
77         8.900000000000000000e+02
78         1.378000000000000000e+03
78         5.220000000000000000e+02
78         9.230000000000000000e+02
78         2.890000000000000000e+02
78         1.250000000000000000e+02
78         7.390000000000000000e+02
78         1.063000000000000000e+03
78         7.450000000000000000e+02
79         8.320000000000000000e+02
79         3.600000000000000000e+01
79         4.060000000000000000e+02
79         9.990000000000000000e+02
79         1.039000000000000000e+03
80         1.139000000000000000e+03
80         6.200000000000000000e+01
81         5.130000000000000000e+02
81         5.300000000000000000e+02
82         5.870000000000000000e+02
82         1.098000000000000000e+03
83         6.390000000000000000e+02
83         3.720000000000000000e+02
83         1.000000000000000000e+00
83         9.940000000000000000e+02
83         1.162000000000000000e+03
83         6.360000000000000000e+02
83         5.480000000000000000e+02
84         7.810000000000000000e+02
84         7.050000000000000000e+02
84         1.440000000000000000e+02
84         8.770000000000000000e+02
84         1.251000000000000000e+03
84         5.470000000000000000e+02
85         6.830000000000000000e+02
85         7.860000000000000000e+02
85         2.380000000000000000e+02
85         7.330000000000000000e+02
85         1.086000000000000000e+03
85         7.790000000000000000e+02
85         5.340000000000000000e+02
86         1.508000000000000000e+03
86         1.690000000000000000e+02
86         1.179000000000000000e+03
87         1.500000000000000000e+03
87         5.300000000000000000e+01
87         6.540000000000000000e+02
87         1.990000000000000000e+02
88         4.600000000000000000e+01
88         1.750000000000000000e+02
88         1.143000000000000000e+03
88         1.467000000000000000e+03
89         8.400000000000000000e+01
89         3.980000000000000000e+02
89         1.553000000000000000e+03
89         1.370000000000000000e+03
89         1.386000000000000000e+03
90         8.500000000000000000e+01
90         8.840000000000000000e+02
90         6.640000000000000000e+02
90         5.700000000000000000e+01
90         8.000000000000000000e+01
92         8.920000000000000000e+02
92         8.190000000000000000e+02
92         1.200000000000000000e+02
93         3.580000000000000000e+02
93         9.040000000000000000e+02
93         9.950000000000000000e+02
94         2.690000000000000000e+02
94         7.990000000000000000e+02
95         1.460000000000000000e+02
95         1.414000000000000000e+03
96         1.326000000000000000e+03
96         9.400000000000000000e+02
96         6.610000000000000000e+02
97         1.370000000000000000e+02
97         1.491000000000000000e+03
97         2.720000000000000000e+02
97         2.740000000000000000e+02
97         7.820000000000000000e+02
97         2.420000000000000000e+02
97         6.640000000000000000e+02
97         3.180000000000000000e+02
97         7.730000000000000000e+02
98         2.840000000000000000e+02
98         1.014000000000000000e+03
98         8.020000000000000000e+02
98         1.531000000000000000e+03
99         3.490000000000000000e+02
99         4.570000000000000000e+02
99         1.558000000000000000e+03
99         1.013000000000000000e+03
99         1.257000000000000000e+03
99         5.910000000000000000e+02
100        1.245000000000000000e+03
100        5.500000000000000000e+01
100        1.512000000000000000e+03
101        1.411000000000000000e+03
101        7.680000000000000000e+02
101        5.310000000000000000e+02
101        3.940000000000000000e+02
102        5.150000000000000000e+02
102        4.110000000000000000e+02
102        1.630000000000000000e+02
102        9.150000000000000000e+02
102        2.400000000000000000e+01
102        2.060000000000000000e+02
102        1.101000000000000000e+03
103        1.089000000000000000e+03
103        8.760000000000000000e+02
103        6.540000000000000000e+02
103        1.408000000000000000e+03
104        4.590000000000000000e+02
104        1.600000000000000000e+01
104        2.410000000000000000e+02
104        5.370000000000000000e+02
104        9.390000000000000000e+02
105        1.238000000000000000e+03
105        7.160000000000000000e+02
105        3.570000000000000000e+02
106        7.100000000000000000e+02
106        1.123000000000000000e+03
106        4.000000000000000000e+02
106        8.190000000000000000e+02
107        1.287000000000000000e+03
107        8.360000000000000000e+02
107        6.820000000000000000e+02
108        8.100000000000000000e+01
108        1.015000000000000000e+03
108        9.920000000000000000e+02
108        3.800000000000000000e+01
108        1.510000000000000000e+03
109        6.220000000000000000e+02
109        1.720000000000000000e+02
110        9.930000000000000000e+02
110        1.525000000000000000e+03
110        3.740000000000000000e+02
110        5.840000000000000000e+02
111        1.580000000000000000e+03
111        1.450000000000000000e+02
111        2.090000000000000000e+02
111        1.045000000000000000e+03
112        5.490000000000000000e+02
112        1.540000000000000000e+02
112        1.620000000000000000e+02
112        3.130000000000000000e+02
112        9.340000000000000000e+02
112        5.560000000000000000e+02
113        1.149000000000000000e+03
113        6.680000000000000000e+02
113        8.550000000000000000e+02
113        5.770000000000000000e+02
114        1.380000000000000000e+02
114        1.134000000000000000e+03
114        1.072000000000000000e+03
114        3.770000000000000000e+02
115        7.880000000000000000e+02
116        9.600000000000000000e+01
116        2.430000000000000000e+02
116        3.430000000000000000e+02
116        2.480000000000000000e+02
117        1.593000000000000000e+03
117        1.315000000000000000e+03
117        8.680000000000000000e+02
117        1.423000000000000000e+03
117        4.900000000000000000e+01
117        1.320000000000000000e+02
117        6.950000000000000000e+02
118        7.500000000000000000e+02
118        1.565000000000000000e+03
118        2.800000000000000000e+01
118        1.180000000000000000e+03
118        1.378000000000000000e+03
118        1.220000000000000000e+02
118        2.490000000000000000e+02
119        4.240000000000000000e+02
119        6.370000000000000000e+02
119        4.930000000000000000e+02
120        1.521000000000000000e+03
120        3.140000000000000000e+02
120        6.420000000000000000e+02
120        1.488000000000000000e+03
120        8.320000000000000000e+02
120        3.860000000000000000e+02
120        1.220000000000000000e+03
121        5.660000000000000000e+02
121        2.500000000000000000e+02
121        8.240000000000000000e+02
121        3.690000000000000000e+02
122        1.198000000000000000e+03
122        8.450000000000000000e+02
122        4.720000000000000000e+02
122        5.470000000000000000e+02
122        3.990000000000000000e+02
122        1.143000000000000000e+03
122        1.248000000000000000e+03
122        5.960000000000000000e+02
123        5.950000000000000000e+02
123        6.900000000000000000e+02
123        6.050000000000000000e+02
123        7.640000000000000000e+02
124        8.830000000000000000e+02
124        7.650000000000000000e+02
124        1.490000000000000000e+03
125        2.720000000000000000e+02
125        6.220000000000000000e+02
125        4.200000000000000000e+01
125        1.442000000000000000e+03
126        6.350000000000000000e+02
127        7.630000000000000000e+02
127        1.361000000000000000e+03
127        7.660000000000000000e+02
128        9.610000000000000000e+02
129        1.100000000000000000e+03
129        5.530000000000000000e+02
129        1.351000000000000000e+03
129        1.650000000000000000e+02
129        1.043000000000000000e+03
129        7.260000000000000000e+02
130        1.097000000000000000e+03
130        7.580000000000000000e+02
131        1.554000000000000000e+03
131        6.970000000000000000e+02
131        8.670000000000000000e+02
131        1.620000000000000000e+02
131        1.464000000000000000e+03
132        1.594000000000000000e+03
132        1.052000000000000000e+03
132        1.012000000000000000e+03
132        1.076000000000000000e+03
132        1.296000000000000000e+03
134        6.140000000000000000e+02
134        2.360000000000000000e+02
134        4.390000000000000000e+02
134        4.460000000000000000e+02
134        9.670000000000000000e+02
134        9.600000000000000000e+01
134        1.163000000000000000e+03
134        1.122000000000000000e+03
135        1.338000000000000000e+03
136        1.279000000000000000e+03
137        4.240000000000000000e+02
137        5.500000000000000000e+02
138        1.081000000000000000e+03
138        3.980000000000000000e+02
139        5.010000000000000000e+02
139        1.509000000000000000e+03
139        7.950000000000000000e+02
139        1.251000000000000000e+03
140        3.750000000000000000e+02
140        6.570000000000000000e+02
140        5.910000000000000000e+02
142        9.610000000000000000e+02
142        6.250000000000000000e+02
142        8.770000000000000000e+02
142        9.590000000000000000e+02
142        6.880000000000000000e+02
142        6.080000000000000000e+02
142        2.670000000000000000e+02
143        6.480000000000000000e+02
143        9.210000000000000000e+02
143        2.150000000000000000e+02
143        2.750000000000000000e+02
143        9.200000000000000000e+01
144        1.403000000000000000e+03
144        5.200000000000000000e+01
144        5.880000000000000000e+02
145        1.016000000000000000e+03
145        7.630000000000000000e+02
145        7.880000000000000000e+02
145        8.150000000000000000e+02
145        1.280000000000000000e+03
145        1.574000000000000000e+03
146        1.579000000000000000e+03
146        3.400000000000000000e+01
146        1.235000000000000000e+03
146        1.374000000000000000e+03
146        2.380000000000000000e+02
146        9.910000000000000000e+02
146        1.890000000000000000e+02
146        1.469000000000000000e+03
146        3.550000000000000000e+02
147        9.080000000000000000e+02
147        3.830000000000000000e+02
147        2.100000000000000000e+02
147        3.150000000000000000e+02
147        1.017000000000000000e+03
147        1.501000000000000000e+03
147        1.030000000000000000e+03
147        2.250000000000000000e+02
148        8.660000000000000000e+02
148        5.110000000000000000e+02
148        2.820000000000000000e+02
148        3.290000000000000000e+02
149        4.960000000000000000e+02
149        1.295000000000000000e+03
150        1.197000000000000000e+03
150        9.400000000000000000e+01
150        9.620000000000000000e+02
150        1.550000000000000000e+02
151        6.150000000000000000e+02
151        3.650000000000000000e+02
152        8.420000000000000000e+02
152        4.530000000000000000e+02
152        6.780000000000000000e+02
152        4.100000000000000000e+02
152        7.170000000000000000e+02
152        1.378000000000000000e+03
152        5.320000000000000000e+02
153        1.505000000000000000e+03
153        6.220000000000000000e+02
153        6.510000000000000000e+02
153        3.900000000000000000e+01
154        8.900000000000000000e+02
154        7.010000000000000000e+02
155        1.100000000000000000e+02
155        9.600000000000000000e+02
155        9.650000000000000000e+02
155        1.030000000000000000e+02
155        1.007000000000000000e+03
155        5.310000000000000000e+02
155        9.170000000000000000e+02
155        6.420000000000000000e+02
156        1.248000000000000000e+03
156        5.480000000000000000e+02
156        1.460000000000000000e+02
156        7.840000000000000000e+02
156        4.000000000000000000e+00
156        6.900000000000000000e+01
157        1.430000000000000000e+02
157        1.477000000000000000e+03
157        1.046000000000000000e+03
158        1.315000000000000000e+03
159        1.361000000000000000e+03
159        7.900000000000000000e+01
159        3.860000000000000000e+02
160        4.020000000000000000e+02
160        1.054000000000000000e+03
161        9.240000000000000000e+02
162        1.077000000000000000e+03
162        1.035000000000000000e+03
162        1.443000000000000000e+03
162        2.740000000000000000e+02
163        6.500000000000000000e+02
163        1.544000000000000000e+03
163        8.210000000000000000e+02
164        3.100000000000000000e+01
164        4.300000000000000000e+01
164        9.890000000000000000e+02
164        1.018000000000000000e+03
164        5.370000000000000000e+02
164        1.078000000000000000e+03
164        1.059000000000000000e+03
164        1.256000000000000000e+03
164        7.800000000000000000e+02
164        1.136000000000000000e+03
165        1.050000000000000000e+03
166        1.321000000000000000e+03
166        7.490000000000000000e+02
167        1.249000000000000000e+03
167        1.020000000000000000e+02
167        8.950000000000000000e+02
168        9.170000000000000000e+02
168        8.040000000000000000e+02
168        8.000000000000000000e+00
170        1.407000000000000000e+03
170        1.578000000000000000e+03
170        8.990000000000000000e+02
170        5.000000000000000000e+00
170        8.600000000000000000e+02
170        1.135000000000000000e+03
171        1.028000000000000000e+03
171        9.330000000000000000e+02
171        9.310000000000000000e+02
171        6.100000000000000000e+01
171        5.720000000000000000e+02
171        4.500000000000000000e+02
172        5.850000000000000000e+02
172        4.860000000000000000e+02
172        5.710000000000000000e+02
172        2.930000000000000000e+02
172        8.450000000000000000e+02
173        7.350000000000000000e+02
173        1.357000000000000000e+03
173        4.090000000000000000e+02
174        2.840000000000000000e+02
174        1.116000000000000000e+03
174        1.591000000000000000e+03
174        7.610000000000000000e+02
174        8.840000000000000000e+02
175        1.110000000000000000e+02
176        1.363000000000000000e+03
176        1.170000000000000000e+02
176        2.590000000000000000e+02
176        1.150000000000000000e+03
177        1.447000000000000000e+03
177        3.840000000000000000e+02
177        5.910000000000000000e+02
178        8.660000000000000000e+02
178        6.640000000000000000e+02
178        1.522000000000000000e+03
179        3.980000000000000000e+02
180        3.800000000000000000e+01
180        1.173000000000000000e+03
180        1.534000000000000000e+03
180        1.004000000000000000e+03
180        1.410000000000000000e+03
181        1.035000000000000000e+03
181        2.730000000000000000e+02
181        1.422000000000000000e+03
181        4.260000000000000000e+02
181        1.301000000000000000e+03
182        1.133000000000000000e+03
182        5.500000000000000000e+01
183        1.880000000000000000e+02
183        3.750000000000000000e+02
183        5.500000000000000000e+02
184        6.880000000000000000e+02
184        7.370000000000000000e+02
184        5.220000000000000000e+02
184        7.960000000000000000e+02
184        2.580000000000000000e+02
184        5.240000000000000000e+02
185        1.349000000000000000e+03
185        1.338000000000000000e+03
186        5.350000000000000000e+02
186        8.000000000000000000e+02
188        5.720000000000000000e+02
188        1.274000000000000000e+03
188        3.110000000000000000e+02
188        3.360000000000000000e+02
188        4.560000000000000000e+02
188        6.940000000000000000e+02
189        6.050000000000000000e+02
189        1.462000000000000000e+03
189        7.400000000000000000e+01
189        9.550000000000000000e+02
189        1.350000000000000000e+03
189        2.780000000000000000e+02
190        1.148000000000000000e+03
190        4.970000000000000000e+02
190        4.570000000000000000e+02
190        9.010000000000000000e+02
190        1.167000000000000000e+03
190        3.050000000000000000e+02
190        1.058000000000000000e+03
191        9.290000000000000000e+02
191        6.900000000000000000e+01
191        9.370000000000000000e+02
193        3.780000000000000000e+02
193        1.670000000000000000e+02
193        1.156000000000000000e+03
194        6.500000000000000000e+01
194        1.238000000000000000e+03
194        1.600000000000000000e+01
194        2.210000000000000000e+02
194        1.066000000000000000e+03
194        1.137000000000000000e+03
194        6.110000000000000000e+02
194        5.470000000000000000e+02
195        1.450000000000000000e+03
195        1.048000000000000000e+03
196        5.090000000000000000e+02
196        7.730000000000000000e+02
196        3.680000000000000000e+02
197        4.180000000000000000e+02
197        1.065000000000000000e+03
198        1.890000000000000000e+02
198        1.483000000000000000e+03
199        6.820000000000000000e+02
199        7.330000000000000000e+02
199        1.400000000000000000e+01
199        1.020000000000000000e+02
199        3.270000000000000000e+02
199        7.500000000000000000e+02
199        1.413000000000000000e+03
199        5.830000000000000000e+02
200        1.548000000000000000e+03
200        1.330000000000000000e+03
200        3.160000000000000000e+02
200        8.000000000000000000e+00
200        1.285000000000000000e+03
200        1.205000000000000000e+03
200        1.503000000000000000e+03
200        5.050000000000000000e+02
200        1.406000000000000000e+03
201        8.000000000000000000e+01
201        2.390000000000000000e+02
201        2.400000000000000000e+01
201        3.240000000000000000e+02
201        3.740000000000000000e+02
201        2.720000000000000000e+02
201        1.336000000000000000e+03
201        1.302000000000000000e+03
202        9.000000000000000000e+00
202        8.010000000000000000e+02
202        4.000000000000000000e+00
202        6.720000000000000000e+02
202        3.890000000000000000e+02
203        2.230000000000000000e+02
203        4.630000000000000000e+02
204        1.800000000000000000e+01
204        5.140000000000000000e+02
204        1.314000000000000000e+03
204        1.589000000000000000e+03
204        1.790000000000000000e+02
204        2.930000000000000000e+02
204        1.295000000000000000e+03
205        9.800000000000000000e+02
205        7.980000000000000000e+02
205        8.260000000000000000e+02
205        1.531000000000000000e+03
205        5.820000000000000000e+02
205        9.560000000000000000e+02
205        6.990000000000000000e+02
206        1.410000000000000000e+02
208        1.272000000000000000e+03
208        1.429000000000000000e+03
208        1.453000000000000000e+03
208        1.102000000000000000e+03
208        5.090000000000000000e+02
208        1.411000000000000000e+03
209        7.240000000000000000e+02
209        8.030000000000000000e+02
210        9.650000000000000000e+02
211        5.700000000000000000e+01
212        4.740000000000000000e+02
212        1.145000000000000000e+03
213        3.860000000000000000e+02
213        1.254000000000000000e+03
213        3.200000000000000000e+01
213        4.680000000000000000e+02
215        4.320000000000000000e+02
215        4.080000000000000000e+02
215        4.550000000000000000e+02
215        1.890000000000000000e+02
215        9.290000000000000000e+02
215        9.560000000000000000e+02
215        2.950000000000000000e+02
216        1.730000000000000000e+02
216        1.504000000000000000e+03
217        8.390000000000000000e+02
218        5.420000000000000000e+02
218        6.050000000000000000e+02
218        8.800000000000000000e+02
218        8.760000000000000000e+02
218        6.300000000000000000e+01
218        3.470000000000000000e+02
218        5.840000000000000000e+02
219        1.550000000000000000e+03
219        8.080000000000000000e+02
219        9.580000000000000000e+02
219        1.045000000000000000e+03
219        7.940000000000000000e+02
220        1.280000000000000000e+03
220        1.466000000000000000e+03
220        3.900000000000000000e+02
220        1.050000000000000000e+03
220        1.108000000000000000e+03
221        1.232000000000000000e+03
221        8.150000000000000000e+02
221        1.061000000000000000e+03
221        4.300000000000000000e+02
223        1.353000000000000000e+03
223        4.900000000000000000e+01
224        7.650000000000000000e+02
224        1.015000000000000000e+03
224        1.192000000000000000e+03
225        1.102000000000000000e+03
225        8.750000000000000000e+02
225        1.489000000000000000e+03
225        9.930000000000000000e+02
226        1.342000000000000000e+03
226        9.620000000000000000e+02
226        1.378000000000000000e+03
226        5.000000000000000000e+02
226        1.008000000000000000e+03
226        3.970000000000000000e+02
226        2.140000000000000000e+02
226        7.240000000000000000e+02
226        6.010000000000000000e+02
226        1.316000000000000000e+03
227        7.360000000000000000e+02
227        2.100000000000000000e+02
227        2.770000000000000000e+02
227        1.500000000000000000e+01
227        1.089000000000000000e+03
227        1.074000000000000000e+03
227        1.524000000000000000e+03
227        1.132000000000000000e+03
227        8.280000000000000000e+02
227        1.465000000000000000e+03
227        1.439000000000000000e+03
228        1.188000000000000000e+03
228        9.000000000000000000e+02
228        3.840000000000000000e+02
228        6.710000000000000000e+02
229        1.585000000000000000e+03
229        7.810000000000000000e+02
229        6.020000000000000000e+02
229        1.028000000000000000e+03
229        1.283000000000000000e+03
229        5.670000000000000000e+02
229        1.127000000000000000e+03
229        1.329000000000000000e+03
230        1.033000000000000000e+03
230        4.680000000000000000e+02
231        1.506000000000000000e+03
231        1.250000000000000000e+03
231        3.400000000000000000e+01
231        9.410000000000000000e+02
232        1.575000000000000000e+03
232        1.385000000000000000e+03
232        4.100000000000000000e+02
232        8.110000000000000000e+02
233        5.330000000000000000e+02
233        1.216000000000000000e+03
233        6.100000000000000000e+02
233        1.414000000000000000e+03
233        6.480000000000000000e+02
233        4.340000000000000000e+02
233        1.440000000000000000e+03
233        8.790000000000000000e+02
233        1.147000000000000000e+03
233        9.700000000000000000e+01
234        2.350000000000000000e+02
234        1.240000000000000000e+03
234        9.050000000000000000e+02
234        1.569000000000000000e+03
234        1.230000000000000000e+03
234        2.620000000000000000e+02
235        2.370000000000000000e+02
235        1.520000000000000000e+02
235        1.299000000000000000e+03
235        3.000000000000000000e+00
235        7.890000000000000000e+02
235        1.239000000000000000e+03
236        8.830000000000000000e+02
236        1.301000000000000000e+03
237        8.600000000000000000e+01
237        1.600000000000000000e+02
238        1.349000000000000000e+03
238        1.207000000000000000e+03
239        7.740000000000000000e+02
239        4.660000000000000000e+02
239        1.533000000000000000e+03
239        8.020000000000000000e+02
240        2.910000000000000000e+02
240        7.900000000000000000e+02
240        1.058000000000000000e+03
241        8.290000000000000000e+02
242        2.210000000000000000e+02
242        3.680000000000000000e+02
243        1.167000000000000000e+03
243        7.300000000000000000e+01
243        1.810000000000000000e+02
244        8.340000000000000000e+02
245        4.140000000000000000e+02
245        7.780000000000000000e+02
245        1.057000000000000000e+03
245        1.069000000000000000e+03
245        1.217000000000000000e+03
245        4.110000000000000000e+02
245        2.190000000000000000e+02
246        1.197000000000000000e+03
246        1.151000000000000000e+03
246        8.920000000000000000e+02
246        2.980000000000000000e+02
246        8.660000000000000000e+02
247        7.950000000000000000e+02
247        1.293000000000000000e+03
247        6.330000000000000000e+02
248        1.345000000000000000e+03
250        3.510000000000000000e+02
250        1.353000000000000000e+03
251        1.286000000000000000e+03
251        5.640000000000000000e+02
251        1.054000000000000000e+03
251        5.540000000000000000e+02
251        3.730000000000000000e+02
252        1.570000000000000000e+03
252        9.460000000000000000e+02
252        2.180000000000000000e+02
253        2.620000000000000000e+02
253        1.870000000000000000e+02
253        3.590000000000000000e+02
253        1.354000000000000000e+03
253        1.571000000000000000e+03
254        1.534000000000000000e+03
254        9.180000000000000000e+02
254        1.139000000000000000e+03
254        1.218000000000000000e+03
254        7.760000000000000000e+02
255        1.161000000000000000e+03
256        1.096000000000000000e+03
256        9.280000000000000000e+02
257        1.078000000000000000e+03
257        8.280000000000000000e+02
257        7.700000000000000000e+02
257        4.760000000000000000e+02
258        5.000000000000000000e+01
258        6.660000000000000000e+02
259        8.610000000000000000e+02
259        4.960000000000000000e+02
259        1.398000000000000000e+03
260        8.000000000000000000e+00
260        8.500000000000000000e+01
260        1.148000000000000000e+03
260        1.502000000000000000e+03
260        6.050000000000000000e+02
260        2.330000000000000000e+02
260        2.540000000000000000e+02
260        1.146000000000000000e+03
261        6.290000000000000000e+02
262        1.175000000000000000e+03
262        9.990000000000000000e+02
262        7.150000000000000000e+02
262        1.000000000000000000e+02
262        1.199000000000000000e+03
263        4.250000000000000000e+02
263        1.457000000000000000e+03
263        8.900000000000000000e+01
263        1.381000000000000000e+03
264        8.820000000000000000e+02
264        8.230000000000000000e+02
264        3.690000000000000000e+02
264        8.190000000000000000e+02
264        8.670000000000000000e+02
264        1.026000000000000000e+03
264        7.090000000000000000e+02
264        1.555000000000000000e+03
264        1.315000000000000000e+03
265        5.010000000000000000e+02
265        2.480000000000000000e+02
265        1.472000000000000000e+03
265        1.084000000000000000e+03
265        1.240000000000000000e+03
265        3.310000000000000000e+02
265        1.163000000000000000e+03
266        3.220000000000000000e+02
266        1.013000000000000000e+03
266        1.650000000000000000e+02
266        7.660000000000000000e+02
266        1.111000000000000000e+03
267        1.418000000000000000e+03
267        1.072000000000000000e+03
267        7.600000000000000000e+02
267        1.134000000000000000e+03
268        1.302000000000000000e+03
268        1.354000000000000000e+03
268        4.650000000000000000e+02
269        3.640000000000000000e+02
270        1.080000000000000000e+02
270        1.430000000000000000e+02
270        9.690000000000000000e+02
271        1.587000000000000000e+03
271        2.840000000000000000e+02
271        1.250000000000000000e+03
271        1.397000000000000000e+03
271        1.040000000000000000e+02
272        7.630000000000000000e+02
272        7.430000000000000000e+02
273        1.233000000000000000e+03
273        1.750000000000000000e+02
274        1.179000000000000000e+03
274        9.740000000000000000e+02
275        5.950000000000000000e+02
275        9.650000000000000000e+02
275        1.200000000000000000e+02
275        8.060000000000000000e+02
275        8.620000000000000000e+02
276        4.820000000000000000e+02
276        1.101000000000000000e+03
276        2.800000000000000000e+01
276        5.030000000000000000e+02
276        1.244000000000000000e+03
276        4.540000000000000000e+02
277        2.730000000000000000e+02
277        1.281000000000000000e+03
277        7.000000000000000000e+01
278        1.479000000000000000e+03
278        1.310000000000000000e+02
278        1.470000000000000000e+02
279        2.640000000000000000e+02
280        5.650000000000000000e+02
280        5.330000000000000000e+02
281        7.760000000000000000e+02
281        6.680000000000000000e+02
281        1.438000000000000000e+03
281        4.410000000000000000e+02
281        3.090000000000000000e+02
282        3.160000000000000000e+02
282        9.520000000000000000e+02
282        1.388000000000000000e+03
282        3.370000000000000000e+02
283        7.210000000000000000e+02
283        1.580000000000000000e+02
284        6.260000000000000000e+02
284        1.588000000000000000e+03
285        2.870000000000000000e+02
285        1.268000000000000000e+03
285        1.243000000000000000e+03
285        4.660000000000000000e+02
285        1.133000000000000000e+03
285        6.070000000000000000e+02
285        1.980000000000000000e+02
285        3.930000000000000000e+02
286        1.024000000000000000e+03
286        1.218000000000000000e+03
286        1.280000000000000000e+03
286        9.400000000000000000e+02
286        5.610000000000000000e+02
286        8.700000000000000000e+02
287        1.360000000000000000e+02
287        3.650000000000000000e+02
287        8.540000000000000000e+02
288        1.199000000000000000e+03
288        8.970000000000000000e+02
288        1.022000000000000000e+03
288        2.430000000000000000e+02
288        2.920000000000000000e+02
289        1.152000000000000000e+03
289        1.489000000000000000e+03
290        1.037000000000000000e+03
291        2.560000000000000000e+02
291        3.140000000000000000e+02
291        1.018000000000000000e+03
292        1.495000000000000000e+03
292        9.860000000000000000e+02
292        3.980000000000000000e+02
292        1.528000000000000000e+03
292        4.300000000000000000e+01
292        1.276000000000000000e+03
292        8.500000000000000000e+01
292        1.066000000000000000e+03
293        4.670000000000000000e+02
293        1.132000000000000000e+03
294        6.630000000000000000e+02
294        8.580000000000000000e+02
294        1.700000000000000000e+01
294        7.380000000000000000e+02
294        8.420000000000000000e+02
295        7.940000000000000000e+02
295        5.880000000000000000e+02
295        8.030000000000000000e+02
295        8.440000000000000000e+02
295        1.386000000000000000e+03
295        1.348000000000000000e+03
295        1.440000000000000000e+03
295        1.364000000000000000e+03
295        9.380000000000000000e+02
295        5.240000000000000000e+02
295        9.680000000000000000e+02
296        3.610000000000000000e+02
296        1.000000000000000000e+01
296        8.780000000000000000e+02
297        4.190000000000000000e+02
297        6.290000000000000000e+02
297        8.710000000000000000e+02
297        4.560000000000000000e+02
298        4.680000000000000000e+02
298        9.210000000000000000e+02
298        1.126000000000000000e+03
298        6.910000000000000000e+02
298        7.870000000000000000e+02
298        1.194000000000000000e+03
299        6.480000000000000000e+02
299        1.800000000000000000e+01
299        2.000000000000000000e+01
300        5.660000000000000000e+02
300        3.190000000000000000e+02
300        5.850000000000000000e+02
301        6.600000000000000000e+02
301        1.193000000000000000e+03
302        4.890000000000000000e+02
302        4.780000000000000000e+02
303        3.430000000000000000e+02
303        9.250000000000000000e+02
304        1.489000000000000000e+03
304        1.370000000000000000e+03
304        1.479000000000000000e+03
304        1.247000000000000000e+03
304        8.360000000000000000e+02
304        9.660000000000000000e+02
304        1.512000000000000000e+03
304        1.264000000000000000e+03
305        4.900000000000000000e+02
305        4.640000000000000000e+02
305        1.118000000000000000e+03
305        7.750000000000000000e+02
305        5.120000000000000000e+02
305        1.299000000000000000e+03
305        1.559000000000000000e+03
305        8.020000000000000000e+02
306        1.267000000000000000e+03
306        2.490000000000000000e+02
306        2.180000000000000000e+02
306        4.990000000000000000e+02
306        1.142000000000000000e+03
306        5.180000000000000000e+02
306        1.593000000000000000e+03
307        2.600000000000000000e+01
307        4.150000000000000000e+02
307        1.002000000000000000e+03
307        5.380000000000000000e+02
307        2.700000000000000000e+02
307        1.186000000000000000e+03
307        7.830000000000000000e+02
307        1.104000000000000000e+03
307        8.720000000000000000e+02
308        3.500000000000000000e+01
308        6.900000000000000000e+01
308        4.670000000000000000e+02
308        3.310000000000000000e+02
308        3.600000000000000000e+01
308        1.272000000000000000e+03
309        1.167000000000000000e+03
309        7.480000000000000000e+02
309        6.570000000000000000e+02
309        1.022000000000000000e+03
309        6.920000000000000000e+02
310        4.590000000000000000e+02
310        1.076000000000000000e+03
310        2.140000000000000000e+02
310        2.450000000000000000e+02
311        4.320000000000000000e+02
311        6.760000000000000000e+02
311        8.490000000000000000e+02
311        1.160000000000000000e+03
311        1.219000000000000000e+03
311        4.770000000000000000e+02
311        1.223000000000000000e+03
311        4.690000000000000000e+02
311        1.221000000000000000e+03
312        1.453000000000000000e+03
313        1.091000000000000000e+03
313        1.399000000000000000e+03
313        1.730000000000000000e+02
313        1.505000000000000000e+03
314        7.780000000000000000e+02
314        1.340000000000000000e+03
314        9.090000000000000000e+02
315        5.070000000000000000e+02
315        6.500000000000000000e+01
315        1.471000000000000000e+03
316        6.530000000000000000e+02
316        1.290000000000000000e+02
316        5.730000000000000000e+02
316        1.556000000000000000e+03
316        6.970000000000000000e+02
316        5.300000000000000000e+02
317        2.200000000000000000e+01
317        1.395000000000000000e+03
317        8.680000000000000000e+02
318        9.290000000000000000e+02
318        1.465000000000000000e+03
318        1.164000000000000000e+03
318        7.210000000000000000e+02
318        4.290000000000000000e+02
319        1.552000000000000000e+03
319        6.990000000000000000e+02
319        3.710000000000000000e+02
319        7.960000000000000000e+02
319        5.250000000000000000e+02
319        4.080000000000000000e+02
319        5.420000000000000000e+02
320        1.027000000000000000e+03
320        1.376000000000000000e+03
320        8.350000000000000000e+02
321        1.361000000000000000e+03
321        1.494000000000000000e+03
321        2.320000000000000000e+02
322        2.630000000000000000e+02
322        3.470000000000000000e+02
322        1.241000000000000000e+03
322        1.343000000000000000e+03
322        6.400000000000000000e+02
322        1.015000000000000000e+03
323        1.527000000000000000e+03
323        1.308000000000000000e+03
323        1.209000000000000000e+03
323        3.780000000000000000e+02
324        6.190000000000000000e+02
324        6.000000000000000000e+00
324        3.300000000000000000e+01
324        6.060000000000000000e+02
324        8.130000000000000000e+02
325        1.178000000000000000e+03
325        1.504000000000000000e+03
325        8.280000000000000000e+02
325        2.920000000000000000e+02
325        3.550000000000000000e+02
325        1.099000000000000000e+03
325        1.356000000000000000e+03
325        4.460000000000000000e+02
325        6.910000000000000000e+02
325        8.800000000000000000e+01
326        1.174000000000000000e+03
326        3.290000000000000000e+02
326        1.495000000000000000e+03
326        9.420000000000000000e+02
326        7.440000000000000000e+02
326        4.680000000000000000e+02
327        1.318000000000000000e+03
327        5.360000000000000000e+02
327        1.012000000000000000e+03
328        4.660000000000000000e+02
328        1.250000000000000000e+02
328        8.900000000000000000e+02
328        1.028000000000000000e+03
329        8.820000000000000000e+02
329        6.230000000000000000e+02
330        1.140000000000000000e+02
330        1.133000000000000000e+03
330        9.700000000000000000e+01
330        1.366000000000000000e+03
330        8.610000000000000000e+02
330        1.064000000000000000e+03
331        3.440000000000000000e+02
331        5.160000000000000000e+02
331        2.800000000000000000e+02
331        7.120000000000000000e+02
332        1.550000000000000000e+02
332        1.474000000000000000e+03
332        9.720000000000000000e+02
332        3.320000000000000000e+02
332        8.160000000000000000e+02
332        1.016000000000000000e+03
332        7.210000000000000000e+02
333        1.388000000000000000e+03
333        6.250000000000000000e+02
333        1.142000000000000000e+03
333        9.320000000000000000e+02
334        8.910000000000000000e+02
334        1.086000000000000000e+03
334        7.310000000000000000e+02
334        1.011000000000000000e+03
335        8.260000000000000000e+02
335        1.035000000000000000e+03
335        4.570000000000000000e+02
335        4.470000000000000000e+02
335        2.200000000000000000e+02
335        1.472000000000000000e+03
335        1.187000000000000000e+03
336        1.044000000000000000e+03
336        1.310000000000000000e+02
336        1.315000000000000000e+03
336        1.161000000000000000e+03
337        8.940000000000000000e+02
337        1.346000000000000000e+03
337        3.620000000000000000e+02
337        6.860000000000000000e+02
337        1.104000000000000000e+03
337        7.140000000000000000e+02
337        8.950000000000000000e+02
337        8.600000000000000000e+01
338        4.530000000000000000e+02
338        6.380000000000000000e+02
338        1.322000000000000000e+03
338        4.490000000000000000e+02
338        1.269000000000000000e+03
338        7.130000000000000000e+02
338        8.810000000000000000e+02
338        9.700000000000000000e+01
338        1.380000000000000000e+03
338        1.470000000000000000e+02
339        7.200000000000000000e+01
339        5.460000000000000000e+02
339        5.220000000000000000e+02
340        1.020000000000000000e+03
340        2.620000000000000000e+02
340        4.790000000000000000e+02
340        5.780000000000000000e+02
340        1.271000000000000000e+03
340        3.750000000000000000e+02
340        5.350000000000000000e+02
340        3.780000000000000000e+02
340        4.550000000000000000e+02
341        7.580000000000000000e+02
341        9.370000000000000000e+02
341        5.790000000000000000e+02
341        1.415000000000000000e+03
341        1.386000000000000000e+03
342        2.310000000000000000e+02
342        1.156000000000000000e+03
342        6.520000000000000000e+02
342        9.100000000000000000e+02
343        1.090000000000000000e+03
343        5.750000000000000000e+02
343        5.340000000000000000e+02
343        1.481000000000000000e+03
343        2.060000000000000000e+02
344        2.000000000000000000e+01
344        1.330000000000000000e+02
344        5.600000000000000000e+02
344        6.720000000000000000e+02
345        3.700000000000000000e+02
345        1.584000000000000000e+03
345        1.010000000000000000e+02
345        5.410000000000000000e+02
345        3.610000000000000000e+02
345        1.127000000000000000e+03
345        1.900000000000000000e+02
345        1.282000000000000000e+03
345        1.437000000000000000e+03
346        2.350000000000000000e+02
346        2.700000000000000000e+02
346        1.030000000000000000e+03
347        1.592000000000000000e+03
347        5.290000000000000000e+02
347        1.100000000000000000e+01
347        1.594000000000000000e+03
347        5.060000000000000000e+02
347        1.143000000000000000e+03
348        6.230000000000000000e+02
348        1.261000000000000000e+03
348        1.095000000000000000e+03
348        2.780000000000000000e+02
349        2.340000000000000000e+02
349        1.451000000000000000e+03
350        1.271000000000000000e+03
350        3.630000000000000000e+02
350        9.970000000000000000e+02
350        8.370000000000000000e+02
350        1.483000000000000000e+03
351        3.490000000000000000e+02
351        1.011000000000000000e+03
351        2.300000000000000000e+02
351        6.180000000000000000e+02
351        1.240000000000000000e+02
352        2.900000000000000000e+01
352        6.420000000000000000e+02
352        2.310000000000000000e+02
352        7.450000000000000000e+02
352        1.566000000000000000e+03
352        6.820000000000000000e+02
352        8.250000000000000000e+02
352        4.280000000000000000e+02
353        3.400000000000000000e+01
353        5.590000000000000000e+02
353        9.420000000000000000e+02
353        6.480000000000000000e+02
353        6.100000000000000000e+02
354        5.510000000000000000e+02
354        1.247000000000000000e+03
354        3.310000000000000000e+02
355        5.380000000000000000e+02
356        1.260000000000000000e+02
356        2.790000000000000000e+02
356        6.140000000000000000e+02
356        1.091000000000000000e+03
356        1.191000000000000000e+03
356        3.440000000000000000e+02
356        7.100000000000000000e+01
356        4.810000000000000000e+02
356        1.900000000000000000e+02
356        7.920000000000000000e+02
356        1.265000000000000000e+03
357        7.180000000000000000e+02
357        1.576000000000000000e+03
357        8.750000000000000000e+02
357        1.002000000000000000e+03
357        1.023000000000000000e+03
357        2.770000000000000000e+02
359        6.250000000000000000e+02
359        1.000000000000000000e+03
360        1.292000000000000000e+03
360        4.470000000000000000e+02
360        1.141000000000000000e+03
360        3.560000000000000000e+02
360        9.600000000000000000e+01
360        1.495000000000000000e+03
360        7.390000000000000000e+02
360        2.390000000000000000e+02
360        1.561000000000000000e+03
360        6.970000000000000000e+02
361        1.567000000000000000e+03
361        1.210000000000000000e+02
361        8.710000000000000000e+02
361        1.123000000000000000e+03
362        8.190000000000000000e+02
362        1.428000000000000000e+03
362        6.910000000000000000e+02
362        5.560000000000000000e+02
363        2.020000000000000000e+02
363        4.500000000000000000e+02
363        4.200000000000000000e+01
363        9.280000000000000000e+02
363        2.170000000000000000e+02
363        6.040000000000000000e+02
363        1.180000000000000000e+03
363        7.250000000000000000e+02
364        1.980000000000000000e+02
364        2.860000000000000000e+02
364        2.350000000000000000e+02
364        3.400000000000000000e+01
364        1.353000000000000000e+03
364        5.960000000000000000e+02
364        7.120000000000000000e+02
364        5.100000000000000000e+02
365        1.399000000000000000e+03
365        1.382000000000000000e+03
365        1.478000000000000000e+03
365        1.425000000000000000e+03
365        2.520000000000000000e+02
366        1.056000000000000000e+03
366        9.410000000000000000e+02
366        1.198000000000000000e+03
366        6.180000000000000000e+02
367        1.268000000000000000e+03
367        1.186000000000000000e+03
367        5.930000000000000000e+02
367        9.300000000000000000e+02
367        9.800000000000000000e+01
367        3.680000000000000000e+02
368        1.368000000000000000e+03
368        8.690000000000000000e+02
368        6.010000000000000000e+02
368        7.950000000000000000e+02
369        1.001000000000000000e+03
369        7.900000000000000000e+01
369        6.950000000000000000e+02
369        1.420000000000000000e+02
369        7.000000000000000000e+01
369        4.090000000000000000e+02
369        4.370000000000000000e+02
370        8.000000000000000000e+01
370        1.030000000000000000e+03
370        5.470000000000000000e+02
370        3.390000000000000000e+02
371        9.340000000000000000e+02
371        4.710000000000000000e+02
371        1.000000000000000000e+02
371        7.080000000000000000e+02
371        8.620000000000000000e+02
372        4.220000000000000000e+02
372        7.740000000000000000e+02
372        3.820000000000000000e+02
372        7.480000000000000000e+02
372        1.024000000000000000e+03
372        7.250000000000000000e+02
373        1.271000000000000000e+03
373        4.030000000000000000e+02
373        1.250000000000000000e+02
373        6.660000000000000000e+02
373        1.118000000000000000e+03
373        7.560000000000000000e+02
373        1.210000000000000000e+02
373        1.311000000000000000e+03
373        2.300000000000000000e+02
373        5.790000000000000000e+02
374        1.570000000000000000e+02
374        4.540000000000000000e+02
374        3.280000000000000000e+02
374        5.850000000000000000e+02
374        8.600000000000000000e+01
374        1.740000000000000000e+02
375        6.000000000000000000e+01
375        9.000000000000000000e+00
375        1.280000000000000000e+03
375        1.270000000000000000e+02
376        1.029000000000000000e+03
376        2.260000000000000000e+02
376        8.520000000000000000e+02
376        1.016000000000000000e+03
376        3.800000000000000000e+01
377        1.421000000000000000e+03
377        6.120000000000000000e+02
377        1.290000000000000000e+02
377        9.370000000000000000e+02
378        9.870000000000000000e+02
378        7.880000000000000000e+02
378        4.620000000000000000e+02
378        3.450000000000000000e+02
378        5.370000000000000000e+02
378        5.360000000000000000e+02
378        3.290000000000000000e+02
379        7.650000000000000000e+02
379        9.080000000000000000e+02
379        5.690000000000000000e+02
379        1.038000000000000000e+03
379        4.440000000000000000e+02
380        1.057000000000000000e+03
380        1.472000000000000000e+03
380        1.252000000000000000e+03
380        7.120000000000000000e+02
380        1.471000000000000000e+03
380        8.870000000000000000e+02
380        7.890000000000000000e+02
380        2.450000000000000000e+02
381        4.520000000000000000e+02
381        1.227000000000000000e+03
381        1.508000000000000000e+03
381        1.375000000000000000e+03
381        1.950000000000000000e+02
381        8.350000000000000000e+02
381        1.046000000000000000e+03
382        1.037000000000000000e+03
382        8.140000000000000000e+02
382        5.580000000000000000e+02
382        5.390000000000000000e+02
382        8.840000000000000000e+02
382        3.840000000000000000e+02
382        1.369000000000000000e+03
382        1.820000000000000000e+02
383        1.559000000000000000e+03
383        1.381000000000000000e+03
383        1.541000000000000000e+03
383        1.348000000000000000e+03
384        9.790000000000000000e+02
384        1.214000000000000000e+03
385        6.760000000000000000e+02
385        4.900000000000000000e+02
386        7.350000000000000000e+02
387        9.830000000000000000e+02
387        1.230000000000000000e+03
387        1.380000000000000000e+03
387        1.028000000000000000e+03
387        1.446000000000000000e+03
387        7.630000000000000000e+02
388        1.192000000000000000e+03
388        1.269000000000000000e+03
388        8.560000000000000000e+02
389        1.285000000000000000e+03
389        2.540000000000000000e+02
389        4.890000000000000000e+02
389        1.219000000000000000e+03
389        1.072000000000000000e+03
390        4.480000000000000000e+02
390        9.090000000000000000e+02
390        1.392000000000000000e+03
390        3.300000000000000000e+02
390        1.311000000000000000e+03
390        7.540000000000000000e+02
390        1.197000000000000000e+03
390        4.820000000000000000e+02
390        2.420000000000000000e+02
391        8.240000000000000000e+02
391        1.313000000000000000e+03
391        8.820000000000000000e+02
391        1.180000000000000000e+03
391        1.433000000000000000e+03
392        1.008000000000000000e+03
392        1.043000000000000000e+03
392        3.260000000000000000e+02
392        1.092000000000000000e+03
392        9.310000000000000000e+02
392        6.730000000000000000e+02
393        6.780000000000000000e+02
393        1.179000000000000000e+03
394        6.300000000000000000e+01
394        4.440000000000000000e+02
394        9.530000000000000000e+02
394        2.780000000000000000e+02
395        7.820000000000000000e+02
395        6.910000000000000000e+02
395        1.107000000000000000e+03
395        1.137000000000000000e+03
396        5.400000000000000000e+01
397        6.990000000000000000e+02
397        3.960000000000000000e+02
397        1.194000000000000000e+03
398        5.500000000000000000e+01
398        1.276000000000000000e+03
399        4.770000000000000000e+02
399        2.050000000000000000e+02
399        3.970000000000000000e+02
399        9.600000000000000000e+01
399        2.820000000000000000e+02
400        6.250000000000000000e+02
400        7.900000000000000000e+02
400        1.100000000000000000e+03
400        3.540000000000000000e+02
400        1.504000000000000000e+03
400        1.600000000000000000e+02
401        2.070000000000000000e+02
401        1.830000000000000000e+02
401        3.070000000000000000e+02
401        8.760000000000000000e+02
401        8.100000000000000000e+01
401        7.630000000000000000e+02
401        6.180000000000000000e+02
401        1.170000000000000000e+03
401        1.232000000000000000e+03
401        2.180000000000000000e+02
402        5.340000000000000000e+02
403        9.820000000000000000e+02
403        6.280000000000000000e+02
403        9.180000000000000000e+02
403        8.990000000000000000e+02
403        6.540000000000000000e+02
403        1.041000000000000000e+03
403        9.390000000000000000e+02
403        6.900000000000000000e+01
404        1.541000000000000000e+03
404        1.507000000000000000e+03
404        2.280000000000000000e+02
404        4.000000000000000000e+01
404        1.470000000000000000e+02
404        9.480000000000000000e+02
404        1.245000000000000000e+03
404        3.600000000000000000e+02
404        2.520000000000000000e+02
405        1.150000000000000000e+02
405        1.134000000000000000e+03
405        8.150000000000000000e+02
405        7.770000000000000000e+02
405        2.610000000000000000e+02
405        3.580000000000000000e+02
405        1.329000000000000000e+03
406        1.084000000000000000e+03
406        3.550000000000000000e+02
407        9.880000000000000000e+02
407        8.500000000000000000e+01
407        4.340000000000000000e+02
408        1.395000000000000000e+03
408        1.410000000000000000e+03
408        6.030000000000000000e+02
408        1.004000000000000000e+03
409        1.515000000000000000e+03
409        1.224000000000000000e+03
409        8.180000000000000000e+02
409        6.890000000000000000e+02
409        1.034000000000000000e+03
409        3.740000000000000000e+02
409        1.740000000000000000e+02
409        6.120000000000000000e+02
410        1.365000000000000000e+03
410        6.110000000000000000e+02
410        7.640000000000000000e+02
410        5.530000000000000000e+02
410        9.460000000000000000e+02
410        1.183000000000000000e+03
410        4.650000000000000000e+02
410        7.580000000000000000e+02
410        1.535000000000000000e+03
410        5.590000000000000000e+02
411        3.650000000000000000e+02
411        2.990000000000000000e+02
411        1.323000000000000000e+03
411        2.780000000000000000e+02
411        9.800000000000000000e+01
411        1.268000000000000000e+03
411        8.510000000000000000e+02
411        1.590000000000000000e+02
412        2.030000000000000000e+02
412        1.441000000000000000e+03
412        7.610000000000000000e+02
412        1.257000000000000000e+03
412        1.117000000000000000e+03
412        8.140000000000000000e+02
413        5.600000000000000000e+02
413        9.190000000000000000e+02
413        1.700000000000000000e+01
414        9.100000000000000000e+02
414        4.920000000000000000e+02
414        7.000000000000000000e+02
414        7.220000000000000000e+02
414        6.860000000000000000e+02
414        5.900000000000000000e+02
414        8.660000000000000000e+02
414        4.680000000000000000e+02
415        5.820000000000000000e+02
415        3.520000000000000000e+02
415        1.316000000000000000e+03
415        1.463000000000000000e+03
415        1.353000000000000000e+03
415        1.000000000000000000e+00
415        7.050000000000000000e+02
415        2.110000000000000000e+02
415        1.442000000000000000e+03
416        9.710000000000000000e+02
416        7.990000000000000000e+02
416        1.287000000000000000e+03
416        1.575000000000000000e+03
417        2.500000000000000000e+01
417        7.620000000000000000e+02
417        6.040000000000000000e+02
417        8.810000000000000000e+02
417        8.720000000000000000e+02
417        1.449000000000000000e+03
417        9.900000000000000000e+01
418        1.545000000000000000e+03
418        2.050000000000000000e+02
418        1.073000000000000000e+03
418        1.378000000000000000e+03
418        4.690000000000000000e+02
418        6.810000000000000000e+02
418        1.037000000000000000e+03
419        1.506000000000000000e+03
419        8.900000000000000000e+01
419        9.580000000000000000e+02
419        1.381000000000000000e+03
419        1.115000000000000000e+03
420        4.770000000000000000e+02
420        9.600000000000000000e+01
420        9.920000000000000000e+02
420        7.400000000000000000e+01
420        3.270000000000000000e+02
420        3.370000000000000000e+02
420        5.210000000000000000e+02
420        4.020000000000000000e+02
421        3.100000000000000000e+01
421        1.050000000000000000e+02
421        4.220000000000000000e+02
422        1.000000000000000000e+02
422        1.327000000000000000e+03
423        9.770000000000000000e+02
423        2.780000000000000000e+02
423        8.620000000000000000e+02
423        1.087000000000000000e+03
423        1.860000000000000000e+02
424        7.000000000000000000e+00
425        6.420000000000000000e+02
426        6.820000000000000000e+02
426        1.470000000000000000e+03
426        4.590000000000000000e+02
427        8.010000000000000000e+02
428        1.305000000000000000e+03
429        1.422000000000000000e+03
429        1.272000000000000000e+03
429        4.280000000000000000e+02
430        1.336000000000000000e+03
430        1.552000000000000000e+03
430        1.990000000000000000e+02
431        4.190000000000000000e+02
431        1.498000000000000000e+03
431        2.050000000000000000e+02
431        5.330000000000000000e+02
431        1.548000000000000000e+03
431        1.890000000000000000e+02
432        1.055000000000000000e+03
432        9.900000000000000000e+02
432        5.490000000000000000e+02
432        1.050000000000000000e+02
432        7.180000000000000000e+02
432        2.000000000000000000e+01
432        8.460000000000000000e+02
433        1.380000000000000000e+02
433        3.090000000000000000e+02
433        6.030000000000000000e+02
433        6.630000000000000000e+02
433        1.062000000000000000e+03
433        3.040000000000000000e+02
433        8.530000000000000000e+02
434        4.240000000000000000e+02
434        8.910000000000000000e+02
434        7.270000000000000000e+02
434        1.234000000000000000e+03
434        2.960000000000000000e+02
435        3.300000000000000000e+01
435        1.006000000000000000e+03
435        7.360000000000000000e+02
435        1.395000000000000000e+03
435        2.060000000000000000e+02
435        2.870000000000000000e+02
435        1.311000000000000000e+03
436        1.025000000000000000e+03
436        2.610000000000000000e+02
436        1.121000000000000000e+03
436        3.660000000000000000e+02
436        1.011000000000000000e+03
436        2.320000000000000000e+02
436        2.190000000000000000e+02
437        1.860000000000000000e+02
437        8.830000000000000000e+02
437        6.170000000000000000e+02
437        2.740000000000000000e+02
437        9.700000000000000000e+02
437        9.760000000000000000e+02
437        5.300000000000000000e+02
437        2.460000000000000000e+02
437        1.452000000000000000e+03
437        1.590000000000000000e+03
438        1.506000000000000000e+03
439        1.196000000000000000e+03
439        4.060000000000000000e+02
439        2.940000000000000000e+02
439        6.050000000000000000e+02
439        8.120000000000000000e+02
440        1.551000000000000000e+03
440        1.600000000000000000e+01
440        1.264000000000000000e+03
440        1.240000000000000000e+03
440        4.170000000000000000e+02
440        3.740000000000000000e+02
440        7.080000000000000000e+02
440        1.229000000000000000e+03
441        5.310000000000000000e+02
441        1.487000000000000000e+03
442        6.980000000000000000e+02
442        1.127000000000000000e+03
442        4.880000000000000000e+02
442        2.430000000000000000e+02
442        5.500000000000000000e+01
442        9.040000000000000000e+02
442        7.520000000000000000e+02
442        9.200000000000000000e+02
443        4.840000000000000000e+02
443        9.360000000000000000e+02
443        3.900000000000000000e+02
443        7.530000000000000000e+02
444        5.610000000000000000e+02
444        6.800000000000000000e+02
444        6.430000000000000000e+02
444        1.429000000000000000e+03
444        9.270000000000000000e+02
444        8.420000000000000000e+02
444        1.018000000000000000e+03
445        9.860000000000000000e+02
445        1.195000000000000000e+03
445        8.350000000000000000e+02
445        4.900000000000000000e+01
445        5.580000000000000000e+02
445        6.560000000000000000e+02
446        1.000000000000000000e+00
446        7.060000000000000000e+02
446        2.800000000000000000e+01
446        3.600000000000000000e+02
447        9.990000000000000000e+02
447        5.930000000000000000e+02
448        2.840000000000000000e+02
448        4.810000000000000000e+02
448        1.078000000000000000e+03
448        1.500000000000000000e+03
448        3.590000000000000000e+02
448        7.440000000000000000e+02
449        6.010000000000000000e+02
449        3.440000000000000000e+02
449        5.100000000000000000e+02
450        8.660000000000000000e+02
450        6.150000000000000000e+02
450        1.211000000000000000e+03
450        1.880000000000000000e+02
450        1.232000000000000000e+03
451        1.176000000000000000e+03
452        1.206000000000000000e+03
453        1.067000000000000000e+03
454        3.120000000000000000e+02
454        3.240000000000000000e+02
455        1.290000000000000000e+03
455        1.170000000000000000e+03
456        8.600000000000000000e+02
456        5.300000000000000000e+01
456        6.990000000000000000e+02
456        1.361000000000000000e+03
457        1.420000000000000000e+02
458        3.490000000000000000e+02
458        9.760000000000000000e+02
458        1.690000000000000000e+02
458        1.229000000000000000e+03
458        1.210000000000000000e+03
459        5.900000000000000000e+02
459        9.000000000000000000e+01
459        9.600000000000000000e+01
459        9.490000000000000000e+02
459        1.760000000000000000e+02
460        4.630000000000000000e+02
460        1.350000000000000000e+02
460        5.860000000000000000e+02
460        7.510000000000000000e+02
461        6.100000000000000000e+01
461        3.500000000000000000e+01
461        5.220000000000000000e+02
461        1.037000000000000000e+03
461        4.490000000000000000e+02
461        1.584000000000000000e+03
461        1.240000000000000000e+03
461        6.140000000000000000e+02
461        9.100000000000000000e+01
461        5.280000000000000000e+02
461        9.590000000000000000e+02
462        1.085000000000000000e+03
462        1.556000000000000000e+03
462        2.230000000000000000e+02
462        7.500000000000000000e+02
462        2.100000000000000000e+02
462        1.485000000000000000e+03
462        1.180000000000000000e+03
462        8.310000000000000000e+02
462        1.233000000000000000e+03
462        1.382000000000000000e+03
462        6.400000000000000000e+02
462        8.130000000000000000e+02
463        3.440000000000000000e+02
463        1.150000000000000000e+02
463        9.070000000000000000e+02
463        8.260000000000000000e+02
463        9.850000000000000000e+02
463        1.079000000000000000e+03
463        3.980000000000000000e+02
463        1.537000000000000000e+03
463        1.213000000000000000e+03
463        1.236000000000000000e+03
463        4.160000000000000000e+02
463        1.500000000000000000e+02
463        1.005000000000000000e+03
463        1.920000000000000000e+02
463        6.840000000000000000e+02
463        1.252000000000000000e+03
463        1.420000000000000000e+03
463        9.600000000000000000e+02
464        9.880000000000000000e+02
464        4.100000000000000000e+01
464        8.910000000000000000e+02
464        1.070000000000000000e+02
464        1.171000000000000000e+03
464        2.470000000000000000e+02
464        9.500000000000000000e+02
465        1.420000000000000000e+02
465        9.230000000000000000e+02
465        1.294000000000000000e+03
466        9.950000000000000000e+02
466        1.900000000000000000e+02
466        1.360000000000000000e+03
466        1.360000000000000000e+02
466        4.280000000000000000e+02
466        4.900000000000000000e+01
467        1.300000000000000000e+01
467        1.447000000000000000e+03
468        1.123000000000000000e+03
468        1.520000000000000000e+03
468        1.417000000000000000e+03
468        2.680000000000000000e+02
468        1.427000000000000000e+03
468        1.437000000000000000e+03
469        7.860000000000000000e+02
469        2.400000000000000000e+02
470        8.100000000000000000e+02
470        8.430000000000000000e+02
470        2.890000000000000000e+02
470        1.595000000000000000e+03
470        4.470000000000000000e+02
471        1.024000000000000000e+03
471        1.880000000000000000e+02
471        1.340000000000000000e+02
471        1.500000000000000000e+03
471        7.430000000000000000e+02
472        1.188000000000000000e+03
472        4.620000000000000000e+02
472        6.680000000000000000e+02
472        7.680000000000000000e+02
473        1.389000000000000000e+03
473        3.320000000000000000e+02
474        9.410000000000000000e+02
474        1.499000000000000000e+03
474        4.020000000000000000e+02
474        1.330000000000000000e+03
474        6.190000000000000000e+02
474        1.136000000000000000e+03
474        7.330000000000000000e+02
474        2.260000000000000000e+02
475        5.250000000000000000e+02
475        2.390000000000000000e+02
475        8.920000000000000000e+02
475        1.396000000000000000e+03
475        1.830000000000000000e+02
475        1.050000000000000000e+03
475        6.960000000000000000e+02
475        6.230000000000000000e+02
475        3.200000000000000000e+01
475        1.491000000000000000e+03
475        3.270000000000000000e+02
475        1.113000000000000000e+03
476        1.115000000000000000e+03
476        6.650000000000000000e+02
476        1.530000000000000000e+03
476        5.210000000000000000e+02
476        1.435000000000000000e+03
476        6.130000000000000000e+02
477        3.300000000000000000e+02
477        3.210000000000000000e+02
477        5.410000000000000000e+02
477        1.063000000000000000e+03
477        1.121000000000000000e+03
478        1.100000000000000000e+01
478        4.550000000000000000e+02
478        6.250000000000000000e+02
478        9.250000000000000000e+02
478        1.416000000000000000e+03
478        9.310000000000000000e+02
478        4.070000000000000000e+02
479        1.533000000000000000e+03
479        9.000000000000000000e+02
479        1.160000000000000000e+02
479        5.790000000000000000e+02
480        8.390000000000000000e+02
480        8.360000000000000000e+02
480        5.450000000000000000e+02
480        2.000000000000000000e+01
480        1.070000000000000000e+03
481        1.890000000000000000e+02
481        1.058000000000000000e+03
481        4.980000000000000000e+02
481        1.586000000000000000e+03
481        1.200000000000000000e+01
481        6.520000000000000000e+02
482        2.960000000000000000e+02
482        7.560000000000000000e+02
482        6.100000000000000000e+01
482        9.300000000000000000e+01
483        1.036000000000000000e+03
484        5.850000000000000000e+02
484        2.170000000000000000e+02
484        5.360000000000000000e+02
484        1.449000000000000000e+03
484        1.404000000000000000e+03
485        1.100000000000000000e+03
485        1.750000000000000000e+02
485        2.890000000000000000e+02
485        1.187000000000000000e+03
485        1.045000000000000000e+03
485        2.220000000000000000e+02
486        1.250000000000000000e+03
486        5.290000000000000000e+02
486        1.100000000000000000e+02
486        1.232000000000000000e+03
486        4.530000000000000000e+02
486        6.050000000000000000e+02
486        2.030000000000000000e+02
486        9.700000000000000000e+01
486        1.960000000000000000e+02
486        9.550000000000000000e+02
487        5.880000000000000000e+02
487        1.930000000000000000e+02
487        1.311000000000000000e+03
487        1.419000000000000000e+03
487        9.810000000000000000e+02
487        8.550000000000000000e+02
487        1.330000000000000000e+02
487        9.120000000000000000e+02
487        1.340000000000000000e+02
487        1.053000000000000000e+03
488        1.320000000000000000e+03
488        1.101000000000000000e+03
488        1.081000000000000000e+03
488        8.040000000000000000e+02
489        8.350000000000000000e+02
489        1.578000000000000000e+03
489        1.366000000000000000e+03
489        6.930000000000000000e+02
489        1.242000000000000000e+03
490        2.190000000000000000e+02
490        1.276000000000000000e+03
490        1.302000000000000000e+03
490        3.190000000000000000e+02
490        5.010000000000000000e+02
490        5.400000000000000000e+01
490        3.800000000000000000e+02
491        2.000000000000000000e+00
491        1.155000000000000000e+03
491        6.920000000000000000e+02
491        1.480000000000000000e+03
491        4.890000000000000000e+02
492        5.100000000000000000e+02
492        2.770000000000000000e+02
492        7.930000000000000000e+02
492        5.170000000000000000e+02
492        7.800000000000000000e+01
492        8.860000000000000000e+02
492        7.370000000000000000e+02
492        7.440000000000000000e+02
492        1.423000000000000000e+03
492        7.360000000000000000e+02
493        2.950000000000000000e+02
493        1.274000000000000000e+03
493        2.370000000000000000e+02
493        1.241000000000000000e+03
493        5.670000000000000000e+02
493        4.740000000000000000e+02
493        9.160000000000000000e+02
493        4.750000000000000000e+02
493        9.400000000000000000e+02
493        4.830000000000000000e+02
493        8.790000000000000000e+02
493        5.150000000000000000e+02
493        1.430000000000000000e+02
493        2.760000000000000000e+02
494        9.400000000000000000e+01
494        1.398000000000000000e+03
494        9.790000000000000000e+02
494        3.050000000000000000e+02
494        4.160000000000000000e+02
494        6.410000000000000000e+02
494        1.599000000000000000e+03
495        7.090000000000000000e+02
495        4.940000000000000000e+02
495        7.400000000000000000e+02
495        1.522000000000000000e+03
496        7.650000000000000000e+02
496        3.460000000000000000e+02
496        7.830000000000000000e+02
496        9.900000000000000000e+01
496        4.140000000000000000e+02
497        5.890000000000000000e+02
498        2.750000000000000000e+02
498        1.549000000000000000e+03
498        1.283000000000000000e+03
498        9.700000000000000000e+01
498        1.460000000000000000e+03
498        9.230000000000000000e+02
498        1.062000000000000000e+03
498        1.489000000000000000e+03
498        2.530000000000000000e+02
498        1.194000000000000000e+03
499        1.300000000000000000e+01
499        1.400000000000000000e+03
499        3.000000000000000000e+00
499        9.390000000000000000e+02
499        8.500000000000000000e+02
499        6.630000000000000000e+02
499        3.590000000000000000e+02
499        1.270000000000000000e+03
500        1.333000000000000000e+03
500        1.630000000000000000e+02
500        1.363000000000000000e+03
500        8.620000000000000000e+02
501        1.390000000000000000e+02
501        7.720000000000000000e+02
501        1.385000000000000000e+03
502        2.050000000000000000e+02
502        6.170000000000000000e+02
502        7.500000000000000000e+01
502        1.700000000000000000e+01
503        8.820000000000000000e+02
503        6.060000000000000000e+02
503        1.150000000000000000e+03
503        9.600000000000000000e+02
503        1.233000000000000000e+03
503        7.180000000000000000e+02
503        9.760000000000000000e+02
503        1.253000000000000000e+03
503        9.570000000000000000e+02
504        7.700000000000000000e+02
504        1.581000000000000000e+03
504        7.860000000000000000e+02
504        1.268000000000000000e+03
504        1.567000000000000000e+03
504        5.800000000000000000e+01
504        1.179000000000000000e+03
504        6.600000000000000000e+02
504        3.280000000000000000e+02
504        5.980000000000000000e+02
504        8.780000000000000000e+02
504        1.036000000000000000e+03
505        3.610000000000000000e+02
505        8.630000000000000000e+02
505        1.221000000000000000e+03
505        5.830000000000000000e+02
505        1.440000000000000000e+03
505        9.830000000000000000e+02
505        1.319000000000000000e+03
506        1.209000000000000000e+03
506        4.670000000000000000e+02
506        7.000000000000000000e+02
506        4.520000000000000000e+02
507        1.236000000000000000e+03
507        1.000000000000000000e+01
507        1.415000000000000000e+03
507        3.960000000000000000e+02
507        1.592000000000000000e+03
508        9.350000000000000000e+02
508        1.077000000000000000e+03
508        1.340000000000000000e+03
508        5.750000000000000000e+02
508        8.710000000000000000e+02
509        6.310000000000000000e+02
509        5.880000000000000000e+02
509        1.598000000000000000e+03
509        9.520000000000000000e+02
510        1.295000000000000000e+03
510        1.186000000000000000e+03
511        2.060000000000000000e+02
511        2.520000000000000000e+02
511        8.680000000000000000e+02
512        1.247000000000000000e+03
512        1.210000000000000000e+02
512        1.050000000000000000e+02
512        1.053000000000000000e+03
512        1.277000000000000000e+03
512        8.340000000000000000e+02
512        5.550000000000000000e+02
512        7.830000000000000000e+02
512        4.910000000000000000e+02
512        3.300000000000000000e+01
512        1.408000000000000000e+03
512        1.494000000000000000e+03
512        1.134000000000000000e+03
513        2.760000000000000000e+02
513        1.060000000000000000e+02
513        1.081000000000000000e+03
513        1.377000000000000000e+03
514        1.158000000000000000e+03
514        1.388000000000000000e+03
514        1.097000000000000000e+03
514        1.345000000000000000e+03
514        1.545000000000000000e+03
515        6.160000000000000000e+02
515        6.290000000000000000e+02
515        9.010000000000000000e+02
515        9.360000000000000000e+02
515        2.690000000000000000e+02
516        1.256000000000000000e+03
516        7.000000000000000000e+00
516        6.500000000000000000e+02
516        1.357000000000000000e+03
516        1.468000000000000000e+03
516        5.800000000000000000e+02
516        8.160000000000000000e+02
516        7.100000000000000000e+02
516        1.242000000000000000e+03
517        1.370000000000000000e+03
518        1.600000000000000000e+02
519        8.460000000000000000e+02
519        8.990000000000000000e+02
519        4.000000000000000000e+02
520        1.537000000000000000e+03
520        6.690000000000000000e+02
520        1.177000000000000000e+03
521        7.100000000000000000e+01
521        7.610000000000000000e+02
521        1.167000000000000000e+03
521        1.463000000000000000e+03
521        5.610000000000000000e+02
521        1.402000000000000000e+03
521        1.126000000000000000e+03
521        1.327000000000000000e+03
521        1.089000000000000000e+03
521        1.084000000000000000e+03
521        3.800000000000000000e+02
522        3.200000000000000000e+01
522        1.477000000000000000e+03
522        1.555000000000000000e+03
522        4.200000000000000000e+02
523        1.255000000000000000e+03
523        1.116000000000000000e+03
523        8.350000000000000000e+02
523        5.870000000000000000e+02
523        1.051000000000000000e+03
523        7.050000000000000000e+02
523        1.025000000000000000e+03
523        8.640000000000000000e+02
524        8.410000000000000000e+02
524        4.120000000000000000e+02
524        1.199000000000000000e+03
524        1.227000000000000000e+03
524        1.317000000000000000e+03
525        6.100000000000000000e+01
525        1.470000000000000000e+02
525        8.490000000000000000e+02
525        1.456000000000000000e+03
525        1.147000000000000000e+03
525        4.270000000000000000e+02
525        8.220000000000000000e+02
527        1.292000000000000000e+03
527        5.010000000000000000e+02
527        1.436000000000000000e+03
527        6.580000000000000000e+02
527        9.320000000000000000e+02
527        1.594000000000000000e+03
528        9.840000000000000000e+02
528        6.850000000000000000e+02
528        1.540000000000000000e+03
528        9.740000000000000000e+02
528        1.263000000000000000e+03
528        5.900000000000000000e+01
528        1.120000000000000000e+02
528        1.419000000000000000e+03
528        1.044000000000000000e+03
528        2.440000000000000000e+02
529        1.010000000000000000e+03
529        4.340000000000000000e+02
529        6.140000000000000000e+02
530        3.410000000000000000e+02
530        1.325000000000000000e+03
530        5.500000000000000000e+01
531        8.340000000000000000e+02
531        1.583000000000000000e+03
531        7.420000000000000000e+02
531        1.348000000000000000e+03
531        4.710000000000000000e+02
531        1.576000000000000000e+03
531        1.320000000000000000e+03
532        1.164000000000000000e+03
532        7.500000000000000000e+02
532        1.114000000000000000e+03
532        5.550000000000000000e+02
532        1.397000000000000000e+03
532        1.500000000000000000e+03
532        4.810000000000000000e+02
532        2.320000000000000000e+02
533        1.295000000000000000e+03
533        1.161000000000000000e+03
533        6.700000000000000000e+01
534        1.300000000000000000e+03
534        6.300000000000000000e+01
534        3.210000000000000000e+02
534        3.790000000000000000e+02
534        1.132000000000000000e+03
534        1.222000000000000000e+03
534        2.820000000000000000e+02
534        1.469000000000000000e+03
534        7.730000000000000000e+02
534        1.141000000000000000e+03
534        1.149000000000000000e+03
535        1.173000000000000000e+03
535        9.210000000000000000e+02
535        1.620000000000000000e+02
535        1.207000000000000000e+03
535        1.572000000000000000e+03
535        4.900000000000000000e+01
535        1.220000000000000000e+03
535        4.920000000000000000e+02
536        1.256000000000000000e+03
536        1.438000000000000000e+03
536        1.386000000000000000e+03
536        9.550000000000000000e+02
536        4.260000000000000000e+02
537        1.151000000000000000e+03
537        4.650000000000000000e+02
537        3.630000000000000000e+02
538        1.558000000000000000e+03
538        1.394000000000000000e+03
538        9.970000000000000000e+02
538        1.155000000000000000e+03
538        2.910000000000000000e+02
538        1.036000000000000000e+03
539        6.430000000000000000e+02
539        4.000000000000000000e+01
539        7.460000000000000000e+02
539        1.095000000000000000e+03
539        1.353000000000000000e+03
539        1.146000000000000000e+03
540        1.267000000000000000e+03
540        8.120000000000000000e+02
540        1.670000000000000000e+02
540        1.465000000000000000e+03
541        1.545000000000000000e+03
541        1.446000000000000000e+03
541        1.322000000000000000e+03
541        8.630000000000000000e+02
541        1.198000000000000000e+03
541        1.331000000000000000e+03
541        3.150000000000000000e+02
541        7.000000000000000000e+02
542        1.238000000000000000e+03
542        1.053000000000000000e+03
542        1.120000000000000000e+03
542        1.360000000000000000e+03
542        1.680000000000000000e+02
542        1.152000000000000000e+03
542        7.130000000000000000e+02
543        8.870000000000000000e+02
543        7.960000000000000000e+02
543        7.910000000000000000e+02
543        4.850000000000000000e+02
543        1.355000000000000000e+03
543        1.700000000000000000e+01
543        6.240000000000000000e+02
543        2.220000000000000000e+02
543        1.102000000000000000e+03
543        3.280000000000000000e+02
543        6.050000000000000000e+02
543        7.620000000000000000e+02
543        7.070000000000000000e+02
543        1.630000000000000000e+02
543        8.600000000000000000e+01
544        1.240000000000000000e+03
544        5.870000000000000000e+02
544        1.308000000000000000e+03
544        1.263000000000000000e+03
544        5.860000000000000000e+02
544        1.400000000000000000e+03
544        4.660000000000000000e+02
544        1.468000000000000000e+03
545        1.356000000000000000e+03
545        5.670000000000000000e+02
545        1.121000000000000000e+03
545        3.910000000000000000e+02
545        1.123000000000000000e+03
545        1.225000000000000000e+03
545        4.330000000000000000e+02
545        1.800000000000000000e+01
545        1.343000000000000000e+03
545        6.080000000000000000e+02
545        7.470000000000000000e+02
545        8.300000000000000000e+01
546        1.235000000000000000e+03
546        7.240000000000000000e+02
546        9.810000000000000000e+02
546        9.450000000000000000e+02
546        4.550000000000000000e+02
546        1.124000000000000000e+03
546        1.496000000000000000e+03
546        6.020000000000000000e+02
546        8.140000000000000000e+02
546        1.010000000000000000e+02
546        2.440000000000000000e+02
546        6.610000000000000000e+02
546        8.230000000000000000e+02
546        1.563000000000000000e+03
546        1.090000000000000000e+03
546        4.600000000000000000e+01
546        3.800000000000000000e+01
546        4.680000000000000000e+02
546        7.180000000000000000e+02
547        8.320000000000000000e+02
547        1.330000000000000000e+03
547        1.426000000000000000e+03
547        6.490000000000000000e+02
547        2.480000000000000000e+02
547        1.142000000000000000e+03
547        1.148000000000000000e+03
547        8.560000000000000000e+02
547        1.040000000000000000e+03
547        1.009000000000000000e+03
547        5.470000000000000000e+02
547        1.598000000000000000e+03
547        1.555000000000000000e+03
547        7.170000000000000000e+02
547        3.700000000000000000e+02
548        8.010000000000000000e+02
548        1.317000000000000000e+03
548        1.410000000000000000e+03
548        8.270000000000000000e+02
548        1.384000000000000000e+03
548        1.770000000000000000e+02
548        1.460000000000000000e+03
548        1.357000000000000000e+03
549        5.300000000000000000e+01
549        1.361000000000000000e+03
549        1.390000000000000000e+03
549        1.354000000000000000e+03
549        9.560000000000000000e+02
549        1.125000000000000000e+03
550        1.245000000000000000e+03
550        3.770000000000000000e+02
550        1.570000000000000000e+02
550        1.461000000000000000e+03
550        1.172000000000000000e+03
550        4.000000000000000000e+00
550        3.480000000000000000e+02
550        5.580000000000000000e+02
551        8.800000000000000000e+01
551        1.447000000000000000e+03
551        1.120000000000000000e+03
551        8.700000000000000000e+02
551        1.136000000000000000e+03
551        1.218000000000000000e+03
551        9.310000000000000000e+02
551        1.106000000000000000e+03
551        1.340000000000000000e+03
551        1.596000000000000000e+03
552        1.054000000000000000e+03
552        1.175000000000000000e+03
552        7.100000000000000000e+02
552        1.239000000000000000e+03
552        6.900000000000000000e+02
552        1.578000000000000000e+03
552        1.489000000000000000e+03
552        1.055000000000000000e+03
552        1.436000000000000000e+03
552        4.410000000000000000e+02
552        9.070000000000000000e+02
552        1.590000000000000000e+02
552        4.740000000000000000e+02
552        2.720000000000000000e+02
552        1.186000000000000000e+03
552        1.273000000000000000e+03
552        1.466000000000000000e+03
553        4.400000000000000000e+02
553        1.091000000000000000e+03
553        1.404000000000000000e+03
553        1.226000000000000000e+03
553        1.028000000000000000e+03
553        9.820000000000000000e+02
553        2.730000000000000000e+02
553        1.730000000000000000e+02
553        7.400000000000000000e+01
553        1.206000000000000000e+03
554        1.790000000000000000e+02
554        6.440000000000000000e+02
554        5.570000000000000000e+02
554        9.150000000000000000e+02
554        1.103000000000000000e+03
554        1.552000000000000000e+03
554        1.112000000000000000e+03
554        1.207000000000000000e+03
555        2.430000000000000000e+02
555        2.500000000000000000e+01
555        4.140000000000000000e+02
555        4.520000000000000000e+02
555        1.057000000000000000e+03
555        3.060000000000000000e+02
555        6.630000000000000000e+02
555        1.147000000000000000e+03
555        1.333000000000000000e+03
556        1.323000000000000000e+03
556        8.430000000000000000e+02
556        1.232000000000000000e+03
556        3.390000000000000000e+02
556        1.179000000000000000e+03
556        1.134000000000000000e+03
556        5.080000000000000000e+02
556        4.540000000000000000e+02
556        1.352000000000000000e+03
556        1.483000000000000000e+03
557        2.010000000000000000e+02
557        1.161000000000000000e+03
557        5.400000000000000000e+01
557        5.940000000000000000e+02
557        1.060000000000000000e+02
557        6.750000000000000000e+02
557        7.550000000000000000e+02
558        1.359000000000000000e+03
558        5.190000000000000000e+02
558        1.365000000000000000e+03
558        1.298000000000000000e+03
559        7.150000000000000000e+02
559        1.076000000000000000e+03
559        2.770000000000000000e+02
559        9.290000000000000000e+02
560        1.140000000000000000e+03
560        1.377000000000000000e+03
560        4.160000000000000000e+02
560        2.570000000000000000e+02
560        1.468000000000000000e+03
560        1.306000000000000000e+03
560        1.780000000000000000e+02
561        7.190000000000000000e+02
561        1.167000000000000000e+03
561        8.400000000000000000e+02
561        1.670000000000000000e+02
561        1.338000000000000000e+03
561        7.670000000000000000e+02
562        6.940000000000000000e+02
562        1.209000000000000000e+03
562        5.950000000000000000e+02
562        7.700000000000000000e+01
563        1.360000000000000000e+02
563        1.507000000000000000e+03
563        1.325000000000000000e+03
564        1.392000000000000000e+03
564        1.204000000000000000e+03
564        3.370000000000000000e+02
564        1.058000000000000000e+03
565        1.182000000000000000e+03
565        4.480000000000000000e+02
565        1.529000000000000000e+03
565        1.150000000000000000e+03
566        1.130000000000000000e+03
566        1.042000000000000000e+03
566        4.450000000000000000e+02
566        1.364000000000000000e+03
566        8.030000000000000000e+02
566        5.700000000000000000e+01
567        1.127000000000000000e+03
567        2.940000000000000000e+02
567        1.152000000000000000e+03
567        1.154000000000000000e+03
567        3.270000000000000000e+02
568        2.640000000000000000e+02
568        2.520000000000000000e+02
568        1.133000000000000000e+03
568        1.320000000000000000e+03
569        1.050000000000000000e+02
569        8.770000000000000000e+02
569        9.920000000000000000e+02
569        1.247000000000000000e+03
569        1.410000000000000000e+02
570        2.950000000000000000e+02
570        1.249000000000000000e+03
570        1.700000000000000000e+01
570        7.210000000000000000e+02
570        1.348000000000000000e+03
570        4.000000000000000000e+01
570        4.550000000000000000e+02
570        4.590000000000000000e+02
571        8.050000000000000000e+02
571        3.500000000000000000e+02
571        4.990000000000000000e+02
571        1.610000000000000000e+02
571        1.067000000000000000e+03
571        1.515000000000000000e+03
572        1.800000000000000000e+02
572        1.259000000000000000e+03
572        5.600000000000000000e+02
572        1.890000000000000000e+02
572        4.850000000000000000e+02
572        2.960000000000000000e+02
572        9.760000000000000000e+02
573        8.910000000000000000e+02
573        5.840000000000000000e+02
573        7.340000000000000000e+02
573        4.300000000000000000e+02
573        8.970000000000000000e+02
573        6.310000000000000000e+02
573        8.290000000000000000e+02
573        2.680000000000000000e+02
574        1.172000000000000000e+03
574        2.740000000000000000e+02
574        3.920000000000000000e+02
574        7.010000000000000000e+02
574        1.185000000000000000e+03
574        1.539000000000000000e+03
574        1.206000000000000000e+03
574        2.830000000000000000e+02
574        1.151000000000000000e+03
574        3.890000000000000000e+02
575        1.164000000000000000e+03
575        1.145000000000000000e+03
575        5.290000000000000000e+02
575        1.046000000000000000e+03
575        2.140000000000000000e+02
575        6.360000000000000000e+02
575        8.780000000000000000e+02
576        1.315000000000000000e+03
576        1.282000000000000000e+03
576        9.790000000000000000e+02
576        1.337000000000000000e+03
576        2.310000000000000000e+02
576        1.054000000000000000e+03
576        1.350000000000000000e+03
576        1.459000000000000000e+03
576        4.490000000000000000e+02
576        1.170000000000000000e+02
576        1.393000000000000000e+03
577        5.530000000000000000e+02
577        8.540000000000000000e+02
577        6.550000000000000000e+02
577        1.085000000000000000e+03
577        1.630000000000000000e+02
577        3.200000000000000000e+01
577        1.197000000000000000e+03
577        8.090000000000000000e+02
577        1.298000000000000000e+03
577        3.250000000000000000e+02
577        1.349000000000000000e+03
577        3.680000000000000000e+02
577        1.599000000000000000e+03
577        1.600000000000000000e+02
577        4.290000000000000000e+02
577        1.141000000000000000e+03
577        1.288000000000000000e+03
578        1.207000000000000000e+03
578        8.150000000000000000e+02
578        2.920000000000000000e+02
578        5.400000000000000000e+02
578        2.420000000000000000e+02
578        1.569000000000000000e+03
578        9.910000000000000000e+02
578        1.119000000000000000e+03
578        2.880000000000000000e+02
578        2.150000000000000000e+02
578        8.670000000000000000e+02
578        4.330000000000000000e+02
579        1.030000000000000000e+03
579        1.036000000000000000e+03
579        1.287000000000000000e+03
579        3.760000000000000000e+02
579        3.870000000000000000e+02
579        1.146000000000000000e+03
579        1.335000000000000000e+03
579        1.249000000000000000e+03
579        4.780000000000000000e+02
579        1.342000000000000000e+03
579        6.000000000000000000e+02
579        8.580000000000000000e+02
580        1.680000000000000000e+02
580        4.240000000000000000e+02
581        1.585000000000000000e+03
581        6.510000000000000000e+02
581        3.340000000000000000e+02
581        7.930000000000000000e+02
581        4.960000000000000000e+02
581        1.083000000000000000e+03
581        1.347000000000000000e+03
581        7.570000000000000000e+02
581        6.690000000000000000e+02
581        1.291000000000000000e+03
582        1.142000000000000000e+03
582        7.950000000000000000e+02
582        3.800000000000000000e+02
582        6.110000000000000000e+02
582        4.100000000000000000e+02
582        7.660000000000000000e+02
582        1.122000000000000000e+03
582        3.330000000000000000e+02
582        1.240000000000000000e+03
582        1.214000000000000000e+03
583        9.880000000000000000e+02
583        5.070000000000000000e+02
583        1.263000000000000000e+03
583        1.309000000000000000e+03
583        6.590000000000000000e+02
583        1.174000000000000000e+03
583        9.550000000000000000e+02
583        1.139000000000000000e+03
583        1.358000000000000000e+03
583        7.000000000000000000e+02
584        1.346000000000000000e+03
584        2.000000000000000000e+01
584        7.800000000000000000e+01
584        8.400000000000000000e+01
584        1.407000000000000000e+03
584        1.303000000000000000e+03
584        1.537000000000000000e+03
584        1.317000000000000000e+03
584        1.229000000000000000e+03
584        9.310000000000000000e+02
584        7.850000000000000000e+02
584        1.225000000000000000e+03
584        1.589000000000000000e+03
584        1.163000000000000000e+03
584        2.500000000000000000e+02
584        1.037000000000000000e+03
585        3.520000000000000000e+02
585        1.800000000000000000e+01
585        1.524000000000000000e+03
585        1.293000000000000000e+03
585        6.500000000000000000e+01
585        8.180000000000000000e+02
585        1.344000000000000000e+03
585        1.041000000000000000e+03
585        1.600000000000000000e+01
585        1.110000000000000000e+03
585        7.310000000000000000e+02
585        3.720000000000000000e+02
585        1.001000000000000000e+03
585        1.544000000000000000e+03
585        0.000000000000000000e+00
586        1.111000000000000000e+03
586        8.300000000000000000e+01
586        8.270000000000000000e+02
586        7.940000000000000000e+02
586        2.270000000000000000e+02
586        6.700000000000000000e+01
586        9.510000000000000000e+02
586        5.780000000000000000e+02
586        6.480000000000000000e+02
586        1.183000000000000000e+03
586        6.630000000000000000e+02
586        3.070000000000000000e+02
586        1.375000000000000000e+03
587        9.900000000000000000e+02
587        1.285000000000000000e+03
587        7.980000000000000000e+02
587        1.492000000000000000e+03
587        8.800000000000000000e+02
587        1.439000000000000000e+03
587        5.570000000000000000e+02
588        1.300000000000000000e+02
588        1.158000000000000000e+03
588        1.770000000000000000e+02
588        1.210000000000000000e+02
588        3.880000000000000000e+02
588        8.310000000000000000e+02
588        1.221000000000000000e+03
588        1.297000000000000000e+03
589        7.630000000000000000e+02
589        1.241000000000000000e+03
589        1.274000000000000000e+03
589        6.620000000000000000e+02
589        4.910000000000000000e+02
589        1.594000000000000000e+03
589        1.313000000000000000e+03
589        9.400000000000000000e+01
590        2.300000000000000000e+02
590        2.620000000000000000e+02
590        1.212000000000000000e+03
590        3.200000000000000000e+02
590        1.327000000000000000e+03
590        5.130000000000000000e+02
590        1.510000000000000000e+02
590        9.190000000000000000e+02
590        7.710000000000000000e+02
590        3.110000000000000000e+02
590        1.131000000000000000e+03
590        6.580000000000000000e+02
590        7.680000000000000000e+02
591        9.100000000000000000e+01
591        1.146000000000000000e+03
591        2.780000000000000000e+02
591        1.365000000000000000e+03
591        4.120000000000000000e+02
591        8.420000000000000000e+02
591        1.295000000000000000e+03
591        1.314000000000000000e+03
591        3.660000000000000000e+02
591        1.518000000000000000e+03
591        4.220000000000000000e+02
591        1.084000000000000000e+03
591        1.173000000000000000e+03
591        1.094000000000000000e+03
591        1.017000000000000000e+03
591        2.570000000000000000e+02
591        1.334000000000000000e+03
592        1.420000000000000000e+02
592        6.360000000000000000e+02
592        1.406000000000000000e+03
592        1.359000000000000000e+03
592        4.000000000000000000e+00
592        5.000000000000000000e+02
592        1.260000000000000000e+02
592        1.051000000000000000e+03
592        9.230000000000000000e+02
592        1.257000000000000000e+03
592        1.265000000000000000e+03
592        1.288000000000000000e+03
592        6.350000000000000000e+02
592        1.720000000000000000e+02
592        2.530000000000000000e+02
592        7.220000000000000000e+02
592        1.289000000000000000e+03
592        1.545000000000000000e+03
592        8.560000000000000000e+02
592        7.610000000000000000e+02
592        1.191000000000000000e+03
592        1.042000000000000000e+03
592        1.850000000000000000e+02
592        1.152000000000000000e+03
592        5.820000000000000000e+02
592        8.660000000000000000e+02
592        3.800000000000000000e+01
593        2.580000000000000000e+02
593        1.198000000000000000e+03
593        1.298000000000000000e+03
593        1.110000000000000000e+02
593        1.165000000000000000e+03
593        2.600000000000000000e+01
593        7.320000000000000000e+02
593        1.480000000000000000e+02
593        4.700000000000000000e+02
593        1.310000000000000000e+03
593        9.490000000000000000e+02
593        7.200000000000000000e+02
593        1.290000000000000000e+02
593        3.550000000000000000e+02
593        1.192000000000000000e+03
593        3.820000000000000000e+02
594        5.880000000000000000e+02
594        1.417000000000000000e+03
594        1.320000000000000000e+03
594        6.750000000000000000e+02
594        6.270000000000000000e+02
595        1.155000000000000000e+03
595        1.920000000000000000e+02
595        8.190000000000000000e+02
595        1.256000000000000000e+03
595        1.277000000000000000e+03
595        1.145000000000000000e+03
595        7.500000000000000000e+02
595        9.000000000000000000e+01
595        1.244000000000000000e+03
595        4.200000000000000000e+01
595        7.240000000000000000e+02
595        6.940000000000000000e+02
595        4.030000000000000000e+02
595        9.470000000000000000e+02
596        4.290000000000000000e+02
596        1.750000000000000000e+02
596        1.166000000000000000e+03
596        1.418000000000000000e+03
596        1.050000000000000000e+03
596        1.587000000000000000e+03
596        4.710000000000000000e+02
596        1.065000000000000000e+03
596        1.326000000000000000e+03
596        1.460000000000000000e+03
596        7.050000000000000000e+02
596        7.820000000000000000e+02
596        1.220000000000000000e+03
596        3.600000000000000000e+01
597        1.354000000000000000e+03
597        5.730000000000000000e+02
597        7.720000000000000000e+02
597        1.067000000000000000e+03
598        1.223000000000000000e+03
598        1.422000000000000000e+03
598        1.259000000000000000e+03
598        9.210000000000000000e+02
598        4.100000000000000000e+02
598        1.227000000000000000e+03
598        3.260000000000000000e+02
598        1.344000000000000000e+03
599        1.174000000000000000e+03
599        6.970000000000000000e+02
599        1.178000000000000000e+03
599        3.640000000000000000e+02
599        1.262000000000000000e+03
599        1.224000000000000000e+03
599        6.860000000000000000e+02
599        1.464000000000000000e+03
599        1.225000000000000000e+03
599        3.660000000000000000e+02
599        3.870000000000000000e+02
599        1.177000000000000000e+03
599        1.493000000000000000e+03
599        7.100000000000000000e+02
599        1.186000000000000000e+03
600        4.680000000000000000e+02
600        8.740000000000000000e+02
600        9.930000000000000000e+02
600        2.060000000000000000e+02
600        1.516000000000000000e+03
600        1.125000000000000000e+03
600        1.181000000000000000e+03
600        1.519000000000000000e+03
600        8.860000000000000000e+02
600        0.000000000000000000e+00
601        7.130000000000000000e+02
601        5.070000000000000000e+02
601        5.420000000000000000e+02
601        7.900000000000000000e+01
601        8.750000000000000000e+02
602        9.320000000000000000e+02
602        1.498000000000000000e+03
602        1.509000000000000000e+03
602        1.800000000000000000e+01
602        3.610000000000000000e+02
602        8.500000000000000000e+02
602        1.292000000000000000e+03
602        1.325000000000000000e+03
603        3.490000000000000000e+02
603        2.310000000000000000e+02
603        8.080000000000000000e+02
603        5.100000000000000000e+01
603        1.566000000000000000e+03
603        4.450000000000000000e+02
603        9.100000000000000000e+02
603        1.190000000000000000e+02
604        3.940000000000000000e+02
604        1.339000000000000000e+03
604        3.000000000000000000e+02
604        1.201000000000000000e+03
604        1.328000000000000000e+03
604        1.296000000000000000e+03
604        8.760000000000000000e+02
604        4.190000000000000000e+02
604        9.070000000000000000e+02
604        1.066000000000000000e+03
604        2.030000000000000000e+02
604        1.041000000000000000e+03
604        1.123000000000000000e+03
604        1.053000000000000000e+03
604        1.400000000000000000e+03
605        8.350000000000000000e+02
605        3.480000000000000000e+02
605        2.100000000000000000e+02
606        1.054000000000000000e+03
606        1.170000000000000000e+03
606        1.196000000000000000e+03
606        3.620000000000000000e+02
606        3.590000000000000000e+02
606        1.258000000000000000e+03
607        1.290000000000000000e+03
607        6.510000000000000000e+02
607        7.400000000000000000e+01
607        1.650000000000000000e+02
607        1.210000000000000000e+02
607        1.528000000000000000e+03
608        2.050000000000000000e+02
608        8.740000000000000000e+02
608        1.303000000000000000e+03
608        6.600000000000000000e+01
608        4.470000000000000000e+02
608        1.285000000000000000e+03
608        1.111000000000000000e+03
608        6.820000000000000000e+02
608        4.520000000000000000e+02
608        1.210000000000000000e+03
608        1.218000000000000000e+03
608        7.030000000000000000e+02
608        6.170000000000000000e+02
608        1.980000000000000000e+02
609        1.231000000000000000e+03
609        9.460000000000000000e+02
609        3.880000000000000000e+02
609        8.710000000000000000e+02
609        2.000000000000000000e+01
609        3.190000000000000000e+02
609        1.610000000000000000e+02
609        6.130000000000000000e+02
609        3.430000000000000000e+02
609        1.280000000000000000e+02
609        8.200000000000000000e+02
610        6.060000000000000000e+02
610        8.630000000000000000e+02
610        6.770000000000000000e+02
610        1.338000000000000000e+03
610        1.141000000000000000e+03
610        1.220000000000000000e+02
610        1.539000000000000000e+03
610        1.055000000000000000e+03
610        4.630000000000000000e+02
611        1.294000000000000000e+03
611        1.468000000000000000e+03
611        1.165000000000000000e+03
611        1.241000000000000000e+03
611        1.454000000000000000e+03
611        1.520000000000000000e+03
611        9.720000000000000000e+02
611        3.720000000000000000e+02
612        1.060000000000000000e+03
612        9.290000000000000000e+02
612        3.120000000000000000e+02
612        2.470000000000000000e+02
612        1.214000000000000000e+03
612        1.045000000000000000e+03
612        1.000000000000000000e+00
612        2.130000000000000000e+02
612        4.020000000000000000e+02
612        1.035000000000000000e+03
612        8.320000000000000000e+02
612        1.319000000000000000e+03
612        1.255000000000000000e+03
613        6.640000000000000000e+02
613        1.277000000000000000e+03
613        1.072000000000000000e+03
613        7.480000000000000000e+02
613        3.170000000000000000e+02
613        1.043000000000000000e+03
613        1.320000000000000000e+02
613        6.210000000000000000e+02
614        1.201000000000000000e+03
614        1.555000000000000000e+03
615        6.880000000000000000e+02
615        1.760000000000000000e+02
615        1.316000000000000000e+03
615        2.000000000000000000e+00
615        1.233000000000000000e+03
615        7.300000000000000000e+02
615        2.720000000000000000e+02
615        4.070000000000000000e+02
616        1.262000000000000000e+03
616        7.020000000000000000e+02
616        5.930000000000000000e+02
616        1.341000000000000000e+03
617        8.330000000000000000e+02
617        7.120000000000000000e+02
617        1.206000000000000000e+03
617        1.273000000000000000e+03
618        1.283000000000000000e+03
618        1.261000000000000000e+03
618        2.530000000000000000e+02
618        4.250000000000000000e+02
618        2.590000000000000000e+02
619        1.232000000000000000e+03
619        4.710000000000000000e+02
619        2.330000000000000000e+02
619        5.700000000000000000e+02
619        1.391000000000000000e+03
619        9.080000000000000000e+02
619        1.089000000000000000e+03
619        1.392000000000000000e+03
619        7.730000000000000000e+02
619        6.300000000000000000e+01
619        1.257000000000000000e+03
619        6.940000000000000000e+02
619        1.552000000000000000e+03
619        1.012000000000000000e+03
619        1.430000000000000000e+02
620        1.710000000000000000e+02
620        3.600000000000000000e+02
620        6.860000000000000000e+02
620        1.250000000000000000e+03
620        9.040000000000000000e+02
620        9.440000000000000000e+02
620        1.124000000000000000e+03
621        9.110000000000000000e+02
621        1.381000000000000000e+03
621        8.000000000000000000e+01
621        4.340000000000000000e+02
621        1.281000000000000000e+03
621        1.310000000000000000e+03
621        3.150000000000000000e+02
621        1.005000000000000000e+03
621        1.345000000000000000e+03
621        1.159000000000000000e+03
621        1.400000000000000000e+01
621        1.200000000000000000e+01
621        1.352000000000000000e+03
621        9.750000000000000000e+02
621        6.330000000000000000e+02
621        5.630000000000000000e+02
622        8.040000000000000000e+02
622        1.235000000000000000e+03
622        1.359000000000000000e+03
622        1.205000000000000000e+03
622        3.470000000000000000e+02
622        6.490000000000000000e+02
622        3.000000000000000000e+00
622        2.840000000000000000e+02
622        1.329000000000000000e+03
623        1.335000000000000000e+03
623        7.790000000000000000e+02
623        4.560000000000000000e+02
623        1.430000000000000000e+03
623        4.300000000000000000e+02
623        1.031000000000000000e+03
623        1.228000000000000000e+03
623        9.370000000000000000e+02
623        5.300000000000000000e+02
623        2.040000000000000000e+02
623        1.434000000000000000e+03
624        6.520000000000000000e+02
624        2.200000000000000000e+02
624        4.730000000000000000e+02
625        9.910000000000000000e+02
625        1.458000000000000000e+03
625        1.282000000000000000e+03
625        5.530000000000000000e+02
625        1.319000000000000000e+03
625        1.338000000000000000e+03
625        6.440000000000000000e+02
626        1.578000000000000000e+03
626        1.300000000000000000e+03
626        7.390000000000000000e+02
626        1.425000000000000000e+03
626        1.065000000000000000e+03
626        9.500000000000000000e+02
626        6.040000000000000000e+02
626        1.357000000000000000e+03
626        1.035000000000000000e+03
626        1.040000000000000000e+02
626        3.020000000000000000e+02
626        1.304000000000000000e+03
626        1.243000000000000000e+03
626        3.500000000000000000e+01
626        1.267000000000000000e+03
626        1.129000000000000000e+03
626        1.130000000000000000e+03
626        5.770000000000000000e+02
627        1.229000000000000000e+03
627        1.225000000000000000e+03
627        4.120000000000000000e+02
627        1.100000000000000000e+02
627        1.029000000000000000e+03
627        7.180000000000000000e+02
627        1.019000000000000000e+03
627        1.234000000000000000e+03
627        1.092000000000000000e+03
627        1.910000000000000000e+02
627        1.185000000000000000e+03
628        5.290000000000000000e+02
628        2.850000000000000000e+02
629        3.840000000000000000e+02
629        1.000000000000000000e+02
629        2.240000000000000000e+02
629        1.303000000000000000e+03
629        3.980000000000000000e+02
629        1.212000000000000000e+03
629        1.373000000000000000e+03
629        1.285000000000000000e+03
629        6.200000000000000000e+02
629        6.230000000000000000e+02
630        1.371000000000000000e+03
630        1.249000000000000000e+03
630        1.180000000000000000e+02
630        1.546000000000000000e+03
630        7.840000000000000000e+02
630        1.074000000000000000e+03
630        1.192000000000000000e+03
630        1.207000000000000000e+03
630        1.276000000000000000e+03
630        1.131000000000000000e+03
630        4.780000000000000000e+02
630        1.026000000000000000e+03
630        1.190000000000000000e+02
630        1.421000000000000000e+03
630        1.600000000000000000e+01
630        9.280000000000000000e+02
630        1.381000000000000000e+03
631        2.710000000000000000e+02
631        3.430000000000000000e+02
631        7.310000000000000000e+02
631        1.175000000000000000e+03
631        2.860000000000000000e+02
631        1.312000000000000000e+03
631        1.410000000000000000e+02
631        2.760000000000000000e+02
631        4.970000000000000000e+02
631        7.140000000000000000e+02
631        1.423000000000000000e+03
631        8.870000000000000000e+02
632        1.250000000000000000e+03
632        1.196000000000000000e+03
632        6.540000000000000000e+02
632        1.260000000000000000e+02
632        1.301000000000000000e+03
632        1.518000000000000000e+03
632        1.070000000000000000e+03
632        1.189000000000000000e+03
632        1.255000000000000000e+03
632        4.630000000000000000e+02
632        1.514000000000000000e+03
632        1.020000000000000000e+02
632        1.337000000000000000e+03
632        9.570000000000000000e+02
632        4.960000000000000000e+02
633        1.210000000000000000e+03
633        1.133000000000000000e+03
633        8.140000000000000000e+02
633        2.950000000000000000e+02
633        8.760000000000000000e+02
633        1.594000000000000000e+03
633        7.220000000000000000e+02
633        1.256000000000000000e+03
633        3.820000000000000000e+02
634        1.037000000000000000e+03
634        1.100000000000000000e+03
634        1.071000000000000000e+03
635        1.246000000000000000e+03
635        1.078000000000000000e+03
635        4.760000000000000000e+02
635        2.770000000000000000e+02
635        1.190000000000000000e+03
635        1.237000000000000000e+03
635        4.980000000000000000e+02
635        1.403000000000000000e+03
635        1.339000000000000000e+03
635        8.430000000000000000e+02
636        6.590000000000000000e+02
636        1.334000000000000000e+03
636        5.740000000000000000e+02
636        9.800000000000000000e+01
636        2.220000000000000000e+02
636        6.100000000000000000e+02
636        1.428000000000000000e+03
636        1.112000000000000000e+03
636        4.100000000000000000e+01
636        1.340000000000000000e+03
636        1.490000000000000000e+02
637        1.265000000000000000e+03
637        1.288000000000000000e+03
637        4.610000000000000000e+02
637        1.176000000000000000e+03
637        1.260000000000000000e+03
637        1.267000000000000000e+03
637        1.155000000000000000e+03
637        6.910000000000000000e+02
637        1.300000000000000000e+01
637        5.870000000000000000e+02
637        1.015000000000000000e+03
637        2.020000000000000000e+02
637        3.530000000000000000e+02
637        1.259000000000000000e+03
637        1.278000000000000000e+03
638        1.168000000000000000e+03
638        7.060000000000000000e+02
638        7.920000000000000000e+02
638        1.179000000000000000e+03
638        2.490000000000000000e+02
638        1.148000000000000000e+03
638        1.320000000000000000e+02
638        1.356000000000000000e+03
638        1.494000000000000000e+03
638        1.214000000000000000e+03
638        4.340000000000000000e+02
639        5.940000000000000000e+02
639        1.226000000000000000e+03
639        1.021000000000000000e+03
639        1.309000000000000000e+03
639        5.480000000000000000e+02
639        5.970000000000000000e+02
639        1.800000000000000000e+02
639        1.274000000000000000e+03
640        1.172000000000000000e+03
640        5.280000000000000000e+02
640        1.121000000000000000e+03
640        3.320000000000000000e+02
640        2.460000000000000000e+02
640        6.950000000000000000e+02
640        1.437000000000000000e+03
640        6.500000000000000000e+02
640        1.153000000000000000e+03
640        7.490000000000000000e+02
640        6.710000000000000000e+02
641        8.980000000000000000e+02
641        5.390000000000000000e+02
641        1.248000000000000000e+03
641        1.465000000000000000e+03
641        1.263000000000000000e+03
641        1.164000000000000000e+03
641        1.700000000000000000e+02
641        3.330000000000000000e+02
641        1.350000000000000000e+03
641        1.300000000000000000e+03
642        4.100000000000000000e+02
642        5.180000000000000000e+02
642        1.347000000000000000e+03
642        1.098000000000000000e+03
642        9.650000000000000000e+02
642        1.485000000000000000e+03
642        1.552000000000000000e+03
642        1.269000000000000000e+03
642        3.520000000000000000e+02
642        1.170000000000000000e+03
642        2.500000000000000000e+01
642        1.011000000000000000e+03
643        7.500000000000000000e+02
643        2.010000000000000000e+02
643        1.235000000000000000e+03
643        1.298000000000000000e+03
643        1.187000000000000000e+03
643        9.620000000000000000e+02
643        1.009000000000000000e+03
643        3.630000000000000000e+02
644        1.218000000000000000e+03
644        1.680000000000000000e+02
644        6.350000000000000000e+02
644        9.600000000000000000e+02
644        1.335000000000000000e+03
644        1.327000000000000000e+03
644        6.640000000000000000e+02
644        1.167000000000000000e+03
644        5.190000000000000000e+02
645        7.210000000000000000e+02
645        1.467000000000000000e+03
645        1.557000000000000000e+03
645        5.040000000000000000e+02
645        5.640000000000000000e+02
645        1.215000000000000000e+03
645        7.420000000000000000e+02
645        8.500000000000000000e+01
645        4.070000000000000000e+02
645        2.300000000000000000e+01
646        3.970000000000000000e+02
646        1.387000000000000000e+03
646        1.202000000000000000e+03
646        1.142000000000000000e+03
646        1.100000000000000000e+03
646        5.730000000000000000e+02
646        1.252000000000000000e+03
646        4.950000000000000000e+02
646        1.329000000000000000e+03
646        2.960000000000000000e+02
647        1.299000000000000000e+03
647        9.140000000000000000e+02
647        1.050000000000000000e+03
647        1.092000000000000000e+03
647        1.198000000000000000e+03
647        1.122000000000000000e+03
647        1.243000000000000000e+03
647        1.262000000000000000e+03
647        4.200000000000000000e+02
648        1.220000000000000000e+03
648        1.166000000000000000e+03
648        6.100000000000000000e+01
648        3.810000000000000000e+02
648        3.740000000000000000e+02
648        1.272000000000000000e+03
648        1.238000000000000000e+03
648        1.158000000000000000e+03
648        5.590000000000000000e+02
648        2.440000000000000000e+02
648        1.466000000000000000e+03
649        9.380000000000000000e+02
649        6.680000000000000000e+02
649        1.147000000000000000e+03
649        4.800000000000000000e+01
649        9.560000000000000000e+02
649        3.310000000000000000e+02
649        3.480000000000000000e+02
649        1.096000000000000000e+03
649        8.910000000000000000e+02
650        5.500000000000000000e+01
650        1.317000000000000000e+03
650        1.028000000000000000e+03
650        1.194000000000000000e+03
650        1.404000000000000000e+03
650        1.346000000000000000e+03
650        1.340000000000000000e+03
650        9.860000000000000000e+02
651        1.203000000000000000e+03
651        1.547000000000000000e+03
651        3.230000000000000000e+02
651        1.332000000000000000e+03
651        2.670000000000000000e+02
651        5.550000000000000000e+02
651        1.177000000000000000e+03
651        3.180000000000000000e+02
651        9.030000000000000000e+02
651        9.420000000000000000e+02
651        6.860000000000000000e+02
651        3.600000000000000000e+01
651        3.550000000000000000e+02
651        4.870000000000000000e+02
651        1.093000000000000000e+03
651        3.200000000000000000e+02
651        1.206000000000000000e+03
652        7.670000000000000000e+02
652        1.294000000000000000e+03
652        3.610000000000000000e+02
652        9.000000000000000000e+01
652        1.498000000000000000e+03
652        1.314000000000000000e+03
652        1.500000000000000000e+03
652        8.040000000000000000e+02
652        1.586000000000000000e+03
652        1.015000000000000000e+03
652        1.230000000000000000e+03
652        1.002000000000000000e+03
652        7.850000000000000000e+02
653        1.154000000000000000e+03
653        7.950000000000000000e+02
653        4.500000000000000000e+02
653        1.219000000000000000e+03
653        1.325000000000000000e+03
653        1.561000000000000000e+03
653        1.458000000000000000e+03
653        1.530000000000000000e+02
653        1.016000000000000000e+03
653        1.153000000000000000e+03
653        1.180000000000000000e+02
654        2.930000000000000000e+02
654        1.430000000000000000e+03
654        1.820000000000000000e+02
654        7.700000000000000000e+02
654        1.490000000000000000e+02
655        6.660000000000000000e+02
655        7.240000000000000000e+02
655        1.199000000000000000e+03
655        8.510000000000000000e+02
655        7.680000000000000000e+02
655        1.041000000000000000e+03
655        1.318000000000000000e+03
655        7.050000000000000000e+02
655        1.145000000000000000e+03
656        9.680000000000000000e+02
656        5.540000000000000000e+02
656        1.197000000000000000e+03
656        1.562000000000000000e+03
656        5.250000000000000000e+02
656        1.233000000000000000e+03
657        1.494000000000000000e+03
657        9.780000000000000000e+02
657        1.336000000000000000e+03
657        1.164000000000000000e+03
657        4.890000000000000000e+02
657        4.980000000000000000e+02
657        4.260000000000000000e+02
657        1.058000000000000000e+03
657        1.101000000000000000e+03
657        1.151000000000000000e+03
657        1.171000000000000000e+03
657        1.324000000000000000e+03
657        1.284000000000000000e+03
657        6.800000000000000000e+02
657        3.450000000000000000e+02
657        6.460000000000000000e+02
657        3.530000000000000000e+02
658        7.500000000000000000e+02
658        1.840000000000000000e+02
658        6.090000000000000000e+02
658        5.200000000000000000e+01
658        1.210000000000000000e+03
658        1.307000000000000000e+03
658        1.208000000000000000e+03
658        1.093000000000000000e+03
658        8.130000000000000000e+02
658        1.356000000000000000e+03
658        8.050000000000000000e+02
659        3.660000000000000000e+02
659        1.288000000000000000e+03
659        1.150000000000000000e+02
659        4.650000000000000000e+02
659        1.190000000000000000e+02
659        1.354000000000000000e+03
659        1.486000000000000000e+03
659        1.132000000000000000e+03
659        1.182000000000000000e+03
659        1.337000000000000000e+03
659        1.184000000000000000e+03
659        1.348000000000000000e+03
659        8.800000000000000000e+02
659        8.400000000000000000e+02
659        1.130000000000000000e+03
660        2.150000000000000000e+02
660        1.150000000000000000e+03
660        6.510000000000000000e+02
660        1.166000000000000000e+03
660        4.230000000000000000e+02
660        1.251000000000000000e+03
660        1.242000000000000000e+03
660        6.700000000000000000e+02
660        1.183000000000000000e+03
661        1.381000000000000000e+03
661        1.067000000000000000e+03
661        2.640000000000000000e+02
661        6.490000000000000000e+02
661        1.209000000000000000e+03
661        6.280000000000000000e+02
661        2.200000000000000000e+01
661        1.217000000000000000e+03
661        1.343000000000000000e+03
661        1.255000000000000000e+03
661        1.237000000000000000e+03
661        1.293000000000000000e+03
661        1.286000000000000000e+03
662        7.270000000000000000e+02
662        1.700000000000000000e+01
662        9.790000000000000000e+02
662        5.900000000000000000e+02
662        1.287000000000000000e+03
662        8.370000000000000000e+02
662        1.333000000000000000e+03
662        2.750000000000000000e+02
662        3.290000000000000000e+02
662        1.316000000000000000e+03
662        1.189000000000000000e+03
662        1.329000000000000000e+03
663        1.094000000000000000e+03
663        5.220000000000000000e+02
663        1.533000000000000000e+03
663        1.111000000000000000e+03
663        1.291000000000000000e+03
663        6.290000000000000000e+02
663        2.100000000000000000e+02
663        3.280000000000000000e+02
663        7.030000000000000000e+02
663        1.239000000000000000e+03
663        1.277000000000000000e+03
663        9.900000000000000000e+02
663        9.240000000000000000e+02
663        6.820000000000000000e+02
663        1.234000000000000000e+03
663        5.480000000000000000e+02
664        1.890000000000000000e+02
664        6.470000000000000000e+02
664        1.522000000000000000e+03
664        1.377000000000000000e+03
664        1.058000000000000000e+03
664        5.050000000000000000e+02
664        8.550000000000000000e+02
664        1.278000000000000000e+03
664        1.409000000000000000e+03
665        1.079000000000000000e+03
665        9.950000000000000000e+02
665        1.003000000000000000e+03
665        1.175000000000000000e+03
665        1.300000000000000000e+02
665        8.330000000000000000e+02
665        1.349000000000000000e+03
665        9.700000000000000000e+01
665        1.558000000000000000e+03
665        1.350000000000000000e+03
665        4.280000000000000000e+02
665        8.200000000000000000e+01
665        1.203000000000000000e+03
665        3.900000000000000000e+02
665        1.300000000000000000e+03
665        1.327000000000000000e+03
666        7.570000000000000000e+02
666        1.352000000000000000e+03
666        2.460000000000000000e+02
666        1.298000000000000000e+03
666        1.167000000000000000e+03
666        7.450000000000000000e+02
666        1.317000000000000000e+03
666        1.265000000000000000e+03
666        2.430000000000000000e+02
666        1.218000000000000000e+03
666        8.900000000000000000e+01
666        6.190000000000000000e+02
666        6.640000000000000000e+02
666        3.950000000000000000e+02
666        1.034000000000000000e+03
666        1.990000000000000000e+02
666        6.370000000000000000e+02
666        8.820000000000000000e+02
666        2.740000000000000000e+02
666        3.620000000000000000e+02
666        8.100000000000000000e+02
666        2.320000000000000000e+02
666        1.323000000000000000e+03
666        3.270000000000000000e+02
666        9.670000000000000000e+02
666        1.592000000000000000e+03
666        5.980000000000000000e+02
666        1.142000000000000000e+03
666        1.198000000000000000e+03
667        1.238000000000000000e+03
667        4.000000000000000000e+01
667        3.650000000000000000e+02
667        1.141000000000000000e+03
667        4.640000000000000000e+02
667        1.269000000000000000e+03
667        7.530000000000000000e+02
667        3.820000000000000000e+02
668        1.282000000000000000e+03
668        3.180000000000000000e+02
668        1.241000000000000000e+03
668        1.315000000000000000e+03
668        1.331000000000000000e+03
668        1.306000000000000000e+03
668        2.710000000000000000e+02
668        2.700000000000000000e+02
668        7.920000000000000000e+02
668        8.300000000000000000e+01
668        1.102000000000000000e+03
668        8.250000000000000000e+02
668        4.190000000000000000e+02
669        7.260000000000000000e+02
669        2.610000000000000000e+02
669        1.089000000000000000e+03
669        1.208000000000000000e+03
669        1.391000000000000000e+03
669        1.211000000000000000e+03
669        9.040000000000000000e+02
669        3.550000000000000000e+02
670        9.400000000000000000e+02
670        6.740000000000000000e+02
670        1.158000000000000000e+03
670        1.044000000000000000e+03
670        1.176000000000000000e+03
670        1.562000000000000000e+03
671        1.124000000000000000e+03
671        1.526000000000000000e+03
671        2.930000000000000000e+02
671        5.410000000000000000e+02
671        3.910000000000000000e+02
671        1.186000000000000000e+03
671        1.335000000000000000e+03
671        1.159000000000000000e+03
671        4.380000000000000000e+02
671        1.346000000000000000e+03
671        6.460000000000000000e+02
671        1.068000000000000000e+03
672        1.177000000000000000e+03
672        6.150000000000000000e+02
672        7.080000000000000000e+02
672        1.200000000000000000e+03
672        9.600000000000000000e+01
672        8.670000000000000000e+02
672        1.970000000000000000e+02
672        1.144000000000000000e+03
672        1.000000000000000000e+00
672        1.235000000000000000e+03
672        1.266000000000000000e+03
672        9.540000000000000000e+02
672        1.313000000000000000e+03
672        1.530000000000000000e+02
672        1.227000000000000000e+03
673        1.047000000000000000e+03
673        3.260000000000000000e+02
673        1.314000000000000000e+03
673        5.090000000000000000e+02
673        2.940000000000000000e+02
673        1.185000000000000000e+03
673        1.192000000000000000e+03
674        1.350000000000000000e+03
674        9.010000000000000000e+02
674        1.421000000000000000e+03
675        5.000000000000000000e+01
675        6.580000000000000000e+02
675        2.990000000000000000e+02
675        1.134000000000000000e+03
675        2.970000000000000000e+02
675        3.030000000000000000e+02
675        1.310000000000000000e+03
675        1.540000000000000000e+03
675        1.149000000000000000e+03
676        1.237000000000000000e+03
676        1.275000000000000000e+03
676        5.190000000000000000e+02
676        3.600000000000000000e+02
676        3.390000000000000000e+02
676        1.259000000000000000e+03
676        1.328000000000000000e+03
676        4.080000000000000000e+02
677        8.950000000000000000e+02
677        1.296000000000000000e+03
677        1.870000000000000000e+02
677        1.121000000000000000e+03
677        3.120000000000000000e+02
677        1.950000000000000000e+02
677        8.650000000000000000e+02
677        8.940000000000000000e+02
677        6.830000000000000000e+02
678        1.233000000000000000e+03
678        2.760000000000000000e+02
678        5.280000000000000000e+02
678        9.400000000000000000e+01
678        6.070000000000000000e+02
678        7.820000000000000000e+02
678        1.285000000000000000e+03
678        1.230000000000000000e+03
678        6.860000000000000000e+02
679        1.830000000000000000e+02
679        8.730000000000000000e+02
679        1.496000000000000000e+03
679        3.450000000000000000e+02
679        2.000000000000000000e+00
679        1.163000000000000000e+03
680        1.160000000000000000e+02
680        6.490000000000000000e+02
680        1.018000000000000000e+03
680        1.035000000000000000e+03
680        9.710000000000000000e+02
680        1.208000000000000000e+03
680        1.291000000000000000e+03
680        6.820000000000000000e+02
680        1.302000000000000000e+03
681        7.280000000000000000e+02
681        4.970000000000000000e+02
681        4.160000000000000000e+02
681        6.960000000000000000e+02
681        3.730000000000000000e+02
681        1.356000000000000000e+03
681        1.183000000000000000e+03
681        2.160000000000000000e+02
682        7.530000000000000000e+02
682        1.127000000000000000e+03
682        1.187000000000000000e+03
682        8.140000000000000000e+02
682        9.160000000000000000e+02
682        1.253000000000000000e+03
682        1.299000000000000000e+03
682        1.280000000000000000e+03
682        1.201000000000000000e+03
682        1.195000000000000000e+03
682        1.417000000000000000e+03
682        5.660000000000000000e+02
683        8.520000000000000000e+02
683        1.279000000000000000e+03
683        4.560000000000000000e+02
683        1.247000000000000000e+03
683        1.204000000000000000e+03
683        1.343000000000000000e+03
683        1.153000000000000000e+03
683        6.930000000000000000e+02
683        1.168000000000000000e+03
684        9.850000000000000000e+02
684        1.122000000000000000e+03
684        1.132000000000000000e+03
684        1.170000000000000000e+02
684        3.680000000000000000e+02
684        1.282000000000000000e+03
684        1.224000000000000000e+03
684        8.120000000000000000e+02
685        5.290000000000000000e+02
685        2.510000000000000000e+02
685        1.345000000000000000e+03
685        1.344000000000000000e+03
685        1.567000000000000000e+03
685        6.140000000000000000e+02
686        1.215000000000000000e+03
686        1.274000000000000000e+03
686        1.058000000000000000e+03
686        1.240000000000000000e+03
686        9.140000000000000000e+02
686        1.136000000000000000e+03
686        1.126000000000000000e+03
686        1.151000000000000000e+03
686        4.710000000000000000e+02
686        4.930000000000000000e+02
686        8.800000000000000000e+01
687        1.355000000000000000e+03
687        1.248000000000000000e+03
687        1.278000000000000000e+03
687        1.173000000000000000e+03
687        1.196000000000000000e+03
687        1.381000000000000000e+03
687        1.065000000000000000e+03
687        1.213000000000000000e+03
687        3.290000000000000000e+02
687        5.320000000000000000e+02
687        1.150000000000000000e+03
687        1.017000000000000000e+03
687        5.370000000000000000e+02
687        1.118000000000000000e+03
688        2.040000000000000000e+02
688        5.470000000000000000e+02
688        7.850000000000000000e+02
688        2.960000000000000000e+02
688        1.249000000000000000e+03
688        1.297000000000000000e+03
688        8.930000000000000000e+02
688        4.900000000000000000e+01
688        2.400000000000000000e+01
688        1.190000000000000000e+03
688        4.060000000000000000e+02
688        1.131000000000000000e+03
688        8.060000000000000000e+02
688        1.189000000000000000e+03
688        5.350000000000000000e+02
688        1.283000000000000000e+03
688        1.176000000000000000e+03
688        1.217000000000000000e+03
689        3.890000000000000000e+02
689        1.205000000000000000e+03
689        1.252000000000000000e+03
689        1.275000000000000000e+03
689        1.265000000000000000e+03
689        5.090000000000000000e+02
689        1.585000000000000000e+03
689        1.270000000000000000e+03
690        3.250000000000000000e+02
690        8.360000000000000000e+02
690        9.300000000000000000e+01
690        3.450000000000000000e+02
690        3.790000000000000000e+02
690        1.254000000000000000e+03
690        8.480000000000000000e+02
690        1.193000000000000000e+03
690        5.020000000000000000e+02
690        1.162000000000000000e+03
690        8.170000000000000000e+02
690        4.570000000000000000e+02
690        1.324000000000000000e+03
690        1.372000000000000000e+03
690        3.100000000000000000e+01
690        1.520000000000000000e+02
690        1.170000000000000000e+03
690        1.479000000000000000e+03
691        1.229000000000000000e+03
691        1.308000000000000000e+03
691        1.264000000000000000e+03
691        1.310000000000000000e+03
691        2.090000000000000000e+02
691        1.181000000000000000e+03
691        6.700000000000000000e+01
691        1.204000000000000000e+03
691        7.440000000000000000e+02
691        6.660000000000000000e+02
691        1.099000000000000000e+03
691        8.940000000000000000e+02
691        5.990000000000000000e+02
692        7.350000000000000000e+02
692        1.404000000000000000e+03
692        4.600000000000000000e+02
692        1.353000000000000000e+03
692        4.600000000000000000e+01
692        3.070000000000000000e+02
692        1.284000000000000000e+03
692        1.300000000000000000e+03
692        1.145000000000000000e+03
692        1.740000000000000000e+02
692        1.500000000000000000e+01
692        1.147000000000000000e+03
692        8.330000000000000000e+02
692        1.218000000000000000e+03
692        2.990000000000000000e+02
692        4.780000000000000000e+02
692        1.512000000000000000e+03
692        1.588000000000000000e+03
692        1.460000000000000000e+02
692        1.302000000000000000e+03
692        1.180000000000000000e+03
692        9.060000000000000000e+02
693        1.096000000000000000e+03
693        4.480000000000000000e+02
693        6.330000000000000000e+02
693        8.700000000000000000e+02
693        1.276000000000000000e+03
693        3.000000000000000000e+01
693        9.090000000000000000e+02
693        1.020000000000000000e+02
693        1.157000000000000000e+03
693        1.820000000000000000e+02
693        1.230000000000000000e+02
693        1.267000000000000000e+03
693        1.222000000000000000e+03
693        1.050000000000000000e+02
693        1.174000000000000000e+03
693        1.322000000000000000e+03
694        1.188000000000000000e+03
694        3.460000000000000000e+02
694        1.159000000000000000e+03
694        1.268000000000000000e+03
694        1.214000000000000000e+03
694        6.870000000000000000e+02
694        1.553000000000000000e+03
694        1.303000000000000000e+03
695        4.980000000000000000e+02
695        9.300000000000000000e+02
695        1.231000000000000000e+03
695        3.870000000000000000e+02
695        9.900000000000000000e+01
695        1.359000000000000000e+03
695        1.429000000000000000e+03
695        1.280000000000000000e+03
695        1.233000000000000000e+03
695        1.540000000000000000e+03
695        5.160000000000000000e+02
695        1.175000000000000000e+03
695        1.325000000000000000e+03
695        1.052000000000000000e+03
695        3.000000000000000000e+00
696        2.630000000000000000e+02
696        1.300000000000000000e+01
696        1.940000000000000000e+02
696        1.140000000000000000e+03
696        4.650000000000000000e+02
696        3.200000000000000000e+02
696        5.450000000000000000e+02
697        1.198000000000000000e+03
697        1.022000000000000000e+03
697        5.400000000000000000e+01
697        5.070000000000000000e+02
697        1.210000000000000000e+03
697        1.379000000000000000e+03
698        9.870000000000000000e+02
698        1.275000000000000000e+03
698        1.232000000000000000e+03
698        2.760000000000000000e+02
698        6.560000000000000000e+02
698        1.259000000000000000e+03
698        6.610000000000000000e+02
699        3.950000000000000000e+02
699        3.180000000000000000e+02
699        8.300000000000000000e+01
699        1.204000000000000000e+03
699        7.380000000000000000e+02
699        1.490000000000000000e+03
699        7.230000000000000000e+02
699        1.030000000000000000e+03
700        1.269000000000000000e+03
700        6.970000000000000000e+02
700        1.331000000000000000e+03
700        3.540000000000000000e+02
700        1.076000000000000000e+03
700        1.277000000000000000e+03
700        1.225000000000000000e+03
700        3.330000000000000000e+02
700        7.620000000000000000e+02
700        9.210000000000000000e+02
700        1.562000000000000000e+03
700        1.001000000000000000e+03
700        4.730000000000000000e+02
701        1.127000000000000000e+03
701        1.289000000000000000e+03
701        1.286000000000000000e+03
701        9.080000000000000000e+02
701        1.226000000000000000e+03
701        1.266000000000000000e+03
701        7.500000000000000000e+02
701        5.170000000000000000e+02
701        2.900000000000000000e+01
701        1.148000000000000000e+03
701        1.162000000000000000e+03
701        6.240000000000000000e+02
701        1.137000000000000000e+03
701        2.840000000000000000e+02
701        4.100000000000000000e+02
701        7.640000000000000000e+02
701        6.760000000000000000e+02
701        1.138000000000000000e+03
701        1.700000000000000000e+01
702        1.930000000000000000e+02
702        1.167000000000000000e+03
702        1.313000000000000000e+03
702        1.580000000000000000e+02
702        2.110000000000000000e+02
702        4.080000000000000000e+02
702        1.199000000000000000e+03
702        8.320000000000000000e+02
702        1.353000000000000000e+03
702        1.263000000000000000e+03
702        1.243000000000000000e+03
702        2.000000000000000000e+00
702        1.171000000000000000e+03
702        1.317000000000000000e+03
702        1.256000000000000000e+03
702        1.440000000000000000e+03
702        3.390000000000000000e+02
702        9.470000000000000000e+02
702        1.328000000000000000e+03
702        1.271000000000000000e+03
702        1.352000000000000000e+03
702        1.128000000000000000e+03
702        7.790000000000000000e+02
702        1.315000000000000000e+03
702        1.370000000000000000e+03
702        7.410000000000000000e+02
702        1.149000000000000000e+03
703        6.250000000000000000e+02
703        1.169000000000000000e+03
703        1.448000000000000000e+03
703        9.740000000000000000e+02
703        1.312000000000000000e+03
703        8.150000000000000000e+02
703        1.104000000000000000e+03
704        2.300000000000000000e+02
704        1.191000000000000000e+03
704        6.420000000000000000e+02
704        4.580000000000000000e+02
704        2.160000000000000000e+02
704        1.329000000000000000e+03
704        4.700000000000000000e+01
704        1.163000000000000000e+03
704        8.970000000000000000e+02
704        1.168000000000000000e+03
705        1.349000000000000000e+03
705        5.900000000000000000e+02
705        1.000000000000000000e+01
705        1.287000000000000000e+03
705        1.236000000000000000e+03
705        1.260000000000000000e+03
705        1.040000000000000000e+02
706        1.534000000000000000e+03
706        1.560000000000000000e+02
706        1.121000000000000000e+03
706        7.910000000000000000e+02
706        1.255000000000000000e+03
706        1.335000000000000000e+03
706        1.309000000000000000e+03
706        1.173000000000000000e+03
706        1.187000000000000000e+03
706        1.307000000000000000e+03
707        6.650000000000000000e+02
707        1.272000000000000000e+03
707        1.129000000000000000e+03
707        6.070000000000000000e+02
707        1.133000000000000000e+03
707        1.400000000000000000e+02
707        1.321000000000000000e+03
707        1.356000000000000000e+03
708        1.298000000000000000e+03
708        1.032000000000000000e+03
708        1.017000000000000000e+03
708        1.262000000000000000e+03
708        1.235000000000000000e+03
708        3.560000000000000000e+02
708        1.820000000000000000e+02
708        1.354000000000000000e+03
708        1.415000000000000000e+03
708        1.182000000000000000e+03
708        1.285000000000000000e+03
708        1.153000000000000000e+03
708        2.380000000000000000e+02
708        5.860000000000000000e+02
708        1.180000000000000000e+03
709        1.202000000000000000e+03
709        1.320000000000000000e+03
710        2.030000000000000000e+02
710        4.970000000000000000e+02
710        1.305000000000000000e+03
710        1.125000000000000000e+03
710        1.135000000000000000e+03
710        1.127000000000000000e+03
710        1.211000000000000000e+03
710        8.160000000000000000e+02
710        2.580000000000000000e+02
710        1.388000000000000000e+03
710        1.331000000000000000e+03
710        1.208000000000000000e+03
711        8.660000000000000000e+02
711        1.274000000000000000e+03
711        1.234000000000000000e+03
711        1.166000000000000000e+03
711        1.210000000000000000e+03
711        1.086000000000000000e+03
711        1.334000000000000000e+03
711        5.930000000000000000e+02
711        9.670000000000000000e+02
711        7.430000000000000000e+02
711        1.010000000000000000e+03
711        7.520000000000000000e+02
711        1.330000000000000000e+03
711        1.188000000000000000e+03
712        1.170000000000000000e+02
712        4.000000000000000000e+01
712        9.430000000000000000e+02
712        9.530000000000000000e+02
712        1.316000000000000000e+03
712        1.155000000000000000e+03
712        1.156000000000000000e+03
712        7.680000000000000000e+02
712        1.221000000000000000e+03
712        9.800000000000000000e+01
712        1.190000000000000000e+02
712        1.250000000000000000e+02
712        1.139000000000000000e+03
712        5.790000000000000000e+02
712        1.690000000000000000e+02
713        8.640000000000000000e+02
713        1.201000000000000000e+03
713        7.970000000000000000e+02
713        1.302000000000000000e+03
713        2.430000000000000000e+02
713        1.348000000000000000e+03
713        7.640000000000000000e+02
713        3.610000000000000000e+02
713        1.480000000000000000e+02
713        7.210000000000000000e+02
713        4.880000000000000000e+02
713        1.325000000000000000e+03
713        1.574000000000000000e+03
713        7.750000000000000000e+02
713        6.830000000000000000e+02
713        7.940000000000000000e+02
713        1.269000000000000000e+03
713        1.350000000000000000e+02
713        4.640000000000000000e+02
713        1.291000000000000000e+03
713        1.145000000000000000e+03
713        1.061000000000000000e+03
714        1.198000000000000000e+03
714        5.300000000000000000e+01
714        1.169000000000000000e+03
714        1.299000000000000000e+03
714        2.560000000000000000e+02
714        1.231000000000000000e+03
714        2.060000000000000000e+02
714        4.350000000000000000e+02
714        8.920000000000000000e+02
714        1.266000000000000000e+03
714        1.251000000000000000e+03
714        1.297000000000000000e+03
714        1.095000000000000000e+03
714        8.200000000000000000e+01
715        1.288000000000000000e+03
715        1.042000000000000000e+03
715        1.072000000000000000e+03
715        1.326000000000000000e+03
715        1.346000000000000000e+03
715        1.247000000000000000e+03
715        4.340000000000000000e+02
715        1.147000000000000000e+03
715        9.920000000000000000e+02
715        1.910000000000000000e+02
715        5.220000000000000000e+02
715        1.124000000000000000e+03
715        1.027000000000000000e+03
715        1.292000000000000000e+03
715        1.361000000000000000e+03
716        1.004000000000000000e+03
716        1.335000000000000000e+03
716        1.184000000000000000e+03
716        5.440000000000000000e+02
716        1.357000000000000000e+03
716        7.990000000000000000e+02
716        6.900000000000000000e+01
716        1.236000000000000000e+03
716        1.280000000000000000e+03
716        1.217000000000000000e+03
716        2.590000000000000000e+02
717        1.323000000000000000e+03
717        1.289000000000000000e+03
717        1.258000000000000000e+03
717        1.152000000000000000e+03
717        7.910000000000000000e+02
717        1.327000000000000000e+03
718        1.219000000000000000e+03
718        8.930000000000000000e+02
718        4.530000000000000000e+02
718        1.353000000000000000e+03
718        1.581000000000000000e+03
718        2.300000000000000000e+01
718        1.187000000000000000e+03
718        1.230000000000000000e+03
718        3.130000000000000000e+02
718        1.143000000000000000e+03
719        1.345000000000000000e+03
719        1.359000000000000000e+03
719        1.136000000000000000e+03
719        1.177000000000000000e+03
719        6.280000000000000000e+02
719        5.710000000000000000e+02
719        1.314000000000000000e+03
719        1.501000000000000000e+03
719        1.307000000000000000e+03
720        1.161000000000000000e+03
720        2.700000000000000000e+02
720        6.720000000000000000e+02
720        5.050000000000000000e+02
720        3.890000000000000000e+02
720        1.358000000000000000e+03
720        1.194000000000000000e+03
720        8.080000000000000000e+02
720        3.080000000000000000e+02
720        1.550000000000000000e+03
720        1.047000000000000000e+03
720        1.090000000000000000e+03
720        4.380000000000000000e+02
720        3.370000000000000000e+02
720        1.309000000000000000e+03
720        1.223000000000000000e+03
720        6.320000000000000000e+02
720        5.940000000000000000e+02
720        1.200000000000000000e+03
720        1.257000000000000000e+03
721        1.193000000000000000e+03
721        1.259000000000000000e+03
721        4.710000000000000000e+02
721        1.170000000000000000e+03
721        1.286000000000000000e+03
722        1.290000000000000000e+03
722        4.810000000000000000e+02
722        1.276000000000000000e+03
722        1.233000000000000000e+03
722        1.534000000000000000e+03
722        1.168000000000000000e+03
723        1.240000000000000000e+03
723        1.069000000000000000e+03
723        1.547000000000000000e+03
723        1.140000000000000000e+03
723        1.246000000000000000e+03
723        3.500000000000000000e+02
723        6.290000000000000000e+02
723        1.557000000000000000e+03
724        1.149000000000000000e+03
724        4.140000000000000000e+02
724        1.325000000000000000e+03
724        1.530000000000000000e+03
724        8.240000000000000000e+02
724        1.263000000000000000e+03
724        1.300000000000000000e+03
725        1.180000000000000000e+03
725        1.860000000000000000e+02
725        4.270000000000000000e+02
725        1.630000000000000000e+02
725        5.430000000000000000e+02
725        1.202000000000000000e+03
726        1.231000000000000000e+03
727        1.001000000000000000e+03
727        1.318000000000000000e+03
727        2.370000000000000000e+02
727        1.352000000000000000e+03
727        1.275000000000000000e+03
727        1.256000000000000000e+03
727        2.980000000000000000e+02
728        1.139000000000000000e+03
728        1.166000000000000000e+03
728        1.303000000000000000e+03
728        1.164000000000000000e+03
728        1.210000000000000000e+02
728        2.480000000000000000e+02
728        4.580000000000000000e+02
728        1.990000000000000000e+02
728        1.243000000000000000e+03
728        1.420000000000000000e+02
728        1.148000000000000000e+03
728        9.050000000000000000e+02
728        7.620000000000000000e+02
728        1.195000000000000000e+03
729        1.214000000000000000e+03
729        1.355000000000000000e+03
729        1.133000000000000000e+03
729        2.510000000000000000e+02
729        1.970000000000000000e+02
729        6.380000000000000000e+02
729        1.181000000000000000e+03
729        7.040000000000000000e+02
730        1.452000000000000000e+03
730        1.142000000000000000e+03
730        1.186000000000000000e+03
730        1.307000000000000000e+03
730        9.720000000000000000e+02
730        1.285000000000000000e+03
730        1.262000000000000000e+03
730        8.780000000000000000e+02
730        1.260000000000000000e+03
730        1.042000000000000000e+03
730        1.129000000000000000e+03
731        1.175000000000000000e+03
731        1.340000000000000000e+03
731        3.700000000000000000e+01
731        8.430000000000000000e+02
731        1.344000000000000000e+03
731        1.219000000000000000e+03
731        8.300000000000000000e+01
731        1.197000000000000000e+03
731        1.237000000000000000e+03
731        9.910000000000000000e+02
731        4.390000000000000000e+02
731        1.284000000000000000e+03
731        1.333000000000000000e+03
731        3.100000000000000000e+01
731        2.570000000000000000e+02
732        4.860000000000000000e+02
732        1.460000000000000000e+02
732        1.265000000000000000e+03
732        1.135000000000000000e+03
732        8.860000000000000000e+02
732        2.000000000000000000e+02
732        2.790000000000000000e+02
732        3.860000000000000000e+02
732        1.145000000000000000e+03
732        1.330000000000000000e+03
732        1.286000000000000000e+03
732        1.770000000000000000e+02
732        1.345000000000000000e+03
732        8.900000000000000000e+01
733        8.520000000000000000e+02
733        5.190000000000000000e+02
733        1.450000000000000000e+02
733        1.111000000000000000e+03
733        5.600000000000000000e+02
733        3.530000000000000000e+02
733        1.336000000000000000e+03
733        1.125000000000000000e+03
733        1.353000000000000000e+03
733        2.240000000000000000e+02
733        1.268000000000000000e+03
734        1.316000000000000000e+03
734        1.225000000000000000e+03
734        1.143000000000000000e+03
734        5.310000000000000000e+02
734        6.580000000000000000e+02
734        9.300000000000000000e+01
734        1.245000000000000000e+03
734        2.680000000000000000e+02
734        1.329000000000000000e+03
734        1.251000000000000000e+03
734        1.540000000000000000e+02
734        1.273000000000000000e+03
734        6.980000000000000000e+02
734        1.047000000000000000e+03
734        4.750000000000000000e+02
734        5.030000000000000000e+02
734        3.250000000000000000e+02
734        4.710000000000000000e+02
734        1.359000000000000000e+03
734        1.341000000000000000e+03
734        6.990000000000000000e+02
735        1.248000000000000000e+03
735        1.433000000000000000e+03
735        9.800000000000000000e+01
735        1.234000000000000000e+03
735        3.180000000000000000e+02
735        1.056000000000000000e+03
735        8.800000000000000000e+02
736        2.710000000000000000e+02
736        1.152000000000000000e+03
736        1.198000000000000000e+03
736        1.193000000000000000e+03
736        1.211000000000000000e+03
736        1.188000000000000000e+03
736        6.100000000000000000e+02
736        1.253000000000000000e+03
736        1.052000000000000000e+03
736        1.194000000000000000e+03
736        1.357000000000000000e+03
736        1.120000000000000000e+03
736        2.700000000000000000e+02
736        1.351000000000000000e+03
737        1.301000000000000000e+03
737        7.140000000000000000e+02
737        1.281000000000000000e+03
737        1.455000000000000000e+03
737        7.850000000000000000e+02
737        1.156000000000000000e+03
737        1.364000000000000000e+03
737        1.302000000000000000e+03
737        7.170000000000000000e+02
737        4.220000000000000000e+02
737        1.176000000000000000e+03
737        1.287000000000000000e+03
737        1.501000000000000000e+03
737        1.224000000000000000e+03
737        1.680000000000000000e+02
737        7.300000000000000000e+01
737        1.298000000000000000e+03
737        1.441000000000000000e+03
737        8.110000000000000000e+02
738        1.358000000000000000e+03
738        2.260000000000000000e+02
738        1.840000000000000000e+02
738        1.242000000000000000e+03
738        1.800000000000000000e+02
738        9.400000000000000000e+01
739        8.390000000000000000e+02
739        1.148000000000000000e+03
739        5.130000000000000000e+02
739        1.325000000000000000e+03
739        1.154000000000000000e+03
739        1.164000000000000000e+03
739        2.220000000000000000e+02
739        1.171000000000000000e+03
739        1.264000000000000000e+03
739        1.343000000000000000e+03
739        1.320000000000000000e+03
739        1.277000000000000000e+03
739        3.900000000000000000e+01
739        7.670000000000000000e+02
739        1.318000000000000000e+03
739        1.178000000000000000e+03
739        1.304000000000000000e+03
740        5.650000000000000000e+02
740        1.760000000000000000e+02
740        1.142000000000000000e+03
740        9.560000000000000000e+02
740        1.284000000000000000e+03
740        4.040000000000000000e+02
740        1.127000000000000000e+03
740        1.153000000000000000e+03
740        9.900000000000000000e+02
741        2.670000000000000000e+02
741        1.126000000000000000e+03
741        1.305000000000000000e+03
741        4.300000000000000000e+01
741        1.200000000000000000e+03
741        1.321000000000000000e+03
741        1.223000000000000000e+03
741        7.920000000000000000e+02
741        1.160000000000000000e+03
741        3.450000000000000000e+02
741        1.216000000000000000e+03
741        6.810000000000000000e+02
741        7.300000000000000000e+02
741        1.190000000000000000e+02
741        1.131000000000000000e+03
741        1.274000000000000000e+03
742        4.270000000000000000e+02
742        1.272000000000000000e+03
742        1.347000000000000000e+03
742        4.120000000000000000e+02
742        1.275000000000000000e+03
742        8.700000000000000000e+01
742        1.073000000000000000e+03
742        1.184000000000000000e+03
742        8.790000000000000000e+02
742        7.090000000000000000e+02
743        1.205000000000000000e+03
743        1.165000000000000000e+03
743        7.660000000000000000e+02
743        1.350000000000000000e+03
743        1.192000000000000000e+03
743        1.169000000000000000e+03
744        1.196000000000000000e+03
744        4.960000000000000000e+02
744        1.265000000000000000e+03
744        6.330000000000000000e+02
744        1.337000000000000000e+03
744        1.172000000000000000e+03
744        9.120000000000000000e+02
744        8.170000000000000000e+02
745        2.460000000000000000e+02
745        3.000000000000000000e+01
745        1.095000000000000000e+03
745        1.346000000000000000e+03
745        1.134000000000000000e+03
745        1.594000000000000000e+03
745        1.155000000000000000e+03
745        1.276000000000000000e+03
745        1.336000000000000000e+03
745        3.990000000000000000e+02
745        2.750000000000000000e+02
745        7.110000000000000000e+02
745        4.810000000000000000e+02
746        1.213000000000000000e+03
746        5.680000000000000000e+02
746        1.225000000000000000e+03
746        1.342000000000000000e+03
746        1.291000000000000000e+03
746        1.332000000000000000e+03
746        1.208000000000000000e+03
746        1.167000000000000000e+03
746        6.490000000000000000e+02
746        6.700000000000000000e+02
746        1.123000000000000000e+03
746        1.273000000000000000e+03
746        1.596000000000000000e+03
746        4.560000000000000000e+02
746        1.135000000000000000e+03
746        1.348000000000000000e+03
746        8.080000000000000000e+02
747        1.300000000000000000e+03
747        5.340000000000000000e+02
747        9.330000000000000000e+02
747        1.354000000000000000e+03
747        1.206000000000000000e+03
747        1.296000000000000000e+03
747        1.315000000000000000e+03
747        1.232000000000000000e+03
747        6.320000000000000000e+02
747        6.750000000000000000e+02
747        1.179000000000000000e+03
747        1.127000000000000000e+03
748        2.130000000000000000e+02
748        1.207000000000000000e+03
748        1.229000000000000000e+03
748        1.252000000000000000e+03
748        1.292000000000000000e+03
748        3.400000000000000000e+01
748        1.670000000000000000e+02
748        1.331000000000000000e+03
748        1.415000000000000000e+03
748        1.120000000000000000e+03
748        1.180000000000000000e+03
748        1.256000000000000000e+03
748        2.520000000000000000e+02
748        1.181000000000000000e+03
748        1.100000000000000000e+03
748        1.294000000000000000e+03
748        9.220000000000000000e+02
748        3.290000000000000000e+02
748        7.630000000000000000e+02
748        9.210000000000000000e+02
749        1.187000000000000000e+03
749        1.173000000000000000e+03
749        9.650000000000000000e+02
749        9.040000000000000000e+02
749        1.244000000000000000e+03
749        0.000000000000000000e+00
749        1.325000000000000000e+03
750        1.327000000000000000e+03
750        1.358000000000000000e+03
750        1.295000000000000000e+03
750        8.190000000000000000e+02
750        7.310000000000000000e+02
750        1.255000000000000000e+03
750        1.227000000000000000e+03
750        3.210000000000000000e+02
750        6.500000000000000000e+01
750        1.309000000000000000e+03
750        1.133000000000000000e+03
750        1.143000000000000000e+03
750        9.820000000000000000e+02
750        1.266000000000000000e+03
750        1.182000000000000000e+03
750        1.285000000000000000e+03
751        1.171000000000000000e+03
751        1.005000000000000000e+03
751        1.124000000000000000e+03
751        2.800000000000000000e+01
751        1.175000000000000000e+03
751        1.170000000000000000e+03
751        1.146000000000000000e+03
751        1.284000000000000000e+03
751        1.257000000000000000e+03
751        4.070000000000000000e+02
751        1.288000000000000000e+03
751        1.293000000000000000e+03
751        7.680000000000000000e+02
751        1.241000000000000000e+03
751        1.100000000000000000e+01
751        4.620000000000000000e+02
752        5.210000000000000000e+02
752        6.450000000000000000e+02
752        7.920000000000000000e+02
752        1.201000000000000000e+03
752        1.286000000000000000e+03
752        2.170000000000000000e+02
752        1.169000000000000000e+03
752        1.346000000000000000e+03
752        1.144000000000000000e+03
753        1.215000000000000000e+03
753        1.221000000000000000e+03
753        1.218000000000000000e+03
753        1.209000000000000000e+03
753        1.197000000000000000e+03
753        5.630000000000000000e+02
753        1.105000000000000000e+03
753        1.900000000000000000e+02
753        1.269000000000000000e+03
753        1.950000000000000000e+02
753        1.121000000000000000e+03
753        1.134000000000000000e+03
753        9.700000000000000000e+01
753        1.243000000000000000e+03
753        1.238000000000000000e+03
753        1.224000000000000000e+03
754        1.248000000000000000e+03
754        1.254000000000000000e+03
754        1.328000000000000000e+03
754        1.213000000000000000e+03
754        1.322000000000000000e+03
754        4.060000000000000000e+02
754        1.198000000000000000e+03
754        1.158000000000000000e+03
754        1.620000000000000000e+02
754        4.020000000000000000e+02
754        1.342000000000000000e+03
754        1.150000000000000000e+02
754        1.338000000000000000e+03
754        1.191000000000000000e+03
754        1.290000000000000000e+03
754        6.890000000000000000e+02
754        1.122000000000000000e+03
755        1.283000000000000000e+03
755        3.420000000000000000e+02
755        1.228000000000000000e+03
755        8.880000000000000000e+02
755        1.454000000000000000e+03
755        2.880000000000000000e+02
755        1.582000000000000000e+03
755        6.950000000000000000e+02
755        4.340000000000000000e+02
755        1.210000000000000000e+03
755        1.138000000000000000e+03
755        7.210000000000000000e+02
756        1.147000000000000000e+03
756        9.900000000000000000e+01
756        7.270000000000000000e+02
756        1.149000000000000000e+03
756        1.183000000000000000e+03
756        1.145000000000000000e+03
756        1.186000000000000000e+03
756        4.440000000000000000e+02
756        1.237000000000000000e+03
756        1.023000000000000000e+03
756        4.500000000000000000e+02
756        1.154000000000000000e+03
756        1.278000000000000000e+03
756        1.137000000000000000e+03
756        1.790000000000000000e+02
756        1.267000000000000000e+03
756        1.188000000000000000e+03
756        6.370000000000000000e+02
757        1.131000000000000000e+03
757        1.320000000000000000e+02
757        1.325000000000000000e+03
757        1.323000000000000000e+03
757        1.211000000000000000e+03
758        1.141000000000000000e+03
758        1.127000000000000000e+03
758        1.272000000000000000e+03
758        4.120000000000000000e+02
758        7.540000000000000000e+02
758        1.890000000000000000e+02
758        1.287000000000000000e+03
758        1.720000000000000000e+02
758        1.157000000000000000e+03
758        1.130000000000000000e+03
758        2.450000000000000000e+02
758        1.273000000000000000e+03
758        6.100000000000000000e+01
758        1.324000000000000000e+03
759        1.547000000000000000e+03
759        1.289000000000000000e+03
759        6.060000000000000000e+02
759        6.460000000000000000e+02
759        1.260000000000000000e+03
759        1.307000000000000000e+03
759        1.175000000000000000e+03
759        1.029000000000000000e+03
759        3.480000000000000000e+02
759        1.194000000000000000e+03
759        1.162000000000000000e+03
759        8.570000000000000000e+02
759        1.247000000000000000e+03
759        1.413000000000000000e+03
759        2.120000000000000000e+02
759        1.266000000000000000e+03
759        6.980000000000000000e+02
759        1.196000000000000000e+03
759        1.129000000000000000e+03
759        1.333000000000000000e+03
760        9.010000000000000000e+02
760        1.142000000000000000e+03
760        1.450000000000000000e+03
760        2.570000000000000000e+02
761        7.200000000000000000e+01
761        1.433000000000000000e+03
761        1.329000000000000000e+03
761        1.349000000000000000e+03
761        7.900000000000000000e+02
761        1.235000000000000000e+03
761        1.226000000000000000e+03
761        1.027000000000000000e+03
761        5.310000000000000000e+02
761        1.353000000000000000e+03
761        6.000000000000000000e+02
761        7.610000000000000000e+02
761        1.317000000000000000e+03
762        1.331000000000000000e+03
762        1.275000000000000000e+03
762        1.482000000000000000e+03
762        1.189000000000000000e+03
762        1.321000000000000000e+03
762        1.184000000000000000e+03
762        1.355000000000000000e+03
762        1.255000000000000000e+03
762        1.197000000000000000e+03
762        1.192000000000000000e+03
762        1.124000000000000000e+03
762        1.326000000000000000e+03
762        1.253000000000000000e+03
762        1.330000000000000000e+02
762        1.262000000000000000e+03
762        9.450000000000000000e+02
762        1.219000000000000000e+03
762        1.206000000000000000e+03
763        7.970000000000000000e+02
763        1.123000000000000000e+03
763        1.242000000000000000e+03
763        8.400000000000000000e+02
763        3.770000000000000000e+02
763        1.330000000000000000e+03
763        8.490000000000000000e+02
763        7.710000000000000000e+02
763        1.347000000000000000e+03
763        1.292000000000000000e+03
763        6.200000000000000000e+02
763        1.239000000000000000e+03
763        9.600000000000000000e+02
763        1.309000000000000000e+03
763        7.600000000000000000e+01
764        1.281000000000000000e+03
764        9.700000000000000000e+02
764        1.294000000000000000e+03
764        3.970000000000000000e+02
764        1.320000000000000000e+03
764        1.306000000000000000e+03
764        1.161000000000000000e+03
764        1.128000000000000000e+03
764        1.263000000000000000e+03
764        5.580000000000000000e+02
764        7.700000000000000000e+01
764        1.153000000000000000e+03
764        2.650000000000000000e+02
764        1.318000000000000000e+03
764        1.257000000000000000e+03
764        4.710000000000000000e+02
764        1.351000000000000000e+03
765        1.354000000000000000e+03
765        1.313000000000000000e+03
765        1.335000000000000000e+03
765        1.550000000000000000e+02
765        1.234000000000000000e+03
765        2.840000000000000000e+02
765        9.290000000000000000e+02
765        1.000000000000000000e+03
765        1.174000000000000000e+03
765        1.220000000000000000e+03
765        1.298000000000000000e+03
765        1.256000000000000000e+03
765        1.140000000000000000e+03
765        1.193000000000000000e+03
765        8.250000000000000000e+02
765        4.360000000000000000e+02
765        1.322000000000000000e+03
765        5.840000000000000000e+02
765        1.152000000000000000e+03
765        1.159000000000000000e+03
765        1.282000000000000000e+03
765        3.760000000000000000e+02
765        9.460000000000000000e+02
765        1.620000000000000000e+02
766        1.214000000000000000e+03
766        1.126000000000000000e+03
766        1.268000000000000000e+03
766        1.181000000000000000e+03
766        1.180000000000000000e+02
766        1.290000000000000000e+03
766        5.600000000000000000e+01
766        1.334000000000000000e+03
766        1.000000000000000000e+02
766        1.207000000000000000e+03
766        1.900000000000000000e+02
767        1.121000000000000000e+03
767        1.276000000000000000e+03
767        2.520000000000000000e+02
767        1.127000000000000000e+03
767        1.230000000000000000e+03
767        1.307000000000000000e+03
767        1.204000000000000000e+03
767        1.149000000000000000e+03
768        9.230000000000000000e+02
768        1.203000000000000000e+03
768        1.231000000000000000e+03
768        6.900000000000000000e+02
768        1.191000000000000000e+03
768        3.350000000000000000e+02
768        4.620000000000000000e+02
768        1.246000000000000000e+03
768        1.199000000000000000e+03
768        1.198000000000000000e+03
768        2.510000000000000000e+02
768        7.890000000000000000e+02
768        1.180000000000000000e+03
768        1.218000000000000000e+03
768        1.342000000000000000e+03
768        1.248000000000000000e+03
768        1.150000000000000000e+03
768        1.472000000000000000e+03
769        1.358000000000000000e+03
769        2.350000000000000000e+02
769        1.284000000000000000e+03
769        1.279000000000000000e+03
769        4.040000000000000000e+02
769        9.640000000000000000e+02
769        8.830000000000000000e+02
769        1.314000000000000000e+03
769        5.080000000000000000e+02
769        1.122000000000000000e+03
769        1.130000000000000000e+03
769        6.780000000000000000e+02
769        1.278000000000000000e+03
770        1.258000000000000000e+03
770        1.269000000000000000e+03
770        1.178000000000000000e+03
770        2.240000000000000000e+02
770        1.344000000000000000e+03
770        1.332000000000000000e+03
770        1.102000000000000000e+03
770        1.132000000000000000e+03
771        1.249000000000000000e+03
771        1.168000000000000000e+03
771        1.227000000000000000e+03
771        5.340000000000000000e+02
771        1.356000000000000000e+03
771        1.021000000000000000e+03
771        1.251000000000000000e+03
771        1.255000000000000000e+03
771        4.710000000000000000e+02
771        1.133000000000000000e+03
771        5.140000000000000000e+02
771        1.250000000000000000e+03
771        3.110000000000000000e+02
771        1.315000000000000000e+03
771        8.880000000000000000e+02
771        1.312000000000000000e+03
771        3.940000000000000000e+02
772        1.003000000000000000e+03
772        1.343000000000000000e+03
772        9.240000000000000000e+02
772        1.164000000000000000e+03
772        1.254000000000000000e+03
772        2.420000000000000000e+02
772        6.570000000000000000e+02
772        4.740000000000000000e+02
772        1.272000000000000000e+03
772        3.740000000000000000e+02
772        1.328000000000000000e+03
772        1.295000000000000000e+03
772        5.890000000000000000e+02
772        1.163000000000000000e+03
772        6.910000000000000000e+02
772        4.210000000000000000e+02
772        9.380000000000000000e+02
772        4.000000000000000000e+02
772        2.600000000000000000e+02
772        1.143000000000000000e+03
773        1.215000000000000000e+03
773        1.302000000000000000e+03
773        1.220000000000000000e+02
773        1.148000000000000000e+03
773        1.304000000000000000e+03
773        1.228000000000000000e+03
773        1.112000000000000000e+03
773        1.323000000000000000e+03
773        1.189000000000000000e+03
773        1.034000000000000000e+03
773        1.355000000000000000e+03
773        1.205000000000000000e+03
773        1.239000000000000000e+03
773        1.630000000000000000e+02
773        2.870000000000000000e+02
773        1.347000000000000000e+03
773        1.285000000000000000e+03
774        3.180000000000000000e+02
774        1.286000000000000000e+03
774        5.620000000000000000e+02
774        6.830000000000000000e+02
774        6.000000000000000000e+01
774        1.045000000000000000e+03
774        5.440000000000000000e+02
774        3.720000000000000000e+02
774        5.850000000000000000e+02
774        1.229000000000000000e+03
774        1.316000000000000000e+03
774        1.329000000000000000e+03
774        1.145000000000000000e+03
774        3.000000000000000000e+01
774        1.169000000000000000e+03
774        1.300000000000000000e+03
774        1.710000000000000000e+02
774        1.261000000000000000e+03
775        1.319000000000000000e+03
775        7.230000000000000000e+02
775        1.139000000000000000e+03
775        1.017000000000000000e+03
775        1.242000000000000000e+03
775        7.990000000000000000e+02
775        1.179000000000000000e+03
775        6.940000000000000000e+02
775        1.256000000000000000e+03
775        1.176000000000000000e+03
775        3.120000000000000000e+02
775        7.440000000000000000e+02
775        1.128000000000000000e+03
776        1.166000000000000000e+03
776        2.280000000000000000e+02
776        1.172000000000000000e+03
776        1.321000000000000000e+03
776        1.359000000000000000e+03
776        1.027000000000000000e+03
776        4.060000000000000000e+02
776        1.138000000000000000e+03
776        1.129000000000000000e+03
776        1.151000000000000000e+03
776        1.208000000000000000e+03
776        1.201000000000000000e+03
776        1.339000000000000000e+03
776        9.620000000000000000e+02
776        1.218000000000000000e+03
777        4.440000000000000000e+02
777        1.245000000000000000e+03
777        1.252000000000000000e+03
777        4.010000000000000000e+02
777        6.150000000000000000e+02
777        1.287000000000000000e+03
777        7.190000000000000000e+02
777        1.310000000000000000e+03
777        1.094000000000000000e+03
777        4.080000000000000000e+02
777        2.900000000000000000e+01
777        1.322000000000000000e+03
777        3.090000000000000000e+02
778        5.060000000000000000e+02
778        1.106000000000000000e+03
778        1.600000000000000000e+01
778        1.210000000000000000e+03
778        3.290000000000000000e+02
778        9.950000000000000000e+02
778        1.196000000000000000e+03
778        1.149000000000000000e+03
778        8.670000000000000000e+02
778        1.288000000000000000e+03
778        1.273000000000000000e+03
778        1.158000000000000000e+03
778        1.350000000000000000e+03
778        1.275000000000000000e+03
778        1.219000000000000000e+03
778        1.325000000000000000e+03
778        1.227000000000000000e+03
778        1.262000000000000000e+03
779        4.380000000000000000e+02
779        1.090000000000000000e+02
779        3.600000000000000000e+02
779        1.352000000000000000e+03
779        1.221000000000000000e+03
779        1.326000000000000000e+03
779        4.630000000000000000e+02
779        1.135000000000000000e+03
779        4.290000000000000000e+02
779        1.336000000000000000e+03
779        1.182000000000000000e+03
779        5.930000000000000000e+02
779        1.126000000000000000e+03
779        1.206000000000000000e+03
779        4.490000000000000000e+02
780        6.660000000000000000e+02
780        1.354000000000000000e+03
780        1.274000000000000000e+03
780        1.357000000000000000e+03
780        1.531000000000000000e+03
780        1.255000000000000000e+03
780        1.520000000000000000e+02
780        8.080000000000000000e+02
780        2.770000000000000000e+02
780        1.142000000000000000e+03
780        8.960000000000000000e+02
780        5.400000000000000000e+02
780        1.278000000000000000e+03
780        1.209000000000000000e+03
780        1.324000000000000000e+03
780        9.060000000000000000e+02
780        1.181000000000000000e+03
780        1.289000000000000000e+03
780        1.296000000000000000e+03
781        1.305000000000000000e+03
781        1.207000000000000000e+03
781        8.400000000000000000e+01
781        1.024000000000000000e+03
781        1.568000000000000000e+03
781        4.840000000000000000e+02
781        2.000000000000000000e+00
781        1.313000000000000000e+03
781        1.170000000000000000e+02
781        1.217000000000000000e+03
781        5.920000000000000000e+02
781        1.543000000000000000e+03
781        1.333000000000000000e+03
781        7.100000000000000000e+01
781        1.279000000000000000e+03
781        1.297000000000000000e+03
781        1.294000000000000000e+03
781        1.293000000000000000e+03
781        1.133000000000000000e+03
781        5.320000000000000000e+02
782        1.132000000000000000e+03
782        1.202000000000000000e+03
782        1.356000000000000000e+03
782        1.030000000000000000e+02
782        1.184000000000000000e+03
782        8.590000000000000000e+02
782        1.236000000000000000e+03
782        1.760000000000000000e+02
782        1.232000000000000000e+03
783        1.247000000000000000e+03
783        1.300000000000000000e+03
783        1.330000000000000000e+02
783        1.283000000000000000e+03
783        1.259000000000000000e+03
783        9.910000000000000000e+02
783        7.790000000000000000e+02
783        1.315000000000000000e+03
783        1.188000000000000000e+03
784        1.220000000000000000e+03
784        1.125000000000000000e+03
784        6.510000000000000000e+02
784        1.150000000000000000e+03
784        1.291000000000000000e+03
784        3.790000000000000000e+02
784        1.211000000000000000e+03
784        1.201000000000000000e+03
784        7.290000000000000000e+02
784        1.307000000000000000e+03
784        1.131000000000000000e+03
785        1.311000000000000000e+03
785        1.195000000000000000e+03
785        7.180000000000000000e+02
785        1.108000000000000000e+03
785        1.327000000000000000e+03
785        1.054000000000000000e+03
785        1.219000000000000000e+03
785        1.120000000000000000e+03
785        1.338000000000000000e+03
785        1.328000000000000000e+03
786        1.257000000000000000e+03
786        1.204000000000000000e+03
787        1.070000000000000000e+02
787        1.096000000000000000e+03
787        8.010000000000000000e+02
787        8.730000000000000000e+02
787        1.332000000000000000e+03
787        3.420000000000000000e+02
787        9.500000000000000000e+02
787        1.223000000000000000e+03
787        1.203000000000000000e+03
787        1.528000000000000000e+03
788        1.301000000000000000e+03
788        1.314000000000000000e+03
788        4.640000000000000000e+02
788        1.269000000000000000e+03
788        6.260000000000000000e+02
788        1.382000000000000000e+03
788        1.075000000000000000e+03
788        1.341000000000000000e+03
788        3.860000000000000000e+02
788        1.144000000000000000e+03
788        1.353000000000000000e+03
788        1.348000000000000000e+03
788        1.550000000000000000e+02
788        1.268000000000000000e+03
789        1.175000000000000000e+03
789        1.123000000000000000e+03
789        1.312000000000000000e+03
789        1.048000000000000000e+03
789        1.510000000000000000e+02
789        1.183000000000000000e+03
789        8.690000000000000000e+02
789        1.346000000000000000e+03
789        1.266000000000000000e+03
789        4.350000000000000000e+02
789        1.240000000000000000e+03
789        1.286000000000000000e+03
789        3.800000000000000000e+02
789        1.298000000000000000e+03
789        1.235000000000000000e+03
789        1.237000000000000000e+03
789        8.950000000000000000e+02
790        1.556000000000000000e+03
790        1.177000000000000000e+03
790        1.160000000000000000e+03
790        4.430000000000000000e+02
790        1.180000000000000000e+03
790        4.160000000000000000e+02
790        1.231000000000000000e+03
790        2.620000000000000000e+02
790        1.244000000000000000e+03
790        1.229000000000000000e+03
790        1.153000000000000000e+03
790        1.086000000000000000e+03
790        1.124000000000000000e+03
790        1.212000000000000000e+03
790        1.154000000000000000e+03
790        1.417000000000000000e+03
791        1.980000000000000000e+02
791        7.390000000000000000e+02
791        7.320000000000000000e+02
791        1.288000000000000000e+03
791        1.167000000000000000e+03
791        1.457000000000000000e+03
791        1.163000000000000000e+03
791        9.330000000000000000e+02
791        7.430000000000000000e+02
791        1.321000000000000000e+03
792        4.510000000000000000e+02
792        7.310000000000000000e+02
792        3.430000000000000000e+02
792        1.260000000000000000e+03
792        1.128000000000000000e+03
792        1.226000000000000000e+03
792        1.026000000000000000e+03
792        1.129000000000000000e+03
792        1.151000000000000000e+03
792        1.187000000000000000e+03
792        9.700000000000000000e+01
792        3.490000000000000000e+02
792        1.329000000000000000e+03
792        5.760000000000000000e+02
792        1.248000000000000000e+03
792        1.304000000000000000e+03
792        1.241000000000000000e+03
792        1.157000000000000000e+03
793        1.255000000000000000e+03
793        1.147000000000000000e+03
793        7.300000000000000000e+01
793        3.970000000000000000e+02
793        1.230000000000000000e+03
793        2.370000000000000000e+02
793        1.142000000000000000e+03
793        1.061000000000000000e+03
793        1.256000000000000000e+03
793        8.780000000000000000e+02
793        1.197000000000000000e+03
793        1.171000000000000000e+03
793        1.227000000000000000e+03
793        1.880000000000000000e+02
794        1.134000000000000000e+03
794        1.222000000000000000e+03
794        9.020000000000000000e+02
794        1.141000000000000000e+03
794        1.090000000000000000e+03
794        1.193000000000000000e+03
794        9.380000000000000000e+02
794        2.540000000000000000e+02
794        1.232000000000000000e+03
794        7.800000000000000000e+02
794        1.215000000000000000e+03
794        7.210000000000000000e+02
794        1.299000000000000000e+03
794        1.416000000000000000e+03
794        9.730000000000000000e+02
794        1.295000000000000000e+03
794        6.520000000000000000e+02
794        1.253000000000000000e+03
794        1.546000000000000000e+03
794        1.330000000000000000e+03
795        1.233000000000000000e+03
795        1.308000000000000000e+03
795        8.040000000000000000e+02
795        1.155000000000000000e+03
795        1.357000000000000000e+03
795        1.223000000000000000e+03
795        1.240000000000000000e+02
795        3.900000000000000000e+02
795        1.122000000000000000e+03
795        1.293000000000000000e+03
795        1.302000000000000000e+03
795        1.660000000000000000e+02
795        1.259000000000000000e+03
796        1.290000000000000000e+03
796        1.158000000000000000e+03
796        1.263000000000000000e+03
796        7.900000000000000000e+01
796        1.185000000000000000e+03
796        6.980000000000000000e+02
796        1.198000000000000000e+03
796        1.351000000000000000e+03
796        8.410000000000000000e+02
796        1.340000000000000000e+03
796        1.355000000000000000e+03
796        1.194000000000000000e+03
796        6.570000000000000000e+02
796        1.262000000000000000e+03
797        6.250000000000000000e+02
797        1.258000000000000000e+03
797        1.273000000000000000e+03
797        9.100000000000000000e+01
797        9.350000000000000000e+02
797        1.206000000000000000e+03
797        1.438000000000000000e+03
797        1.179000000000000000e+03
797        6.430000000000000000e+02
797        1.327000000000000000e+03
797        1.251000000000000000e+03
797        6.070000000000000000e+02
797        1.245000000000000000e+03
797        1.278000000000000000e+03
797        3.440000000000000000e+02
797        1.121000000000000000e+03
798        5.460000000000000000e+02
798        1.213000000000000000e+03
798        1.217000000000000000e+03
798        6.450000000000000000e+02
798        1.282000000000000000e+03
798        1.316000000000000000e+03
798        1.239000000000000000e+03
798        1.133000000000000000e+03
798        6.010000000000000000e+02
798        1.324000000000000000e+03
798        1.165000000000000000e+03
798        1.182000000000000000e+03
798        1.311000000000000000e+03
798        9.070000000000000000e+02
798        7.540000000000000000e+02
798        1.292000000000000000e+03
799        1.346000000000000000e+03
799        8.650000000000000000e+02
799        5.530000000000000000e+02
799        1.085000000000000000e+03
799        1.149000000000000000e+03
799        3.590000000000000000e+02
799        1.137000000000000000e+03
799        1.139000000000000000e+03
799        1.136000000000000000e+03
799        1.135000000000000000e+03
799        2.460000000000000000e+02
799        1.710000000000000000e+02
799        1.930000000000000000e+02
799        1.177000000000000000e+03
800        1.079000000000000000e+03
800        8.700000000000000000e+02
800        3.520000000000000000e+02
800        9.120000000000000000e+02
800        4.730000000000000000e+02
800        1.162000000000000000e+03
800        6.550000000000000000e+02
800        1.281000000000000000e+03
800        1.349000000000000000e+03
800        8.480000000000000000e+02
800        1.176000000000000000e+03
800        1.279000000000000000e+03
800        2.600000000000000000e+02
800        6.360000000000000000e+02
800        1.128000000000000000e+03
801        1.125000000000000000e+03
801        3.920000000000000000e+02
801        1.066000000000000000e+03
801        1.253000000000000000e+03
801        1.354000000000000000e+03
801        1.230000000000000000e+03
801        1.166000000000000000e+03
801        1.334000000000000000e+03
801        6.400000000000000000e+02
801        1.234000000000000000e+03
801        1.317000000000000000e+03
801        1.268000000000000000e+03
801        4.380000000000000000e+02
801        7.380000000000000000e+02
801        1.409000000000000000e+03
801        1.168000000000000000e+03
801        1.422000000000000000e+03
802        2.660000000000000000e+02
802        1.328000000000000000e+03
802        1.594000000000000000e+03
802        1.042000000000000000e+03
802        1.188000000000000000e+03
802        1.275000000000000000e+03
802        1.358000000000000000e+03
802        2.490000000000000000e+02
802        1.156000000000000000e+03
802        1.276000000000000000e+03
802        5.570000000000000000e+02
802        1.200000000000000000e+03
802        5.770000000000000000e+02
802        1.445000000000000000e+03
803        7.860000000000000000e+02
803        5.720000000000000000e+02
803        8.550000000000000000e+02
803        1.175000000000000000e+03
803        1.320000000000000000e+03
803        1.199000000000000000e+03
803        1.359000000000000000e+03
803        6.650000000000000000e+02
803        1.284000000000000000e+03
803        1.202000000000000000e+03
803        6.670000000000000000e+02
803        3.400000000000000000e+01
804        1.600000000000000000e+02
804        1.220000000000000000e+03
804        1.300000000000000000e+03
804        1.434000000000000000e+03
804        1.159000000000000000e+03
805        1.124000000000000000e+03
805        7.980000000000000000e+02
805        1.080000000000000000e+03
805        1.342000000000000000e+03
805        8.290000000000000000e+02
805        1.269000000000000000e+03
805        8.980000000000000000e+02
805        4.770000000000000000e+02
805        1.208000000000000000e+03
805        6.620000000000000000e+02
805        1.319000000000000000e+03
805        7.410000000000000000e+02
805        1.164000000000000000e+03
805        1.229000000000000000e+03
805        1.194000000000000000e+03
806        1.191000000000000000e+03
806        1.127000000000000000e+03
806        1.356000000000000000e+03
806        3.890000000000000000e+02
806        1.204000000000000000e+03
806        1.120000000000000000e+03
806        1.335000000000000000e+03
806        3.020000000000000000e+02
806        1.233000000000000000e+03
806        5.610000000000000000e+02
806        1.368000000000000000e+03
806        1.123000000000000000e+03
806        1.236000000000000000e+03
806        1.254000000000000000e+03
806        1.142000000000000000e+03
806        7.520000000000000000e+02
806        3.040000000000000000e+02
806        1.416000000000000000e+03
807        1.163000000000000000e+03
807        1.192000000000000000e+03
807        4.910000000000000000e+02
807        1.327000000000000000e+03
807        1.217000000000000000e+03
807        1.151000000000000000e+03
807        8.150000000000000000e+02
807        6.120000000000000000e+02
807        1.266000000000000000e+03
807        3.100000000000000000e+02
807        7.640000000000000000e+02
807        1.241000000000000000e+03
808        3.640000000000000000e+02
808        1.259000000000000000e+03
808        1.330000000000000000e+03
808        2.910000000000000000e+02
808        1.291000000000000000e+03
808        1.287000000000000000e+03
808        1.115000000000000000e+03
808        4.540000000000000000e+02
808        1.237000000000000000e+03
808        2.470000000000000000e+02
808        8.260000000000000000e+02
808        1.046000000000000000e+03
808        1.299000000000000000e+03
808        1.221000000000000000e+03
808        1.171000000000000000e+03
808        7.800000000000000000e+01
808        3.470000000000000000e+02
809        1.130000000000000000e+03
809        8.860000000000000000e+02
809        1.331000000000000000e+03
809        1.296000000000000000e+03
809        1.350000000000000000e+03
809        7.850000000000000000e+02
809        7.000000000000000000e+01
809        5.860000000000000000e+02
809        1.339000000000000000e+03
809        1.530000000000000000e+02
809        1.283000000000000000e+03
809        1.170000000000000000e+03
809        1.450000000000000000e+02
809        1.308000000000000000e+03
810        8.170000000000000000e+02
810        3.800000000000000000e+01
810        1.140000000000000000e+03
810        1.301000000000000000e+03
810        1.157000000000000000e+03
811        3.100000000000000000e+01
811        1.490000000000000000e+02
811        2.180000000000000000e+02
811        1.173000000000000000e+03
811        1.169000000000000000e+03
811        1.295000000000000000e+03
811        3.530000000000000000e+02
812        1.325000000000000000e+03
812        7.300000000000000000e+02
812        1.258000000000000000e+03
812        3.540000000000000000e+02
812        1.222000000000000000e+03
812        1.329000000000000000e+03
812        1.183000000000000000e+03
812        8.340000000000000000e+02
812        1.338000000000000000e+03
812        1.201000000000000000e+03
812        1.255000000000000000e+03
812        1.970000000000000000e+02
813        1.242000000000000000e+03
813        6.450000000000000000e+02
813        7.740000000000000000e+02
813        2.300000000000000000e+01
813        1.345000000000000000e+03
813        3.580000000000000000e+02
813        1.347000000000000000e+03
813        7.910000000000000000e+02
813        3.860000000000000000e+02
813        1.177000000000000000e+03
813        1.304000000000000000e+03
813        1.165000000000000000e+03
813        1.174000000000000000e+03
813        1.315000000000000000e+03
813        1.131000000000000000e+03
813        1.284000000000000000e+03
813        1.141000000000000000e+03
813        9.990000000000000000e+02
813        2.710000000000000000e+02
813        1.348000000000000000e+03
813        1.413000000000000000e+03
813        2.810000000000000000e+02
813        1.134000000000000000e+03
814        1.210000000000000000e+03
814        1.185000000000000000e+03
814        1.289000000000000000e+03
814        1.256000000000000000e+03
814        1.310000000000000000e+03
814        1.281000000000000000e+03
814        1.168000000000000000e+03
814        1.294000000000000000e+03
814        1.137000000000000000e+03
814        1.235000000000000000e+03
814        1.438000000000000000e+03
814        1.122000000000000000e+03
815        8.600000000000000000e+01
815        1.750000000000000000e+02
815        1.323000000000000000e+03
815        1.216000000000000000e+03
815        1.261000000000000000e+03
815        1.205000000000000000e+03
815        1.327000000000000000e+03
815        1.268000000000000000e+03
815        0.000000000000000000e+00
815        1.239000000000000000e+03
815        1.271000000000000000e+03
815        1.218000000000000000e+03
815        2.090000000000000000e+02
815        1.358000000000000000e+03
815        1.126000000000000000e+03
815        1.143000000000000000e+03
815        7.430000000000000000e+02
815        1.267000000000000000e+03
815        3.520000000000000000e+02
815        1.357000000000000000e+03
816        4.560000000000000000e+02
816        2.700000000000000000e+01
816        4.090000000000000000e+02
816        7.420000000000000000e+02
816        5.210000000000000000e+02
816        1.567000000000000000e+03
816        7.450000000000000000e+02
816        4.080000000000000000e+02
816        1.184000000000000000e+03
816        1.252000000000000000e+03
817        1.203000000000000000e+03
817        1.100000000000000000e+02
817        1.780000000000000000e+02
817        1.153000000000000000e+03
817        1.350000000000000000e+02
817        1.100000000000000000e+01
817        1.178000000000000000e+03
817        1.227000000000000000e+03
817        1.314000000000000000e+03
817        7.690000000000000000e+02
817        1.167000000000000000e+03
817        9.000000000000000000e+01
817        1.038000000000000000e+03
817        5.730000000000000000e+02
817        4.060000000000000000e+02
817        1.920000000000000000e+02
818        3.900000000000000000e+02
818        1.207000000000000000e+03
818        6.000000000000000000e+01
818        4.280000000000000000e+02
818        4.200000000000000000e+01
818        1.041000000000000000e+03
818        1.262000000000000000e+03
818        9.220000000000000000e+02
818        4.790000000000000000e+02
818        2.330000000000000000e+02
819        7.000000000000000000e+00
819        1.311000000000000000e+03
819        1.159000000000000000e+03
819        9.820000000000000000e+02
819        1.211000000000000000e+03
819        5.400000000000000000e+02
819        3.590000000000000000e+02
819        1.243000000000000000e+03
819        4.850000000000000000e+02
819        1.163000000000000000e+03
819        1.220000000000000000e+03
819        9.410000000000000000e+02
819        1.142000000000000000e+03
819        1.333000000000000000e+03
819        2.860000000000000000e+02
820        1.353000000000000000e+03
820        1.276000000000000000e+03
820        1.246000000000000000e+03
820        7.790000000000000000e+02
820        4.630000000000000000e+02
820        7.440000000000000000e+02
820        1.127000000000000000e+03
820        7.550000000000000000e+02
820        2.560000000000000000e+02
821        1.318000000000000000e+03
821        1.460000000000000000e+03
821        1.354000000000000000e+03
821        4.500000000000000000e+02
821        1.132000000000000000e+03
821        1.307000000000000000e+03
821        1.202000000000000000e+03
821        1.351000000000000000e+03
821        1.182000000000000000e+03
821        7.530000000000000000e+02
821        1.124000000000000000e+03
821        1.401000000000000000e+03
821        7.750000000000000000e+02
822        1.238000000000000000e+03
822        1.189000000000000000e+03
822        1.313000000000000000e+03
822        1.128000000000000000e+03
822        1.154000000000000000e+03
822        1.225000000000000000e+03
822        1.034000000000000000e+03
822        3.020000000000000000e+02
822        8.660000000000000000e+02
822        3.310000000000000000e+02
822        4.520000000000000000e+02
822        1.175000000000000000e+03
822        1.179000000000000000e+03
822        3.440000000000000000e+02
822        2.220000000000000000e+02
822        1.147000000000000000e+03
822        5.850000000000000000e+02
822        1.161000000000000000e+03
822        1.171000000000000000e+03
823        1.271000000000000000e+03
823        1.133000000000000000e+03
823        1.208000000000000000e+03
823        1.149000000000000000e+03
823        1.348000000000000000e+03
823        1.316000000000000000e+03
823        7.500000000000000000e+01
823        1.223000000000000000e+03
823        3.460000000000000000e+02
823        1.274000000000000000e+03
823        4.510000000000000000e+02
823        1.108000000000000000e+03
823        3.850000000000000000e+02
823        1.335000000000000000e+03
823        1.324000000000000000e+03
823        1.260000000000000000e+03
823        9.340000000000000000e+02
823        1.292000000000000000e+03
823        1.123000000000000000e+03
823        5.020000000000000000e+02
823        1.209000000000000000e+03
823        1.280000000000000000e+03
823        1.319000000000000000e+03
823        1.317000000000000000e+03
823        1.504000000000000000e+03
823        1.110000000000000000e+03
824        1.185000000000000000e+03
824        1.173000000000000000e+03
824        1.320000000000000000e+02
824        3.710000000000000000e+02
824        1.214000000000000000e+03
824        9.640000000000000000e+02
824        1.176000000000000000e+03
824        2.420000000000000000e+02
824        1.315000000000000000e+03
824        1.255000000000000000e+03
824        1.565000000000000000e+03
824        1.334000000000000000e+03
824        5.440000000000000000e+02
824        1.141000000000000000e+03
825        2.170000000000000000e+02
825        3.340000000000000000e+02
825        1.234000000000000000e+03
825        1.281000000000000000e+03
825        1.306000000000000000e+03
825        5.370000000000000000e+02
825        1.340000000000000000e+02
825        1.212000000000000000e+03
825        1.257000000000000000e+03
825        2.370000000000000000e+02
825        1.500000000000000000e+01
825        1.145000000000000000e+03
826        1.408000000000000000e+03
826        6.780000000000000000e+02
826        2.390000000000000000e+02
826        3.640000000000000000e+02
826        1.188000000000000000e+03
826        1.245000000000000000e+03
826        1.221000000000000000e+03
826        1.263000000000000000e+03
826        6.980000000000000000e+02
826        1.344000000000000000e+03
826        1.160000000000000000e+03
826        2.260000000000000000e+02
826        1.343000000000000000e+03
826        5.260000000000000000e+02
826        4.600000000000000000e+02
826        1.138000000000000000e+03
826        1.120000000000000000e+03
826        7.260000000000000000e+02
827        5.650000000000000000e+02
827        1.247000000000000000e+03
827        2.060000000000000000e+02
827        1.312000000000000000e+03
827        1.469000000000000000e+03
827        6.100000000000000000e+01
827        1.299000000000000000e+03
827        1.206000000000000000e+03
827        3.210000000000000000e+02
827        1.336000000000000000e+03
827        2.910000000000000000e+02
827        1.322000000000000000e+03
827        1.180000000000000000e+03
827        1.459000000000000000e+03
827        1.337000000000000000e+03
827        9.930000000000000000e+02
827        1.213000000000000000e+03
827        1.122000000000000000e+03
827        1.060000000000000000e+03
827        1.071000000000000000e+03
827        1.345000000000000000e+03
827        9.100000000000000000e+02
827        1.289000000000000000e+03
827        1.079000000000000000e+03
827        1.135000000000000000e+03
827        2.290000000000000000e+02
827        2.000000000000000000e+01
827        1.310000000000000000e+03
827        7.730000000000000000e+02
828        3.050000000000000000e+02
828        1.298000000000000000e+03
828        1.286000000000000000e+03
828        1.340000000000000000e+03
828        1.323000000000000000e+03
828        7.500000000000000000e+02
829        1.293000000000000000e+03
829        1.295000000000000000e+03
829        1.332000000000000000e+03
829        1.330000000000000000e+03
830        1.142000000000000000e+03
830        1.150000000000000000e+03
830        5.090000000000000000e+02
830        1.127000000000000000e+03
830        1.330000000000000000e+02
830        1.287000000000000000e+03
830        9.750000000000000000e+02
830        1.544000000000000000e+03
830        1.342000000000000000e+03
830        1.351000000000000000e+03
830        2.080000000000000000e+02
831        1.195000000000000000e+03
831        1.272000000000000000e+03
831        4.290000000000000000e+02
831        2.120000000000000000e+02
831        1.105000000000000000e+03
831        5.460000000000000000e+02
831        1.269000000000000000e+03
831        4.130000000000000000e+02
831        4.410000000000000000e+02
831        2.830000000000000000e+02
831        1.172000000000000000e+03
831        1.560000000000000000e+02
831        1.328000000000000000e+03
831        1.159000000000000000e+03
832        1.260000000000000000e+02
832        4.460000000000000000e+02
832        9.140000000000000000e+02
832        1.282000000000000000e+03
832        9.540000000000000000e+02
832        1.133000000000000000e+03
832        1.201000000000000000e+03
832        1.199000000000000000e+03
832        5.600000000000000000e+02
832        1.283000000000000000e+03
832        1.300000000000000000e+03
832        1.339000000000000000e+03
832        6.810000000000000000e+02
832        1.155000000000000000e+03
832        1.218000000000000000e+03
832        7.650000000000000000e+02
832        1.040000000000000000e+03
832        1.277000000000000000e+03
832        1.197000000000000000e+03
832        5.450000000000000000e+02
832        1.229000000000000000e+03
832        2.300000000000000000e+02
832        1.505000000000000000e+03
832        1.021000000000000000e+03
832        1.152000000000000000e+03
832        1.153000000000000000e+03
832        8.890000000000000000e+02
832        1.412000000000000000e+03
832        1.275000000000000000e+03
832        1.109000000000000000e+03
832        1.239000000000000000e+03
833        1.259000000000000000e+03
833        2.730000000000000000e+02
833        1.304000000000000000e+03
833        1.262000000000000000e+03
833        1.209000000000000000e+03
833        7.410000000000000000e+02
833        7.050000000000000000e+02
833        8.350000000000000000e+02
833        1.039000000000000000e+03
833        1.144000000000000000e+03
833        7.720000000000000000e+02
833        8.000000000000000000e+02
834        6.190000000000000000e+02
834        1.215000000000000000e+03
834        4.620000000000000000e+02
834        1.207000000000000000e+03
834        1.276000000000000000e+03
834        8.300000000000000000e+02
834        1.256000000000000000e+03
834        2.770000000000000000e+02
834        1.187000000000000000e+03
834        1.204000000000000000e+03
834        1.292000000000000000e+03
834        1.216000000000000000e+03
835        1.158000000000000000e+03
835        1.200000000000000000e+03
835        1.346000000000000000e+03
835        2.020000000000000000e+02
835        1.341000000000000000e+03
835        9.250000000000000000e+02
835        1.106000000000000000e+03
835        8.320000000000000000e+02
835        9.110000000000000000e+02
835        1.227000000000000000e+03
835        1.318000000000000000e+03
835        7.680000000000000000e+02
835        1.067000000000000000e+03
835        1.177000000000000000e+03
835        4.110000000000000000e+02
835        8.100000000000000000e+01
835        6.780000000000000000e+02
835        1.320000000000000000e+03
835        1.420000000000000000e+03
835        6.790000000000000000e+02
835        1.219000000000000000e+03
835        1.141000000000000000e+03
836        1.164000000000000000e+03
836        1.226000000000000000e+03
836        1.344000000000000000e+03
836        3.550000000000000000e+02
836        1.860000000000000000e+02
836        6.420000000000000000e+02
836        1.188000000000000000e+03
836        1.181000000000000000e+03
836        8.540000000000000000e+02
836        1.278000000000000000e+03
836        1.068000000000000000e+03
836        1.316000000000000000e+03
836        4.000000000000000000e+02
836        1.790000000000000000e+02
836        8.980000000000000000e+02
836        9.780000000000000000e+02
836        1.112000000000000000e+03
836        1.193000000000000000e+03
836        1.179000000000000000e+03
836        1.171000000000000000e+03
836        6.120000000000000000e+02
836        1.251000000000000000e+03
836        1.554000000000000000e+03
836        1.302000000000000000e+03
836        1.288000000000000000e+03
836        2.580000000000000000e+02
836        1.167000000000000000e+03
836        8.150000000000000000e+02
836        1.182000000000000000e+03
836        8.410000000000000000e+02
836        1.296000000000000000e+03
837        1.333000000000000000e+03
837        1.190000000000000000e+03
837        1.258000000000000000e+03
837        1.241000000000000000e+03
837        1.334000000000000000e+03
837        1.030000000000000000e+03
837        1.222000000000000000e+03
837        1.134000000000000000e+03
837        1.178000000000000000e+03
837        3.330000000000000000e+02
837        8.680000000000000000e+02
837        1.130000000000000000e+03
837        3.560000000000000000e+02
837        1.326000000000000000e+03
837        1.104000000000000000e+03
837        2.500000000000000000e+02
837        1.228000000000000000e+03
837        1.338000000000000000e+03
837        1.235000000000000000e+03
837        2.260000000000000000e+02
838        1.088000000000000000e+03
838        1.358000000000000000e+03
838        5.500000000000000000e+02
838        1.730000000000000000e+02
838        1.290000000000000000e+03
839        7.070000000000000000e+02
839        8.340000000000000000e+02
839        3.350000000000000000e+02
839        9.240000000000000000e+02
839        1.284000000000000000e+03
839        1.242000000000000000e+03
839        1.930000000000000000e+02
839        1.194000000000000000e+03
839        4.760000000000000000e+02
839        1.335000000000000000e+03
839        1.120000000000000000e+03
840        1.351000000000000000e+03
840        6.090000000000000000e+02
840        8.420000000000000000e+02
840        1.257000000000000000e+03
840        1.208000000000000000e+03
840        1.274000000000000000e+03
840        1.180000000000000000e+03
840        1.317000000000000000e+03
840        1.337000000000000000e+03
840        1.086000000000000000e+03
840        1.196000000000000000e+03
840        3.480000000000000000e+02
840        1.122000000000000000e+03
840        1.064000000000000000e+03
840        1.261000000000000000e+03
840        1.170000000000000000e+03
840        7.690000000000000000e+02
840        4.570000000000000000e+02
840        1.314000000000000000e+03
840        6.980000000000000000e+02
840        1.319000000000000000e+03
840        6.560000000000000000e+02
840        8.650000000000000000e+02
841        7.500000000000000000e+01
841        1.286000000000000000e+03
841        5.380000000000000000e+02
841        9.150000000000000000e+02
841        1.011000000000000000e+03
841        1.183000000000000000e+03
841        1.255000000000000000e+03
841        7.360000000000000000e+02
841        9.310000000000000000e+02
841        1.121000000000000000e+03
841        7.380000000000000000e+02
841        1.124000000000000000e+03
842        1.245000000000000000e+03
842        8.660000000000000000e+02
842        1.191000000000000000e+03
842        9.220000000000000000e+02
842        8.940000000000000000e+02
842        1.345000000000000000e+03
842        1.271000000000000000e+03
842        1.910000000000000000e+02
842        1.129000000000000000e+03
842        1.273000000000000000e+03
842        8.360000000000000000e+02
842        7.000000000000000000e+00
842        1.162000000000000000e+03
842        1.117000000000000000e+03
843        1.166000000000000000e+03
843        9.680000000000000000e+02
843        1.099000000000000000e+03
843        5.700000000000000000e+02
843        1.450000000000000000e+02
843        8.030000000000000000e+02
843        1.108000000000000000e+03
843        8.370000000000000000e+02
843        4.300000000000000000e+01
843        1.263000000000000000e+03
843        1.131000000000000000e+03
843        4.150000000000000000e+02
843        1.301000000000000000e+03
843        7.200000000000000000e+01
843        9.890000000000000000e+02
843        1.256000000000000000e+03
843        1.144000000000000000e+03
843        4.430000000000000000e+02
843        1.217000000000000000e+03
843        1.254000000000000000e+03
844        3.770000000000000000e+02
844        1.336000000000000000e+03
844        2.720000000000000000e+02
844        1.140000000000000000e+03
844        8.070000000000000000e+02
844        1.205000000000000000e+03
844        1.127000000000000000e+03
844        1.211000000000000000e+03
844        4.560000000000000000e+02
844        4.960000000000000000e+02
844        1.146000000000000000e+03
844        1.307000000000000000e+03
844        1.259000000000000000e+03
844        1.610000000000000000e+02
844        1.156000000000000000e+03
844        1.376000000000000000e+03
844        2.740000000000000000e+02
845        8.050000000000000000e+02
845        1.139000000000000000e+03
845        1.232000000000000000e+03
845        4.680000000000000000e+02
845        1.155000000000000000e+03
845        1.216000000000000000e+03
845        8.380000000000000000e+02
845        1.309000000000000000e+03
845        5.510000000000000000e+02
845        3.380000000000000000e+02
845        1.240000000000000000e+03
845        1.175000000000000000e+03
845        1.178000000000000000e+03
845        9.970000000000000000e+02
845        1.300000000000000000e+03
845        1.324000000000000000e+03
845        1.092000000000000000e+03
846        1.103000000000000000e+03
846        1.123000000000000000e+03
846        4.200000000000000000e+01
846        8.480000000000000000e+02
846        9.880000000000000000e+02
846        3.730000000000000000e+02
846        6.000000000000000000e+00
846        4.790000000000000000e+02
846        4.800000000000000000e+02
846        1.169000000000000000e+03
846        1.306000000000000000e+03
846        1.338000000000000000e+03
846        1.269000000000000000e+03
846        1.262000000000000000e+03
846        1.325000000000000000e+03
846        1.153000000000000000e+03
846        1.227000000000000000e+03
847        1.285000000000000000e+03
847        1.466000000000000000e+03
847        1.344000000000000000e+03
847        7.130000000000000000e+02
847        8.230000000000000000e+02
847        1.202000000000000000e+03
847        1.149000000000000000e+03
847        2.700000000000000000e+01
847        1.490000000000000000e+02
847        1.223000000000000000e+03
847        1.281000000000000000e+03
847        1.298000000000000000e+03
847        3.890000000000000000e+02
847        1.270000000000000000e+02
847        3.510000000000000000e+02
847        1.221000000000000000e+03
847        1.341000000000000000e+03
847        1.349000000000000000e+03
847        1.198000000000000000e+03
847        1.185000000000000000e+03
847        5.150000000000000000e+02
847        8.400000000000000000e+01
847        1.186000000000000000e+03
847        4.300000000000000000e+02
847        5.050000000000000000e+02
848        1.253000000000000000e+03
848        1.340000000000000000e+03
848        6.370000000000000000e+02
848        1.136000000000000000e+03
848        1.330000000000000000e+03
848        7.280000000000000000e+02
848        8.690000000000000000e+02
848        6.130000000000000000e+02
848        1.346000000000000000e+03
848        1.132000000000000000e+03
848        1.509000000000000000e+03
848        1.233000000000000000e+03
848        8.610000000000000000e+02
848        1.400000000000000000e+01
848        2.030000000000000000e+02
848        5.620000000000000000e+02
848        1.147000000000000000e+03
848        1.145000000000000000e+03
848        1.291000000000000000e+03
848        1.242000000000000000e+03
848        6.060000000000000000e+02
848        1.230000000000000000e+03
848        1.207000000000000000e+03
848        1.363000000000000000e+03
849        1.080000000000000000e+03
849        1.293000000000000000e+03
849        2.830000000000000000e+02
849        1.197000000000000000e+03
849        1.313000000000000000e+03
849        3.420000000000000000e+02
849        1.006000000000000000e+03
849        1.348000000000000000e+03
849        1.160000000000000000e+03
849        1.302000000000000000e+03
849        1.189000000000000000e+03
850        1.273000000000000000e+03
850        1.314000000000000000e+03
850        1.154000000000000000e+03
850        9.100000000000000000e+01
850        5.040000000000000000e+02
850        7.990000000000000000e+02
850        1.319000000000000000e+03
850        4.740000000000000000e+02
850        1.226000000000000000e+03
850        7.630000000000000000e+02
850        1.235000000000000000e+03
850        8.910000000000000000e+02
850        1.410000000000000000e+03
850        1.215000000000000000e+03
850        1.308000000000000000e+03
850        1.332000000000000000e+03
850        9.810000000000000000e+02
850        1.119000000000000000e+03
850        1.176000000000000000e+03
851        1.329000000000000000e+03
851        6.970000000000000000e+02
851        7.400000000000000000e+01
851        1.069000000000000000e+03
851        1.278000000000000000e+03
851        5.470000000000000000e+02
851        1.181000000000000000e+03
851        1.312000000000000000e+03
852        1.113000000000000000e+03
852        1.023000000000000000e+03
852        1.260000000000000000e+03
852        1.351000000000000000e+03
852        4.400000000000000000e+01
852        3.910000000000000000e+02
852        1.111000000000000000e+03
852        1.049000000000000000e+03
852        7.800000000000000000e+02
852        9.910000000000000000e+02
852        1.244000000000000000e+03
853        8.200000000000000000e+01
853        6.760000000000000000e+02
853        1.250000000000000000e+03
853        7.790000000000000000e+02
853        1.204000000000000000e+03
853        2.710000000000000000e+02
853        1.138000000000000000e+03
853        1.228000000000000000e+03
853        6.110000000000000000e+02
853        1.283000000000000000e+03
853        1.142000000000000000e+03
853        6.260000000000000000e+02
853        1.352000000000000000e+03
853        5.670000000000000000e+02
853        1.210000000000000000e+02
854        7.570000000000000000e+02
854        2.850000000000000000e+02
854        1.196000000000000000e+03
854        1.190000000000000000e+03
854        1.200000000000000000e+01
854        1.156000000000000000e+03
854        1.225000000000000000e+03
854        5.570000000000000000e+02
854        1.276000000000000000e+03
854        1.243000000000000000e+03
854        1.286000000000000000e+03
854        1.183000000000000000e+03
855        9.140000000000000000e+02
855        1.251000000000000000e+03
855        1.187000000000000000e+03
855        1.311000000000000000e+03
855        9.000000000000000000e+02
856        1.229000000000000000e+03
856        1.418000000000000000e+03
856        1.294000000000000000e+03
856        2.860000000000000000e+02
857        1.153000000000000000e+03
857        2.750000000000000000e+02
857        1.297000000000000000e+03
857        1.148000000000000000e+03
857        6.170000000000000000e+02
857        1.150000000000000000e+03
857        1.320000000000000000e+03
857        1.123000000000000000e+03
857        1.419000000000000000e+03
858        1.192000000000000000e+03
858        1.036000000000000000e+03
858        1.337000000000000000e+03
858        1.191000000000000000e+03
858        5.650000000000000000e+02
858        8.530000000000000000e+02
858        5.000000000000000000e+00
858        1.165000000000000000e+03
858        9.130000000000000000e+02
858        3.400000000000000000e+01
858        1.273000000000000000e+03
858        1.158000000000000000e+03
858        1.162000000000000000e+03
858        1.180000000000000000e+03
859        6.750000000000000000e+02
859        1.275000000000000000e+03
859        1.382000000000000000e+03
859        1.194000000000000000e+03
859        1.095000000000000000e+03
859        1.357000000000000000e+03
859        6.340000000000000000e+02
859        1.169000000000000000e+03
859        1.210000000000000000e+03
859        9.030000000000000000e+02
859        1.322000000000000000e+03
859        1.281000000000000000e+03
859        1.011000000000000000e+03
860        2.300000000000000000e+01
860        9.690000000000000000e+02
860        1.249000000000000000e+03
860        1.185000000000000000e+03
860        5.710000000000000000e+02
860        1.238000000000000000e+03
860        2.720000000000000000e+02
860        4.290000000000000000e+02
860        6.610000000000000000e+02
860        1.306000000000000000e+03
860        4.270000000000000000e+02
860        1.236000000000000000e+03
860        1.328000000000000000e+03
860        1.350000000000000000e+03
860        1.155000000000000000e+03
860        2.870000000000000000e+02
860        3.350000000000000000e+02
860        1.133000000000000000e+03
860        1.177000000000000000e+03
861        1.181000000000000000e+03
861        8.320000000000000000e+02
861        1.532000000000000000e+03
861        7.240000000000000000e+02
861        1.149000000000000000e+03
861        1.166000000000000000e+03
861        1.209000000000000000e+03
861        5.090000000000000000e+02
861        1.300000000000000000e+03
861        3.270000000000000000e+02
861        1.048000000000000000e+03
861        1.332000000000000000e+03
861        1.303000000000000000e+03
861        3.070000000000000000e+02
861        1.144000000000000000e+03
861        1.222000000000000000e+03
861        1.097000000000000000e+03
861        6.890000000000000000e+02
861        1.232000000000000000e+03
861        1.336000000000000000e+03
861        6.100000000000000000e+02
862        1.339000000000000000e+03
862        1.206000000000000000e+03
862        1.246000000000000000e+03
862        1.318000000000000000e+03
862        1.317000000000000000e+03
862        4.660000000000000000e+02
862        4.220000000000000000e+02
862        7.750000000000000000e+02
862        1.129000000000000000e+03
862        9.200000000000000000e+01
862        1.230000000000000000e+03
862        1.279000000000000000e+03
862        1.237000000000000000e+03
863        8.000000000000000000e+01
863        6.700000000000000000e+02
863        1.135000000000000000e+03
863        1.321000000000000000e+03
863        9.830000000000000000e+02
863        5.240000000000000000e+02
863        1.324000000000000000e+03
863        1.289000000000000000e+03
863        1.348000000000000000e+03
863        7.930000000000000000e+02
863        1.282000000000000000e+03
863        1.265000000000000000e+03
863        1.207000000000000000e+03
863        8.940000000000000000e+02
863        1.288000000000000000e+03
863        1.233000000000000000e+03
864        1.295000000000000000e+03
864        6.310000000000000000e+02
864        1.341000000000000000e+03
864        2.190000000000000000e+02
864        8.040000000000000000e+02
864        1.370000000000000000e+02
864        1.280000000000000000e+03
864        1.195000000000000000e+03
864        1.061000000000000000e+03
864        1.188000000000000000e+03
864        1.333000000000000000e+03
864        1.239000000000000000e+03
864        1.253000000000000000e+03
864        1.128000000000000000e+03
864        1.256000000000000000e+03
864        1.231000000000000000e+03
864        1.284000000000000000e+03
864        1.359000000000000000e+03
864        1.212000000000000000e+03
864        1.268000000000000000e+03
865        1.132000000000000000e+03
865        4.150000000000000000e+02
865        1.342000000000000000e+03
865        1.085000000000000000e+03
865        1.102000000000000000e+03
865        1.140000000000000000e+03
865        1.225000000000000000e+03
865        1.900000000000000000e+01
865        6.440000000000000000e+02
865        1.262000000000000000e+03
865        6.900000000000000000e+02
865        1.187000000000000000e+03
865        1.340000000000000000e+03
865        1.270000000000000000e+03
865        1.346000000000000000e+03
865        1.227000000000000000e+03
865        1.310000000000000000e+03
865        1.186000000000000000e+03
866        1.200000000000000000e+02
866        1.123000000000000000e+03
866        9.110000000000000000e+02
866        2.500000000000000000e+01
866        1.316000000000000000e+03
866        1.291000000000000000e+03
866        1.349000000000000000e+03
866        7.010000000000000000e+02
866        3.000000000000000000e+01
867        1.241000000000000000e+03
867        9.620000000000000000e+02
867        1.189000000000000000e+03
867        1.178000000000000000e+03
867        5.370000000000000000e+02
867        1.338000000000000000e+03
867        1.259000000000000000e+03
867        1.143000000000000000e+03
868        1.257000000000000000e+03
868        1.254000000000000000e+03
868        1.297000000000000000e+03
868        1.154000000000000000e+03
868        1.190000000000000000e+03
868        1.299000000000000000e+03
868        1.161000000000000000e+03
868        9.010000000000000000e+02
868        5.960000000000000000e+02
868        1.325000000000000000e+03
868        1.160000000000000000e+02
868        8.540000000000000000e+02
868        1.500000000000000000e+01
869        4.040000000000000000e+02
869        1.136000000000000000e+03
869        3.110000000000000000e+02
869        1.248000000000000000e+03
869        8.200000000000000000e+01
869        4.640000000000000000e+02
869        1.238000000000000000e+03
869        1.135000000000000000e+03
869        2.730000000000000000e+02
869        1.197000000000000000e+03
869        7.430000000000000000e+02
869        4.200000000000000000e+01
869        9.680000000000000000e+02
870        2.970000000000000000e+02
870        6.100000000000000000e+02
870        4.490000000000000000e+02
870        1.305000000000000000e+03
870        3.790000000000000000e+02
870        6.190000000000000000e+02
870        1.323000000000000000e+03
870        1.263000000000000000e+03
870        1.360000000000000000e+03
870        5.160000000000000000e+02
871        3.940000000000000000e+02
871        6.000000000000000000e+02
871        8.790000000000000000e+02
871        1.221000000000000000e+03
871        1.122000000000000000e+03
871        1.352000000000000000e+03
871        5.140000000000000000e+02
871        1.164000000000000000e+03
871        1.153000000000000000e+03
872        1.163000000000000000e+03
872        7.450000000000000000e+02
872        1.169000000000000000e+03
872        1.930000000000000000e+02
872        1.130000000000000000e+03
872        9.120000000000000000e+02
872        1.344000000000000000e+03
872        6.400000000000000000e+01
872        6.900000000000000000e+01
872        2.610000000000000000e+02
872        1.290000000000000000e+03
872        6.460000000000000000e+02
872        1.486000000000000000e+03
872        1.218000000000000000e+03
872        9.400000000000000000e+01
872        1.410000000000000000e+02
872        9.230000000000000000e+02
872        2.360000000000000000e+02
872        4.960000000000000000e+02
872        1.310000000000000000e+03
872        2.870000000000000000e+02
873        1.337000000000000000e+03
873        3.300000000000000000e+01
873        1.234000000000000000e+03
873        1.300000000000000000e+02
873        8.820000000000000000e+02
873        8.110000000000000000e+02
873        1.043000000000000000e+03
873        2.600000000000000000e+01
873        1.180000000000000000e+03
873        1.145000000000000000e+03
873        1.275000000000000000e+03
873        1.345000000000000000e+03
873        2.530000000000000000e+02
873        3.000000000000000000e+02
873        1.142000000000000000e+03
873        1.298000000000000000e+03
873        1.167000000000000000e+03
873        1.134000000000000000e+03
873        1.107000000000000000e+03
873        1.183000000000000000e+03
873        1.312000000000000000e+03
873        1.126000000000000000e+03
873        1.214000000000000000e+03
873        1.460000000000000000e+02
873        1.209000000000000000e+03
873        1.133000000000000000e+03
874        1.334000000000000000e+03
874        1.131000000000000000e+03
874        1.277000000000000000e+03
874        1.129000000000000000e+03
874        3.100000000000000000e+02
874        1.249000000000000000e+03
874        1.309000000000000000e+03
874        1.308000000000000000e+03
874        1.092000000000000000e+03
874        1.319000000000000000e+03
874        1.526000000000000000e+03
874        1.125000000000000000e+03
874        2.250000000000000000e+02
874        1.580000000000000000e+03
874        1.166000000000000000e+03
874        4.530000000000000000e+02
874        6.490000000000000000e+02
874        5.100000000000000000e+01
874        5.220000000000000000e+02
874        7.530000000000000000e+02
874        1.000000000000000000e+02
874        1.281000000000000000e+03
874        1.186000000000000000e+03
875        8.030000000000000000e+02
875        1.211000000000000000e+03
875        2.030000000000000000e+02
875        1.216000000000000000e+03
875        6.910000000000000000e+02
876        3.840000000000000000e+02
876        1.205000000000000000e+03
876        1.258000000000000000e+03
876        1.035000000000000000e+03
876        1.182000000000000000e+03
876        1.220000000000000000e+03
876        1.232000000000000000e+03
876        2.900000000000000000e+02
876        9.850000000000000000e+02
877        1.119000000000000000e+03
877        1.190000000000000000e+03
877        1.233000000000000000e+03
877        9.000000000000000000e+02
877        8.150000000000000000e+02
877        1.244000000000000000e+03
877        5.190000000000000000e+02
877        1.241000000000000000e+03
877        1.058000000000000000e+03
877        1.229000000000000000e+03
877        1.294000000000000000e+03
877        5.270000000000000000e+02
878        1.170000000000000000e+03
878        1.222000000000000000e+03
878        5.570000000000000000e+02
878        1.247000000000000000e+03
878        9.910000000000000000e+02
878        1.172000000000000000e+03
878        1.204000000000000000e+03
878        1.326000000000000000e+03
878        1.177000000000000000e+03
878        9.090000000000000000e+02
878        1.343000000000000000e+03
878        3.210000000000000000e+02
878        1.158000000000000000e+03
879        1.231000000000000000e+03
879        1.339000000000000000e+03
879        1.293000000000000000e+03
879        1.081000000000000000e+03
879        7.800000000000000000e+02
879        5.760000000000000000e+02
879        9.440000000000000000e+02
879        1.207000000000000000e+03
879        1.520000000000000000e+02
879        7.580000000000000000e+02
879        5.170000000000000000e+02
879        8.240000000000000000e+02
879        1.276000000000000000e+03
879        6.980000000000000000e+02
879        1.150000000000000000e+03
879        9.180000000000000000e+02
879        9.890000000000000000e+02
880        1.286000000000000000e+03
880        1.215000000000000000e+03
880        1.333000000000000000e+03
880        1.138000000000000000e+03
880        1.267000000000000000e+03
880        1.270000000000000000e+03
880        1.236000000000000000e+03
880        1.174000000000000000e+03
880        9.030000000000000000e+02
880        1.219000000000000000e+03
881        1.179000000000000000e+03
881        1.335000000000000000e+03
881        1.151000000000000000e+03
881        1.332000000000000000e+03
881        1.347000000000000000e+03
881        3.150000000000000000e+02
881        1.254000000000000000e+03
881        1.175000000000000000e+03
881        1.110000000000000000e+03
881        3.420000000000000000e+02
881        1.316000000000000000e+03
881        1.156000000000000000e+03
881        1.188000000000000000e+03
881        1.223000000000000000e+03
881        7.660000000000000000e+02
881        6.850000000000000000e+02
882        4.160000000000000000e+02
882        4.000000000000000000e+01
882        1.258000000000000000e+03
882        1.287000000000000000e+03
882        1.202000000000000000e+03
882        6.390000000000000000e+02
882        1.178000000000000000e+03
882        1.246000000000000000e+03
882        1.285000000000000000e+03
883        1.235000000000000000e+03
883        1.045000000000000000e+03
883        5.400000000000000000e+01
883        4.130000000000000000e+02
883        1.265000000000000000e+03
883        4.950000000000000000e+02
883        1.290000000000000000e+03
883        1.124000000000000000e+03
883        1.147000000000000000e+03
883        1.140000000000000000e+03
883        1.257000000000000000e+03
883        1.209000000000000000e+03
883        1.018000000000000000e+03
883        1.537000000000000000e+03
883        7.100000000000000000e+02
884        4.420000000000000000e+02
884        1.910000000000000000e+02
884        3.970000000000000000e+02
884        1.249000000000000000e+03
884        1.250000000000000000e+03
884        7.330000000000000000e+02
885        1.162000000000000000e+03
885        1.206000000000000000e+03
885        1.226000000000000000e+03
885        1.088000000000000000e+03
885        1.307000000000000000e+03
885        1.291000000000000000e+03
885        1.105000000000000000e+03
885        9.040000000000000000e+02
885        3.330000000000000000e+02
885        1.264000000000000000e+03
885        1.129000000000000000e+03
885        1.181000000000000000e+03
885        3.300000000000000000e+02
885        4.630000000000000000e+02
885        7.960000000000000000e+02
885        1.298000000000000000e+03
885        9.600000000000000000e+01
885        4.930000000000000000e+02
885        3.750000000000000000e+02
885        1.350000000000000000e+03
885        1.302000000000000000e+03
885        1.237000000000000000e+03
885        1.346000000000000000e+03
885        6.150000000000000000e+02
886        1.099000000000000000e+03
886        1.154000000000000000e+03
886        9.020000000000000000e+02
886        1.157000000000000000e+03
886        1.100000000000000000e+03
886        1.126000000000000000e+03
886        1.256000000000000000e+03
886        1.305000000000000000e+03
886        1.576000000000000000e+03
887        2.280000000000000000e+02
887        1.328000000000000000e+03
887        6.790000000000000000e+02
887        6.170000000000000000e+02
887        8.540000000000000000e+02
887        1.341000000000000000e+03
887        5.930000000000000000e+02
887        1.283000000000000000e+03
887        1.021000000000000000e+03
887        6.990000000000000000e+02
887        3.550000000000000000e+02
887        4.820000000000000000e+02
888        1.006000000000000000e+03
888        8.980000000000000000e+02
888        1.322000000000000000e+03
888        1.095000000000000000e+03
888        1.158000000000000000e+03
888        1.184000000000000000e+03
888        1.091000000000000000e+03
888        1.409000000000000000e+03
889        1.271000000000000000e+03
889        6.050000000000000000e+02
889        1.247000000000000000e+03
889        8.960000000000000000e+02
889        6.800000000000000000e+02
889        1.314000000000000000e+03
889        1.337000000000000000e+03
889        3.510000000000000000e+02
889        7.180000000000000000e+02
889        1.183000000000000000e+03
889        2.690000000000000000e+02
889        1.208000000000000000e+03
889        6.130000000000000000e+02
889        1.234000000000000000e+03
889        1.348000000000000000e+03
889        9.430000000000000000e+02
889        1.077000000000000000e+03
889        8.250000000000000000e+02
890        1.212000000000000000e+03
890        8.490000000000000000e+02
890        1.149000000000000000e+03
890        1.041000000000000000e+03
890        9.110000000000000000e+02
890        5.520000000000000000e+02
890        1.650000000000000000e+02
890        1.187000000000000000e+03
890        1.224000000000000000e+03
890        1.016000000000000000e+03
890        1.359000000000000000e+03
891        8.970000000000000000e+02
891        1.199000000000000000e+03
891        3.500000000000000000e+01
891        4.680000000000000000e+02
891        1.253000000000000000e+03
891        5.260000000000000000e+02
891        7.520000000000000000e+02
891        1.229000000000000000e+03
892        4.500000000000000000e+02
892        1.173000000000000000e+03
892        1.169000000000000000e+03
892        1.056000000000000000e+03
892        1.358000000000000000e+03
892        1.144000000000000000e+03
892        1.146000000000000000e+03
892        3.170000000000000000e+02
892        1.352000000000000000e+03
892        4.210000000000000000e+02
892        1.011000000000000000e+03
892        1.200000000000000000e+03
892        2.330000000000000000e+02
893        1.280000000000000000e+03
893        1.164000000000000000e+03
893        1.323000000000000000e+03
893        1.335000000000000000e+03
893        5.180000000000000000e+02
893        1.133000000000000000e+03
893        1.326000000000000000e+03
893        1.262000000000000000e+03
893        5.680000000000000000e+02
893        1.240000000000000000e+03
893        1.313000000000000000e+03
893        1.009000000000000000e+03
893        4.390000000000000000e+02
893        1.330000000000000000e+03
893        1.124000000000000000e+03
893        1.304000000000000000e+03
893        1.020000000000000000e+03
893        1.119000000000000000e+03
893        1.317000000000000000e+03
893        5.400000000000000000e+01
893        4.920000000000000000e+02
893        2.400000000000000000e+02
894        1.142000000000000000e+03
894        1.345000000000000000e+03
894        1.211000000000000000e+03
894        4.220000000000000000e+02
894        1.239000000000000000e+03
894        1.125000000000000000e+03
894        5.380000000000000000e+02
894        1.324000000000000000e+03
894        1.213000000000000000e+03
894        1.880000000000000000e+02
894        6.820000000000000000e+02
894        1.257000000000000000e+03
894        1.145000000000000000e+03
894        1.013000000000000000e+03
894        9.070000000000000000e+02
895        1.179000000000000000e+03
895        1.325000000000000000e+03
895        1.222000000000000000e+03
895        1.282000000000000000e+03
895        6.950000000000000000e+02
895        6.800000000000000000e+01
895        1.273000000000000000e+03
895        7.150000000000000000e+02
895        1.340000000000000000e+03
895        3.340000000000000000e+02
895        1.362000000000000000e+03
895        2.320000000000000000e+02
895        6.510000000000000000e+02
895        1.236000000000000000e+03
896        1.244000000000000000e+03
896        1.150000000000000000e+03
896        6.000000000000000000e+01
896        1.327000000000000000e+03
896        1.332000000000000000e+03
896        8.660000000000000000e+02
896        1.425000000000000000e+03
896        1.299000000000000000e+03
896        1.329000000000000000e+03
896        1.159000000000000000e+03
896        1.175000000000000000e+03
896        1.166000000000000000e+03
896        1.220000000000000000e+03
896        1.309000000000000000e+03
897        1.139000000000000000e+03
897        1.235000000000000000e+03
897        9.150000000000000000e+02
897        7.920000000000000000e+02
897        1.278000000000000000e+03
897        1.354000000000000000e+03
897        8.770000000000000000e+02
897        4.350000000000000000e+02
897        4.490000000000000000e+02
897        1.121000000000000000e+03
898        1.183000000000000000e+03
898        1.163000000000000000e+03
898        1.171000000000000000e+03
898        1.210000000000000000e+03
898        1.245000000000000000e+03
898        1.069000000000000000e+03
898        1.559000000000000000e+03
899        1.261000000000000000e+03
899        1.122000000000000000e+03
899        8.280000000000000000e+02
899        1.321000000000000000e+03
899        1.333000000000000000e+03
899        3.000000000000000000e+00
899        1.311000000000000000e+03
899        1.190000000000000000e+03
899        7.270000000000000000e+02
899        1.800000000000000000e+02
899        2.100000000000000000e+02
900        1.115000000000000000e+03
900        1.337000000000000000e+03
900        1.194000000000000000e+03
900        7.500000000000000000e+02
900        1.312000000000000000e+03
900        3.610000000000000000e+02
900        1.316000000000000000e+03
900        1.344000000000000000e+03
900        1.259000000000000000e+03
901        1.223000000000000000e+03
901        1.221000000000000000e+03
901        1.286000000000000000e+03
901        1.339000000000000000e+03
901        1.284000000000000000e+03
901        1.630000000000000000e+02
901        8.530000000000000000e+02
901        1.314000000000000000e+03
901        1.191000000000000000e+03
902        1.400000000000000000e+02
902        1.342000000000000000e+03
902        1.199000000000000000e+03
902        1.268000000000000000e+03
902        1.152000000000000000e+03
902        9.740000000000000000e+02
902        7.990000000000000000e+02
902        2.200000000000000000e+01
903        1.301000000000000000e+03
903        1.234000000000000000e+03
903        1.230000000000000000e+03
903        1.187000000000000000e+03
903        3.350000000000000000e+02
903        1.212000000000000000e+03
903        1.196000000000000000e+03
903        2.090000000000000000e+02
904        4.690000000000000000e+02
904        1.185000000000000000e+03
904        1.283000000000000000e+03
904        2.970000000000000000e+02
904        6.070000000000000000e+02
904        1.226000000000000000e+03
904        1.326000000000000000e+03
904        1.216000000000000000e+03
904        8.800000000000000000e+01
904        4.930000000000000000e+02
904        1.269000000000000000e+03
905        1.343000000000000000e+03
905        1.700000000000000000e+01
905        4.000000000000000000e+00
905        6.450000000000000000e+02
905        1.315000000000000000e+03
905        1.288000000000000000e+03
905        1.174000000000000000e+03
905        1.279000000000000000e+03
905        5.840000000000000000e+02
905        5.730000000000000000e+02
905        1.260000000000000000e+03
905        1.178000000000000000e+03
906        7.070000000000000000e+02
906        4.250000000000000000e+02
906        7.100000000000000000e+01
906        7.720000000000000000e+02
906        1.126000000000000000e+03
906        4.440000000000000000e+02
906        5.710000000000000000e+02
906        6.690000000000000000e+02
907        1.201000000000000000e+03
907        5.930000000000000000e+02
907        1.356000000000000000e+03
907        1.203000000000000000e+03
907        1.237000000000000000e+03
907        1.059000000000000000e+03
907        9.510000000000000000e+02
908        1.292000000000000000e+03
908        3.470000000000000000e+02
908        5.130000000000000000e+02
908        6.000000000000000000e+02
908        1.325000000000000000e+03
909        1.262000000000000000e+03
909        1.022000000000000000e+03
909        1.248000000000000000e+03
909        5.100000000000000000e+01
909        9.410000000000000000e+02
909        4.310000000000000000e+02
909        8.760000000000000000e+02
909        1.239000000000000000e+03
909        3.540000000000000000e+02
909        9.520000000000000000e+02
909        1.120000000000000000e+03
909        4.970000000000000000e+02
909        3.830000000000000000e+02
909        1.189000000000000000e+03
910        1.138000000000000000e+03
910        5.020000000000000000e+02
910        1.486000000000000000e+03
910        7.610000000000000000e+02
910        1.207000000000000000e+03
910        1.274000000000000000e+03
910        9.890000000000000000e+02
910        5.000000000000000000e+00
910        4.540000000000000000e+02
910        1.129000000000000000e+03
910        9.250000000000000000e+02
910        1.150000000000000000e+03
910        1.182000000000000000e+03
910        6.870000000000000000e+02
911        1.166000000000000000e+03
911        1.252000000000000000e+03
911        4.150000000000000000e+02
911        1.285000000000000000e+03
911        1.235000000000000000e+03
911        7.350000000000000000e+02
911        1.164000000000000000e+03
912        1.061000000000000000e+03
912        1.213000000000000000e+03
912        1.008000000000000000e+03
912        4.290000000000000000e+02
912        6.330000000000000000e+02
912        1.132000000000000000e+03
912        1.394000000000000000e+03
912        5.260000000000000000e+02
912        1.228000000000000000e+03
912        1.278000000000000000e+03
912        1.254000000000000000e+03
912        1.176000000000000000e+03
912        1.273000000000000000e+03
912        1.810000000000000000e+02
912        2.900000000000000000e+01
913        1.167000000000000000e+03
913        1.293000000000000000e+03
913        9.010000000000000000e+02
913        1.271000000000000000e+03
913        1.144000000000000000e+03
913        3.100000000000000000e+01
913        6.850000000000000000e+02
913        6.310000000000000000e+02
913        7.120000000000000000e+02
913        7.170000000000000000e+02
914        1.268000000000000000e+03
914        4.680000000000000000e+02
914        1.282000000000000000e+03
914        1.265000000000000000e+03
914        1.217000000000000000e+03
914        1.249000000000000000e+03
914        1.281000000000000000e+03
914        1.600000000000000000e+02
914        1.270000000000000000e+03
914        1.321000000000000000e+03
914        1.151000000000000000e+03
914        1.243000000000000000e+03
914        1.152000000000000000e+03
915        1.960000000000000000e+02
915        1.125000000000000000e+03
915        9.580000000000000000e+02
915        1.184000000000000000e+03
915        3.460000000000000000e+02
915        1.286000000000000000e+03
915        1.294000000000000000e+03
915        1.288000000000000000e+03
915        1.600000000000000000e+01
915        6.800000000000000000e+01
915        1.317000000000000000e+03
915        1.340000000000000000e+03
915        1.177000000000000000e+03
915        1.318000000000000000e+03
915        1.296000000000000000e+03
915        3.600000000000000000e+01
915        1.220000000000000000e+03
915        3.560000000000000000e+02
915        1.284000000000000000e+03
915        1.070000000000000000e+02
915        1.511000000000000000e+03
915        1.154000000000000000e+03
915        1.341000000000000000e+03
915        1.287000000000000000e+03
915        1.192000000000000000e+03
916        1.263000000000000000e+03
916        1.353000000000000000e+03
916        1.261000000000000000e+03
916        1.351000000000000000e+03
916        1.121000000000000000e+03
916        1.302000000000000000e+03
916        1.330000000000000000e+03
916        1.355000000000000000e+03
916        5.240000000000000000e+02
916        1.155000000000000000e+03
916        8.400000000000000000e+01
916        1.308000000000000000e+03
917        1.188000000000000000e+03
917        1.291000000000000000e+03
917        2.930000000000000000e+02
917        1.165000000000000000e+03
917        1.339000000000000000e+03
917        1.332000000000000000e+03
917        1.345000000000000000e+03
917        1.860000000000000000e+02
917        1.550000000000000000e+02
917        1.272000000000000000e+03
917        3.900000000000000000e+01
917        5.830000000000000000e+02
917        1.322000000000000000e+03
917        6.590000000000000000e+02
917        1.193000000000000000e+03
917        4.450000000000000000e+02
917        1.334000000000000000e+03
917        1.290000000000000000e+02
917        1.290000000000000000e+03
918        4.750000000000000000e+02
918        1.050000000000000000e+02
918        1.143000000000000000e+03
918        8.900000000000000000e+02
918        1.134000000000000000e+03
918        1.246000000000000000e+03
918        1.164000000000000000e+03
918        1.333000000000000000e+03
918        1.319000000000000000e+03
918        1.201000000000000000e+03
918        5.000000000000000000e+01
918        1.316000000000000000e+03
918        9.500000000000000000e+02
918        6.200000000000000000e+01
919        1.199000000000000000e+03
919        1.262000000000000000e+03
919        4.500000000000000000e+01
919        7.540000000000000000e+02
919        1.387000000000000000e+03
919        2.210000000000000000e+02
919        7.580000000000000000e+02
919        5.920000000000000000e+02
919        8.340000000000000000e+02
919        1.160000000000000000e+03
919        1.111000000000000000e+03
919        1.171000000000000000e+03
919        2.090000000000000000e+02
919        1.650000000000000000e+02
919        1.218000000000000000e+03
920        7.730000000000000000e+02
920        5.350000000000000000e+02
920        1.342000000000000000e+03
920        5.430000000000000000e+02
920        1.190000000000000000e+02
920        1.348000000000000000e+03
920        1.356000000000000000e+03
920        1.283000000000000000e+03
920        1.295000000000000000e+03
920        2.690000000000000000e+02
920        1.146000000000000000e+03
920        1.276000000000000000e+03
920        1.303000000000000000e+03
920        1.314000000000000000e+03
920        1.297000000000000000e+03
920        1.138000000000000000e+03
920        7.140000000000000000e+02
920        1.137000000000000000e+03
921        1.304000000000000000e+03
921        1.670000000000000000e+02
921        6.540000000000000000e+02
921        1.126000000000000000e+03
921        1.320000000000000000e+03
921        9.200000000000000000e+01
921        6.600000000000000000e+02
921        4.730000000000000000e+02
921        2.570000000000000000e+02
921        1.509000000000000000e+03
921        4.310000000000000000e+02
921        1.242000000000000000e+03
921        6.210000000000000000e+02
921        2.380000000000000000e+02
921        1.145000000000000000e+03
922        1.585000000000000000e+03
922        4.860000000000000000e+02
922        1.720000000000000000e+02
922        5.220000000000000000e+02
922        1.225000000000000000e+03
922        1.200000000000000000e+03
922        9.400000000000000000e+02
922        2.280000000000000000e+02
922        1.354000000000000000e+03
922        1.101000000000000000e+03
922        1.000000000000000000e+03
922        4.120000000000000000e+02
922        3.800000000000000000e+01
923        1.139000000000000000e+03
923        6.760000000000000000e+02
923        6.300000000000000000e+02
923        1.190000000000000000e+03
923        1.187000000000000000e+03
923        1.123000000000000000e+03
923        1.158000000000000000e+03
923        8.310000000000000000e+02
923        1.215000000000000000e+03
923        1.227000000000000000e+03
923        1.229000000000000000e+03
923        1.240000000000000000e+03
923        9.020000000000000000e+02
923        7.040000000000000000e+02
923        1.241000000000000000e+03
923        1.141000000000000000e+03
923        1.170000000000000000e+03
923        7.960000000000000000e+02
924        1.330000000000000000e+03
924        1.140000000000000000e+03
924        4.000000000000000000e+02
924        1.238000000000000000e+03
924        1.256000000000000000e+03
924        1.468000000000000000e+03
924        1.249000000000000000e+03
924        8.620000000000000000e+02
924        3.170000000000000000e+02
924        1.217000000000000000e+03
924        1.298000000000000000e+03
924        1.182000000000000000e+03
924        7.390000000000000000e+02
924        1.098000000000000000e+03
924        1.130000000000000000e+03
925        7.620000000000000000e+02
925        1.500000000000000000e+02
925        1.156000000000000000e+03
925        1.237000000000000000e+03
925        2.680000000000000000e+02
925        1.122000000000000000e+03
925        8.000000000000000000e+00
925        6.670000000000000000e+02
925        1.510000000000000000e+02
925        4.080000000000000000e+02
925        1.080000000000000000e+02
925        1.287000000000000000e+03
925        1.025000000000000000e+03
925        1.598000000000000000e+03
925        1.150000000000000000e+03
925        1.208000000000000000e+03
925        1.104000000000000000e+03
925        6.500000000000000000e+01
925        1.203000000000000000e+03
925        1.266000000000000000e+03
925        1.010000000000000000e+02
925        8.910000000000000000e+02
925        1.100000000000000000e+02
925        1.312000000000000000e+03
926        1.334000000000000000e+03
926        1.335000000000000000e+03
926        4.270000000000000000e+02
926        1.165000000000000000e+03
926        1.032000000000000000e+03
926        1.251000000000000000e+03
926        1.135000000000000000e+03
926        1.219000000000000000e+03
926        4.600000000000000000e+01
926        2.420000000000000000e+02
926        1.149000000000000000e+03
926        1.169000000000000000e+03
926        1.000000000000000000e+00
926        1.323000000000000000e+03
926        1.294000000000000000e+03
926        2.220000000000000000e+02
926        1.289000000000000000e+03
926        8.610000000000000000e+02
926        1.274000000000000000e+03
926        1.308000000000000000e+03
926        1.180000000000000000e+03
927        1.328000000000000000e+03
927        3.770000000000000000e+02
927        1.177000000000000000e+03
927        5.230000000000000000e+02
927        1.349000000000000000e+03
927        1.315000000000000000e+03
927        9.000000000000000000e+02
927        3.670000000000000000e+02
927        1.226000000000000000e+03
927        1.176000000000000000e+03
927        1.355000000000000000e+03
927        7.820000000000000000e+02
928        2.980000000000000000e+02
928        1.313000000000000000e+03
928        1.121000000000000000e+03
928        1.228000000000000000e+03
928        3.600000000000000000e+02
928        1.540000000000000000e+03
928        1.171000000000000000e+03
928        1.207000000000000000e+03
928        1.269000000000000000e+03
928        9.690000000000000000e+02
928        4.010000000000000000e+02
928        1.200000000000000000e+03
929        1.220000000000000000e+03
929        1.278000000000000000e+03
929        1.164000000000000000e+03
929        9.380000000000000000e+02
929        1.279000000000000000e+03
929        1.132000000000000000e+03
929        1.307000000000000000e+03
929        3.350000000000000000e+02
929        1.309000000000000000e+03
930        1.870000000000000000e+02
930        9.950000000000000000e+02
930        1.325000000000000000e+03
930        1.338000000000000000e+03
930        1.286000000000000000e+03
930        4.560000000000000000e+02
930        2.030000000000000000e+02
930        1.400000000000000000e+02
930        9.840000000000000000e+02
931        5.900000000000000000e+02
931        1.244000000000000000e+03
931        1.245000000000000000e+03
931        1.300000000000000000e+03
931        1.127000000000000000e+03
931        5.500000000000000000e+02
931        1.421000000000000000e+03
931        1.126000000000000000e+03
931        5.860000000000000000e+02
931        1.223000000000000000e+03
931        4.910000000000000000e+02
931        1.596000000000000000e+03
931        6.390000000000000000e+02
931        1.342000000000000000e+03
931        3.230000000000000000e+02
931        2.890000000000000000e+02
931        1.259000000000000000e+03
931        1.331000000000000000e+03
931        1.292000000000000000e+03
931        1.242000000000000000e+03
932        2.270000000000000000e+02
932        3.260000000000000000e+02
932        6.440000000000000000e+02
932        5.650000000000000000e+02
932        7.600000000000000000e+01
932        1.252000000000000000e+03
932        1.239000000000000000e+03
932        8.130000000000000000e+02
932        1.900000000000000000e+02
932        1.299000000000000000e+03
932        4.000000000000000000e+01
932        5.750000000000000000e+02
932        1.271000000000000000e+03
932        9.210000000000000000e+02
932        1.155000000000000000e+03
932        1.229000000000000000e+03
932        1.640000000000000000e+02
932        1.119000000000000000e+03
932        1.260000000000000000e+03
933        1.222000000000000000e+03
933        1.089000000000000000e+03
933        3.840000000000000000e+02
933        1.145000000000000000e+03
933        1.358000000000000000e+03
933        1.310000000000000000e+03
933        1.282000000000000000e+03
933        1.172000000000000000e+03
933        8.780000000000000000e+02
933        1.224000000000000000e+03
933        1.680000000000000000e+02
933        1.265000000000000000e+03
933        1.264000000000000000e+03
933        1.215000000000000000e+03
934        1.232000000000000000e+03
934        5.720000000000000000e+02
934        3.740000000000000000e+02
934        1.390000000000000000e+02
934        3.400000000000000000e+02
934        9.680000000000000000e+02
934        5.050000000000000000e+02
934        1.339000000000000000e+03
934        1.343000000000000000e+03
934        7.170000000000000000e+02
934        1.277000000000000000e+03
934        4.700000000000000000e+01
934        1.324000000000000000e+03
935        8.150000000000000000e+02
935        1.332000000000000000e+03
935        1.280000000000000000e+03
935        1.322000000000000000e+03
935        1.218000000000000000e+03
935        1.009000000000000000e+03
935        1.147000000000000000e+03
935        1.227000000000000000e+03
935        1.323000000000000000e+03
935        1.269000000000000000e+03
935        1.184000000000000000e+03
935        1.000000000000000000e+03
935        8.950000000000000000e+02
935        5.330000000000000000e+02
935        3.910000000000000000e+02
935        1.254000000000000000e+03
935        8.510000000000000000e+02
935        2.760000000000000000e+02
935        1.303000000000000000e+03
935        1.148000000000000000e+03
936        1.552000000000000000e+03
936        1.137000000000000000e+03
936        1.263000000000000000e+03
936        6.840000000000000000e+02
937        1.151000000000000000e+03
937        7.740000000000000000e+02
937        4.940000000000000000e+02
937        1.058000000000000000e+03
937        1.144000000000000000e+03
937        2.230000000000000000e+02
937        6.660000000000000000e+02
937        1.340000000000000000e+02
937        1.186000000000000000e+03
937        9.230000000000000000e+02
937        1.140000000000000000e+02
937        1.187000000000000000e+03
937        4.840000000000000000e+02
937        1.279000000000000000e+03
937        1.296000000000000000e+03
938        1.167000000000000000e+03
938        1.340000000000000000e+03
938        1.179000000000000000e+03
938        1.336000000000000000e+03
938        5.190000000000000000e+02
938        4.400000000000000000e+02
938        1.380000000000000000e+02
938        1.153000000000000000e+03
939        6.800000000000000000e+01
939        3.960000000000000000e+02
939        5.100000000000000000e+01
939        1.124000000000000000e+03
939        1.129000000000000000e+03
939        1.173000000000000000e+03
939        1.308000000000000000e+03
939        1.143000000000000000e+03
940        1.200000000000000000e+01
940        1.183000000000000000e+03
940        1.286000000000000000e+03
940        1.214000000000000000e+03
940        7.200000000000000000e+01
940        3.280000000000000000e+02
940        1.189000000000000000e+03
940        6.200000000000000000e+01
940        9.610000000000000000e+02
940        8.930000000000000000e+02
940        1.154000000000000000e+03
940        1.194000000000000000e+03
940        8.830000000000000000e+02
940        4.450000000000000000e+02
940        1.206000000000000000e+03
940        1.298000000000000000e+03
940        9.800000000000000000e+01
940        2.400000000000000000e+01
941        1.122000000000000000e+03
941        1.093000000000000000e+03
941        3.490000000000000000e+02
941        1.500000000000000000e+01
941        6.600000000000000000e+01
941        1.268000000000000000e+03
941        5.170000000000000000e+02
941        1.202000000000000000e+03
941        1.287000000000000000e+03
941        1.212000000000000000e+03
941        4.100000000000000000e+01
941        5.440000000000000000e+02
941        1.291000000000000000e+03
941        6.850000000000000000e+02
941        9.880000000000000000e+02
941        1.199000000000000000e+03
941        1.319000000000000000e+03
941        1.123000000000000000e+03
942        1.029000000000000000e+03
942        1.175000000000000000e+03
942        4.240000000000000000e+02
942        2.660000000000000000e+02
942        2.200000000000000000e+01
942        1.347000000000000000e+03
942        1.114000000000000000e+03
942        1.178000000000000000e+03
943        1.333000000000000000e+03
943        7.000000000000000000e+02
943        1.223000000000000000e+03
943        7.720000000000000000e+02
943        1.150000000000000000e+03
943        1.118000000000000000e+03
943        1.057000000000000000e+03
943        1.297000000000000000e+03
943        5.150000000000000000e+02
943        1.325000000000000000e+03
943        2.790000000000000000e+02
943        1.307000000000000000e+03
943        1.313000000000000000e+03
944        1.295000000000000000e+03
944        1.170000000000000000e+03
944        9.220000000000000000e+02
944        3.110000000000000000e+02
944        9.280000000000000000e+02
944        9.920000000000000000e+02
944        2.490000000000000000e+02
944        1.354000000000000000e+03
944        1.200000000000000000e+03
944        1.342000000000000000e+03
944        1.311000000000000000e+03
944        1.171000000000000000e+03
944        2.080000000000000000e+02
944        1.281000000000000000e+03
944        1.352000000000000000e+03
944        1.015000000000000000e+03
944        1.182000000000000000e+03
945        1.081000000000000000e+03
945        1.292000000000000000e+03
945        1.238000000000000000e+03
945        1.284000000000000000e+03
945        6.500000000000000000e+01
945        1.162000000000000000e+03
946        7.000000000000000000e+01
946        1.132000000000000000e+03
946        1.349000000000000000e+03
946        1.314000000000000000e+03
946        1.359000000000000000e+03
946        9.890000000000000000e+02
946        8.970000000000000000e+02
946        1.049000000000000000e+03
946        7.700000000000000000e+02
946        1.149000000000000000e+03
946        1.211000000000000000e+03
946        1.125000000000000000e+03
946        2.550000000000000000e+02
946        1.203000000000000000e+03
946        3.410000000000000000e+02
947        1.339000000000000000e+03
947        1.350000000000000000e+03
947        1.271000000000000000e+03
947        8.660000000000000000e+02
947        1.003000000000000000e+03
947        7.270000000000000000e+02
947        1.334000000000000000e+03
947        6.300000000000000000e+01
947        1.351000000000000000e+03
947        1.111000000000000000e+03
947        1.337000000000000000e+03
947        1.174000000000000000e+03
947        1.305000000000000000e+03
947        1.124000000000000000e+03
947        3.840000000000000000e+02
947        7.880000000000000000e+02
948        1.720000000000000000e+02
948        1.237000000000000000e+03
948        1.086000000000000000e+03
948        1.315000000000000000e+03
948        2.500000000000000000e+01
948        1.254000000000000000e+03
949        4.390000000000000000e+02
949        1.210000000000000000e+03
949        1.290000000000000000e+03
949        1.073000000000000000e+03
949        1.176000000000000000e+03
949        1.275000000000000000e+03
949        6.030000000000000000e+02
950        1.279000000000000000e+03
950        1.278000000000000000e+03
950        1.119000000000000000e+03
950        1.131000000000000000e+03
950        1.296000000000000000e+03
951        1.241000000000000000e+03
951        1.240000000000000000e+03
951        9.600000000000000000e+02
951        1.157000000000000000e+03
951        1.218000000000000000e+03
951        5.250000000000000000e+02
951        9.980000000000000000e+02
951        7.080000000000000000e+02
951        1.282000000000000000e+03
951        1.208000000000000000e+03
951        1.513000000000000000e+03
951        9.580000000000000000e+02
951        1.136000000000000000e+03
951        1.205000000000000000e+03
952        1.564000000000000000e+03
952        1.272000000000000000e+03
952        6.700000000000000000e+02
952        1.320000000000000000e+02
952        1.326000000000000000e+03
952        1.123000000000000000e+03
952        4.040000000000000000e+02
952        8.750000000000000000e+02
952        7.530000000000000000e+02
952        1.158000000000000000e+03
952        1.168000000000000000e+03
952        8.760000000000000000e+02
952        6.990000000000000000e+02
952        5.640000000000000000e+02
952        1.172000000000000000e+03
952        1.264000000000000000e+03
952        2.500000000000000000e+02
952        1.593000000000000000e+03
952        3.640000000000000000e+02
952        4.180000000000000000e+02
952        1.239000000000000000e+03
953        1.185000000000000000e+03
953        1.324000000000000000e+03
953        1.329000000000000000e+03
953        1.128000000000000000e+03
953        1.230000000000000000e+02
953        4.650000000000000000e+02
953        1.300000000000000000e+03
953        6.420000000000000000e+02
953        4.730000000000000000e+02
953        1.225000000000000000e+03
953        1.165000000000000000e+03
953        1.121000000000000000e+03
953        6.610000000000000000e+02
953        5.890000000000000000e+02
953        1.299000000000000000e+03
953        1.228000000000000000e+03
953        5.830000000000000000e+02
953        5.610000000000000000e+02
954        1.252000000000000000e+03
954        7.170000000000000000e+02
954        1.214000000000000000e+03
954        9.200000000000000000e+02
954        1.495000000000000000e+03
954        1.216000000000000000e+03
954        1.303000000000000000e+03
954        1.148000000000000000e+03
954        1.277000000000000000e+03
954        6.260000000000000000e+02
954        5.070000000000000000e+02
954        1.180000000000000000e+03
954        1.500000000000000000e+01
954        1.160000000000000000e+03
954        1.335000000000000000e+03
954        1.233000000000000000e+03
954        1.130000000000000000e+03
954        1.330000000000000000e+03
955        5.990000000000000000e+02
955        1.212000000000000000e+03
955        1.156000000000000000e+03
955        1.220000000000000000e+03
955        1.132000000000000000e+03
955        7.590000000000000000e+02
955        1.316000000000000000e+03
955        1.333000000000000000e+03
955        1.317000000000000000e+03
955        1.336000000000000000e+03
955        1.219000000000000000e+03
955        6.230000000000000000e+02
955        1.327000000000000000e+03
956        1.298000000000000000e+03
956        9.560000000000000000e+02
956        4.010000000000000000e+02
956        1.134000000000000000e+03
956        1.504000000000000000e+03
956        1.287000000000000000e+03
956        1.320000000000000000e+03
956        8.540000000000000000e+02
956        8.890000000000000000e+02
956        1.532000000000000000e+03
956        6.920000000000000000e+02
956        1.266000000000000000e+03
956        3.730000000000000000e+02
956        6.890000000000000000e+02
956        3.630000000000000000e+02
956        3.750000000000000000e+02
956        1.700000000000000000e+01
956        1.422000000000000000e+03
956        8.870000000000000000e+02
957        8.900000000000000000e+01
957        1.164000000000000000e+03
957        5.620000000000000000e+02
957        5.560000000000000000e+02
957        8.480000000000000000e+02
957        5.750000000000000000e+02
957        1.419000000000000000e+03
957        9.900000000000000000e+01
957        8.200000000000000000e+01
957        1.141000000000000000e+03
957        1.192000000000000000e+03
958        1.261000000000000000e+03
958        1.357000000000000000e+03
958        1.243000000000000000e+03
958        1.313000000000000000e+03
958        1.800000000000000000e+02
958        8.210000000000000000e+02
958        7.450000000000000000e+02
958        1.209000000000000000e+03
958        9.840000000000000000e+02
958        1.010000000000000000e+02
958        1.202000000000000000e+03
958        1.640000000000000000e+02
958        1.139000000000000000e+03
958        1.258000000000000000e+03
958        6.400000000000000000e+01
958        1.338000000000000000e+03
958        1.245000000000000000e+03
959        1.203000000000000000e+03
959        1.170000000000000000e+03
959        1.250000000000000000e+03
959        1.153000000000000000e+03
959        3.710000000000000000e+02
959        1.492000000000000000e+03
960        3.480000000000000000e+02
960        5.050000000000000000e+02
960        1.144000000000000000e+03
960        5.540000000000000000e+02
960        1.299000000000000000e+03
960        1.260000000000000000e+03
960        1.270000000000000000e+03
960        1.265000000000000000e+03
960        4.830000000000000000e+02
961        1.294000000000000000e+03
961        1.284000000000000000e+03
961        1.204000000000000000e+03
961        1.300000000000000000e+02
961        1.610000000000000000e+02
961        1.171000000000000000e+03
961        1.222000000000000000e+03
961        1.196000000000000000e+03
961        1.348000000000000000e+03
961        7.770000000000000000e+02
961        8.230000000000000000e+02
961        4.740000000000000000e+02
961        1.140000000000000000e+03
961        1.569000000000000000e+03
961        1.356000000000000000e+03
961        1.358000000000000000e+03
961        1.189000000000000000e+03
961        1.207000000000000000e+03
961        1.309000000000000000e+03
961        1.267000000000000000e+03
961        4.960000000000000000e+02
961        1.154000000000000000e+03
962        9.770000000000000000e+02
962        1.259000000000000000e+03
962        1.065000000000000000e+03
962        1.028000000000000000e+03
962        1.319000000000000000e+03
962        1.167000000000000000e+03
962        1.133000000000000000e+03
962        7.970000000000000000e+02
962        1.163000000000000000e+03
962        1.257000000000000000e+03
962        4.350000000000000000e+02
962        1.178000000000000000e+03
962        8.580000000000000000e+02
963        4.200000000000000000e+02
963        1.289000000000000000e+03
963        3.200000000000000000e+01
963        9.810000000000000000e+02
963        1.280000000000000000e+02
963        1.295000000000000000e+03
963        4.130000000000000000e+02
963        1.980000000000000000e+02
963        8.110000000000000000e+02
964        1.169000000000000000e+03
964        2.600000000000000000e+01
964        1.188000000000000000e+03
964        1.181000000000000000e+03
964        1.311000000000000000e+03
964        1.315000000000000000e+03
964        1.120000000000000000e+03
964        1.321000000000000000e+03
964        1.360000000000000000e+02
964        7.900000000000000000e+02
964        2.040000000000000000e+02
964        2.900000000000000000e+02
964        6.460000000000000000e+02
964        8.000000000000000000e+00
964        1.494000000000000000e+03
965        1.147000000000000000e+03
965        7.010000000000000000e+02
965        1.247000000000000000e+03
965        1.215000000000000000e+03
965        9.340000000000000000e+02
965        1.048000000000000000e+03
965        1.208000000000000000e+03
965        1.162000000000000000e+03
966        1.217000000000000000e+03
966        2.270000000000000000e+02
966        1.159000000000000000e+03
966        1.211000000000000000e+03
966        8.610000000000000000e+02
966        1.305000000000000000e+03
967        1.231000000000000000e+03
967        1.143000000000000000e+03
967        5.320000000000000000e+02
967        1.325000000000000000e+03
967        1.244000000000000000e+03
967        1.326000000000000000e+03
967        1.088000000000000000e+03
967        1.283000000000000000e+03
967        1.040000000000000000e+03
967        3.210000000000000000e+02
967        1.127000000000000000e+03
967        1.276000000000000000e+03
967        1.331000000000000000e+03
967        3.240000000000000000e+02
967        1.343000000000000000e+03
967        5.150000000000000000e+02
967        6.020000000000000000e+02
967        6.110000000000000000e+02
967        4.710000000000000000e+02
967        1.198000000000000000e+03
967        1.137000000000000000e+03
967        2.330000000000000000e+02
967        3.160000000000000000e+02
968        1.327000000000000000e+03
968        9.960000000000000000e+02
968        6.550000000000000000e+02
968        1.156000000000000000e+03
968        1.260000000000000000e+02
968        1.347000000000000000e+03
968        1.307000000000000000e+03
968        1.274000000000000000e+03
968        7.660000000000000000e+02
968        1.150000000000000000e+03
968        1.225000000000000000e+03
968        3.090000000000000000e+02
968        4.150000000000000000e+02
968        1.266000000000000000e+03
969        1.406000000000000000e+03
969        1.138000000000000000e+03
969        1.045000000000000000e+03
969        1.342000000000000000e+03
969        1.185000000000000000e+03
969        7.250000000000000000e+02
969        1.216000000000000000e+03
969        1.242000000000000000e+03
969        6.390000000000000000e+02
969        1.133000000000000000e+03
969        1.152000000000000000e+03
969        1.272000000000000000e+03
969        1.203000000000000000e+03
970        1.324000000000000000e+03
970        1.057000000000000000e+03
970        1.261000000000000000e+03
970        1.175000000000000000e+03
970        1.126000000000000000e+03
970        6.090000000000000000e+02
970        1.285000000000000000e+03
970        1.146000000000000000e+03
970        1.240000000000000000e+03
970        7.930000000000000000e+02
971        1.212000000000000000e+03
971        1.252000000000000000e+03
971        3.760000000000000000e+02
971        1.024000000000000000e+03
971        1.345000000000000000e+03
972        1.269000000000000000e+03
972        1.278000000000000000e+03
972        1.349000000000000000e+03
972        1.201000000000000000e+03
972        1.249000000000000000e+03
972        1.267000000000000000e+03
972        1.340000000000000000e+03
972        1.222000000000000000e+03
972        1.164000000000000000e+03
972        8.320000000000000000e+02
973        1.297000000000000000e+03
973        1.329000000000000000e+03
973        1.218000000000000000e+03
973        6.870000000000000000e+02
973        3.630000000000000000e+02
973        1.202000000000000000e+03
973        1.220000000000000000e+03
974        2.930000000000000000e+02
974        1.210000000000000000e+03
974        1.142000000000000000e+03
974        3.430000000000000000e+02
974        6.160000000000000000e+02
974        1.197000000000000000e+03
974        1.196000000000000000e+03
974        1.105000000000000000e+03
974        8.500000000000000000e+02
975        1.194000000000000000e+03
975        1.217000000000000000e+03
975        1.255000000000000000e+03
975        1.173000000000000000e+03
975        1.358000000000000000e+03
975        1.354000000000000000e+03
975        1.149000000000000000e+03
975        1.281000000000000000e+03
975        2.470000000000000000e+02
975        1.235000000000000000e+03
975        1.232000000000000000e+03
975        1.640000000000000000e+02
976        1.155000000000000000e+03
976        1.192000000000000000e+03
976        1.462000000000000000e+03
976        1.123000000000000000e+03
976        6.420000000000000000e+02
976        5.650000000000000000e+02
976        1.157000000000000000e+03
976        1.163000000000000000e+03
976        1.353000000000000000e+03
976        1.254000000000000000e+03
976        1.230000000000000000e+03
976        1.131000000000000000e+03
976        1.130000000000000000e+03
976        1.270000000000000000e+03
976        1.121000000000000000e+03
976        1.334000000000000000e+03
976        1.322000000000000000e+03
976        1.355000000000000000e+03
976        1.251000000000000000e+03
977        6.560000000000000000e+02
977        1.271000000000000000e+03
977        1.298000000000000000e+03
977        6.220000000000000000e+02
977        1.166000000000000000e+03
977        1.346000000000000000e+03
977        1.223000000000000000e+03
977        1.275000000000000000e+03
977        7.990000000000000000e+02
977        1.308000000000000000e+03
977        1.245000000000000000e+03
977        8.430000000000000000e+02
977        4.010000000000000000e+02
977        9.350000000000000000e+02
977        1.309000000000000000e+03
977        1.048000000000000000e+03
977        1.189000000000000000e+03
977        6.070000000000000000e+02
977        8.050000000000000000e+02
977        1.150000000000000000e+03
978        1.004000000000000000e+03
978        1.169000000000000000e+03
978        8.640000000000000000e+02
978        1.700000000000000000e+01
978        3.560000000000000000e+02
978        1.013000000000000000e+03
978        1.184000000000000000e+03
978        6.910000000000000000e+02
978        1.332000000000000000e+03
978        6.890000000000000000e+02
978        3.350000000000000000e+02
978        1.027000000000000000e+03
978        3.130000000000000000e+02
978        1.182000000000000000e+03
978        7.520000000000000000e+02
978        1.287000000000000000e+03
978        9.230000000000000000e+02
978        1.550000000000000000e+02
978        2.780000000000000000e+02
978        1.237000000000000000e+03
979        1.239000000000000000e+03
979        9.060000000000000000e+02
979        3.200000000000000000e+02
979        1.352000000000000000e+03
979        4.660000000000000000e+02
979        1.144000000000000000e+03
979        1.356000000000000000e+03
979        4.800000000000000000e+02
979        1.910000000000000000e+02
979        7.060000000000000000e+02
979        1.198000000000000000e+03
979        1.330000000000000000e+03
979        1.286000000000000000e+03
979        1.357000000000000000e+03
980        1.870000000000000000e+02
980        1.295000000000000000e+03
980        1.259000000000000000e+03
980        1.289000000000000000e+03
980        4.900000000000000000e+02
980        1.460000000000000000e+02
980        1.306000000000000000e+03
980        8.590000000000000000e+02
980        6.900000000000000000e+02
980        4.470000000000000000e+02
980        1.103000000000000000e+03
980        1.313000000000000000e+03
980        1.304000000000000000e+03
980        1.151000000000000000e+03
981        4.930000000000000000e+02
981        1.174000000000000000e+03
981        3.160000000000000000e+02
981        9.750000000000000000e+02
981        1.253000000000000000e+03
981        6.570000000000000000e+02
981        4.620000000000000000e+02
981        1.339000000000000000e+03
981        1.180000000000000000e+03
981        1.147000000000000000e+03
981        5.750000000000000000e+02
981        1.200000000000000000e+03
981        1.312000000000000000e+03
981        4.370000000000000000e+02
981        5.200000000000000000e+01
981        7.110000000000000000e+02
981        1.219000000000000000e+03
981        1.252000000000000000e+03
981        1.571000000000000000e+03
981        8.410000000000000000e+02
981        6.230000000000000000e+02
981        1.126000000000000000e+03
981        1.359000000000000000e+03
981        1.154000000000000000e+03
981        1.360000000000000000e+02
981        6.950000000000000000e+02
981        1.290000000000000000e+03
982        3.910000000000000000e+02
982        1.225000000000000000e+03
982        1.267000000000000000e+03
982        1.320000000000000000e+03
982        1.164000000000000000e+03
982        1.122000000000000000e+03
982        1.238000000000000000e+03
982        1.232000000000000000e+03
982        1.209000000000000000e+03
982        1.137000000000000000e+03
982        1.260000000000000000e+02
982        1.333000000000000000e+03
983        1.212000000000000000e+03
983        1.229000000000000000e+03
983        8.620000000000000000e+02
983        1.179000000000000000e+03
983        1.133000000000000000e+03
983        3.400000000000000000e+01
983        9.590000000000000000e+02
983        1.140000000000000000e+03
983        1.258000000000000000e+03
983        1.090000000000000000e+02
983        1.128000000000000000e+03
983        1.296000000000000000e+03
983        1.326000000000000000e+03
983        1.234000000000000000e+03
983        1.288000000000000000e+03
984        6.140000000000000000e+02
984        1.262000000000000000e+03
984        1.311000000000000000e+03
984        8.660000000000000000e+02
984        7.070000000000000000e+02
984        7.130000000000000000e+02
984        1.314000000000000000e+03
984        7.750000000000000000e+02
984        1.350000000000000000e+03
984        1.579000000000000000e+03
984        1.318000000000000000e+03
984        4.670000000000000000e+02
984        1.323000000000000000e+03
984        1.043000000000000000e+03
984        1.498000000000000000e+03
984        9.460000000000000000e+02
984        1.162000000000000000e+03
984        1.347000000000000000e+03
984        1.153000000000000000e+03
985        5.820000000000000000e+02
985        1.124000000000000000e+03
985        1.255000000000000000e+03
985        9.550000000000000000e+02
985        1.185000000000000000e+03
985        6.080000000000000000e+02
985        1.269000000000000000e+03
985        8.600000000000000000e+02
985        6.500000000000000000e+02
985        1.207000000000000000e+03
985        4.260000000000000000e+02
985        7.080000000000000000e+02
985        3.920000000000000000e+02
986        1.250000000000000000e+03
986        1.187000000000000000e+03
986        7.310000000000000000e+02
986        3.730000000000000000e+02
986        1.175000000000000000e+03
986        6.970000000000000000e+02
986        9.850000000000000000e+02
986        6.850000000000000000e+02
986        4.090000000000000000e+02
986        1.221000000000000000e+03
987        6.590000000000000000e+02
987        9.980000000000000000e+02
987        1.131000000000000000e+03
987        1.351000000000000000e+03
987        8.170000000000000000e+02
987        8.690000000000000000e+02
987        1.067000000000000000e+03
987        9.600000000000000000e+02
987        1.125000000000000000e+03
987        1.263000000000000000e+03
987        1.188000000000000000e+03
988        1.006000000000000000e+03
988        1.146000000000000000e+03
988        9.130000000000000000e+02
988        6.400000000000000000e+01
988        1.156000000000000000e+03
988        1.039000000000000000e+03
988        1.213000000000000000e+03
988        1.405000000000000000e+03
988        1.303000000000000000e+03
988        4.760000000000000000e+02
988        1.297000000000000000e+03
988        1.294000000000000000e+03
988        1.120000000000000000e+03
988        8.700000000000000000e+02
988        1.324000000000000000e+03
988        1.076000000000000000e+03
988        1.189000000000000000e+03
988        5.990000000000000000e+02
988        1.341000000000000000e+03
989        1.239000000000000000e+03
989        1.302000000000000000e+03
989        1.210000000000000000e+02
989        1.337000000000000000e+03
989        1.148000000000000000e+03
989        1.264000000000000000e+03
989        1.304000000000000000e+03
989        8.110000000000000000e+02
989        2.710000000000000000e+02
989        1.203000000000000000e+03
989        1.530000000000000000e+02
989        1.315000000000000000e+03
989        1.357000000000000000e+03
989        9.890000000000000000e+02
989        6.480000000000000000e+02
989        1.345000000000000000e+03
989        1.246000000000000000e+03
989        5.230000000000000000e+02
989        1.249000000000000000e+03
989        1.194000000000000000e+03
989        1.245000000000000000e+03
989        8.770000000000000000e+02
989        1.041000000000000000e+03
989        1.127000000000000000e+03
989        1.212000000000000000e+03
989        1.355000000000000000e+03
990        1.201000000000000000e+03
990        3.740000000000000000e+02
990        4.280000000000000000e+02
990        1.047000000000000000e+03
990        5.670000000000000000e+02
990        1.244000000000000000e+03
990        5.000000000000000000e+00
990        2.500000000000000000e+01
990        1.139000000000000000e+03
990        1.289000000000000000e+03
990        2.840000000000000000e+02
990        1.328000000000000000e+03
990        1.300000000000000000e+03
990        1.329000000000000000e+03
990        1.206000000000000000e+03
990        1.177000000000000000e+03
991        1.332000000000000000e+03
991        1.390000000000000000e+02
991        1.343000000000000000e+03
992        1.147000000000000000e+03
992        1.284000000000000000e+03
992        1.298000000000000000e+03
992        1.274000000000000000e+03
992        9.230000000000000000e+02
992        1.308000000000000000e+03
992        6.340000000000000000e+02
992        1.321000000000000000e+03
992        6.420000000000000000e+02
992        1.221000000000000000e+03
992        1.271000000000000000e+03
993        1.150000000000000000e+03
993        1.265000000000000000e+03
993        9.800000000000000000e+02
993        5.680000000000000000e+02
993        8.100000000000000000e+02
994        1.254000000000000000e+03
994        1.237000000000000000e+03
994        2.810000000000000000e+02
994        1.193000000000000000e+03
994        1.218000000000000000e+03
994        1.191000000000000000e+03
995        1.273000000000000000e+03
995        6.550000000000000000e+02
995        1.155000000000000000e+03
995        1.208000000000000000e+03
995        5.160000000000000000e+02
995        1.230000000000000000e+02
995        1.226000000000000000e+03
995        1.281000000000000000e+03
995        1.470000000000000000e+02
995        9.080000000000000000e+02
995        1.215000000000000000e+03
995        1.134000000000000000e+03
995        1.591000000000000000e+03
995        1.330000000000000000e+03
995        1.197000000000000000e+03
995        1.013000000000000000e+03
995        1.090000000000000000e+02
995        1.223000000000000000e+03
995        2.780000000000000000e+02
996        1.272000000000000000e+03
996        2.700000000000000000e+01
996        1.317000000000000000e+03
996        1.224000000000000000e+03
996        1.242000000000000000e+03
996        1.190000000000000000e+02
996        1.035000000000000000e+03
996        5.730000000000000000e+02
996        1.296000000000000000e+03
996        1.121000000000000000e+03
996        1.216000000000000000e+03
996        1.138000000000000000e+03
996        1.179000000000000000e+03
997        1.310000000000000000e+02
997        2.690000000000000000e+02
997        8.670000000000000000e+02
997        9.470000000000000000e+02
997        4.960000000000000000e+02
997        1.052000000000000000e+03
997        1.990000000000000000e+02
997        1.319000000000000000e+03
997        1.108000000000000000e+03
997        1.248000000000000000e+03
997        1.251000000000000000e+03
997        1.352000000000000000e+03
997        1.120000000000000000e+03
997        9.800000000000000000e+01
997        1.344000000000000000e+03
997        1.262000000000000000e+03
997        5.970000000000000000e+02
997        4.500000000000000000e+02
997        1.063000000000000000e+03
997        1.081000000000000000e+03
997        1.326000000000000000e+03
997        5.050000000000000000e+02
998        8.140000000000000000e+02
998        8.930000000000000000e+02
998        1.410000000000000000e+02
998        6.520000000000000000e+02
998        1.310000000000000000e+03
998        3.000000000000000000e+02
998        1.266000000000000000e+03
998        1.210000000000000000e+03
998        7.200000000000000000e+01
998        1.275000000000000000e+03
998        8.680000000000000000e+02
998        2.520000000000000000e+02
998        1.293000000000000000e+03
998        9.700000000000000000e+01
998        5.520000000000000000e+02
998        1.383000000000000000e+03
998        1.289000000000000000e+03
998        1.186000000000000000e+03
998        1.152000000000000000e+03
998        1.316000000000000000e+03
999        8.000000000000000000e+02
999        1.358000000000000000e+03
999        1.110000000000000000e+03
999        1.307000000000000000e+03
999        1.129000000000000000e+03
999        1.496000000000000000e+03
999        4.870000000000000000e+02
999        1.309000000000000000e+03
999        1.227000000000000000e+03
999        1.255000000000000000e+03
999        7.130000000000000000e+02
999        1.350000000000000000e+02
999        8.960000000000000000e+02
999        1.188000000000000000e+03
1000       1.180000000000000000e+03
1000       7.890000000000000000e+02
1000       1.149000000000000000e+03
1000       1.650000000000000000e+02
1001       1.176000000000000000e+03
1001       1.258000000000000000e+03
1001       1.143000000000000000e+03
1001       2.220000000000000000e+02
1001       1.790000000000000000e+02
1001       1.342000000000000000e+03
1001       9.390000000000000000e+02
1001       5.420000000000000000e+02
1001       1.128000000000000000e+03
1001       1.437000000000000000e+03
1001       1.271000000000000000e+03
1001       5.400000000000000000e+02
1001       8.180000000000000000e+02
1002       1.337000000000000000e+03
1002       3.330000000000000000e+02
1002       1.291000000000000000e+03
1002       3.170000000000000000e+02
1002       8.570000000000000000e+02
1002       1.282000000000000000e+03
1002       1.542000000000000000e+03
1002       1.900000000000000000e+01
1002       7.360000000000000000e+02
1002       5.070000000000000000e+02
1002       6.960000000000000000e+02
1002       9.170000000000000000e+02
1002       1.123000000000000000e+03
1002       6.460000000000000000e+02
1002       1.297000000000000000e+03
1002       1.140000000000000000e+03
1002       3.100000000000000000e+02
1002       1.220000000000000000e+03
1002       8.910000000000000000e+02
1002       2.630000000000000000e+02
1002       5.370000000000000000e+02
1003       1.274000000000000000e+03
1003       1.329000000000000000e+03
1003       1.185000000000000000e+03
1003       1.120000000000000000e+02
1003       1.595000000000000000e+03
1003       5.600000000000000000e+01
1003       1.171000000000000000e+03
1003       5.600000000000000000e+02
1003       1.177000000000000000e+03
1003       6.000000000000000000e+02
1003       5.210000000000000000e+02
1003       7.620000000000000000e+02
1003       1.315000000000000000e+03
1003       1.239000000000000000e+03
1003       1.680000000000000000e+02
1003       1.150000000000000000e+03
1003       1.324000000000000000e+03
1003       4.500000000000000000e+01
1003       4.400000000000000000e+01
1003       1.277000000000000000e+03
1003       6.000000000000000000e+01
1003       1.212000000000000000e+03
1003       1.084000000000000000e+03
1003       8.620000000000000000e+02
1003       1.202000000000000000e+03
1004       5.890000000000000000e+02
1004       4.440000000000000000e+02
1004       2.550000000000000000e+02
1004       1.091000000000000000e+03
1004       7.340000000000000000e+02
1004       3.210000000000000000e+02
1004       5.460000000000000000e+02
1004       1.155000000000000000e+03
1004       5.660000000000000000e+02
1004       1.286000000000000000e+03
1004       5.040000000000000000e+02
1004       1.141000000000000000e+03
1004       1.167000000000000000e+03
1004       6.910000000000000000e+02
1004       4.260000000000000000e+02
1004       1.264000000000000000e+03
1004       2.360000000000000000e+02
1004       3.600000000000000000e+01
1004       1.284000000000000000e+03
1004       1.015000000000000000e+03
1004       1.189000000000000000e+03
1004       1.285000000000000000e+03
1004       1.283000000000000000e+03
1005       1.221000000000000000e+03
1005       1.219000000000000000e+03
1005       4.680000000000000000e+02
1005       1.018000000000000000e+03
1005       1.306000000000000000e+03
1005       1.338000000000000000e+03
1005       4.220000000000000000e+02
1005       1.351000000000000000e+03
1005       1.194000000000000000e+03
1005       1.343000000000000000e+03
1005       7.190000000000000000e+02
1005       1.356000000000000000e+03
1005       1.232000000000000000e+03
1005       3.780000000000000000e+02
1005       8.500000000000000000e+02
1005       1.170000000000000000e+03
1005       1.294000000000000000e+03
1005       1.236000000000000000e+03
1005       1.473000000000000000e+03
1005       5.400000000000000000e+01
1005       1.130000000000000000e+03
1005       3.750000000000000000e+02
1005       3.980000000000000000e+02
1005       1.280000000000000000e+02
1006       9.150000000000000000e+02
1006       3.090000000000000000e+02
1006       1.270000000000000000e+03
1006       1.183000000000000000e+03
1006       1.190000000000000000e+03
1006       1.208000000000000000e+03
1006       2.090000000000000000e+02
1006       1.233000000000000000e+03
1006       1.215000000000000000e+03
1006       7.200000000000000000e+01
1006       1.325000000000000000e+03
1006       1.251000000000000000e+03
1006       1.345000000000000000e+03
1006       1.154000000000000000e+03
1006       5.900000000000000000e+02
1007       1.322000000000000000e+03
1007       9.550000000000000000e+02
1007       1.207000000000000000e+03
1007       1.203000000000000000e+03
1007       1.182000000000000000e+03
1007       2.350000000000000000e+02
1007       1.241000000000000000e+03
1007       4.990000000000000000e+02
1007       1.218000000000000000e+03
1007       1.210000000000000000e+03
1007       1.205000000000000000e+03
1007       2.430000000000000000e+02
1007       6.650000000000000000e+02
1007       1.187000000000000000e+03
1007       3.110000000000000000e+02
1007       2.800000000000000000e+02
1007       2.410000000000000000e+02
1007       8.630000000000000000e+02
1007       1.159000000000000000e+03
1007       3.250000000000000000e+02
1007       1.430000000000000000e+02
1007       1.222000000000000000e+03
1007       1.359000000000000000e+03
1008       8.490000000000000000e+02
1008       1.134000000000000000e+03
1008       1.046000000000000000e+03
1008       1.341000000000000000e+03
1008       1.252000000000000000e+03
1008       9.940000000000000000e+02
1008       1.316000000000000000e+03
1008       9.180000000000000000e+02
1008       1.357000000000000000e+03
1008       6.380000000000000000e+02
1008       1.336000000000000000e+03
1008       1.342000000000000000e+03
1009       1.317000000000000000e+03
1009       7.700000000000000000e+02
1009       1.256000000000000000e+03
1009       1.326000000000000000e+03
1009       1.238000000000000000e+03
1009       1.116000000000000000e+03
1009       7.830000000000000000e+02
1009       1.310000000000000000e+03
1009       1.257000000000000000e+03
1009       1.940000000000000000e+02
1009       4.550000000000000000e+02
1009       7.740000000000000000e+02
1009       9.970000000000000000e+02
1009       1.311000000000000000e+03
1009       1.223000000000000000e+03
1010       1.269000000000000000e+03
1010       1.125000000000000000e+03
1010       6.360000000000000000e+02
1010       5.060000000000000000e+02
1010       1.309000000000000000e+03
1010       8.020000000000000000e+02
1010       4.160000000000000000e+02
1010       4.440000000000000000e+02
1010       1.188000000000000000e+03
1010       1.151000000000000000e+03
1010       7.900000000000000000e+01
1010       9.710000000000000000e+02
1010       1.296000000000000000e+03
1010       3.020000000000000000e+02
1010       1.312000000000000000e+03
1010       4.030000000000000000e+02
1010       1.146000000000000000e+03
1011       1.234000000000000000e+03
1011       1.142000000000000000e+03
1011       1.267000000000000000e+03
1011       2.900000000000000000e+02
1011       1.335000000000000000e+03
1011       7.090000000000000000e+02
1011       1.272000000000000000e+03
1011       1.216000000000000000e+03
1011       1.158000000000000000e+03
1011       1.328000000000000000e+03
1011       1.224000000000000000e+03
1011       6.610000000000000000e+02
1011       5.240000000000000000e+02
1011       1.160000000000000000e+03
1011       1.135000000000000000e+03
1011       3.580000000000000000e+02
1011       1.720000000000000000e+02
1011       8.330000000000000000e+02
1011       1.260000000000000000e+03
1011       3.800000000000000000e+02
1011       1.136000000000000000e+03
1012       5.260000000000000000e+02
1012       1.293000000000000000e+03
1012       1.131000000000000000e+03
1012       9.730000000000000000e+02
1012       2.720000000000000000e+02
1012       1.307000000000000000e+03
1012       1.069000000000000000e+03
1012       1.355000000000000000e+03
1012       5.250000000000000000e+02
1012       1.140000000000000000e+02
1012       2.510000000000000000e+02
1012       3.000000000000000000e+00
1012       1.318000000000000000e+03
1012       2.400000000000000000e+01
1012       1.184000000000000000e+03
1012       1.191000000000000000e+03
1012       9.530000000000000000e+02
1012       1.268000000000000000e+03
1012       7.370000000000000000e+02
1012       7.270000000000000000e+02
1012       1.292000000000000000e+03
1012       1.209000000000000000e+03
1013       3.200000000000000000e+01
1013       1.180000000000000000e+03
1013       1.353000000000000000e+03
1013       7.420000000000000000e+02
1013       1.227000000000000000e+03
1013       1.288000000000000000e+03
1013       1.150000000000000000e+03
1013       1.230000000000000000e+02
1013       1.287000000000000000e+03
1013       9.430000000000000000e+02
1013       1.460000000000000000e+02
1013       1.108000000000000000e+03
1013       3.470000000000000000e+02
1013       3.960000000000000000e+02
1013       1.192000000000000000e+03
1013       1.139000000000000000e+03
1013       1.196000000000000000e+03
1013       1.660000000000000000e+02
1014       1.189000000000000000e+03
1014       3.120000000000000000e+02
1014       1.014000000000000000e+03
1014       7.720000000000000000e+02
1014       4.060000000000000000e+02
1014       5.180000000000000000e+02
1014       1.270000000000000000e+02
1014       9.660000000000000000e+02
1014       6.980000000000000000e+02
1014       1.283000000000000000e+03
1014       9.420000000000000000e+02
1014       9.200000000000000000e+02
1015       1.228000000000000000e+03
1015       7.440000000000000000e+02
1015       1.181000000000000000e+03
1015       2.390000000000000000e+02
1015       2.380000000000000000e+02
1015       7.100000000000000000e+02
1015       1.104000000000000000e+03
1015       1.282000000000000000e+03
1015       1.273000000000000000e+03
1015       2.180000000000000000e+02
1015       1.017000000000000000e+03
1015       1.247000000000000000e+03
1015       1.250000000000000000e+03
1015       4.340000000000000000e+02
1015       1.279000000000000000e+03
1015       4.710000000000000000e+02
1015       1.327000000000000000e+03
1016       1.204000000000000000e+03
1016       8.930000000000000000e+02
1016       1.206000000000000000e+03
1016       1.339000000000000000e+03
1016       1.127000000000000000e+03
1016       1.222000000000000000e+03
1016       1.280000000000000000e+03
1016       3.070000000000000000e+02
1016       1.230000000000000000e+03
1016       8.900000000000000000e+01
1016       1.297000000000000000e+03
1016       7.610000000000000000e+02
1016       1.347000000000000000e+03
1016       9.070000000000000000e+02
1016       8.770000000000000000e+02
1016       1.004000000000000000e+03
1016       1.217000000000000000e+03
1016       1.277000000000000000e+03
1016       1.231000000000000000e+03
1016       4.320000000000000000e+02
1016       1.124000000000000000e+03
1016       8.710000000000000000e+02
1017       2.060000000000000000e+02
1017       2.680000000000000000e+02
1017       1.050000000000000000e+03
1017       6.830000000000000000e+02
1017       1.153000000000000000e+03
1017       1.313000000000000000e+03
1017       9.810000000000000000e+02
1017       1.240000000000000000e+03
1017       1.261000000000000000e+03
1017       1.730000000000000000e+02
1017       1.195000000000000000e+03
1017       1.200000000000000000e+03
1017       1.200000000000000000e+02
1018       1.132000000000000000e+03
1018       1.369000000000000000e+03
1018       8.700000000000000000e+01
1018       1.235000000000000000e+03
1018       1.317000000000000000e+03
1018       4.530000000000000000e+02
1018       1.324000000000000000e+03
1018       4.720000000000000000e+02
1018       9.930000000000000000e+02
1018       1.167000000000000000e+03
1018       1.178000000000000000e+03
1018       1.186000000000000000e+03
1018       1.305000000000000000e+03
1018       1.278000000000000000e+03
1018       6.210000000000000000e+02
1018       1.237000000000000000e+03
1018       1.137000000000000000e+03
1019       7.480000000000000000e+02
1019       1.298000000000000000e+03
1019       1.044000000000000000e+03
1019       1.333000000000000000e+03
1019       6.620000000000000000e+02
1019       1.147000000000000000e+03
1019       3.110000000000000000e+02
1019       1.129000000000000000e+03
1019       1.286000000000000000e+03
1019       1.162000000000000000e+03
1019       5.070000000000000000e+02
1019       1.157000000000000000e+03
1020       1.272000000000000000e+03
1020       1.149000000000000000e+03
1020       1.258000000000000000e+03
1020       1.306000000000000000e+03
1020       1.311000000000000000e+03
1020       6.730000000000000000e+02
1020       1.164000000000000000e+03
1020       7.700000000000000000e+01
1020       1.019000000000000000e+03
1020       1.175000000000000000e+03
1020       1.233000000000000000e+03
1020       1.340000000000000000e+03
1020       9.670000000000000000e+02
1020       1.040000000000000000e+03
1020       1.243000000000000000e+03
1020       1.171000000000000000e+03
1020       8.870000000000000000e+02
1020       1.325000000000000000e+03
1020       1.158000000000000000e+03
1020       1.299000000000000000e+03
1021       7.770000000000000000e+02
1021       8.660000000000000000e+02
1021       1.314000000000000000e+03
1021       1.281000000000000000e+03
1021       9.880000000000000000e+02
1021       7.460000000000000000e+02
1021       4.100000000000000000e+02
1021       8.420000000000000000e+02
1021       1.300000000000000000e+01
1021       1.172000000000000000e+03
1021       1.244000000000000000e+03
1021       1.349000000000000000e+03
1021       1.262000000000000000e+03
1021       1.207000000000000000e+03
1021       2.870000000000000000e+02
1021       1.273000000000000000e+03
1022       1.145000000000000000e+03
1022       1.144000000000000000e+03
1022       1.304000000000000000e+03
1022       1.232000000000000000e+03
1022       1.131000000000000000e+03
1022       5.230000000000000000e+02
1022       1.359000000000000000e+03
1022       1.184000000000000000e+03
1022       5.910000000000000000e+02
1022       1.225000000000000000e+03
1023       1.268000000000000000e+03
1023       1.288000000000000000e+03
1023       5.800000000000000000e+01
1023       6.200000000000000000e+02
1023       1.880000000000000000e+02
1023       1.269000000000000000e+03
1023       1.307000000000000000e+03
1023       1.161000000000000000e+03
1023       4.600000000000000000e+01
1023       1.080000000000000000e+03
1024       1.210000000000000000e+02
1024       1.173000000000000000e+03
1024       1.212000000000000000e+03
1024       1.300000000000000000e+02
1024       1.301000000000000000e+03
1024       9.500000000000000000e+01
1024       8.020000000000000000e+02
1024       4.400000000000000000e+02
1024       1.342000000000000000e+03
1024       8.890000000000000000e+02
1024       1.193000000000000000e+03
1024       5.640000000000000000e+02
1024       4.730000000000000000e+02
1024       1.154000000000000000e+03
1024       5.430000000000000000e+02
1024       2.050000000000000000e+02
1024       8.400000000000000000e+02
1024       1.155000000000000000e+03
1024       3.040000000000000000e+02
1025       1.010000000000000000e+02
1025       1.300000000000000000e+03
1025       9.270000000000000000e+02
1025       1.344000000000000000e+03
1025       1.352000000000000000e+03
1025       1.287000000000000000e+03
1025       1.238000000000000000e+03
1025       9.900000000000000000e+01
1025       1.248000000000000000e+03
1025       1.237000000000000000e+03
1025       1.189000000000000000e+03
1025       1.027000000000000000e+03
1025       8.620000000000000000e+02
1025       4.680000000000000000e+02
1025       3.730000000000000000e+02
1026       1.124000000000000000e+03
1026       1.205000000000000000e+03
1026       8.370000000000000000e+02
1026       1.303000000000000000e+03
1026       5.030000000000000000e+02
1026       5.020000000000000000e+02
1026       1.265000000000000000e+03
1026       1.146000000000000000e+03
1026       1.136000000000000000e+03
1027       1.174000000000000000e+03
1027       1.140000000000000000e+02
1027       8.320000000000000000e+02
1027       7.140000000000000000e+02
1027       1.354000000000000000e+03
1027       8.580000000000000000e+02
1027       1.096000000000000000e+03
1027       7.300000000000000000e+02
1027       6.390000000000000000e+02
1027       6.350000000000000000e+02
1027       1.257000000000000000e+03
1027       1.332000000000000000e+03
1027       1.087000000000000000e+03
1028       1.276000000000000000e+03
1028       6.480000000000000000e+02
1028       1.253000000000000000e+03
1028       1.007000000000000000e+03
1028       1.357000000000000000e+03
1028       5.980000000000000000e+02
1028       1.122000000000000000e+03
1028       1.152000000000000000e+03
1028       9.130000000000000000e+02
1028       1.275000000000000000e+03
1028       4.400000000000000000e+01
1028       3.600000000000000000e+01
1028       1.130000000000000000e+03
1028       7.230000000000000000e+02
1028       1.142000000000000000e+03
1029       1.135000000000000000e+03
1029       8.920000000000000000e+02
1029       5.830000000000000000e+02
1029       1.192000000000000000e+03
1029       9.520000000000000000e+02
1029       1.231000000000000000e+03
1029       1.980000000000000000e+02
1029       1.139000000000000000e+03
1029       1.316000000000000000e+03
1029       8.630000000000000000e+02
1029       1.221000000000000000e+03
1030       8.560000000000000000e+02
1030       1.281000000000000000e+03
1030       1.277000000000000000e+03
1030       1.481000000000000000e+03
1030       1.179000000000000000e+03
1030       1.350000000000000000e+03
1030       4.180000000000000000e+02
1030       1.129000000000000000e+03
1030       3.770000000000000000e+02
1030       1.292000000000000000e+03
1030       1.282000000000000000e+03
1030       1.131000000000000000e+03
1031       8.810000000000000000e+02
1031       4.920000000000000000e+02
1031       1.217000000000000000e+03
1031       4.020000000000000000e+02
1031       8.710000000000000000e+02
1031       7.700000000000000000e+01
1031       3.020000000000000000e+02
1031       3.750000000000000000e+02
1031       1.351000000000000000e+03
1031       1.290000000000000000e+03
1031       1.343000000000000000e+03
1031       1.172000000000000000e+03
1031       1.494000000000000000e+03
1031       4.060000000000000000e+02
1031       1.286000000000000000e+03
1031       1.318000000000000000e+03
1031       1.295000000000000000e+03
1032       1.208000000000000000e+03
1032       1.490000000000000000e+02
1032       7.620000000000000000e+02
1032       1.228000000000000000e+03
1032       1.125000000000000000e+03
1032       1.294000000000000000e+03
1032       1.233000000000000000e+03
1032       2.540000000000000000e+02
1032       1.143000000000000000e+03
1032       1.168000000000000000e+03
1032       1.266000000000000000e+03
1032       1.261000000000000000e+03
1032       1.353000000000000000e+03
1032       3.380000000000000000e+02
1032       1.186000000000000000e+03
1032       1.336000000000000000e+03
1032       4.450000000000000000e+02
1032       1.264000000000000000e+03
1032       1.279000000000000000e+03
1032       7.890000000000000000e+02
1032       6.240000000000000000e+02
1033       1.254000000000000000e+03
1033       2.340000000000000000e+02
1033       1.240000000000000000e+02
1033       1.220000000000000000e+03
1033       6.050000000000000000e+02
1033       1.433000000000000000e+03
1033       1.215000000000000000e+03
1033       9.230000000000000000e+02
1033       4.050000000000000000e+02
1033       4.900000000000000000e+01
1033       1.198000000000000000e+03
1033       3.310000000000000000e+02
1033       1.321000000000000000e+03
1033       1.214000000000000000e+03
1033       2.460000000000000000e+02
1033       2.910000000000000000e+02
1033       1.180000000000000000e+03
1033       4.770000000000000000e+02
1033       6.780000000000000000e+02
1033       1.298000000000000000e+03
1034       1.148000000000000000e+03
1034       1.219000000000000000e+03
1034       1.155000000000000000e+03
1034       1.132000000000000000e+03
1034       1.153000000000000000e+03
1034       1.222000000000000000e+03
1034       6.420000000000000000e+02
1034       8.470000000000000000e+02
1034       1.252000000000000000e+03
1034       1.244000000000000000e+03
1034       9.680000000000000000e+02
1034       1.880000000000000000e+02
1034       1.162000000000000000e+03
1034       1.370000000000000000e+02
1034       1.330000000000000000e+03
1034       1.014000000000000000e+03
1034       4.650000000000000000e+02
1034       9.250000000000000000e+02
1035       1.382000000000000000e+03
1035       1.085000000000000000e+03
1035       1.134000000000000000e+03
1035       3.510000000000000000e+02
1035       1.074000000000000000e+03
1035       1.337000000000000000e+03
1035       1.334000000000000000e+03
1035       4.170000000000000000e+02
1035       1.770000000000000000e+02
1035       8.640000000000000000e+02
1035       6.450000000000000000e+02
1035       1.242000000000000000e+03
1035       1.251000000000000000e+03
1035       1.289000000000000000e+03
1035       8.880000000000000000e+02
1035       3.430000000000000000e+02
1035       1.037000000000000000e+03
1036       1.259000000000000000e+03
1036       1.730000000000000000e+02
1036       9.570000000000000000e+02
1036       1.247000000000000000e+03
1036       1.313000000000000000e+03
1036       1.178000000000000000e+03
1036       1.322000000000000000e+03
1036       4.990000000000000000e+02
1036       1.285000000000000000e+03
1036       8.140000000000000000e+02
1037       1.040000000000000000e+03
1037       1.263000000000000000e+03
1037       3.410000000000000000e+02
1037       1.328000000000000000e+03
1037       1.130000000000000000e+03
1037       1.159000000000000000e+03
1037       1.050000000000000000e+02
1037       1.543000000000000000e+03
1037       1.157000000000000000e+03
1037       4.150000000000000000e+02
1037       4.590000000000000000e+02
1037       1.181000000000000000e+03
1037       4.270000000000000000e+02
1037       5.410000000000000000e+02
1037       1.212000000000000000e+03
1037       1.038000000000000000e+03
1037       1.032000000000000000e+03
1037       1.177000000000000000e+03
1037       1.230000000000000000e+03
1037       3.790000000000000000e+02
1037       1.225000000000000000e+03
1037       5.360000000000000000e+02
1037       1.072000000000000000e+03
1037       1.020000000000000000e+03
1037       1.041000000000000000e+03
1037       1.195000000000000000e+03
1037       1.166000000000000000e+03
1037       1.315000000000000000e+03
1037       1.340000000000000000e+03
1037       1.154000000000000000e+03
1037       1.183000000000000000e+03
1037       6.330000000000000000e+02
1037       1.127000000000000000e+03
1038       1.355000000000000000e+03
1038       6.120000000000000000e+02
1038       7.260000000000000000e+02
1038       1.267000000000000000e+03
1038       1.270000000000000000e+03
1038       7.600000000000000000e+01
1038       3.480000000000000000e+02
1038       1.224000000000000000e+03
1038       1.152000000000000000e+03
1038       1.423000000000000000e+03
1038       2.120000000000000000e+02
1038       2.020000000000000000e+02
1038       6.910000000000000000e+02
1038       2.980000000000000000e+02
1038       8.540000000000000000e+02
1038       1.375000000000000000e+03
1038       8.500000000000000000e+02
1038       6.130000000000000000e+02
1038       1.188000000000000000e+03
1038       1.151000000000000000e+03
1038       7.150000000000000000e+02
1038       1.160000000000000000e+03
1038       4.610000000000000000e+02
1038       1.216000000000000000e+03
1038       1.335000000000000000e+03
1038       1.276000000000000000e+03
1038       1.105000000000000000e+03
1038       2.350000000000000000e+02
1038       1.317000000000000000e+03
1038       1.000000000000000000e+03
1038       1.310000000000000000e+03
1038       8.190000000000000000e+02
1038       6.380000000000000000e+02
1038       1.307000000000000000e+03
1039       1.169000000000000000e+03
1039       1.302000000000000000e+03
1039       1.210000000000000000e+03
1039       1.205000000000000000e+03
1039       5.840000000000000000e+02
1039       1.124000000000000000e+03
1039       3.090000000000000000e+02
1039       1.184000000000000000e+03
1039       1.140000000000000000e+03
1039       1.309000000000000000e+03
1039       1.133000000000000000e+03
1039       1.206000000000000000e+03
1039       9.810000000000000000e+02
1039       1.193000000000000000e+03
1039       1.558000000000000000e+03
1039       7.600000000000000000e+02
1040       1.243000000000000000e+03
1040       1.249000000000000000e+03
1040       1.194000000000000000e+03
1040       7.980000000000000000e+02
1040       4.720000000000000000e+02
1040       1.129000000000000000e+03
1040       1.290000000000000000e+03
1040       1.260000000000000000e+02
1040       1.346000000000000000e+03
1041       1.416000000000000000e+03
1041       1.343000000000000000e+03
1041       8.030000000000000000e+02
1041       1.207000000000000000e+03
1041       1.139000000000000000e+03
1041       1.354000000000000000e+03
1041       6.690000000000000000e+02
1041       5.250000000000000000e+02
1041       1.268000000000000000e+03
1041       1.136000000000000000e+03
1041       1.126000000000000000e+03
1041       1.254000000000000000e+03
1042       1.232000000000000000e+03
1042       4.180000000000000000e+02
1042       1.260000000000000000e+03
1042       1.288000000000000000e+03
1042       1.218000000000000000e+03
1042       1.349000000000000000e+03
1042       1.156000000000000000e+03
1042       9.020000000000000000e+02
1042       1.155000000000000000e+03
1042       1.314000000000000000e+03
1042       1.144000000000000000e+03
1043       2.280000000000000000e+02
1043       1.122000000000000000e+03
1043       1.137000000000000000e+03
1043       1.250000000000000000e+02
1043       1.319000000000000000e+03
1043       1.110000000000000000e+02
1043       1.076000000000000000e+03
1043       1.358000000000000000e+03
1043       1.312000000000000000e+03
1043       5.760000000000000000e+02
1043       1.146000000000000000e+03
1043       1.272000000000000000e+03
1043       1.175000000000000000e+03
1043       1.200000000000000000e+03
1043       1.185000000000000000e+03
1043       1.321000000000000000e+03
1043       8.910000000000000000e+02
1043       1.221000000000000000e+03
1044       1.131000000000000000e+03
1044       1.168000000000000000e+03
1044       1.214000000000000000e+03
1044       1.028000000000000000e+03
1044       1.142000000000000000e+03
1044       1.324000000000000000e+03
1044       1.010000000000000000e+03
1044       5.300000000000000000e+02
1044       1.161000000000000000e+03
1044       1.253000000000000000e+03
1044       1.241000000000000000e+03
1044       1.535000000000000000e+03
1044       1.141000000000000000e+03
1044       1.297000000000000000e+03
1044       1.347000000000000000e+03
1045       7.080000000000000000e+02
1045       1.332000000000000000e+03
1045       1.186000000000000000e+03
1045       1.256000000000000000e+03
1045       1.016000000000000000e+03
1045       1.780000000000000000e+02
1045       1.222000000000000000e+03
1045       1.278000000000000000e+03
1045       8.260000000000000000e+02
1045       1.345000000000000000e+03
1045       1.106000000000000000e+03
1045       2.970000000000000000e+02
1045       1.287000000000000000e+03
1045       1.149000000000000000e+03
1046       1.021000000000000000e+03
1046       6.110000000000000000e+02
1046       1.344000000000000000e+03
1046       8.740000000000000000e+02
1046       1.204000000000000000e+03
1046       1.245000000000000000e+03
1046       1.327000000000000000e+03
1046       1.167000000000000000e+03
1046       2.730000000000000000e+02
1046       9.000000000000000000e+01
1046       4.030000000000000000e+02
1046       1.203000000000000000e+03
1046       3.840000000000000000e+02
1046       1.112000000000000000e+03
1046       1.266000000000000000e+03
1046       1.341000000000000000e+03
1046       3.640000000000000000e+02
1046       4.300000000000000000e+01
1046       1.220000000000000000e+03
1046       1.151000000000000000e+03
1046       6.250000000000000000e+02
1046       1.163000000000000000e+03
1046       5.400000000000000000e+02
1046       6.780000000000000000e+02
1046       1.357000000000000000e+03
1046       1.121000000000000000e+03
1046       2.740000000000000000e+02
1046       1.223000000000000000e+03
1046       1.276000000000000000e+03
1047       2.710000000000000000e+02
1047       1.292000000000000000e+03
1047       1.597000000000000000e+03
1047       1.158000000000000000e+03
1047       1.237000000000000000e+03
1047       4.440000000000000000e+02
1047       1.329000000000000000e+03
1047       8.350000000000000000e+02
1047       8.120000000000000000e+02
1047       1.284000000000000000e+03
1048       1.171000000000000000e+03
1048       1.174000000000000000e+03
1048       7.950000000000000000e+02
1048       1.015000000000000000e+03
1048       1.124000000000000000e+03
1048       6.930000000000000000e+02
1048       1.252000000000000000e+03
1048       5.000000000000000000e+01
1048       1.138000000000000000e+03
1048       1.009000000000000000e+03
1048       1.306000000000000000e+03
1048       3.810000000000000000e+02
1048       1.242000000000000000e+03
1049       4.000000000000000000e+02
1049       1.082000000000000000e+03
1049       1.295000000000000000e+03
1049       1.340000000000000000e+03
1049       7.410000000000000000e+02
1050       1.274000000000000000e+03
1050       1.316000000000000000e+03
1050       1.190000000000000000e+03
1050       1.322000000000000000e+03
1050       1.304000000000000000e+03
1050       8.780000000000000000e+02
1050       3.590000000000000000e+02
1050       1.160000000000000000e+03
1050       5.900000000000000000e+02
1050       1.342000000000000000e+03
1050       1.352000000000000000e+03
1050       1.267000000000000000e+03
1050       0.000000000000000000e+00
1050       1.169000000000000000e+03
1051       6.230000000000000000e+02
1051       2.900000000000000000e+01
1051       3.960000000000000000e+02
1051       1.197000000000000000e+03
1051       9.410000000000000000e+02
1052       3.520000000000000000e+02
1052       1.249000000000000000e+03
1052       1.227000000000000000e+03
1052       8.820000000000000000e+02
1052       8.170000000000000000e+02
1052       1.308000000000000000e+03
1052       9.990000000000000000e+02
1052       1.144000000000000000e+03
1053       6.660000000000000000e+02
1053       3.850000000000000000e+02
1053       2.700000000000000000e+01
1053       1.262000000000000000e+03
1053       4.900000000000000000e+01
1053       1.900000000000000000e+02
1053       6.160000000000000000e+02
1053       4.020000000000000000e+02
1053       4.790000000000000000e+02
1053       5.160000000000000000e+02
1054       7.760000000000000000e+02
1054       1.123000000000000000e+03
1054       1.154000000000000000e+03
1054       1.311000000000000000e+03
1054       9.080000000000000000e+02
1054       1.060000000000000000e+03
1054       1.195000000000000000e+03
1054       8.030000000000000000e+02
1055       1.199000000000000000e+03
1055       1.129000000000000000e+03
1055       3.150000000000000000e+02
1055       1.248000000000000000e+03
1055       1.121000000000000000e+03
1055       1.216000000000000000e+03
1055       1.750000000000000000e+02
1055       1.307000000000000000e+03
1055       1.350000000000000000e+03
1055       5.000000000000000000e+02
1056       1.348000000000000000e+03
1056       1.198000000000000000e+03
1056       4.210000000000000000e+02
1056       5.200000000000000000e+01
1056       3.310000000000000000e+02
1056       1.150000000000000000e+03
1056       6.870000000000000000e+02
1056       1.297000000000000000e+03
1056       1.136000000000000000e+03
1056       1.003000000000000000e+03
1057       1.055000000000000000e+03
1057       1.332000000000000000e+03
1057       1.126000000000000000e+03
1057       1.290000000000000000e+03
1057       1.287000000000000000e+03
1057       1.196000000000000000e+03
1057       3.500000000000000000e+01
1057       1.228000000000000000e+03
1057       1.335000000000000000e+03
1057       1.202000000000000000e+03
1057       1.309000000000000000e+03
1057       1.179000000000000000e+03
1057       1.157000000000000000e+03
1057       1.470000000000000000e+03
1057       9.550000000000000000e+02
1058       1.218000000000000000e+03
1058       7.580000000000000000e+02
1058       1.232000000000000000e+03
1058       1.303000000000000000e+03
1058       5.490000000000000000e+02
1058       3.300000000000000000e+01
1059       1.164000000000000000e+03
1059       1.313000000000000000e+03
1059       1.127000000000000000e+03
1059       1.187000000000000000e+03
1059       1.355000000000000000e+03
1059       1.259000000000000000e+03
1059       1.030000000000000000e+03
1059       1.254000000000000000e+03
1059       8.040000000000000000e+02
1059       1.118000000000000000e+03
1059       1.233000000000000000e+03
1060       1.292000000000000000e+03
1060       1.224000000000000000e+03
1060       1.240000000000000000e+03
1060       1.223000000000000000e+03
1060       1.274000000000000000e+03
1060       7.810000000000000000e+02
1060       5.370000000000000000e+02
1060       1.263000000000000000e+03
1060       1.300000000000000000e+03
1060       9.970000000000000000e+02
1060       1.323000000000000000e+03
1060       5.460000000000000000e+02
1061       1.140000000000000000e+03
1061       1.188000000000000000e+03
1061       1.235000000000000000e+03
1061       1.210000000000000000e+03
1061       7.620000000000000000e+02
1061       1.163000000000000000e+03
1061       9.150000000000000000e+02
1061       1.336000000000000000e+03
1061       1.279000000000000000e+03
1061       1.282000000000000000e+03
1061       1.346000000000000000e+03
1061       5.670000000000000000e+02
1062       1.230000000000000000e+02
1062       1.173000000000000000e+03
1062       1.330000000000000000e+03
1062       9.010000000000000000e+02
1062       6.110000000000000000e+02
1062       1.185000000000000000e+03
1062       4.230000000000000000e+02
1062       5.700000000000000000e+01
1062       1.205000000000000000e+03
1062       6.310000000000000000e+02
1062       3.060000000000000000e+02
1063       1.356000000000000000e+03
1063       1.149000000000000000e+03
1063       1.349000000000000000e+03
1063       1.089000000000000000e+03
1063       1.359000000000000000e+03
1063       8.290000000000000000e+02
1063       8.780000000000000000e+02
1063       9.110000000000000000e+02
1063       8.490000000000000000e+02
1063       1.165000000000000000e+03
1063       9.040000000000000000e+02
1064       1.192000000000000000e+03
1064       3.840000000000000000e+02
1064       1.150000000000000000e+03
1064       1.122000000000000000e+03
1064       6.740000000000000000e+02
1065       1.035000000000000000e+03
1065       1.229000000000000000e+03
1065       1.247000000000000000e+03
1065       7.960000000000000000e+02
1065       6.560000000000000000e+02
1065       3.130000000000000000e+02
1065       1.283000000000000000e+03
1065       1.273000000000000000e+03
1065       1.319000000000000000e+03
1065       1.281000000000000000e+03
1065       1.172000000000000000e+03
1065       1.230000000000000000e+03
1065       1.231000000000000000e+03
1065       9.670000000000000000e+02
1066       1.326000000000000000e+03
1066       9.620000000000000000e+02
1066       1.315000000000000000e+03
1066       1.318000000000000000e+03
1066       7.350000000000000000e+02
1066       1.333000000000000000e+03
1066       9.410000000000000000e+02
1066       1.284000000000000000e+03
1066       7.570000000000000000e+02
1067       3.440000000000000000e+02
1067       2.480000000000000000e+02
1067       1.316000000000000000e+03
1067       1.166000000000000000e+03
1067       1.120000000000000000e+03
1067       1.277000000000000000e+03
1067       1.117000000000000000e+03
1067       1.285000000000000000e+03
1067       5.980000000000000000e+02
1067       1.246000000000000000e+03
1067       5.070000000000000000e+02
1067       1.334000000000000000e+03
1067       1.146000000000000000e+03
1067       7.320000000000000000e+02
1067       9.420000000000000000e+02
1067       1.131000000000000000e+03
1067       1.348000000000000000e+03
1067       1.153000000000000000e+03
1067       3.700000000000000000e+01
1068       1.198000000000000000e+03
1068       6.230000000000000000e+02
1068       1.138000000000000000e+03
1068       1.218000000000000000e+03
1068       9.000000000000000000e+00
1068       9.540000000000000000e+02
1068       2.130000000000000000e+02
1068       1.293000000000000000e+03
1068       4.690000000000000000e+02
1069       1.244000000000000000e+03
1069       1.324000000000000000e+03
1069       5.100000000000000000e+01
1069       4.640000000000000000e+02
1069       1.240000000000000000e+02
1069       8.860000000000000000e+02
1069       1.068000000000000000e+03
1069       1.303000000000000000e+03
1069       1.193000000000000000e+03
1069       1.320000000000000000e+03
1070       4.040000000000000000e+02
1070       5.060000000000000000e+02
1070       4.760000000000000000e+02
1070       9.100000000000000000e+01
1070       1.225000000000000000e+03
1070       1.261000000000000000e+03
1070       1.189000000000000000e+03
1070       8.100000000000000000e+01
1070       8.060000000000000000e+02
1070       2.770000000000000000e+02
1070       1.267000000000000000e+03
1070       1.353000000000000000e+03
1071       1.216000000000000000e+03
1071       1.148000000000000000e+03
1071       1.300000000000000000e+03
1071       1.139000000000000000e+03
1071       6.250000000000000000e+02
1071       1.158000000000000000e+03
1071       1.487000000000000000e+03
1071       1.207000000000000000e+03
1071       1.187000000000000000e+03
1071       1.145000000000000000e+03
1071       1.176000000000000000e+03
1071       1.191000000000000000e+03
1071       1.220000000000000000e+03
1071       1.308000000000000000e+03
1071       1.197000000000000000e+03
1071       7.580000000000000000e+02
1071       2.030000000000000000e+02
1072       1.201000000000000000e+03
1072       1.257000000000000000e+03
1072       1.312000000000000000e+03
1072       1.172000000000000000e+03
1072       2.300000000000000000e+01
1072       4.200000000000000000e+02
1072       1.262000000000000000e+03
1072       1.060000000000000000e+03
1072       7.600000000000000000e+01
1072       6.500000000000000000e+02
1072       1.276000000000000000e+03
1072       9.340000000000000000e+02
1072       1.338000000000000000e+03
1072       1.265000000000000000e+03
1072       1.300000000000000000e+01
1072       1.600000000000000000e+02
1072       1.141000000000000000e+03
1073       5.330000000000000000e+02
1073       1.173000000000000000e+03
1073       1.329000000000000000e+03
1073       2.610000000000000000e+02
1073       1.297000000000000000e+03
1073       1.234000000000000000e+03
1073       1.213000000000000000e+03
1073       1.147000000000000000e+03
1073       1.309000000000000000e+03
1073       1.129000000000000000e+03
1073       1.346000000000000000e+03
1073       1.137000000000000000e+03
1073       1.094000000000000000e+03
1073       1.200000000000000000e+03
1073       1.336000000000000000e+03
1073       1.640000000000000000e+02
1073       6.600000000000000000e+02
1073       1.462000000000000000e+03
1073       1.236000000000000000e+03
1073       1.301000000000000000e+03
1073       1.249000000000000000e+03
1074       4.890000000000000000e+02
1074       1.286000000000000000e+03
1074       1.272000000000000000e+03
1074       1.280000000000000000e+03
1074       1.339000000000000000e+03
1074       1.199000000000000000e+03
1074       1.208000000000000000e+03
1074       1.221000000000000000e+03
1074       1.154000000000000000e+03
1074       1.310000000000000000e+02
1074       8.100000000000000000e+02
1074       6.540000000000000000e+02
1074       1.352000000000000000e+03
1075       1.252000000000000000e+03
1075       3.540000000000000000e+02
1075       7.240000000000000000e+02
1075       3.450000000000000000e+02
1075       1.205000000000000000e+03
1075       1.223000000000000000e+03
1075       1.331000000000000000e+03
1075       8.130000000000000000e+02
1075       1.880000000000000000e+02
1075       1.333000000000000000e+03
1076       6.120000000000000000e+02
1076       1.263000000000000000e+03
1076       1.217000000000000000e+03
1077       1.222000000000000000e+03
1077       1.264000000000000000e+03
1077       1.349000000000000000e+03
1077       8.750000000000000000e+02
1077       1.268000000000000000e+03
1077       8.070000000000000000e+02
1077       4.460000000000000000e+02
1077       1.358000000000000000e+03
1077       1.255000000000000000e+03
1077       6.570000000000000000e+02
1077       3.350000000000000000e+02
1078       8.670000000000000000e+02
1078       1.347000000000000000e+03
1078       1.180000000000000000e+02
1078       5.000000000000000000e+01
1078       1.241000000000000000e+03
1078       1.289000000000000000e+03
1078       1.288000000000000000e+03
1078       1.365000000000000000e+03
1078       1.120000000000000000e+03
1078       1.246000000000000000e+03
1078       1.109000000000000000e+03
1078       1.207000000000000000e+03
1078       6.710000000000000000e+02
1078       1.136000000000000000e+03
1079       1.302000000000000000e+03
1079       1.050000000000000000e+02
1079       1.157000000000000000e+03
1079       7.440000000000000000e+02
1079       3.790000000000000000e+02
1079       1.204000000000000000e+03
1079       1.153000000000000000e+03
1079       5.520000000000000000e+02
1079       1.341000000000000000e+03
1079       1.292000000000000000e+03
1079       1.253000000000000000e+03
1079       1.128000000000000000e+03
1079       1.229000000000000000e+03
1079       1.146000000000000000e+03
1079       2.090000000000000000e+02
1079       7.880000000000000000e+02
1080       4.070000000000000000e+02
1080       1.159000000000000000e+03
1080       1.323000000000000000e+03
1080       1.124000000000000000e+03
1080       2.640000000000000000e+02
1080       2.450000000000000000e+02
1080       5.600000000000000000e+02
1080       1.285000000000000000e+03
1080       1.328000000000000000e+03
1080       1.151000000000000000e+03
1080       1.125000000000000000e+03
1080       1.324000000000000000e+03
1081       6.620000000000000000e+02
1081       1.214000000000000000e+03
1081       1.245000000000000000e+03
1081       7.410000000000000000e+02
1081       1.315000000000000000e+03
1081       1.206000000000000000e+03
1081       5.860000000000000000e+02
1081       1.203000000000000000e+03
1081       4.280000000000000000e+02
1081       1.219000000000000000e+03
1081       9.290000000000000000e+02
1081       1.145000000000000000e+03
1081       8.010000000000000000e+02
1081       5.480000000000000000e+02
1081       3.600000000000000000e+02
1082       1.530000000000000000e+02
1082       1.194000000000000000e+03
1082       1.330000000000000000e+03
1082       1.176000000000000000e+03
1082       6.680000000000000000e+02
1082       1.256000000000000000e+03
1082       1.284000000000000000e+03
1082       1.318000000000000000e+03
1082       1.259000000000000000e+03
1082       6.410000000000000000e+02
1082       1.290000000000000000e+03
1082       5.530000000000000000e+02
1082       4.390000000000000000e+02
1082       1.340000000000000000e+03
1083       2.790000000000000000e+02
1083       1.211000000000000000e+03
1083       1.232000000000000000e+03
1083       1.177000000000000000e+03
1083       1.274000000000000000e+03
1083       1.121000000000000000e+03
1083       5.470000000000000000e+02
1083       1.131000000000000000e+03
1084       1.036000000000000000e+03
1084       1.300000000000000000e+03
1084       5.140000000000000000e+02
1084       2.730000000000000000e+02
1084       1.132000000000000000e+03
1084       1.283000000000000000e+03
1084       9.120000000000000000e+02
1084       4.200000000000000000e+01
1085       1.155000000000000000e+03
1085       1.226000000000000000e+03
1085       1.330000000000000000e+02
1085       8.230000000000000000e+02
1085       1.306000000000000000e+03
1085       1.350000000000000000e+03
1085       1.585000000000000000e+03
1085       1.017000000000000000e+03
1085       9.410000000000000000e+02
1085       6.120000000000000000e+02
1085       1.448000000000000000e+03
1085       1.298000000000000000e+03
1085       1.216000000000000000e+03
1085       5.730000000000000000e+02
1085       1.244000000000000000e+03
1085       1.143000000000000000e+03
1085       5.000000000000000000e+00
1086       4.520000000000000000e+02
1086       3.810000000000000000e+02
1086       2.180000000000000000e+02
1086       1.272000000000000000e+03
1086       9.870000000000000000e+02
1086       1.184000000000000000e+03
1086       1.182000000000000000e+03
1086       5.930000000000000000e+02
1086       2.750000000000000000e+02
1086       1.344000000000000000e+03
1086       1.265000000000000000e+03
1086       1.338000000000000000e+03
1086       7.950000000000000000e+02
1086       1.164000000000000000e+03
1086       1.126000000000000000e+03
1087       1.240000000000000000e+03
1087       1.321000000000000000e+03
1087       1.359000000000000000e+03
1087       3.880000000000000000e+02
1087       1.215000000000000000e+03
1087       1.161000000000000000e+03
1087       4.410000000000000000e+02
1087       7.220000000000000000e+02
1087       1.278000000000000000e+03
1087       3.610000000000000000e+02
1087       3.710000000000000000e+02
1087       1.329000000000000000e+03
1087       3.120000000000000000e+02
1087       1.288000000000000000e+03
1087       2.770000000000000000e+02
1088       1.057000000000000000e+03
1088       1.309000000000000000e+03
1088       1.150000000000000000e+03
1088       2.720000000000000000e+02
1088       1.254000000000000000e+03
1088       4.770000000000000000e+02
1088       1.313000000000000000e+03
1088       1.352000000000000000e+03
1088       1.291000000000000000e+03
1088       9.800000000000000000e+02
1088       1.311000000000000000e+03
1088       1.252000000000000000e+03
1088       1.139000000000000000e+03
1088       1.198000000000000000e+03
1088       1.197000000000000000e+03
1088       3.720000000000000000e+02
1088       1.271000000000000000e+03
1088       1.217000000000000000e+03
1088       1.260000000000000000e+03
1088       1.319000000000000000e+03
1089       6.690000000000000000e+02
1089       1.201000000000000000e+03
1089       9.310000000000000000e+02
1089       3.940000000000000000e+02
1089       1.248000000000000000e+03
1089       4.040000000000000000e+02
1089       1.257000000000000000e+03
1089       2.300000000000000000e+02
1089       1.189000000000000000e+03
1089       1.320000000000000000e+03
1089       6.820000000000000000e+02
1090       7.850000000000000000e+02
1090       1.170000000000000000e+03
1090       9.860000000000000000e+02
1090       1.235000000000000000e+03
1090       3.740000000000000000e+02
1090       9.600000000000000000e+01
1090       8.390000000000000000e+02
1090       6.740000000000000000e+02
1090       4.730000000000000000e+02
1090       5.260000000000000000e+02
1090       1.208000000000000000e+03
1090       4.960000000000000000e+02
1090       7.000000000000000000e+00
1090       1.317000000000000000e+03
1091       1.282000000000000000e+03
1091       8.640000000000000000e+02
1091       2.850000000000000000e+02
1091       1.186000000000000000e+03
1091       1.299000000000000000e+03
1091       4.440000000000000000e+02
1091       1.128000000000000000e+03
1091       2.370000000000000000e+02
1091       1.304000000000000000e+03
1091       8.730000000000000000e+02
1091       5.190000000000000000e+02
1091       1.162000000000000000e+03
1091       1.213000000000000000e+03
1091       1.120000000000000000e+03
1091       1.171000000000000000e+03
1092       7.290000000000000000e+02
1092       2.650000000000000000e+02
1092       1.187000000000000000e+03
1092       1.165000000000000000e+03
1092       1.230000000000000000e+03
1092       1.125000000000000000e+03
1092       1.234000000000000000e+03
1092       1.307000000000000000e+03
1092       1.175000000000000000e+03
1092       1.268000000000000000e+03
1092       1.152000000000000000e+03
1092       2.000000000000000000e+00
1092       1.127000000000000000e+03
1092       1.212000000000000000e+03
1092       1.002000000000000000e+03
1092       1.251000000000000000e+03
1093       6.100000000000000000e+02
1093       5.980000000000000000e+02
1093       1.342000000000000000e+03
1093       8.300000000000000000e+01
1093       1.174000000000000000e+03
1093       1.256000000000000000e+03
1093       1.193000000000000000e+03
1093       9.770000000000000000e+02
1093       6.670000000000000000e+02
1093       1.274000000000000000e+03
1093       6.460000000000000000e+02
1093       1.153000000000000000e+03
1093       1.155000000000000000e+03
1093       1.199000000000000000e+03
1093       1.149000000000000000e+03
1093       5.490000000000000000e+02
1093       3.460000000000000000e+02
1093       7.330000000000000000e+02
1093       1.156000000000000000e+03
1093       1.255000000000000000e+03
1093       3.400000000000000000e+01
1093       1.269000000000000000e+03
1094       6.000000000000000000e+01
1094       1.267000000000000000e+03
1094       5.990000000000000000e+02
1094       1.030000000000000000e+03
1094       1.264000000000000000e+03
1094       7.010000000000000000e+02
1094       1.225000000000000000e+03
1094       3.000000000000000000e+02
1094       1.000000000000000000e+02
1094       1.228000000000000000e+03
1094       1.343000000000000000e+03
1094       1.334000000000000000e+03
1094       1.130000000000000000e+03
1094       1.322000000000000000e+03
1094       7.160000000000000000e+02
1094       2.960000000000000000e+02
1094       1.205000000000000000e+03
1094       1.305000000000000000e+03
1094       1.348000000000000000e+03
1094       3.300000000000000000e+02
1094       9.480000000000000000e+02
1095       1.134000000000000000e+03
1095       1.270000000000000000e+03
1095       3.020000000000000000e+02
1095       1.176000000000000000e+03
1095       5.400000000000000000e+01
1095       9.650000000000000000e+02
1095       1.151000000000000000e+03
1095       5.120000000000000000e+02
1095       5.050000000000000000e+02
1095       4.550000000000000000e+02
1095       5.040000000000000000e+02
1095       1.325000000000000000e+03
1095       1.180000000000000000e+03
1095       6.390000000000000000e+02
1095       1.273000000000000000e+03
1095       1.326000000000000000e+03
1095       1.610000000000000000e+02
1095       1.366000000000000000e+03
1095       1.323000000000000000e+03
1095       1.224000000000000000e+03
1095       1.380000000000000000e+02
1095       1.122000000000000000e+03
1095       8.760000000000000000e+02
1095       2.520000000000000000e+02
1095       8.280000000000000000e+02
1095       1.167000000000000000e+03
1095       5.410000000000000000e+02
1095       1.328000000000000000e+03
1096       1.093000000000000000e+03
1096       4.800000000000000000e+01
1096       4.780000000000000000e+02
1096       1.147000000000000000e+03
1096       9.630000000000000000e+02
1096       1.232000000000000000e+03
1096       1.286000000000000000e+03
1096       1.351000000000000000e+03
1096       2.480000000000000000e+02
1096       1.196000000000000000e+03
1096       5.950000000000000000e+02
1096       1.220000000000000000e+03
1096       1.097000000000000000e+03
1096       3.060000000000000000e+02
1096       1.297000000000000000e+03
1096       1.242000000000000000e+03
1096       1.281000000000000000e+03
1097       1.040000000000000000e+02
1097       1.247000000000000000e+03
1097       9.800000000000000000e+01
1097       1.210000000000000000e+03
1097       5.450000000000000000e+02
1097       1.258000000000000000e+03
1097       1.135000000000000000e+03
1097       4.300000000000000000e+01
1097       1.355000000000000000e+03
1097       5.420000000000000000e+02
1097       1.335000000000000000e+03
1097       1.314000000000000000e+03
1097       3.710000000000000000e+02
1097       1.287000000000000000e+03
1097       1.353000000000000000e+03
1097       4.870000000000000000e+02
1097       1.168000000000000000e+03
1098       1.121000000000000000e+03
1098       1.123000000000000000e+03
1098       1.211000000000000000e+03
1098       1.293000000000000000e+03
1098       2.150000000000000000e+02
1098       1.276000000000000000e+03
1098       1.290000000000000000e+03
1098       1.479000000000000000e+03
1098       1.357000000000000000e+03
1098       2.790000000000000000e+02
1098       5.560000000000000000e+02
1098       2.280000000000000000e+02
1098       1.245000000000000000e+03
1098       1.257000000000000000e+03
1098       1.320000000000000000e+03
1098       1.178000000000000000e+03
1098       1.249000000000000000e+03
1099       1.331000000000000000e+03
1099       1.239000000000000000e+03
1099       1.207000000000000000e+03
1099       1.246000000000000000e+03
1099       9.450000000000000000e+02
1099       6.720000000000000000e+02
1099       3.800000000000000000e+02
1099       1.227000000000000000e+03
1099       1.460000000000000000e+02
1099       8.500000000000000000e+02
1099       1.254000000000000000e+03
1099       1.312000000000000000e+03
1099       1.173000000000000000e+03
1099       3.050000000000000000e+02
1099       1.235000000000000000e+03
1099       1.302000000000000000e+03
1099       1.189000000000000000e+03
1100       6.560000000000000000e+02
1100       1.550000000000000000e+02
1100       7.720000000000000000e+02
1100       8.690000000000000000e+02
1100       6.960000000000000000e+02
1100       1.083000000000000000e+03
1100       1.271000000000000000e+03
1100       1.164000000000000000e+03
1100       7.920000000000000000e+02
1100       1.580000000000000000e+02
1100       9.130000000000000000e+02
1101       8.920000000000000000e+02
1101       1.194000000000000000e+03
1101       2.290000000000000000e+02
1101       1.238000000000000000e+03
1101       2.800000000000000000e+02
1101       1.266000000000000000e+03
1101       3.500000000000000000e+01
1101       1.229000000000000000e+03
1101       1.248000000000000000e+03
1101       1.270000000000000000e+02
1101       1.127000000000000000e+03
1101       1.143000000000000000e+03
1102       1.278000000000000000e+03
1102       6.410000000000000000e+02
1102       1.234000000000000000e+03
1102       1.265000000000000000e+03
1102       1.184000000000000000e+03
1102       1.215000000000000000e+03
1102       7.390000000000000000e+02
1102       9.980000000000000000e+02
1102       5.000000000000000000e+00
1102       1.359000000000000000e+03
1102       1.261000000000000000e+03
1102       1.299000000000000000e+03
1102       1.179000000000000000e+03
1102       8.890000000000000000e+02
1102       4.050000000000000000e+02
1102       1.157000000000000000e+03
1102       1.201000000000000000e+03
1102       1.244000000000000000e+03
1102       1.303000000000000000e+03
1102       1.195000000000000000e+03
1103       9.720000000000000000e+02
1103       1.197000000000000000e+03
1103       1.120000000000000000e+03
1103       1.134000000000000000e+03
1103       7.200000000000000000e+01
1103       1.930000000000000000e+02
1103       3.150000000000000000e+02
1104       6.140000000000000000e+02
1104       9.230000000000000000e+02
1104       1.354000000000000000e+03
1104       7.040000000000000000e+02
1104       1.250000000000000000e+03
1104       1.169000000000000000e+03
1104       3.020000000000000000e+02
1104       1.006000000000000000e+03
1104       1.222000000000000000e+03
1104       1.236000000000000000e+03
1104       1.158000000000000000e+03
1104       1.318000000000000000e+03
1104       8.990000000000000000e+02
1104       1.129000000000000000e+03
1104       1.132000000000000000e+03
1104       1.227000000000000000e+03
1104       2.190000000000000000e+02
1104       6.300000000000000000e+01
1104       1.292000000000000000e+03
1105       4.140000000000000000e+02
1105       1.199000000000000000e+03
1105       9.510000000000000000e+02
1105       4.880000000000000000e+02
1105       1.121000000000000000e+03
1105       7.870000000000000000e+02
1105       8.740000000000000000e+02
1105       7.930000000000000000e+02
1105       1.333000000000000000e+03
1105       6.490000000000000000e+02
1105       1.243000000000000000e+03
1105       1.341000000000000000e+03
1106       1.221000000000000000e+03
1106       2.400000000000000000e+01
1106       1.163000000000000000e+03
1106       3.520000000000000000e+02
1106       1.591000000000000000e+03
1106       8.590000000000000000e+02
1106       1.330000000000000000e+03
1106       1.175000000000000000e+03
1106       1.296000000000000000e+03
1107       1.262000000000000000e+03
1107       1.289000000000000000e+03
1107       1.210000000000000000e+02
1107       1.332000000000000000e+03
1107       1.268000000000000000e+03
1107       1.159000000000000000e+03
1107       1.990000000000000000e+02
1107       1.327000000000000000e+03
1107       2.160000000000000000e+02
1107       5.660000000000000000e+02
1107       1.166000000000000000e+03
1107       4.220000000000000000e+02
1107       1.317000000000000000e+03
1107       3.380000000000000000e+02
1107       1.219000000000000000e+03
1107       3.210000000000000000e+02
1107       1.301000000000000000e+03
1107       1.040000000000000000e+03
1107       1.149000000000000000e+03
1107       1.200000000000000000e+03
1107       1.183000000000000000e+03
1107       1.234000000000000000e+03
1107       8.670000000000000000e+02
1107       1.277000000000000000e+03
1108       1.260000000000000000e+03
1108       1.355000000000000000e+03
1108       8.360000000000000000e+02
1108       1.322000000000000000e+03
1108       5.040000000000000000e+02
1108       1.156000000000000000e+03
1108       1.203000000000000000e+03
1108       4.850000000000000000e+02
1108       4.010000000000000000e+02
1108       1.610000000000000000e+02
1108       7.790000000000000000e+02
1108       1.124000000000000000e+03
1108       8.300000000000000000e+02
1108       1.255000000000000000e+03
1108       9.480000000000000000e+02
1108       1.309000000000000000e+03
1108       1.228000000000000000e+03
1108       1.295000000000000000e+03
1108       6.330000000000000000e+02
1109       1.172000000000000000e+03
1109       9.150000000000000000e+02
1109       8.530000000000000000e+02
1109       1.298000000000000000e+03
1109       1.205000000000000000e+03
1109       1.249000000000000000e+03
1109       7.960000000000000000e+02
1109       1.460000000000000000e+03
1109       1.053000000000000000e+03
1109       1.310000000000000000e+03
1109       1.321000000000000000e+03
1109       1.181000000000000000e+03
1109       1.110000000000000000e+02
1110       1.272000000000000000e+03
1110       1.012000000000000000e+03
1110       9.190000000000000000e+02
1110       1.348000000000000000e+03
1110       6.080000000000000000e+02
1110       1.345000000000000000e+03
1110       1.279000000000000000e+03
1110       1.455000000000000000e+03
1110       1.214000000000000000e+03
1110       1.254000000000000000e+03
1111       2.280000000000000000e+02
1111       1.337000000000000000e+03
1111       1.700000000000000000e+01
1111       1.269000000000000000e+03
1111       2.380000000000000000e+02
1111       1.346000000000000000e+03
1111       1.191000000000000000e+03
1111       3.200000000000000000e+02
1111       1.138000000000000000e+03
1111       1.314000000000000000e+03
1111       1.230000000000000000e+03
1111       1.207000000000000000e+03
1111       1.142000000000000000e+03
1111       1.185000000000000000e+03
1111       3.060000000000000000e+02
1111       4.870000000000000000e+02
1111       1.220000000000000000e+03
1112       4.470000000000000000e+02
1112       1.240000000000000000e+03
1112       1.311000000000000000e+03
1112       1.241000000000000000e+03
1112       1.150000000000000000e+03
1112       1.208000000000000000e+03
1112       8.970000000000000000e+02
1112       1.307000000000000000e+03
1112       1.161000000000000000e+03
1112       1.184000000000000000e+03
1112       1.263000000000000000e+03
1113       1.206000000000000000e+03
1113       9.600000000000000000e+01
1113       7.490000000000000000e+02
1113       7.330000000000000000e+02
1113       1.136000000000000000e+03
1113       1.282000000000000000e+03
1113       1.235000000000000000e+03
1113       7.610000000000000000e+02
1113       1.452000000000000000e+03
1113       1.160000000000000000e+03
1113       6.280000000000000000e+02
1114       1.329000000000000000e+03
1114       1.158000000000000000e+03
1114       1.358000000000000000e+03
1114       1.710000000000000000e+02
1114       1.139000000000000000e+03
1114       1.135000000000000000e+03
1114       3.670000000000000000e+02
1114       1.125000000000000000e+03
1114       3.400000000000000000e+02
1114       7.700000000000000000e+01
1114       1.690000000000000000e+02
1114       1.352000000000000000e+03
1114       1.351000000000000000e+03
1114       3.420000000000000000e+02
1114       2.960000000000000000e+02
1115       1.123000000000000000e+03
1115       1.134000000000000000e+03
1115       1.303000000000000000e+03
1115       1.280000000000000000e+03
1115       2.080000000000000000e+02
1115       1.196000000000000000e+03
1115       3.560000000000000000e+02
1115       9.600000000000000000e+02
1115       1.247000000000000000e+03
1115       1.256000000000000000e+03
1115       6.300000000000000000e+02
1115       1.316000000000000000e+03
1115       6.130000000000000000e+02
1115       1.281000000000000000e+03
1115       9.310000000000000000e+02
1115       1.152000000000000000e+03
1115       1.192000000000000000e+03
1116       9.500000000000000000e+01
1116       1.172000000000000000e+03
1116       1.251000000000000000e+03
1116       1.127000000000000000e+03
1116       8.310000000000000000e+02
1116       1.154000000000000000e+03
1116       1.232000000000000000e+03
1116       1.186000000000000000e+03
1116       6.010000000000000000e+02
1116       1.226000000000000000e+03
1116       1.299000000000000000e+03
1116       1.144000000000000000e+03
1116       8.470000000000000000e+02
1116       1.167000000000000000e+03
1116       1.315000000000000000e+03
1116       1.176000000000000000e+03
1116       3.230000000000000000e+02
1116       5.060000000000000000e+02
1116       1.146000000000000000e+03
1116       5.590000000000000000e+02
1116       8.860000000000000000e+02
1116       1.286000000000000000e+03
1116       8.090000000000000000e+02
1116       2.950000000000000000e+02
1117       1.000000000000000000e+02
1117       5.180000000000000000e+02
1117       1.318000000000000000e+03
1117       2.350000000000000000e+02
1117       2.890000000000000000e+02
1117       4.960000000000000000e+02
1117       3.920000000000000000e+02
1117       6.700000000000000000e+01
1117       1.200000000000000000e+03
1117       6.380000000000000000e+02
1117       9.000000000000000000e+02
1117       1.231000000000000000e+03
1117       1.333000000000000000e+03
1117       1.304000000000000000e+03
1117       1.122000000000000000e+03
1117       6.470000000000000000e+02
1117       8.800000000000000000e+02
1117       5.700000000000000000e+02
1117       2.870000000000000000e+02
1117       1.283000000000000000e+03
1118       3.580000000000000000e+02
1118       2.300000000000000000e+02
1118       1.145000000000000000e+03
1118       1.267000000000000000e+03
1118       1.319000000000000000e+03
1118       1.140000000000000000e+03
1119       1.291000000000000000e+03
1119       1.171000000000000000e+03
1119       5.870000000000000000e+02
1119       1.151000000000000000e+03
1119       1.300000000000000000e+03
1119       3.930000000000000000e+02
1120       6.340000000000000000e+02
1120       5.860000000000000000e+02
1120       1.338000000000000000e+03
1120       6.120000000000000000e+02
1120       1.264000000000000000e+03
1120       1.450000000000000000e+02
1120       1.215000000000000000e+03
1121       1.314000000000000000e+03
1121       1.174000000000000000e+03
1121       1.328000000000000000e+03
1121       1.155000000000000000e+03
1121       6.450000000000000000e+02
1121       1.227000000000000000e+03
1121       5.450000000000000000e+02
1121       2.880000000000000000e+02
1121       1.265000000000000000e+03
1121       1.302000000000000000e+03
1121       1.180000000000000000e+03
1121       6.060000000000000000e+02
1121       2.590000000000000000e+02
1121       4.460000000000000000e+02
1121       1.026000000000000000e+03
1121       6.460000000000000000e+02
1121       1.156000000000000000e+03
1122       9.840000000000000000e+02
1122       1.147000000000000000e+03
1122       1.187000000000000000e+03
1122       7.370000000000000000e+02
1122       7.500000000000000000e+01
1122       1.052000000000000000e+03
1122       6.220000000000000000e+02
1122       1.281000000000000000e+03
1122       4.900000000000000000e+01
1122       1.173000000000000000e+03
1122       8.100000000000000000e+02
1122       1.324000000000000000e+03
1122       1.224000000000000000e+03
1122       3.620000000000000000e+02
1122       1.116000000000000000e+03
1122       2.600000000000000000e+01
1122       4.640000000000000000e+02
1122       1.202000000000000000e+03
1122       1.069000000000000000e+03
1122       1.229000000000000000e+03
1122       2.170000000000000000e+02
1122       7.660000000000000000e+02
1122       5.480000000000000000e+02
1122       1.348000000000000000e+03
1122       1.126000000000000000e+03
1122       1.213000000000000000e+03
1123       1.295000000000000000e+03
1123       2.700000000000000000e+02
1123       8.900000000000000000e+01
1123       7.980000000000000000e+02
1123       1.750000000000000000e+02
1123       1.073000000000000000e+03
1123       7.720000000000000000e+02
1123       1.540000000000000000e+02
1123       7.640000000000000000e+02
1123       1.170000000000000000e+03
1123       1.088000000000000000e+03
1123       3.590000000000000000e+02
1123       1.349000000000000000e+03
1123       1.125000000000000000e+03
1123       9.400000000000000000e+02
1123       1.179000000000000000e+03
1123       1.323000000000000000e+03
1123       7.280000000000000000e+02
1123       1.121000000000000000e+03
1123       1.137000000000000000e+03
1123       7.020000000000000000e+02
1124       1.341000000000000000e+03
1124       7.150000000000000000e+02
1124       4.990000000000000000e+02
1124       1.162000000000000000e+03
1124       1.800000000000000000e+02
1124       7.900000000000000000e+01
1124       1.345000000000000000e+03
1124       6.740000000000000000e+02
1124       1.233000000000000000e+03
1124       1.248000000000000000e+03
1124       1.249000000000000000e+03
1124       3.640000000000000000e+02
1124       4.300000000000000000e+01
1124       8.980000000000000000e+02
1124       1.225000000000000000e+03
1124       1.320000000000000000e+03
1124       1.194000000000000000e+03
1124       1.359000000000000000e+03
1124       1.203000000000000000e+03
1124       3.070000000000000000e+02
1124       7.310000000000000000e+02
1124       1.239000000000000000e+03
1124       1.128000000000000000e+03
1124       1.246000000000000000e+03
1124       1.185000000000000000e+03
1124       1.313000000000000000e+03
1124       1.165000000000000000e+03
1124       1.190000000000000000e+03
1124       1.278000000000000000e+03
1124       1.204000000000000000e+03
1124       1.201000000000000000e+03
1124       1.273000000000000000e+03
1124       8.700000000000000000e+02
1124       1.274000000000000000e+03
1124       3.460000000000000000e+02
1125       1.276000000000000000e+03
1125       1.293000000000000000e+03
1125       5.100000000000000000e+02
1125       8.620000000000000000e+02
1125       2.410000000000000000e+02
1125       1.243000000000000000e+03
1125       3.950000000000000000e+02
1125       1.074000000000000000e+03
1125       1.196000000000000000e+03
1125       4.050000000000000000e+02
1125       5.000000000000000000e+02
1125       9.830000000000000000e+02
1125       1.306000000000000000e+03
1125       6.800000000000000000e+02
1125       1.322000000000000000e+03
1125       2.340000000000000000e+02
1125       1.332000000000000000e+03
1125       1.130000000000000000e+03
1125       8.450000000000000000e+02
1125       1.164000000000000000e+03
1125       6.150000000000000000e+02
1126       1.287000000000000000e+03
1126       1.294000000000000000e+03
1126       2.640000000000000000e+02
1126       1.139000000000000000e+03
1126       1.330000000000000000e+03
1126       2.450000000000000000e+02
1126       1.011000000000000000e+03
1126       1.241000000000000000e+03
1126       1.244000000000000000e+03
1126       4.230000000000000000e+02
1126       6.390000000000000000e+02
1126       6.550000000000000000e+02
1126       1.270000000000000000e+03
1126       1.138000000000000000e+03
1126       1.363000000000000000e+03
1126       4.590000000000000000e+02
1126       1.189000000000000000e+03
1127       1.134000000000000000e+03
1127       1.070000000000000000e+03
1127       1.170000000000000000e+02
1127       1.124000000000000000e+03
1127       1.039000000000000000e+03
1127       3.400000000000000000e+02
1127       3.840000000000000000e+02
1127       1.317000000000000000e+03
1127       9.960000000000000000e+02
1127       1.316000000000000000e+03
1127       1.223000000000000000e+03
1127       1.346000000000000000e+03
1127       1.207000000000000000e+03
1127       1.360000000000000000e+03
1127       1.146000000000000000e+03
1127       1.309000000000000000e+03
1127       5.040000000000000000e+02
1127       1.255000000000000000e+03
1127       5.000000000000000000e+00
1127       1.261000000000000000e+03
1127       5.830000000000000000e+02
1127       6.430000000000000000e+02
1127       1.280000000000000000e+03
1127       1.353000000000000000e+03
1128       1.307000000000000000e+03
1128       1.407000000000000000e+03
1128       1.266000000000000000e+03
1128       6.540000000000000000e+02
1128       5.740000000000000000e+02
1128       1.358000000000000000e+03
1128       1.144000000000000000e+03
1128       1.163000000000000000e+03
1128       9.510000000000000000e+02
1128       1.308000000000000000e+03
1128       7.600000000000000000e+01
1128       9.800000000000000000e+01
1128       1.154000000000000000e+03
1128       7.390000000000000000e+02
1128       1.240000000000000000e+03
1128       1.342000000000000000e+03
1128       1.325000000000000000e+03
1128       8.600000000000000000e+01
1128       1.250000000000000000e+02
1128       7.470000000000000000e+02
1129       7.380000000000000000e+02
1129       1.123000000000000000e+03
1129       1.190000000000000000e+02
1129       1.132000000000000000e+03
1129       4.270000000000000000e+02
1129       1.199000000000000000e+03
1130       1.161000000000000000e+03
1130       8.000000000000000000e+00
1130       4.780000000000000000e+02
1130       1.022000000000000000e+03
1130       1.215000000000000000e+03
1130       1.300000000000000000e+03
1130       4.420000000000000000e+02
1130       7.460000000000000000e+02
1130       1.327000000000000000e+03
1130       3.360000000000000000e+02
1130       1.236000000000000000e+03
1130       1.126000000000000000e+03
1130       1.208000000000000000e+03
1130       1.302000000000000000e+03
1130       1.176000000000000000e+03
1130       1.549000000000000000e+03
1131       7.880000000000000000e+02
1131       8.910000000000000000e+02
1131       1.212000000000000000e+03
1131       1.155000000000000000e+03
1131       1.184000000000000000e+03
1131       1.234000000000000000e+03
1131       1.334000000000000000e+03
1131       1.260000000000000000e+03
1131       1.021000000000000000e+03
1132       1.211000000000000000e+03
1132       1.092000000000000000e+03
1132       9.980000000000000000e+02
1132       1.175000000000000000e+03
1132       6.630000000000000000e+02
1132       2.990000000000000000e+02
1132       9.020000000000000000e+02
1132       1.349000000000000000e+03
1132       1.312000000000000000e+03
1132       5.160000000000000000e+02
1132       1.303000000000000000e+03
1132       8.700000000000000000e+01
1132       1.009000000000000000e+03
1132       9.270000000000000000e+02
1132       1.173000000000000000e+03
1132       1.311000000000000000e+03
1132       1.282000000000000000e+03
1132       1.181000000000000000e+03
1133       1.253000000000000000e+03
1133       1.088000000000000000e+03
1133       1.271000000000000000e+03
1133       1.054000000000000000e+03
1133       8.270000000000000000e+02
1133       1.254000000000000000e+03
1133       9.370000000000000000e+02
1133       4.730000000000000000e+02
1133       1.291000000000000000e+03
1133       1.222000000000000000e+03
1133       7.820000000000000000e+02
1133       1.248000000000000000e+03
1133       1.290000000000000000e+03
1133       7.080000000000000000e+02
1133       1.339000000000000000e+03
1133       8.440000000000000000e+02
1133       3.660000000000000000e+02
1133       4.100000000000000000e+02
1134       1.213000000000000000e+03
1134       1.269000000000000000e+03
1134       1.285000000000000000e+03
1134       1.165000000000000000e+03
1134       1.289000000000000000e+03
1134       1.200000000000000000e+01
1134       2.090000000000000000e+02
1134       7.580000000000000000e+02
1135       1.157000000000000000e+03
1135       1.158000000000000000e+03
1135       1.286000000000000000e+03
1135       1.279000000000000000e+03
1135       9.930000000000000000e+02
1135       1.299000000000000000e+03
1135       1.259000000000000000e+03
1135       5.140000000000000000e+02
1135       1.353000000000000000e+03
1135       1.233000000000000000e+03
1136       1.308000000000000000e+03
1136       1.136000000000000000e+03
1136       4.080000000000000000e+02
1136       1.523000000000000000e+03
1136       1.510000000000000000e+02
1136       5.480000000000000000e+02
1136       7.160000000000000000e+02
1136       8.110000000000000000e+02
1136       9.790000000000000000e+02
1136       8.400000000000000000e+01
1137       2.930000000000000000e+02
1137       9.260000000000000000e+02
1137       6.140000000000000000e+02
1137       1.150000000000000000e+03
1137       1.340000000000000000e+02
1137       1.297000000000000000e+03
1137       4.690000000000000000e+02
1137       9.960000000000000000e+02
1137       1.244000000000000000e+03
1137       1.272000000000000000e+03
1137       1.337000000000000000e+03
1137       1.284000000000000000e+03
1137       1.203000000000000000e+03
1138       1.142000000000000000e+03
1138       6.160000000000000000e+02
1138       1.290000000000000000e+02
1138       1.256000000000000000e+03
1138       1.258000000000000000e+03
1138       1.326000000000000000e+03
1138       1.122000000000000000e+03
1138       1.187000000000000000e+03
1138       1.163000000000000000e+03
1138       1.347000000000000000e+03
1138       1.186000000000000000e+03
1138       1.255000000000000000e+03
1138       5.960000000000000000e+02
1138       1.306000000000000000e+03
1138       9.190000000000000000e+02
1138       1.114000000000000000e+03
1138       1.124000000000000000e+03
1138       1.314000000000000000e+03
1138       4.840000000000000000e+02
1138       1.235000000000000000e+03
1138       7.950000000000000000e+02
1138       9.130000000000000000e+02
1139       1.332000000000000000e+03
1139       1.319000000000000000e+03
1139       2.270000000000000000e+02
1139       1.345000000000000000e+03
1139       9.010000000000000000e+02
1139       1.317000000000000000e+03
1139       4.620000000000000000e+02
1139       3.620000000000000000e+02
1139       8.300000000000000000e+02
1139       1.410000000000000000e+02
1139       3.340000000000000000e+02
1139       1.245000000000000000e+03
1139       6.760000000000000000e+02
1139       1.176000000000000000e+03
1139       1.155000000000000000e+03
1139       1.277000000000000000e+03
1139       1.352000000000000000e+03
1139       6.330000000000000000e+02
1139       1.295000000000000000e+03
1140       8.710000000000000000e+02
1140       1.315000000000000000e+03
1140       1.198000000000000000e+03
1140       1.304000000000000000e+03
1140       6.070000000000000000e+02
1140       1.293000000000000000e+03
1140       1.025000000000000000e+03
1140       1.260000000000000000e+03
1140       1.180000000000000000e+03
1140       1.232000000000000000e+03
1140       1.168000000000000000e+03
1140       8.380000000000000000e+02
1140       1.152000000000000000e+03
1140       4.540000000000000000e+02
1140       1.195000000000000000e+03
1140       1.307000000000000000e+03
1140       1.000000000000000000e+02
1140       1.318000000000000000e+03
1140       1.322000000000000000e+03
1140       1.190000000000000000e+03
1140       1.499000000000000000e+03
1141       1.335000000000000000e+03
1141       1.127000000000000000e+03
1141       1.261000000000000000e+03
1141       1.329000000000000000e+03
1141       1.267000000000000000e+03
1141       1.264000000000000000e+03
1141       1.226000000000000000e+03
1141       1.340000000000000000e+03
1141       1.201000000000000000e+03
1141       1.359000000000000000e+03
1141       1.312000000000000000e+03
1141       1.191000000000000000e+03
1142       1.162000000000000000e+03
1142       3.040000000000000000e+02
1142       1.250000000000000000e+03
1142       1.172000000000000000e+03
1142       1.231000000000000000e+03
1142       1.008000000000000000e+03
1142       1.324000000000000000e+03
1142       9.870000000000000000e+02
1142       1.165000000000000000e+03
1142       6.580000000000000000e+02
1142       1.132000000000000000e+03
1142       8.240000000000000000e+02
1142       3.220000000000000000e+02
1142       1.200000000000000000e+03
1142       1.151000000000000000e+03
1142       9.920000000000000000e+02
1142       1.355000000000000000e+03
1142       1.325000000000000000e+03
1142       1.214000000000000000e+03
1142       1.320000000000000000e+03
1142       1.454000000000000000e+03
1142       1.120000000000000000e+03
1142       1.363000000000000000e+03
1142       4.030000000000000000e+02
1142       1.328000000000000000e+03
1143       1.271000000000000000e+03
1143       1.273000000000000000e+03
1143       7.120000000000000000e+02
1143       1.158000000000000000e+03
1143       4.450000000000000000e+02
1143       1.341000000000000000e+03
1143       1.305000000000000000e+03
1143       1.358000000000000000e+03
1143       1.274000000000000000e+03
1143       1.249000000000000000e+03
1143       5.790000000000000000e+02
1143       4.890000000000000000e+02
1143       3.640000000000000000e+02
1143       1.141000000000000000e+03
1143       1.343000000000000000e+03
1143       1.357000000000000000e+03
1144       1.150000000000000000e+02
1144       8.650000000000000000e+02
1144       1.210000000000000000e+03
1144       1.125000000000000000e+03
1144       4.920000000000000000e+02
1144       1.223000000000000000e+03
1144       3.320000000000000000e+02
1144       1.121000000000000000e+03
1144       1.529000000000000000e+03
1144       7.790000000000000000e+02
1144       1.202000000000000000e+03
1144       1.169000000000000000e+03
1144       1.208000000000000000e+03
1145       1.238000000000000000e+03
1145       9.180000000000000000e+02
1145       1.205000000000000000e+03
1145       1.215000000000000000e+03
1145       7.000000000000000000e+01
1145       1.349000000000000000e+03
1145       6.150000000000000000e+02
1145       9.800000000000000000e+02
1145       1.166000000000000000e+03
1145       7.840000000000000000e+02
1145       1.212000000000000000e+03
1145       2.000000000000000000e+00
1145       8.370000000000000000e+02
1145       1.309000000000000000e+03
1146       1.157000000000000000e+03
1146       2.440000000000000000e+02
1146       1.053000000000000000e+03
1146       1.144000000000000000e+03
1146       4.430000000000000000e+02
1146       5.280000000000000000e+02
1146       1.082000000000000000e+03
1146       3.260000000000000000e+02
1146       1.281000000000000000e+03
1147       1.183000000000000000e+03
1147       1.237000000000000000e+03
1147       1.240000000000000000e+03
1147       6.840000000000000000e+02
1147       4.810000000000000000e+02
1147       1.346000000000000000e+03
1147       1.170000000000000000e+03
1147       1.177000000000000000e+03
1147       1.292000000000000000e+03
1148       6.470000000000000000e+02
1148       1.300000000000000000e+03
1148       1.159000000000000000e+03
1148       1.182000000000000000e+03
1148       2.580000000000000000e+02
1148       7.670000000000000000e+02
1148       1.221000000000000000e+03
1148       6.970000000000000000e+02
1148       1.154000000000000000e+03
1148       1.122000000000000000e+03
1149       1.262000000000000000e+03
1149       3.890000000000000000e+02
1149       4.410000000000000000e+02
1149       1.258000000000000000e+03
1149       1.326000000000000000e+03
1149       3.770000000000000000e+02
1149       2.680000000000000000e+02
1149       1.030000000000000000e+03
1149       1.168000000000000000e+03
1149       2.140000000000000000e+02
1149       7.550000000000000000e+02
1149       1.164000000000000000e+03
1149       1.299000000000000000e+03
1149       3.170000000000000000e+02
1149       1.167000000000000000e+03
1149       5.020000000000000000e+02
1150       1.347000000000000000e+03
1150       1.225000000000000000e+03
1150       1.315000000000000000e+03
1150       1.187000000000000000e+03
1150       1.294000000000000000e+03
1150       1.227000000000000000e+03
1150       1.220000000000000000e+03
1150       1.229000000000000000e+03
1150       1.338000000000000000e+03
1151       3.990000000000000000e+02
1151       1.091000000000000000e+03
1151       1.148000000000000000e+03
1151       1.351000000000000000e+03
1152       1.288000000000000000e+03
1152       1.295000000000000000e+03
1152       1.134000000000000000e+03
1152       1.199000000000000000e+03
1152       5.880000000000000000e+02
1152       1.306000000000000000e+03
1152       1.500000000000000000e+02
1152       3.390000000000000000e+02
1152       1.255000000000000000e+03
1152       1.282000000000000000e+03
1152       5.600000000000000000e+01
1153       1.300000000000000000e+02
1153       1.257000000000000000e+03
1153       1.332000000000000000e+03
1153       1.327000000000000000e+03
1153       2.030000000000000000e+02
1153       1.309000000000000000e+03
1153       1.278000000000000000e+03
1153       1.261000000000000000e+03
1153       1.185000000000000000e+03
1153       9.640000000000000000e+02
1153       1.239000000000000000e+03
1154       7.380000000000000000e+02
1154       8.830000000000000000e+02
1154       1.283000000000000000e+03
1154       1.252000000000000000e+03
1154       1.328000000000000000e+03
1154       1.142000000000000000e+03
1154       1.192000000000000000e+03
1154       1.337000000000000000e+03
1154       1.253000000000000000e+03
1154       1.195000000000000000e+03
1154       5.770000000000000000e+02
1154       1.302000000000000000e+03
1154       1.197000000000000000e+03
1154       1.037000000000000000e+03
1155       1.179000000000000000e+03
1155       1.073000000000000000e+03
1155       5.720000000000000000e+02
1155       1.248000000000000000e+03
1155       1.189000000000000000e+03
1155       1.350000000000000000e+03
1155       1.313000000000000000e+03
1155       8.980000000000000000e+02
1155       1.212000000000000000e+03
1156       1.243000000000000000e+03
1156       1.263000000000000000e+03
1156       4.800000000000000000e+01
1156       1.129000000000000000e+03
1156       1.135000000000000000e+03
1156       1.150000000000000000e+03
1156       5.340000000000000000e+02
1156       1.670000000000000000e+02
1156       1.224000000000000000e+03
1156       1.203000000000000000e+03
1156       1.314000000000000000e+03
1156       1.334000000000000000e+03
1156       5.890000000000000000e+02
1156       1.241000000000000000e+03
1157       1.311000000000000000e+03
1157       7.490000000000000000e+02
1157       6.830000000000000000e+02
1157       1.193000000000000000e+03
1157       1.161000000000000000e+03
1157       1.353000000000000000e+03
1157       1.274000000000000000e+03
1157       1.012000000000000000e+03
1157       1.178000000000000000e+03
1157       2.770000000000000000e+02
1157       4.710000000000000000e+02
1157       1.259000000000000000e+03
1157       1.078000000000000000e+03
1157       5.170000000000000000e+02
1157       4.640000000000000000e+02
1157       1.340000000000000000e+03
1157       6.550000000000000000e+02
1157       1.126000000000000000e+03
1157       1.266000000000000000e+03
1157       1.156000000000000000e+03
1158       1.145000000000000000e+03
1158       1.215000000000000000e+03
1158       1.176000000000000000e+03
1158       1.227000000000000000e+03
1158       1.175000000000000000e+03
1158       1.141000000000000000e+03
1158       1.287000000000000000e+03
1158       1.041000000000000000e+03
1158       6.930000000000000000e+02
1158       1.146000000000000000e+03
1158       5.270000000000000000e+02
1158       1.329000000000000000e+03
1158       9.840000000000000000e+02
1158       2.910000000000000000e+02
1158       1.110000000000000000e+03
1158       1.172000000000000000e+03
1158       5.000000000000000000e+00
1158       1.276000000000000000e+03
1158       7.940000000000000000e+02
1158       1.136000000000000000e+03
1159       1.256000000000000000e+03
1159       1.356000000000000000e+03
1159       1.183000000000000000e+03
1159       6.700000000000000000e+01
1159       1.166000000000000000e+03
1159       1.190000000000000000e+03
1159       1.325000000000000000e+03
1159       1.128000000000000000e+03
1159       1.209000000000000000e+03
1159       1.456000000000000000e+03
1159       4.980000000000000000e+02
1159       1.098000000000000000e+03
1159       1.520000000000000000e+02
1160       1.450000000000000000e+02
1160       1.308000000000000000e+03
1160       1.331000000000000000e+03
1160       1.333000000000000000e+03
1160       7.660000000000000000e+02
1160       9.600000000000000000e+01
1160       1.316000000000000000e+03
1160       1.232000000000000000e+03
1160       1.284000000000000000e+03
1160       5.160000000000000000e+02
1160       1.349000000000000000e+03
1160       1.108000000000000000e+03
1160       1.343000000000000000e+03
1160       1.326000000000000000e+03
1160       4.540000000000000000e+02
1160       1.184000000000000000e+03
1160       1.244000000000000000e+03
1160       1.181000000000000000e+03
1160       1.143000000000000000e+03
1160       8.400000000000000000e+01
1160       1.174000000000000000e+03
1160       1.344000000000000000e+03
1160       3.780000000000000000e+02
1161       2.230000000000000000e+02
1161       4.580000000000000000e+02
1161       8.000000000000000000e+01
1161       1.221000000000000000e+03
1161       1.216000000000000000e+03
1161       1.336000000000000000e+03
1161       6.460000000000000000e+02
1161       1.152000000000000000e+03
1161       1.345000000000000000e+03
1161       1.296000000000000000e+03
1161       1.262000000000000000e+03
1161       2.520000000000000000e+02
1161       4.420000000000000000e+02
1161       1.191000000000000000e+03
1161       1.335000000000000000e+03
1161       4.730000000000000000e+02
1161       1.046000000000000000e+03
1162       1.578000000000000000e+03
1162       3.000000000000000000e+02
1162       7.540000000000000000e+02
1162       1.323000000000000000e+03
1162       3.210000000000000000e+02
1162       1.320000000000000000e+02
1162       7.170000000000000000e+02
1162       1.186000000000000000e+03
1163       4.400000000000000000e+01
1163       7.420000000000000000e+02
1163       1.277000000000000000e+03
1163       1.170000000000000000e+03
1163       3.240000000000000000e+02
1163       6.880000000000000000e+02
1163       1.235000000000000000e+03
1163       1.304000000000000000e+03
1163       1.470000000000000000e+02
1163       1.158000000000000000e+03
1163       3.650000000000000000e+02
1163       1.005000000000000000e+03
1163       1.249000000000000000e+03
1163       6.500000000000000000e+01
1163       5.520000000000000000e+02
1163       1.196000000000000000e+03
1163       1.138000000000000000e+03
1163       1.060000000000000000e+02
1163       4.900000000000000000e+02
1163       2.760000000000000000e+02
1163       1.251000000000000000e+03
1163       1.238000000000000000e+03
1163       1.254000000000000000e+03
1163       1.099000000000000000e+03
1163       1.167000000000000000e+03
1163       7.340000000000000000e+02
1163       7.470000000000000000e+02
1163       9.290000000000000000e+02
1163       1.218000000000000000e+03
1163       1.080000000000000000e+03
1164       1.095000000000000000e+03
1164       4.970000000000000000e+02
1164       1.273000000000000000e+03
1164       1.282000000000000000e+03
1164       1.307000000000000000e+03
1164       1.182000000000000000e+03
1164       1.315000000000000000e+03
1164       1.341000000000000000e+03
1164       1.290000000000000000e+03
1164       9.050000000000000000e+02
1165       1.147000000000000000e+03
1165       1.239000000000000000e+03
1165       1.301000000000000000e+03
1165       1.240000000000000000e+03
1165       5.760000000000000000e+02
1165       1.144000000000000000e+03
1165       1.330000000000000000e+03
1165       1.324000000000000000e+03
1165       1.900000000000000000e+02
1165       1.700000000000000000e+01
1165       4.710000000000000000e+02
1165       1.294000000000000000e+03
1165       1.210000000000000000e+03
1165       1.260000000000000000e+03
1165       8.040000000000000000e+02
1165       4.900000000000000000e+01
1165       2.580000000000000000e+02
1165       6.610000000000000000e+02
1166       1.140000000000000000e+03
1166       1.187000000000000000e+03
1166       6.380000000000000000e+02
1166       1.263000000000000000e+03
1166       1.332000000000000000e+03
1166       3.440000000000000000e+02
1166       1.173000000000000000e+03
1166       1.188000000000000000e+03
1166       1.257000000000000000e+03
1166       1.169000000000000000e+03
1166       1.120000000000000000e+02
1166       1.348000000000000000e+03
1166       2.670000000000000000e+02
1166       9.490000000000000000e+02
1166       1.328000000000000000e+03
1166       1.215000000000000000e+03
1166       3.580000000000000000e+02
1166       1.258000000000000000e+03
1166       6.240000000000000000e+02
1167       1.521000000000000000e+03
1167       1.228000000000000000e+03
1167       7.690000000000000000e+02
1167       1.000000000000000000e+01
1167       1.860000000000000000e+02
1167       1.292000000000000000e+03
1167       1.300000000000000000e+03
1167       1.298000000000000000e+03
1167       1.237000000000000000e+03
1167       6.200000000000000000e+02
1167       1.177000000000000000e+03
1167       1.590000000000000000e+03
1167       1.279000000000000000e+03
1167       8.650000000000000000e+02
1167       5.330000000000000000e+02
1167       6.440000000000000000e+02
1167       1.293000000000000000e+03
1167       1.225000000000000000e+03
1167       1.233000000000000000e+03
1167       1.322000000000000000e+03
1167       8.350000000000000000e+02
1167       1.530000000000000000e+02
1167       1.297000000000000000e+03
1167       4.120000000000000000e+02
1167       1.303000000000000000e+03
1167       1.350000000000000000e+02
1167       9.710000000000000000e+02
1167       1.194000000000000000e+03
1167       1.320000000000000000e+03
1167       4.410000000000000000e+02
1167       1.313000000000000000e+03
1168       3.750000000000000000e+02
1168       1.327000000000000000e+03
1168       1.253000000000000000e+03
1168       6.570000000000000000e+02
1168       2.390000000000000000e+02
1168       1.125000000000000000e+03
1168       6.690000000000000000e+02
1168       1.070000000000000000e+02
1168       8.130000000000000000e+02
1168       1.131000000000000000e+03
1168       1.006000000000000000e+03
1168       1.124000000000000000e+03
1168       1.264000000000000000e+03
1169       1.354000000000000000e+03
1169       5.970000000000000000e+02
1169       7.920000000000000000e+02
1169       1.329000000000000000e+03
1169       1.281000000000000000e+03
1169       1.270000000000000000e+03
1169       9.500000000000000000e+02
1169       1.143000000000000000e+03
1169       1.312000000000000000e+03
1169       1.207000000000000000e+03
1169       1.295000000000000000e+03
1169       7.110000000000000000e+02
1169       8.410000000000000000e+02
1169       6.280000000000000000e+02
1169       1.285000000000000000e+03
1170       1.127000000000000000e+03
1170       6.590000000000000000e+02
1170       4.430000000000000000e+02
1170       3.100000000000000000e+02
1170       2.900000000000000000e+02
1170       4.200000000000000000e+01
1170       6.640000000000000000e+02
1170       1.200000000000000000e+03
1170       1.265000000000000000e+03
1170       1.224000000000000000e+03
1170       3.030000000000000000e+02
1171       1.338000000000000000e+03
1171       1.042000000000000000e+03
1171       1.179000000000000000e+03
1171       1.136000000000000000e+03
1171       1.305000000000000000e+03
1171       1.165000000000000000e+03
1171       2.830000000000000000e+02
1171       1.128000000000000000e+03
1171       8.750000000000000000e+02
1171       1.252000000000000000e+03
1171       1.410000000000000000e+03
1171       2.930000000000000000e+02
1171       1.193000000000000000e+03
1171       4.000000000000000000e+00
1171       7.860000000000000000e+02
1171       7.550000000000000000e+02
1172       1.299000000000000000e+03
1172       7.980000000000000000e+02
1172       1.146000000000000000e+03
1172       1.556000000000000000e+03
1172       1.163000000000000000e+03
1172       1.148000000000000000e+03
1172       6.020000000000000000e+02
1172       1.286000000000000000e+03
1172       1.223000000000000000e+03
1172       1.300000000000000000e+01
1172       1.318000000000000000e+03
1172       1.342000000000000000e+03
1172       1.171000000000000000e+03
1172       1.164000000000000000e+03
1173       1.209000000000000000e+03
1173       1.198000000000000000e+03
1173       1.583000000000000000e+03
1173       5.800000000000000000e+01
1173       1.439000000000000000e+03
1173       4.390000000000000000e+02
1173       7.240000000000000000e+02
1173       6.890000000000000000e+02
1173       1.121000000000000000e+03
1174       1.199000000000000000e+03
1174       1.195000000000000000e+03
1174       1.347000000000000000e+03
1174       6.070000000000000000e+02
1174       1.222000000000000000e+03
1174       1.278000000000000000e+03
1174       8.540000000000000000e+02
1174       3.000000000000000000e+00
1174       5.660000000000000000e+02
1174       1.201000000000000000e+03
1174       1.540000000000000000e+02
1174       1.382000000000000000e+03
1175       1.351000000000000000e+03
1175       1.139000000000000000e+03
1175       9.590000000000000000e+02
1175       7.890000000000000000e+02
1175       1.321000000000000000e+03
1175       1.292000000000000000e+03
1175       7.590000000000000000e+02
1175       6.090000000000000000e+02
1175       1.345000000000000000e+03
1175       9.600000000000000000e+02
1175       1.150000000000000000e+03
1175       1.175000000000000000e+03
1175       1.155000000000000000e+03
1175       8.700000000000000000e+02
1176       1.506000000000000000e+03
1176       1.131000000000000000e+03
1176       9.320000000000000000e+02
1176       3.200000000000000000e+01
1176       6.710000000000000000e+02
1176       1.319000000000000000e+03
1177       3.890000000000000000e+02
1177       1.276000000000000000e+03
1177       2.470000000000000000e+02
1177       1.307000000000000000e+03
1177       2.310000000000000000e+02
1177       1.349000000000000000e+03
1177       7.540000000000000000e+02
1177       1.250000000000000000e+03
1177       1.096000000000000000e+03
1177       1.111000000000000000e+03
1178       4.870000000000000000e+02
1178       1.297000000000000000e+03
1178       1.214000000000000000e+03
1178       1.184000000000000000e+03
1178       9.390000000000000000e+02
1178       7.640000000000000000e+02
1178       2.990000000000000000e+02
1178       3.400000000000000000e+01
1178       1.579000000000000000e+03
1178       1.123000000000000000e+03
1178       1.169000000000000000e+03
1178       6.950000000000000000e+02
1178       1.242000000000000000e+03
1178       1.210000000000000000e+03
1178       1.267000000000000000e+03
1178       1.126000000000000000e+03
1178       1.153000000000000000e+03
1179       2.010000000000000000e+02
1179       1.271000000000000000e+03
1179       1.309000000000000000e+03
1179       1.190000000000000000e+03
1179       5.690000000000000000e+02
1179       7.700000000000000000e+01
1179       1.181000000000000000e+03
1179       1.239000000000000000e+03
1179       8.050000000000000000e+02
1180       1.142000000000000000e+03
1180       1.334000000000000000e+03
1180       4.170000000000000000e+02
1180       1.348000000000000000e+03
1180       1.770000000000000000e+02
1180       1.270000000000000000e+03
1180       1.167000000000000000e+03
1180       1.317000000000000000e+03
1180       3.310000000000000000e+02
1180       1.268000000000000000e+03
1180       1.235000000000000000e+03
1180       1.304000000000000000e+03
1180       1.225000000000000000e+03
1180       1.294000000000000000e+03
1181       1.211000000000000000e+03
1181       1.312000000000000000e+03
1181       1.243000000000000000e+03
1181       2.940000000000000000e+02
1181       1.223000000000000000e+03
1181       5.620000000000000000e+02
1181       7.220000000000000000e+02
1181       1.288000000000000000e+03
1181       1.302000000000000000e+03
1181       1.269000000000000000e+03
1182       7.610000000000000000e+02
1182       9.420000000000000000e+02
1182       1.234000000000000000e+03
1182       7.010000000000000000e+02
1182       1.146000000000000000e+03
1182       4.670000000000000000e+02
1182       1.514000000000000000e+03
1182       1.230000000000000000e+03
1182       1.125000000000000000e+03
1182       3.150000000000000000e+02
1182       1.293000000000000000e+03
1182       8.150000000000000000e+02
1182       1.170000000000000000e+03
1182       3.230000000000000000e+02
1182       1.255000000000000000e+03
1182       1.204000000000000000e+03
1182       1.331000000000000000e+03
1182       1.098000000000000000e+03
1182       9.350000000000000000e+02
1182       1.301000000000000000e+03
1182       7.210000000000000000e+02
1182       5.540000000000000000e+02
1182       1.226000000000000000e+03
1183       1.355000000000000000e+03
1183       6.900000000000000000e+02
1183       1.275000000000000000e+03
1183       1.187000000000000000e+03
1183       1.237000000000000000e+03
1183       1.253000000000000000e+03
1183       1.315000000000000000e+03
1183       1.085000000000000000e+03
1183       1.130000000000000000e+03
1183       1.227000000000000000e+03
1183       1.261000000000000000e+03
1183       5.450000000000000000e+02
1183       1.046000000000000000e+03
1183       1.232000000000000000e+03
1183       1.340000000000000000e+03
1183       1.322000000000000000e+03
1183       1.277000000000000000e+03
1183       1.519000000000000000e+03
1183       1.306000000000000000e+03
1183       1.252000000000000000e+03
1183       1.325000000000000000e+03
1184       1.149000000000000000e+03
1184       1.141000000000000000e+03
1184       4.370000000000000000e+02
1184       1.241000000000000000e+03
1184       1.359000000000000000e+03
1184       1.209000000000000000e+03
1184       1.095000000000000000e+03
1184       3.690000000000000000e+02
1184       1.324000000000000000e+03
1184       3.300000000000000000e+02
1184       3.990000000000000000e+02
1184       8.360000000000000000e+02
1184       3.330000000000000000e+02
1185       1.199000000000000000e+03
1185       4.210000000000000000e+02
1185       2.780000000000000000e+02
1185       1.260000000000000000e+03
1185       4.770000000000000000e+02
1185       1.352000000000000000e+03
1185       4.910000000000000000e+02
1185       3.060000000000000000e+02
1185       1.206000000000000000e+03
1185       6.250000000000000000e+02
1185       1.320000000000000000e+03
1185       1.177000000000000000e+03
1185       1.216000000000000000e+03
1185       1.600000000000000000e+01
1185       1.228000000000000000e+03
1185       1.158000000000000000e+03
1186       1.329000000000000000e+03
1186       1.138000000000000000e+03
1186       1.280000000000000000e+03
1186       1.147000000000000000e+03
1186       2.530000000000000000e+02
1186       1.145000000000000000e+03
1186       3.560000000000000000e+02
1186       6.790000000000000000e+02
1186       1.251000000000000000e+03
1186       1.217000000000000000e+03
1186       9.440000000000000000e+02
1186       5.480000000000000000e+02
1186       7.230000000000000000e+02
1187       1.620000000000000000e+02
1187       1.120000000000000000e+02
1187       1.191000000000000000e+03
1187       1.166000000000000000e+03
1187       1.332000000000000000e+03
1187       1.344000000000000000e+03
1187       9.060000000000000000e+02
1187       2.670000000000000000e+02
1187       7.110000000000000000e+02
1187       1.229000000000000000e+03
1187       1.134000000000000000e+03
1187       1.323000000000000000e+03
1187       1.031000000000000000e+03
1187       1.335000000000000000e+03
1187       1.124000000000000000e+03
1187       1.240000000000000000e+03
1187       1.168000000000000000e+03
1188       1.043000000000000000e+03
1188       9.230000000000000000e+02
1188       1.341000000000000000e+03
1188       1.336000000000000000e+03
1188       1.291000000000000000e+03
1188       1.302000000000000000e+03
1188       8.100000000000000000e+01
1188       4.220000000000000000e+02
1188       4.680000000000000000e+02
1188       4.020000000000000000e+02
1188       1.271000000000000000e+03
1188       1.249000000000000000e+03
1188       5.580000000000000000e+02
1188       1.430000000000000000e+02
1188       1.265000000000000000e+03
1189       1.283000000000000000e+03
1189       1.346000000000000000e+03
1189       9.700000000000000000e+02
1189       1.219000000000000000e+03
1189       8.760000000000000000e+02
1189       9.150000000000000000e+02
1189       1.164000000000000000e+03
1190       1.285000000000000000e+03
1190       1.500000000000000000e+02
1190       9.770000000000000000e+02
1190       1.067000000000000000e+03
1190       9.560000000000000000e+02
1190       1.356000000000000000e+03
1190       1.120000000000000000e+03
1190       1.192000000000000000e+03
1190       1.163000000000000000e+03
1190       1.337000000000000000e+03
1190       2.030000000000000000e+02
1190       1.305000000000000000e+03
1190       1.159000000000000000e+03
1190       5.070000000000000000e+02
1190       1.266000000000000000e+03
1190       3.120000000000000000e+02
1190       1.314000000000000000e+03
1190       1.544000000000000000e+03
1191       1.176000000000000000e+03
1191       1.154000000000000000e+03
1191       1.321000000000000000e+03
1191       1.571000000000000000e+03
1191       1.264000000000000000e+03
1191       1.290000000000000000e+03
1191       1.128000000000000000e+03
1191       1.207000000000000000e+03
1191       1.342000000000000000e+03
1191       1.211000000000000000e+03
1191       9.250000000000000000e+02
1191       1.350000000000000000e+02
1191       1.121000000000000000e+03
1191       6.010000000000000000e+02
1191       1.152000000000000000e+03
1192       4.420000000000000000e+02
1192       8.850000000000000000e+02
1192       1.167000000000000000e+03
1192       1.244000000000000000e+03
1192       1.011000000000000000e+03
1192       3.390000000000000000e+02
1192       1.161000000000000000e+03
1192       1.246000000000000000e+03
1192       1.248000000000000000e+03
1192       8.260000000000000000e+02
1192       1.358000000000000000e+03
1192       1.189000000000000000e+03
1192       1.259000000000000000e+03
1193       1.092000000000000000e+03
1193       1.318000000000000000e+03
1193       5.150000000000000000e+02
1193       2.070000000000000000e+02
1193       1.030000000000000000e+03
1193       1.197000000000000000e+03
1193       1.560000000000000000e+02
1193       1.235000000000000000e+03
1193       1.078000000000000000e+03
1193       1.223000000000000000e+03
1193       9.620000000000000000e+02
1193       1.141000000000000000e+03
1193       1.298000000000000000e+03
1193       1.212000000000000000e+03
1193       1.190000000000000000e+03
1193       1.222000000000000000e+03
1193       7.720000000000000000e+02
1193       8.350000000000000000e+02
1193       1.355000000000000000e+03
1193       1.090000000000000000e+02
1193       1.268000000000000000e+03
1193       1.224000000000000000e+03
1193       1.156000000000000000e+03
1193       4.840000000000000000e+02
1193       1.970000000000000000e+02
1193       3.410000000000000000e+02
1193       5.040000000000000000e+02
1193       1.144000000000000000e+03
1194       1.149000000000000000e+03
1194       1.315000000000000000e+03
1194       5.050000000000000000e+02
1194       1.281000000000000000e+03
1194       1.129000000000000000e+03
1194       1.204000000000000000e+03
1194       1.253000000000000000e+03
1194       1.196000000000000000e+03
1194       1.202000000000000000e+03
1194       1.310000000000000000e+03
1194       1.114000000000000000e+03
1194       2.450000000000000000e+02
1194       9.520000000000000000e+02
1194       1.063000000000000000e+03
1194       1.136000000000000000e+03
1194       1.198000000000000000e+03
1194       1.236000000000000000e+03
1194       1.275000000000000000e+03
1194       3.500000000000000000e+02
1194       7.620000000000000000e+02
1194       1.288000000000000000e+03
1194       1.292000000000000000e+03
1195       5.820000000000000000e+02
1195       7.930000000000000000e+02
1195       1.122000000000000000e+03
1195       1.206000000000000000e+03
1195       1.142000000000000000e+03
1196       1.528000000000000000e+03
1196       1.124000000000000000e+03
1196       1.351000000000000000e+03
1196       1.218000000000000000e+03
1196       9.630000000000000000e+02
1196       1.279000000000000000e+03
1196       6.500000000000000000e+01
1196       1.174000000000000000e+03
1196       1.127000000000000000e+03
1196       5.080000000000000000e+02
1197       8.340000000000000000e+02
1197       1.157000000000000000e+03
1197       8.000000000000000000e+00
1197       1.344000000000000000e+03
1197       1.314000000000000000e+03
1197       1.230000000000000000e+03
1197       1.133000000000000000e+03
1197       4.440000000000000000e+02
1197       7.350000000000000000e+02
1197       3.510000000000000000e+02
1197       9.140000000000000000e+02
1197       1.182000000000000000e+03
1197       1.002000000000000000e+03
1197       5.510000000000000000e+02
1198       1.352000000000000000e+03
1198       1.173000000000000000e+03
1198       1.240000000000000000e+03
1198       1.273000000000000000e+03
1198       2.940000000000000000e+02
1198       9.310000000000000000e+02
1198       1.238000000000000000e+03
1198       1.123000000000000000e+03
1198       1.188000000000000000e+03
1198       1.291000000000000000e+03
1198       4.900000000000000000e+02
1198       1.540000000000000000e+02
1198       1.234000000000000000e+03
1198       1.146000000000000000e+03
1198       5.030000000000000000e+02
1198       1.205000000000000000e+03
1198       1.138000000000000000e+03
1199       1.329000000000000000e+03
1199       1.239000000000000000e+03
1199       1.242000000000000000e+03
1199       1.260000000000000000e+03
1199       1.357000000000000000e+03
1199       7.290000000000000000e+02
1199       6.940000000000000000e+02
1199       1.247000000000000000e+03
1199       1.229000000000000000e+03
1199       1.311000000000000000e+03
1199       1.263000000000000000e+03
1199       1.213000000000000000e+03
1199       5.290000000000000000e+02
1199       1.326000000000000000e+03
1199       5.680000000000000000e+02
1199       1.251000000000000000e+03
1200       6.180000000000000000e+02
1200       5.550000000000000000e+02
1200       1.319000000000000000e+03
1200       1.255000000000000000e+03
1200       1.333000000000000000e+03
1200       1.181000000000000000e+03
1200       6.210000000000000000e+02
1200       7.500000000000000000e+01
1200       9.800000000000000000e+02
1200       1.219000000000000000e+03
1200       1.162000000000000000e+03
1200       1.153000000000000000e+03
1200       1.339000000000000000e+03
1200       9.350000000000000000e+02
1200       2.220000000000000000e+02
1200       1.306000000000000000e+03
1201       5.020000000000000000e+02
1201       1.201000000000000000e+03
1201       1.166000000000000000e+03
1201       1.299000000000000000e+03
1201       1.209000000000000000e+03
1201       1.780000000000000000e+02
1201       1.175000000000000000e+03
1201       1.331000000000000000e+03
1201       1.183000000000000000e+03
1201       1.323000000000000000e+03
1201       1.341000000000000000e+03
1201       1.348000000000000000e+03
1201       1.293000000000000000e+03
1201       1.150000000000000000e+03
1201       1.338000000000000000e+03
1201       1.159000000000000000e+03
1202       1.220000000000000000e+03
1202       1.322000000000000000e+03
1202       7.570000000000000000e+02
1202       1.221000000000000000e+03
1202       9.600000000000000000e+02
1202       1.143000000000000000e+03
1202       1.290000000000000000e+03
1202       1.004000000000000000e+03
1202       8.130000000000000000e+02
1202       1.231000000000000000e+03
1202       8.110000000000000000e+02
1202       4.770000000000000000e+02
1202       5.880000000000000000e+02
1202       6.970000000000000000e+02
1202       1.200000000000000000e+03
1202       4.670000000000000000e+02
1202       1.168000000000000000e+03
1202       1.980000000000000000e+02
1202       1.278000000000000000e+03
1202       6.850000000000000000e+02
1202       1.257000000000000000e+03
1202       1.297000000000000000e+03
1202       1.243000000000000000e+03
1202       4.060000000000000000e+02
1202       1.450000000000000000e+02
1203       7.400000000000000000e+01
1203       8.750000000000000000e+02
1203       1.349000000000000000e+03
1203       6.390000000000000000e+02
1203       1.217000000000000000e+03
1203       7.610000000000000000e+02
1203       1.347000000000000000e+03
1203       6.430000000000000000e+02
1203       5.490000000000000000e+02
1203       1.228000000000000000e+03
1203       1.226000000000000000e+03
1203       1.137000000000000000e+03
1203       1.245000000000000000e+03
1203       1.152000000000000000e+03
1203       1.267000000000000000e+03
1203       1.250000000000000000e+03
1204       1.187000000000000000e+03
1204       3.430000000000000000e+02
1204       5.730000000000000000e+02
1204       1.313000000000000000e+03
1204       1.308000000000000000e+03
1204       1.256000000000000000e+03
1204       1.321000000000000000e+03
1204       1.176000000000000000e+03
1204       2.180000000000000000e+02
1204       5.190000000000000000e+02
1204       8.360000000000000000e+02
1204       9.020000000000000000e+02
1204       1.345000000000000000e+03
1204       4.780000000000000000e+02
1204       1.070000000000000000e+02
1204       7.530000000000000000e+02
1204       7.930000000000000000e+02
1204       1.358000000000000000e+03
1204       1.151000000000000000e+03
1205       1.328000000000000000e+03
1205       1.336000000000000000e+03
1205       7.670000000000000000e+02
1205       2.970000000000000000e+02
1205       1.276000000000000000e+03
1205       1.318000000000000000e+03
1205       7.920000000000000000e+02
1205       7.060000000000000000e+02
1205       1.271000000000000000e+03
1205       1.165000000000000000e+03
1205       8.300000000000000000e+02
1205       1.178000000000000000e+03
1205       5.760000000000000000e+02
1205       8.400000000000000000e+01
1205       1.154000000000000000e+03
1205       2.000000000000000000e+02
1205       5.930000000000000000e+02
1205       1.342000000000000000e+03
1205       1.280000000000000000e+02
1205       1.091000000000000000e+03
1206       1.258000000000000000e+03
1206       9.510000000000000000e+02
1206       1.208000000000000000e+03
1206       8.570000000000000000e+02
1206       1.356000000000000000e+03
1206       1.149000000000000000e+03
1206       1.269000000000000000e+03
1206       1.760000000000000000e+02
1206       2.500000000000000000e+01
1206       8.370000000000000000e+02
1206       8.640000000000000000e+02
1206       1.240000000000000000e+02
1206       1.206000000000000000e+03
1206       2.240000000000000000e+02
1206       1.240000000000000000e+03
1206       1.130000000000000000e+03
1206       1.340000000000000000e+03
1206       1.161000000000000000e+03
1206       1.346000000000000000e+03
1206       2.660000000000000000e+02
1206       1.300000000000000000e+03
1206       1.072000000000000000e+03
1206       9.170000000000000000e+02
1206       1.158000000000000000e+03
1206       3.100000000000000000e+01
1207       1.232000000000000000e+03
1207       3.100000000000000000e+02
1207       8.500000000000000000e+02
1207       1.249000000000000000e+03
1207       1.254000000000000000e+03
1207       4.400000000000000000e+01
1207       1.136000000000000000e+03
1207       1.900000000000000000e+01
1207       7.390000000000000000e+02
1207       1.132000000000000000e+03
1207       1.192000000000000000e+03
1207       1.283000000000000000e+03
1207       1.139000000000000000e+03
1207       5.200000000000000000e+01
1208       1.343000000000000000e+03
1208       1.273000000000000000e+03
1208       1.344000000000000000e+03
1208       6.540000000000000000e+02
1208       8.390000000000000000e+02
1208       6.330000000000000000e+02
1208       1.227000000000000000e+03
1208       1.186000000000000000e+03
1208       1.174000000000000000e+03
1208       7.490000000000000000e+02
1208       1.184000000000000000e+03
1208       1.237000000000000000e+03
1208       4.990000000000000000e+02
1208       1.142000000000000000e+03
1208       1.272000000000000000e+03
1208       2.410000000000000000e+02
1208       1.295000000000000000e+03
1208       1.287000000000000000e+03
1208       8.880000000000000000e+02
1209       1.880000000000000000e+02
1209       1.332000000000000000e+03
1209       1.222000000000000000e+03
1209       2.840000000000000000e+02
1209       3.910000000000000000e+02
1209       9.320000000000000000e+02
1209       2.400000000000000000e+01
1209       1.202000000000000000e+03
1209       6.500000000000000000e+01
1209       1.274000000000000000e+03
1209       1.209000000000000000e+03
1210       9.650000000000000000e+02
1210       9.000000000000000000e+02
1210       1.239000000000000000e+03
1210       2.870000000000000000e+02
1210       6.490000000000000000e+02
1210       6.070000000000000000e+02
1210       5.510000000000000000e+02
1210       1.141000000000000000e+03
1210       6.570000000000000000e+02
1210       6.040000000000000000e+02
1210       1.147000000000000000e+03
1210       7.770000000000000000e+02
1210       6.000000000000000000e+01
1211       5.830000000000000000e+02
1211       1.259000000000000000e+03
1211       1.175000000000000000e+03
1211       7.500000000000000000e+01
1211       1.496000000000000000e+03
1211       7.050000000000000000e+02
1211       1.170000000000000000e+03
1211       1.131000000000000000e+03
1211       2.600000000000000000e+02
1211       1.127000000000000000e+03
1211       1.920000000000000000e+02
1211       8.440000000000000000e+02
1211       9.700000000000000000e+02
1211       1.303000000000000000e+03
1211       1.270000000000000000e+03
1212       3.700000000000000000e+02
1212       1.305000000000000000e+03
1212       6.050000000000000000e+02
1212       7.290000000000000000e+02
1212       7.000000000000000000e+02
1212       1.327000000000000000e+03
1212       1.196000000000000000e+03
1212       1.231000000000000000e+03
1212       5.390000000000000000e+02
1212       1.171000000000000000e+03
1213       1.172000000000000000e+03
1213       3.000000000000000000e+00
1213       1.037000000000000000e+03
1213       3.660000000000000000e+02
1213       1.238000000000000000e+03
1213       1.354000000000000000e+03
1213       1.180000000000000000e+03
1213       2.030000000000000000e+02
1213       1.023000000000000000e+03
1213       1.338000000000000000e+03
1213       1.286000000000000000e+03
1213       6.840000000000000000e+02
1213       1.211000000000000000e+03
1214       7.120000000000000000e+02
1214       1.157000000000000000e+03
1214       8.700000000000000000e+01
1214       1.307000000000000000e+03
1214       5.380000000000000000e+02
1214       1.122000000000000000e+03
1214       1.293000000000000000e+03
1214       1.266000000000000000e+03
1214       1.198000000000000000e+03
1215       1.260000000000000000e+03
1215       1.197000000000000000e+03
1215       1.570000000000000000e+02
1215       1.325000000000000000e+03
1215       1.128000000000000000e+03
1215       2.750000000000000000e+02
1215       8.120000000000000000e+02
1215       1.330000000000000000e+02
1215       1.191000000000000000e+03
1215       1.173000000000000000e+03
1215       1.241000000000000000e+03
1215       1.221000000000000000e+03
1215       9.190000000000000000e+02
1215       3.270000000000000000e+02
1215       8.470000000000000000e+02
1215       1.323000000000000000e+03
1215       1.017000000000000000e+03
1216       7.690000000000000000e+02
1216       3.930000000000000000e+02
1216       6.810000000000000000e+02
1216       1.039000000000000000e+03
1216       1.145000000000000000e+03
1216       1.124000000000000000e+03
1216       1.351000000000000000e+03
1216       1.204000000000000000e+03
1216       1.123000000000000000e+03
1216       4.440000000000000000e+02
1217       1.264000000000000000e+03
1217       1.117000000000000000e+03
1217       1.144000000000000000e+03
1217       1.146000000000000000e+03
1217       1.190000000000000000e+03
1217       1.336000000000000000e+03
1217       2.650000000000000000e+02
1217       1.582000000000000000e+03
1217       7.550000000000000000e+02
1217       1.212000000000000000e+03
1217       1.135000000000000000e+03
1217       1.229000000000000000e+03
1218       6.440000000000000000e+02
1218       1.530000000000000000e+02
1218       1.314000000000000000e+03
1218       1.248000000000000000e+03
1218       4.920000000000000000e+02
1218       1.324000000000000000e+03
1218       1.158000000000000000e+03
1218       1.205000000000000000e+03
1218       7.990000000000000000e+02
1218       1.281000000000000000e+03
1218       9.160000000000000000e+02
1218       1.326000000000000000e+03
1218       8.860000000000000000e+02
1219       1.187000000000000000e+03
1219       1.121000000000000000e+03
1219       1.195000000000000000e+03
1219       5.250000000000000000e+02
1219       7.180000000000000000e+02
1219       1.255000000000000000e+03
1219       5.190000000000000000e+02
1219       1.147000000000000000e+03
1219       1.319000000000000000e+03
1219       1.210000000000000000e+03
1219       5.480000000000000000e+02
1219       1.348000000000000000e+03
1219       1.153000000000000000e+03
1219       1.268000000000000000e+03
1219       8.620000000000000000e+02
1220       1.125000000000000000e+03
1220       7.320000000000000000e+02
1220       2.940000000000000000e+02
1220       4.020000000000000000e+02
1220       1.174000000000000000e+03
1220       2.550000000000000000e+02
1220       7.880000000000000000e+02
1220       1.352000000000000000e+03
1220       1.134000000000000000e+03
1220       1.228000000000000000e+03
1220       1.510000000000000000e+03
1220       4.320000000000000000e+02
1220       1.321000000000000000e+03
1220       1.152000000000000000e+03
1220       1.176000000000000000e+03
1220       1.219000000000000000e+03
1220       6.400000000000000000e+02
1221       1.200000000000000000e+03
1221       6.600000000000000000e+01
1221       1.062000000000000000e+03
1221       4.630000000000000000e+02
1221       1.069000000000000000e+03
1221       1.214000000000000000e+03
1221       1.595000000000000000e+03
1221       1.310000000000000000e+03
1222       0.000000000000000000e+00
1222       1.318000000000000000e+03
1222       1.970000000000000000e+02
1222       1.140000000000000000e+03
1222       1.245000000000000000e+03
1222       4.950000000000000000e+02
1222       1.193000000000000000e+03
1222       1.342000000000000000e+03
1222       8.350000000000000000e+02
1223       9.100000000000000000e+01
1223       4.930000000000000000e+02
1223       1.238000000000000000e+03
1223       1.223000000000000000e+03
1223       9.070000000000000000e+02
1223       4.860000000000000000e+02
1223       1.014000000000000000e+03
1223       8.500000000000000000e+02
1223       1.247000000000000000e+03
1223       1.185000000000000000e+03
1223       1.309000000000000000e+03
1223       8.460000000000000000e+02
1223       1.357000000000000000e+03
1224       2.630000000000000000e+02
1224       1.288000000000000000e+03
1224       4.740000000000000000e+02
1224       3.000000000000000000e+02
1224       8.790000000000000000e+02
1224       1.182000000000000000e+03
1224       1.159000000000000000e+03
1224       6.910000000000000000e+02
1224       1.161000000000000000e+03
1224       9.770000000000000000e+02
1224       1.136000000000000000e+03
1225       1.120000000000000000e+03
1225       1.130000000000000000e+03
1225       1.221000000000000000e+03
1225       1.236000000000000000e+03
1225       1.010000000000000000e+02
1225       9.090000000000000000e+02
1225       6.310000000000000000e+02
1225       1.128000000000000000e+03
1225       1.150000000000000000e+03
1225       1.333000000000000000e+03
1225       1.600000000000000000e+02
1225       1.237000000000000000e+03
1225       1.334000000000000000e+03
1225       1.055000000000000000e+03
1225       1.256000000000000000e+03
1225       6.880000000000000000e+02
1226       8.750000000000000000e+02
1226       1.215000000000000000e+03
1226       1.026000000000000000e+03
1226       1.146000000000000000e+03
1226       4.130000000000000000e+02
1226       1.257000000000000000e+03
1226       1.315000000000000000e+03
1226       1.155000000000000000e+03
1226       7.770000000000000000e+02
1226       1.350000000000000000e+03
1226       8.130000000000000000e+02
1226       1.280000000000000000e+03
1227       1.290000000000000000e+03
1227       7.160000000000000000e+02
1227       1.320000000000000000e+03
1227       1.330000000000000000e+03
1227       1.287000000000000000e+03
1227       4.170000000000000000e+02
1227       1.359000000000000000e+03
1227       1.254000000000000000e+03
1227       9.350000000000000000e+02
1227       1.283000000000000000e+03
1227       1.263000000000000000e+03
1227       1.192000000000000000e+03
1228       1.104000000000000000e+03
1228       1.209000000000000000e+03
1228       1.000000000000000000e+03
1228       1.296000000000000000e+03
1228       1.265000000000000000e+03
1228       1.218000000000000000e+03
1228       1.329000000000000000e+03
1228       1.536000000000000000e+03
1228       1.235000000000000000e+03
1228       1.243000000000000000e+03
1228       8.690000000000000000e+02
1228       1.260000000000000000e+03
1228       6.820000000000000000e+02
1228       1.294000000000000000e+03
1228       3.360000000000000000e+02
1229       1.135000000000000000e+03
1229       4.500000000000000000e+02
1229       1.322000000000000000e+03
1229       1.269000000000000000e+03
1229       7.830000000000000000e+02
1229       1.212000000000000000e+03
1229       1.227000000000000000e+03
1229       1.476000000000000000e+03
1229       8.610000000000000000e+02
1229       5.890000000000000000e+02
1229       1.242000000000000000e+03
1229       3.060000000000000000e+02
1229       2.040000000000000000e+02
1229       1.226000000000000000e+03
1229       1.383000000000000000e+03
1230       7.100000000000000000e+02
1230       1.308000000000000000e+03
1230       7.380000000000000000e+02
1230       1.258000000000000000e+03
1230       1.172000000000000000e+03
1230       1.302000000000000000e+03
1230       1.488000000000000000e+03
1230       8.510000000000000000e+02
1230       1.266000000000000000e+03
1230       5.810000000000000000e+02
1230       1.170000000000000000e+03
1230       1.199000000000000000e+03
1230       1.340000000000000000e+03
1230       1.029000000000000000e+03
1230       6.690000000000000000e+02
1231       1.138000000000000000e+03
1231       1.050000000000000000e+02
1231       6.790000000000000000e+02
1231       1.204000000000000000e+03
1231       1.284000000000000000e+03
1231       5.200000000000000000e+01
1231       1.132000000000000000e+03
1231       1.156000000000000000e+03
1231       1.304000000000000000e+03
1231       1.311000000000000000e+03
1231       7.370000000000000000e+02
1231       2.840000000000000000e+02
1231       1.136000000000000000e+03
1231       1.216000000000000000e+03
1231       4.010000000000000000e+02
1232       1.233000000000000000e+03
1232       1.332000000000000000e+03
1232       1.420000000000000000e+02
1232       3.090000000000000000e+02
1232       1.276000000000000000e+03
1233       1.153000000000000000e+03
1233       1.246000000000000000e+03
1233       1.344000000000000000e+03
1233       7.610000000000000000e+02
1233       1.141000000000000000e+03
1233       1.279000000000000000e+03
1233       1.179000000000000000e+03
1233       5.460000000000000000e+02
1233       1.317000000000000000e+03
1233       1.239000000000000000e+03
1233       1.285000000000000000e+03
1233       1.147000000000000000e+03
1233       1.143000000000000000e+03
1233       1.240000000000000000e+03
1233       1.163000000000000000e+03
1233       1.260000000000000000e+02
1234       1.174000000000000000e+03
1234       1.194000000000000000e+03
1234       7.530000000000000000e+02
1234       7.870000000000000000e+02
1234       1.307000000000000000e+03
1234       1.082000000000000000e+03
1234       1.155000000000000000e+03
1234       1.234000000000000000e+03
1234       2.200000000000000000e+01
1234       1.860000000000000000e+02
1234       1.183000000000000000e+03
1234       1.137000000000000000e+03
1234       1.207000000000000000e+03
1234       1.187000000000000000e+03
1234       1.217000000000000000e+03
1234       9.980000000000000000e+02
1234       1.355000000000000000e+03
1234       1.264000000000000000e+03
1235       1.295000000000000000e+03
1235       5.400000000000000000e+02
1235       4.690000000000000000e+02
1235       4.530000000000000000e+02
1235       1.586000000000000000e+03
1235       9.000000000000000000e+00
1235       1.080000000000000000e+02
1235       1.328000000000000000e+03
1235       3.850000000000000000e+02
1235       1.184000000000000000e+03
1235       1.286000000000000000e+03
1235       4.510000000000000000e+02
1235       2.560000000000000000e+02
1235       1.291000000000000000e+03
1235       1.300000000000000000e+03
1235       1.140000000000000000e+03
1235       1.238000000000000000e+03
1235       1.230000000000000000e+03
1235       1.139000000000000000e+03
1235       1.504000000000000000e+03
1235       1.124000000000000000e+03
1235       1.324000000000000000e+03
1235       1.221000000000000000e+03
1236       1.228000000000000000e+03
1236       1.188000000000000000e+03
1236       8.890000000000000000e+02
1236       1.142000000000000000e+03
1236       2.240000000000000000e+02
1236       2.380000000000000000e+02
1236       1.316000000000000000e+03
1236       6.080000000000000000e+02
1236       1.339000000000000000e+03
1236       1.202000000000000000e+03
1236       5.910000000000000000e+02
1236       5.640000000000000000e+02
1236       1.004000000000000000e+03
1236       3.200000000000000000e+01
1236       1.354000000000000000e+03
1236       1.225000000000000000e+03
1236       1.250000000000000000e+03
1236       1.126000000000000000e+03
1236       1.270000000000000000e+03
1236       7.320000000000000000e+02
1237       1.011000000000000000e+03
1237       1.299000000000000000e+03
1237       8.280000000000000000e+02
1237       1.231000000000000000e+03
1237       1.191000000000000000e+03
1237       5.100000000000000000e+02
1237       1.351000000000000000e+03
1237       1.281000000000000000e+03
1238       1.197000000000000000e+03
1238       1.800000000000000000e+01
1238       1.290000000000000000e+03
1238       1.940000000000000000e+02
1238       1.268000000000000000e+03
1238       1.206000000000000000e+03
1238       1.353000000000000000e+03
1238       8.010000000000000000e+02
1238       1.099000000000000000e+03
1239       1.280000000000000000e+03
1239       1.265000000000000000e+03
1239       1.301000000000000000e+03
1239       1.041000000000000000e+03
1239       3.630000000000000000e+02
1239       1.159000000000000000e+03
1239       1.326000000000000000e+03
1239       3.260000000000000000e+02
1239       1.288000000000000000e+03
1239       1.350000000000000000e+03
1239       1.235000000000000000e+03
1239       8.050000000000000000e+02
1239       4.570000000000000000e+02
1239       1.168000000000000000e+03
1239       1.331000000000000000e+03
1239       6.600000000000000000e+01
1240       1.113000000000000000e+03
1240       1.272000000000000000e+03
1240       1.319000000000000000e+03
1240       1.203000000000000000e+03
1240       7.630000000000000000e+02
1240       8.650000000000000000e+02
1240       1.306000000000000000e+03
1240       1.156000000000000000e+03
1240       2.090000000000000000e+02
1240       1.293000000000000000e+03
1240       1.134000000000000000e+03
1240       1.033000000000000000e+03
1240       1.130000000000000000e+02
1241       1.278000000000000000e+03
1241       1.237000000000000000e+03
1241       9.260000000000000000e+02
1241       1.194000000000000000e+03
1241       1.320000000000000000e+02
1241       4.400000000000000000e+02
1241       3.480000000000000000e+02
1241       5.980000000000000000e+02
1241       1.245000000000000000e+03
1241       1.227000000000000000e+03
1241       5.430000000000000000e+02
1241       6.090000000000000000e+02
1241       7.830000000000000000e+02
1241       2.730000000000000000e+02
1241       4.300000000000000000e+01
1241       1.252000000000000000e+03
1242       5.320000000000000000e+02
1242       5.090000000000000000e+02
1242       1.275000000000000000e+03
1242       1.182000000000000000e+03
1242       7.100000000000000000e+01
1242       1.338000000000000000e+03
1242       1.132000000000000000e+03
1242       1.423000000000000000e+03
1242       1.198000000000000000e+03
1242       1.196000000000000000e+03
1242       7.040000000000000000e+02
1242       1.162000000000000000e+03
1242       1.022000000000000000e+03
1243       8.560000000000000000e+02
1243       1.222000000000000000e+03
1243       1.359000000000000000e+03
1243       1.086000000000000000e+03
1243       7.090000000000000000e+02
1243       1.313000000000000000e+03
1243       1.335000000000000000e+03
1243       3.230000000000000000e+02
1243       8.100000000000000000e+01
1244       1.225000000000000000e+03
1244       1.149000000000000000e+03
1244       1.298000000000000000e+03
1244       1.011000000000000000e+03
1244       1.264000000000000000e+03
1245       1.228000000000000000e+03
1245       1.166000000000000000e+03
1245       8.750000000000000000e+02
1245       1.246000000000000000e+03
1245       1.233000000000000000e+03
1245       4.720000000000000000e+02
1245       1.158000000000000000e+03
1245       1.136000000000000000e+03
1245       5.790000000000000000e+02
1245       2.470000000000000000e+02
1245       1.258000000000000000e+03
1245       1.325000000000000000e+03
1245       1.129000000000000000e+03
1245       1.243000000000000000e+03
1245       8.350000000000000000e+02
1245       1.010000000000000000e+02
1245       9.370000000000000000e+02
1246       1.285000000000000000e+03
1246       1.178000000000000000e+03
1246       2.530000000000000000e+02
1246       8.470000000000000000e+02
1246       1.061000000000000000e+03
1246       8.740000000000000000e+02
1246       3.930000000000000000e+02
1246       7.710000000000000000e+02
1246       1.560000000000000000e+02
1246       1.343000000000000000e+03
1246       1.164000000000000000e+03
1246       5.800000000000000000e+02
1246       4.000000000000000000e+02
1246       1.810000000000000000e+02
1246       1.223000000000000000e+03
1246       9.800000000000000000e+01
1246       5.400000000000000000e+02
1246       6.560000000000000000e+02
1246       1.349000000000000000e+03
1247       2.660000000000000000e+02
1247       1.210000000000000000e+03
1247       1.088000000000000000e+03
1247       4.050000000000000000e+02
1247       1.131000000000000000e+03
1247       9.680000000000000000e+02
1247       1.255000000000000000e+03
1247       8.630000000000000000e+02
1248       1.127000000000000000e+03
1248       1.135000000000000000e+03
1248       6.800000000000000000e+01
1248       8.140000000000000000e+02
1248       1.180000000000000000e+03
1248       1.247000000000000000e+03
1248       8.020000000000000000e+02
1248       8.550000000000000000e+02
1248       1.370000000000000000e+02
1248       5.080000000000000000e+02
1249       6.650000000000000000e+02
1249       1.257000000000000000e+03
1249       1.296000000000000000e+03
1249       1.200000000000000000e+01
1249       1.160000000000000000e+03
1249       1.172000000000000000e+03
1249       1.287000000000000000e+03
1249       1.344000000000000000e+03
1249       1.342000000000000000e+03
1249       1.174000000000000000e+03
1249       1.351000000000000000e+03
1249       3.330000000000000000e+02
1250       1.269000000000000000e+03
1250       1.346000000000000000e+03
1250       1.750000000000000000e+02
1250       1.347000000000000000e+03
1250       1.190000000000000000e+03
1250       1.332000000000000000e+03
1250       1.323000000000000000e+03
1250       3.790000000000000000e+02
1250       6.620000000000000000e+02
1250       2.030000000000000000e+02
1250       1.286000000000000000e+03
1250       1.154000000000000000e+03
1250       1.195000000000000000e+03
1251       4.900000000000000000e+02
1251       3.530000000000000000e+02
1251       1.168000000000000000e+03
1251       6.860000000000000000e+02
1251       1.260000000000000000e+03
1251       1.262000000000000000e+03
1251       1.337000000000000000e+03
1251       9.440000000000000000e+02
1251       5.570000000000000000e+02
1251       1.209000000000000000e+03
1251       1.258000000000000000e+03
1251       1.180000000000000000e+02
1251       1.220000000000000000e+03
1252       1.267000000000000000e+03
1252       1.043000000000000000e+03
1252       1.146000000000000000e+03
1252       1.303000000000000000e+03
1252       9.800000000000000000e+02
1252       1.185000000000000000e+03
1252       1.137000000000000000e+03
1252       1.328000000000000000e+03
1252       1.321000000000000000e+03
1252       1.260000000000000000e+02
1252       1.329000000000000000e+03
1252       6.180000000000000000e+02
1252       4.010000000000000000e+02
1253       2.280000000000000000e+02
1253       1.358000000000000000e+03
1253       1.592000000000000000e+03
1253       5.900000000000000000e+02
1253       1.089000000000000000e+03
1253       1.515000000000000000e+03
1253       1.253000000000000000e+03
1253       9.840000000000000000e+02
1253       1.219000000000000000e+03
1253       4.830000000000000000e+02
1254       1.300000000000000000e+03
1254       1.308000000000000000e+03
1254       1.205000000000000000e+03
1254       1.324000000000000000e+03
1254       1.282000000000000000e+03
1254       1.176000000000000000e+03
1254       1.273000000000000000e+03
1254       2.400000000000000000e+02
1254       1.326000000000000000e+03
1255       1.169000000000000000e+03
1255       1.279000000000000000e+03
1255       1.238000000000000000e+03
1255       1.255000000000000000e+03
1255       1.122000000000000000e+03
1255       9.400000000000000000e+02
1255       1.112000000000000000e+03
1255       1.299000000000000000e+03
1255       1.960000000000000000e+02
1255       1.143000000000000000e+03
1255       1.217000000000000000e+03
1255       1.161000000000000000e+03
1255       4.340000000000000000e+02
1255       4.030000000000000000e+02
1256       1.318000000000000000e+03
1256       9.530000000000000000e+02
1256       1.289000000000000000e+03
1256       1.124000000000000000e+03
1256       1.204000000000000000e+03
1256       1.305000000000000000e+03
1256       6.690000000000000000e+02
1256       1.189000000000000000e+03
1256       5.100000000000000000e+02
1256       3.040000000000000000e+02
1256       5.850000000000000000e+02
1256       4.470000000000000000e+02
1256       1.234000000000000000e+03
1256       1.354000000000000000e+03
1256       1.206000000000000000e+03
1256       1.180000000000000000e+03
1256       5.800000000000000000e+01
1256       1.211000000000000000e+03
1256       4.920000000000000000e+02
1256       1.134000000000000000e+03
1257       7.470000000000000000e+02
1257       1.259000000000000000e+03
1257       1.158000000000000000e+03
1257       1.221000000000000000e+03
1257       7.610000000000000000e+02
1257       1.277000000000000000e+03
1257       1.297000000000000000e+03
1257       2.480000000000000000e+02
1257       1.290000000000000000e+03
1257       1.199000000000000000e+03
1257       1.263000000000000000e+03
1257       3.000000000000000000e+01
1257       1.147000000000000000e+03
1257       1.359000000000000000e+03
1257       1.235000000000000000e+03
1257       1.193000000000000000e+03
1258       1.256000000000000000e+03
1258       7.190000000000000000e+02
1258       4.680000000000000000e+02
1258       5.230000000000000000e+02
1258       9.430000000000000000e+02
1258       8.770000000000000000e+02
1258       7.390000000000000000e+02
1258       3.910000000000000000e+02
1258       1.151000000000000000e+03
1258       1.310000000000000000e+03
1258       1.322000000000000000e+03
1258       4.370000000000000000e+02
1258       1.237000000000000000e+03
1258       1.192000000000000000e+03
1258       1.341000000000000000e+03
1258       3.430000000000000000e+02
1259       1.220000000000000000e+02
1259       1.070000000000000000e+03
1259       1.251000000000000000e+03
1259       1.233000000000000000e+03
1259       1.165000000000000000e+03
1259       6.240000000000000000e+02
1259       1.121000000000000000e+03
1259       2.590000000000000000e+02
1259       1.139000000000000000e+03
1259       1.194000000000000000e+03
1259       1.231000000000000000e+03
1259       4.750000000000000000e+02
1259       9.940000000000000000e+02
1259       1.334000000000000000e+03
1260       9.000000000000000000e+00
1260       1.152000000000000000e+03
1260       1.265000000000000000e+03
1260       1.350000000000000000e+03
1260       1.125000000000000000e+03
1260       1.175000000000000000e+03
1260       8.400000000000000000e+01
1260       1.013000000000000000e+03
1260       3.750000000000000000e+02
1260       1.225000000000000000e+03
1260       6.960000000000000000e+02
1260       9.240000000000000000e+02
1260       1.132000000000000000e+03
1260       1.284000000000000000e+03
1260       9.090000000000000000e+02
1260       5.010000000000000000e+02
1261       1.309000000000000000e+03
1261       3.800000000000000000e+02
1261       1.173000000000000000e+03
1261       6.710000000000000000e+02
1261       1.700000000000000000e+01
1261       1.167000000000000000e+03
1261       1.250000000000000000e+03
1261       1.294000000000000000e+03
1261       1.327000000000000000e+03
1261       4.620000000000000000e+02
1261       1.317000000000000000e+03
1261       4.850000000000000000e+02
1261       1.000000000000000000e+00
1261       1.301000000000000000e+03
1261       5.800000000000000000e+02
1262       5.050000000000000000e+02
1262       1.131000000000000000e+03
1262       8.440000000000000000e+02
1262       1.009000000000000000e+03
1262       1.136000000000000000e+03
1262       1.212000000000000000e+03
1262       2.140000000000000000e+02
1262       1.055000000000000000e+03
1262       1.045000000000000000e+03
1263       1.444000000000000000e+03
1263       7.450000000000000000e+02
1263       1.174000000000000000e+03
1263       1.190000000000000000e+03
1263       1.252000000000000000e+03
1263       1.133000000000000000e+03
1263       1.338000000000000000e+03
1263       1.670000000000000000e+02
1263       7.480000000000000000e+02
1263       8.240000000000000000e+02
1263       1.227000000000000000e+03
1263       5.200000000000000000e+01
1263       1.201000000000000000e+03
1263       1.138000000000000000e+03
1263       1.141000000000000000e+03
1263       1.226000000000000000e+03
1263       1.254000000000000000e+03
1263       9.370000000000000000e+02
1263       1.171000000000000000e+03
1263       8.880000000000000000e+02
1263       1.229000000000000000e+03
1264       2.620000000000000000e+02
1264       1.980000000000000000e+02
1264       1.040000000000000000e+02
1264       1.189000000000000000e+03
1264       1.137000000000000000e+03
1264       8.190000000000000000e+02
1264       8.600000000000000000e+01
1264       4.130000000000000000e+02
1264       1.188000000000000000e+03
1264       6.000000000000000000e+00
1264       7.560000000000000000e+02
1264       6.100000000000000000e+02
1264       1.319000000000000000e+03
1264       4.560000000000000000e+02
1264       1.024000000000000000e+03
1264       1.680000000000000000e+02
1264       1.239000000000000000e+03
1264       7.780000000000000000e+02
1264       7.870000000000000000e+02
1264       1.198000000000000000e+03
1264       1.340000000000000000e+03
1264       3.700000000000000000e+01
1264       1.276000000000000000e+03
1264       1.288000000000000000e+03
1264       2.300000000000000000e+02
1264       1.214000000000000000e+03
1264       1.271000000000000000e+03
1265       1.255000000000000000e+03
1265       1.433000000000000000e+03
1265       6.970000000000000000e+02
1265       6.290000000000000000e+02
1265       1.234000000000000000e+03
1265       1.123000000000000000e+03
1265       1.258000000000000000e+03
1265       1.287000000000000000e+03
1265       2.810000000000000000e+02
1265       1.134000000000000000e+03
1265       1.176000000000000000e+03
1265       3.140000000000000000e+02
1265       1.318000000000000000e+03
1265       1.213000000000000000e+03
1265       1.302000000000000000e+03
1265       1.143000000000000000e+03
1266       7.300000000000000000e+01
1266       8.660000000000000000e+02
1266       1.222000000000000000e+03
1266       3.090000000000000000e+02
1266       7.200000000000000000e+02
1266       1.293000000000000000e+03
1266       1.335000000000000000e+03
1266       1.146000000000000000e+03
1266       1.369000000000000000e+03
1266       1.305000000000000000e+03
1266       4.450000000000000000e+02
1266       1.333000000000000000e+03
1266       6.120000000000000000e+02
1267       1.356000000000000000e+03
1267       7.430000000000000000e+02
1267       1.328000000000000000e+03
1267       9.180000000000000000e+02
1267       1.197000000000000000e+03
1267       1.202000000000000000e+03
1267       1.303000000000000000e+03
1267       1.192000000000000000e+03
1267       6.430000000000000000e+02
1267       2.430000000000000000e+02
1267       7.980000000000000000e+02
1268       1.231000000000000000e+03
1268       1.191000000000000000e+03
1268       2.840000000000000000e+02
1268       1.156000000000000000e+03
1268       8.510000000000000000e+02
1268       1.208000000000000000e+03
1268       7.720000000000000000e+02
1268       4.470000000000000000e+02
1268       1.280000000000000000e+02
1268       4.760000000000000000e+02
1268       1.216000000000000000e+03
1268       1.140000000000000000e+03
1268       1.260000000000000000e+03
1268       1.178000000000000000e+03
1268       1.270000000000000000e+03
1269       1.219000000000000000e+03
1269       1.232000000000000000e+03
1269       5.380000000000000000e+02
1269       2.760000000000000000e+02
1269       1.350000000000000000e+02
1269       1.205000000000000000e+03
1269       5.620000000000000000e+02
1269       1.321000000000000000e+03
1269       4.410000000000000000e+02
1269       1.242000000000000000e+03
1269       1.215000000000000000e+03
1269       5.220000000000000000e+02
1269       1.144000000000000000e+03
1269       2.730000000000000000e+02
1269       7.420000000000000000e+02
1269       1.068000000000000000e+03
1269       1.246000000000000000e+03
1269       1.182000000000000000e+03
1269       1.273000000000000000e+03
1269       4.530000000000000000e+02
1269       9.500000000000000000e+02
1269       1.291000000000000000e+03
1270       3.130000000000000000e+02
1270       3.940000000000000000e+02
1270       5.000000000000000000e+02
1270       1.199000000000000000e+03
1270       8.540000000000000000e+02
1270       1.312000000000000000e+03
1270       1.329000000000000000e+03
1270       1.267000000000000000e+03
1270       5.120000000000000000e+02
1270       1.124000000000000000e+03
1270       9.300000000000000000e+02
1270       1.126000000000000000e+03
1270       9.930000000000000000e+02
1270       1.148000000000000000e+03
1270       1.240000000000000000e+03
1270       1.238000000000000000e+03
1270       1.179000000000000000e+03
1270       1.284000000000000000e+03
1271       1.203000000000000000e+03
1271       1.339000000000000000e+03
1271       1.162000000000000000e+03
1271       1.161000000000000000e+03
1271       1.090000000000000000e+02
1271       1.314000000000000000e+03
1271       1.337000000000000000e+03
1271       1.262000000000000000e+03
1271       1.155000000000000000e+03
1271       1.297000000000000000e+03
1271       1.128000000000000000e+03
1271       1.310000000000000000e+02
1272       1.332000000000000000e+03
1272       1.150000000000000000e+03
1272       1.244000000000000000e+03
1272       1.211000000000000000e+03
1272       1.195000000000000000e+03
1272       5.970000000000000000e+02
1272       1.130000000000000000e+03
1272       1.990000000000000000e+02
1272       7.830000000000000000e+02
1272       1.274000000000000000e+03
1272       2.470000000000000000e+02
1272       1.252000000000000000e+03
1272       1.190000000000000000e+02
1272       1.266000000000000000e+03
1273       8.900000000000000000e+01
1273       1.330000000000000000e+02
1273       1.307000000000000000e+03
1273       1.235000000000000000e+03
1273       1.344000000000000000e+03
1273       2.900000000000000000e+02
1273       1.306000000000000000e+03
1273       8.520000000000000000e+02
1273       1.228000000000000000e+03
1273       1.296000000000000000e+03
1273       1.175000000000000000e+03
1273       1.310000000000000000e+03
1273       1.145000000000000000e+03
1273       1.171000000000000000e+03
1273       8.000000000000000000e+02
1273       1.165000000000000000e+03
1274       1.152000000000000000e+03
1274       1.336000000000000000e+03
1274       1.343000000000000000e+03
1274       1.167000000000000000e+03
1274       7.300000000000000000e+01
1275       1.277000000000000000e+03
1275       1.560000000000000000e+02
1275       1.275000000000000000e+03
1275       9.780000000000000000e+02
1275       9.360000000000000000e+02
1275       1.330000000000000000e+03
1275       1.094000000000000000e+03
1275       1.229000000000000000e+03
1275       1.248000000000000000e+03
1275       6.320000000000000000e+02
1275       1.237000000000000000e+03
1275       1.335000000000000000e+03
1275       1.188000000000000000e+03
1275       1.150000000000000000e+02
1275       5.780000000000000000e+02
1275       6.930000000000000000e+02
1275       8.370000000000000000e+02
1275       5.960000000000000000e+02
1275       1.245000000000000000e+03
1276       9.040000000000000000e+02
1276       4.210000000000000000e+02
1276       1.255000000000000000e+03
1276       1.328000000000000000e+03
1276       1.127000000000000000e+03
1276       1.820000000000000000e+02
1276       1.355000000000000000e+03
1276       1.198000000000000000e+03
1276       3.100000000000000000e+02
1276       1.177000000000000000e+03
1276       1.146000000000000000e+03
1277       1.120000000000000000e+03
1277       1.346000000000000000e+03
1277       1.271000000000000000e+03
1277       1.102000000000000000e+03
1277       1.214000000000000000e+03
1277       6.480000000000000000e+02
1277       1.253000000000000000e+03
1278       1.342000000000000000e+03
1278       1.227000000000000000e+03
1278       5.250000000000000000e+02
1278       9.580000000000000000e+02
1278       6.010000000000000000e+02
1278       1.315000000000000000e+03
1279       1.166000000000000000e+03
1279       1.187000000000000000e+03
1279       1.203000000000000000e+03
1279       1.151000000000000000e+03
1279       1.352000000000000000e+03
1279       3.620000000000000000e+02
1279       9.670000000000000000e+02
1279       1.169000000000000000e+03
1279       1.293000000000000000e+03
1280       1.311000000000000000e+03
1280       1.141000000000000000e+03
1280       7.050000000000000000e+02
1280       1.121000000000000000e+03
1280       1.341000000000000000e+03
1280       1.358000000000000000e+03
1280       1.574000000000000000e+03
1280       1.345000000000000000e+03
1280       1.299000000000000000e+03
1280       9.110000000000000000e+02
1280       1.300000000000000000e+03
1281       1.268000000000000000e+03
1281       1.233000000000000000e+03
1281       6.590000000000000000e+02
1281       1.286000000000000000e+03
1281       2.400000000000000000e+02
1281       1.139000000000000000e+03
1281       2.250000000000000000e+02
1281       6.080000000000000000e+02
1281       1.157000000000000000e+03
1281       1.114000000000000000e+03
1281       1.331000000000000000e+03
1281       2.450000000000000000e+02
1281       1.305000000000000000e+03
1281       8.250000000000000000e+02
1281       1.284000000000000000e+03
1281       1.318000000000000000e+03
1282       1.173000000000000000e+03
1282       7.620000000000000000e+02
1282       1.201000000000000000e+03
1282       6.650000000000000000e+02
1282       1.168000000000000000e+03
1282       1.196000000000000000e+03
1282       4.310000000000000000e+02
1282       1.158000000000000000e+03
1282       1.184000000000000000e+03
1282       8.640000000000000000e+02
1282       1.594000000000000000e+03
1282       1.205000000000000000e+03
1282       1.129000000000000000e+03
1283       1.245000000000000000e+03
1283       3.600000000000000000e+01
1283       6.050000000000000000e+02
1283       1.298000000000000000e+03
1283       1.215000000000000000e+03
1283       1.122000000000000000e+03
1283       1.740000000000000000e+02
1283       1.950000000000000000e+02
1283       1.204000000000000000e+03
1283       1.332000000000000000e+03
1283       1.302000000000000000e+03
1283       1.218000000000000000e+03
1283       6.220000000000000000e+02
1283       4.080000000000000000e+02
1283       1.287000000000000000e+03
1283       1.209000000000000000e+03
1283       1.960000000000000000e+02
1284       2.990000000000000000e+02
1284       4.500000000000000000e+01
1284       4.130000000000000000e+02
1284       1.271000000000000000e+03
1284       1.239000000000000000e+03
1284       1.319000000000000000e+03
1284       1.143000000000000000e+03
1284       5.480000000000000000e+02
1284       1.283000000000000000e+03
1284       1.309000000000000000e+03
1284       1.149000000000000000e+03
1284       1.124000000000000000e+03
1284       8.300000000000000000e+02
1284       6.860000000000000000e+02
1284       8.870000000000000000e+02
1284       1.420000000000000000e+02
1284       6.310000000000000000e+02
1284       1.349000000000000000e+03
1284       7.640000000000000000e+02
1285       2.300000000000000000e+01
1285       5.930000000000000000e+02
1285       6.820000000000000000e+02
1285       6.440000000000000000e+02
1285       1.275000000000000000e+03
1285       1.264000000000000000e+03
1285       9.910000000000000000e+02
1285       4.410000000000000000e+02
1285       1.222000000000000000e+03
1285       1.211000000000000000e+03
1285       9.690000000000000000e+02
1285       1.247000000000000000e+03
1285       1.258000000000000000e+03
1285       7.720000000000000000e+02
1285       1.265000000000000000e+03
1285       1.197000000000000000e+03
1285       8.210000000000000000e+02
1285       1.392000000000000000e+03
1285       1.412000000000000000e+03
1285       1.434000000000000000e+03
1285       4.390000000000000000e+02
1285       1.156000000000000000e+03
1285       5.570000000000000000e+02
1285       1.185000000000000000e+03
1285       1.259000000000000000e+03
1285       7.690000000000000000e+02
1286       1.310000000000000000e+02
1286       1.178000000000000000e+03
1286       1.326000000000000000e+03
1286       1.167000000000000000e+03
1286       1.324000000000000000e+03
1286       2.670000000000000000e+02
1286       1.350000000000000000e+03
1286       1.270000000000000000e+02
1286       1.254000000000000000e+03
1286       1.262000000000000000e+03
1286       1.285000000000000000e+03
1286       1.323000000000000000e+03
1287       1.190000000000000000e+03
1287       1.290000000000000000e+03
1287       5.040000000000000000e+02
1287       4.590000000000000000e+02
1287       4.710000000000000000e+02
1287       1.288000000000000000e+03
1287       3.200000000000000000e+01
1287       1.278000000000000000e+03
1287       1.200000000000000000e+03
1287       9.950000000000000000e+02
1287       1.301000000000000000e+03
1287       1.123000000000000000e+03
1287       1.282000000000000000e+03
1288       1.261000000000000000e+03
1288       1.306000000000000000e+03
1288       1.181000000000000000e+03
1288       1.223000000000000000e+03
1288       1.175000000000000000e+03
1288       1.231000000000000000e+03
1288       4.030000000000000000e+02
1288       3.750000000000000000e+02
1288       2.500000000000000000e+02
1288       5.710000000000000000e+02
1288       1.206000000000000000e+03
1288       9.570000000000000000e+02
1288       1.212000000000000000e+03
1288       7.150000000000000000e+02
1288       1.313000000000000000e+03
1288       1.263000000000000000e+03
1288       8.310000000000000000e+02
1288       2.640000000000000000e+02
1288       1.000000000000000000e+03
1288       1.524000000000000000e+03
1288       1.241000000000000000e+03
1288       1.329000000000000000e+03
1288       1.308000000000000000e+03
1289       9.340000000000000000e+02
1289       1.165000000000000000e+03
1289       2.070000000000000000e+02
1289       1.270000000000000000e+03
1289       1.321000000000000000e+03
1289       1.236000000000000000e+03
1289       3.150000000000000000e+02
1289       5.720000000000000000e+02
1289       1.294000000000000000e+03
1289       8.990000000000000000e+02
1289       1.257000000000000000e+03
1289       1.289000000000000000e+03
1289       1.463000000000000000e+03
1289       9.800000000000000000e+02
1289       1.255000000000000000e+03
1289       3.540000000000000000e+02
1289       1.250000000000000000e+03
1289       1.147000000000000000e+03
1290       1.120000000000000000e+03
1290       1.274000000000000000e+03
1290       1.126000000000000000e+03
1290       3.650000000000000000e+02
1290       1.252000000000000000e+03
1290       5.170000000000000000e+02
1290       1.280000000000000000e+03
1290       1.132000000000000000e+03
1290       1.191000000000000000e+03
1290       9.250000000000000000e+02
1290       1.344000000000000000e+03
1290       1.277000000000000000e+03
1290       1.152000000000000000e+03
1290       1.273000000000000000e+03
1291       3.110000000000000000e+02
1291       2.370000000000000000e+02
1291       3.390000000000000000e+02
1291       1.310000000000000000e+03
1291       1.348000000000000000e+03
1291       8.550000000000000000e+02
1291       1.251000000000000000e+03
1291       8.200000000000000000e+01
1291       1.216000000000000000e+03
1291       1.207000000000000000e+03
1291       1.133000000000000000e+03
1291       1.338000000000000000e+03
1291       1.304000000000000000e+03
1291       9.240000000000000000e+02
1291       7.660000000000000000e+02
1291       9.420000000000000000e+02
1291       1.225000000000000000e+03
1292       1.177000000000000000e+03
1292       5.060000000000000000e+02
1292       9.040000000000000000e+02
1292       1.130000000000000000e+03
1292       1.327000000000000000e+03
1292       1.339000000000000000e+03
1292       1.224000000000000000e+03
1292       1.325000000000000000e+03
1292       1.026000000000000000e+03
1293       6.020000000000000000e+02
1293       5.780000000000000000e+02
1293       5.270000000000000000e+02
1293       1.135000000000000000e+03
1293       1.269000000000000000e+03
1293       5.980000000000000000e+02
1293       1.510000000000000000e+03
1293       1.354000000000000000e+03
1293       1.210000000000000000e+03
1293       3.860000000000000000e+02
1293       1.220000000000000000e+03
1293       4.850000000000000000e+02
1293       1.098000000000000000e+03
1293       1.131000000000000000e+03
1293       1.322000000000000000e+03
1294       1.283000000000000000e+03
1294       7.190000000000000000e+02
1294       1.271000000000000000e+03
1294       1.211000000000000000e+03
1294       1.122000000000000000e+03
1294       7.580000000000000000e+02
1294       1.267000000000000000e+03
1294       1.161000000000000000e+03
1294       1.127000000000000000e+03
1294       1.183000000000000000e+03
1294       9.870000000000000000e+02
1294       1.001000000000000000e+03
1294       1.226000000000000000e+03
1294       1.151000000000000000e+03
1295       1.203000000000000000e+03
1295       1.356000000000000000e+03
1295       1.005000000000000000e+03
1295       1.153000000000000000e+03
1295       9.600000000000000000e+01
1295       5.120000000000000000e+02
1295       3.600000000000000000e+01
1295       1.246000000000000000e+03
1295       1.194000000000000000e+03
1295       7.650000000000000000e+02
1295       1.352000000000000000e+03
1295       1.301000000000000000e+03
1295       1.299000000000000000e+03
1295       8.020000000000000000e+02
1295       1.316000000000000000e+03
1295       2.840000000000000000e+02
1295       1.217000000000000000e+03
1295       1.164000000000000000e+03
1295       1.134000000000000000e+03
1295       2.130000000000000000e+02
1296       1.278000000000000000e+03
1296       1.208000000000000000e+03
1296       1.201000000000000000e+03
1296       1.298000000000000000e+03
1296       1.337000000000000000e+03
1296       8.300000000000000000e+02
1296       1.410000000000000000e+03
1296       6.380000000000000000e+02
1296       4.000000000000000000e+00
1296       1.330000000000000000e+03
1296       1.557000000000000000e+03
1296       1.241000000000000000e+03
1296       1.160000000000000000e+03
1297       2.940000000000000000e+02
1297       4.480000000000000000e+02
1297       1.220000000000000000e+02
1297       1.320000000000000000e+03
1297       5.190000000000000000e+02
1297       1.171000000000000000e+03
1298       1.168000000000000000e+03
1298       1.193000000000000000e+03
1298       1.303000000000000000e+03
1298       7.830000000000000000e+02
1298       7.410000000000000000e+02
1298       1.282000000000000000e+03
1298       2.980000000000000000e+02
1298       1.146000000000000000e+03
1298       9.430000000000000000e+02
1298       9.090000000000000000e+02
1298       1.770000000000000000e+02
1298       1.276000000000000000e+03
1298       4.070000000000000000e+02
1298       8.530000000000000000e+02
1298       1.670000000000000000e+02
1298       8.710000000000000000e+02
1298       1.351000000000000000e+03
1298       2.200000000000000000e+02
1298       3.840000000000000000e+02
1298       1.315000000000000000e+03
1298       1.128000000000000000e+03
1298       1.340000000000000000e+03
1298       1.245000000000000000e+03
1298       3.590000000000000000e+02
1299       1.509000000000000000e+03
1299       2.120000000000000000e+02
1299       1.304000000000000000e+03
1299       1.291000000000000000e+03
1299       3.970000000000000000e+02
1299       1.174000000000000000e+03
1299       1.235000000000000000e+03
1299       7.840000000000000000e+02
1299       8.360000000000000000e+02
1299       7.070000000000000000e+02
1299       7.370000000000000000e+02
1299       7.080000000000000000e+02
1299       1.123000000000000000e+03
1299       1.219000000000000000e+03
1300       4.520000000000000000e+02
1300       1.184000000000000000e+03
1300       1.192000000000000000e+03
1300       6.180000000000000000e+02
1300       1.199000000000000000e+03
1300       7.900000000000000000e+02
1300       1.167000000000000000e+03
1300       1.055000000000000000e+03
1300       1.285000000000000000e+03
1300       5.360000000000000000e+02
1300       1.169000000000000000e+03
1300       5.390000000000000000e+02
1301       1.059000000000000000e+03
1301       1.108000000000000000e+03
1301       1.242000000000000000e+03
1301       1.233000000000000000e+03
1301       1.030000000000000000e+02
1301       7.350000000000000000e+02
1301       1.341000000000000000e+03
1301       1.312000000000000000e+03
1301       5.130000000000000000e+02
1301       1.310000000000000000e+03
1301       1.230000000000000000e+02
1302       1.257000000000000000e+03
1302       1.207000000000000000e+03
1302       1.177000000000000000e+03
1302       1.358000000000000000e+03
1302       1.329000000000000000e+03
1302       1.267000000000000000e+03
1302       1.251000000000000000e+03
1302       1.175000000000000000e+03
1302       1.546000000000000000e+03
1302       1.101000000000000000e+03
1302       1.293000000000000000e+03
1302       1.218000000000000000e+03
1302       1.294000000000000000e+03
1303       1.182000000000000000e+03
1303       9.700000000000000000e+01
1303       1.266000000000000000e+03
1303       1.237000000000000000e+03
1303       1.209000000000000000e+03
1303       5.160000000000000000e+02
1303       1.220000000000000000e+03
1303       6.880000000000000000e+02
1303       1.163000000000000000e+03
1303       1.158000000000000000e+03
1303       1.353000000000000000e+03
1303       9.680000000000000000e+02
1304       5.300000000000000000e+02
1304       1.278000000000000000e+03
1304       1.136000000000000000e+03
1304       1.227000000000000000e+03
1304       2.740000000000000000e+02
1304       1.152000000000000000e+03
1304       1.260000000000000000e+03
1304       1.183000000000000000e+03
1304       4.260000000000000000e+02
1304       2.920000000000000000e+02
1304       5.670000000000000000e+02
1304       1.340000000000000000e+02
1304       2.000000000000000000e+00
1304       1.277000000000000000e+03
1304       1.185000000000000000e+03
1305       3.750000000000000000e+02
1305       1.354000000000000000e+03
1305       1.585000000000000000e+03
1305       1.247000000000000000e+03
1305       9.500000000000000000e+01
1305       8.490000000000000000e+02
1305       9.240000000000000000e+02
1305       1.349000000000000000e+03
1305       1.151000000000000000e+03
1305       2.610000000000000000e+02
1305       4.370000000000000000e+02
1305       5.380000000000000000e+02
1306       1.249000000000000000e+03
1306       9.880000000000000000e+02
1306       1.271000000000000000e+03
1306       1.172000000000000000e+03
1306       1.221000000000000000e+03
1306       1.213000000000000000e+03
1306       1.318000000000000000e+03
1306       1.352000000000000000e+03
1306       8.040000000000000000e+02
1306       1.254000000000000000e+03
1306       1.198000000000000000e+03
1306       6.430000000000000000e+02
1306       1.204000000000000000e+03
1306       9.700000000000000000e+02
1307       3.850000000000000000e+02
1307       1.440000000000000000e+02
1307       1.333000000000000000e+03
1307       1.313000000000000000e+03
1307       1.356000000000000000e+03
1307       6.600000000000000000e+01
1307       1.950000000000000000e+02
1307       2.040000000000000000e+02
1307       1.359000000000000000e+03
1307       1.080000000000000000e+03
1307       7.200000000000000000e+01
1307       1.274000000000000000e+03
1307       4.080000000000000000e+02
1307       4.000000000000000000e+02
1307       1.137000000000000000e+03
1307       2.730000000000000000e+02
1307       2.600000000000000000e+01
1308       1.224000000000000000e+03
1308       1.132000000000000000e+03
1308       1.191000000000000000e+03
1308       1.047000000000000000e+03
1308       1.342000000000000000e+03
1308       1.338000000000000000e+03
1308       5.060000000000000000e+02
1308       1.179000000000000000e+03
1308       1.303000000000000000e+03
1308       1.100000000000000000e+01
1308       1.236000000000000000e+03
1308       6.360000000000000000e+02
1308       1.319000000000000000e+03
1308       1.345000000000000000e+03
1308       1.327000000000000000e+03
1308       7.570000000000000000e+02
1308       7.750000000000000000e+02
1308       1.430000000000000000e+03
1308       5.730000000000000000e+02
1308       1.200000000000000000e+03
1308       6.100000000000000000e+02
1308       9.520000000000000000e+02
1308       1.145000000000000000e+03
1308       1.287000000000000000e+03
1308       1.223000000000000000e+03
1309       2.980000000000000000e+02
1309       1.197000000000000000e+03
1309       1.273000000000000000e+03
1309       8.660000000000000000e+02
1309       1.160000000000000000e+03
1309       1.156000000000000000e+03
1309       3.900000000000000000e+01
1309       1.020000000000000000e+02
1309       1.229000000000000000e+03
1309       1.350000000000000000e+03
1309       1.296000000000000000e+03
1309       1.143000000000000000e+03
1309       1.153000000000000000e+03
1309       7.930000000000000000e+02
1309       1.019000000000000000e+03
1309       1.300000000000000000e+02
1309       1.210000000000000000e+03
1309       1.321000000000000000e+03
1309       6.260000000000000000e+02
1309       1.114000000000000000e+03
1309       8.000000000000000000e+02
1309       1.263000000000000000e+03
1309       2.800000000000000000e+02
1309       2.010000000000000000e+02
1309       1.124000000000000000e+03
1309       1.317000000000000000e+03
1309       1.125000000000000000e+03
1309       1.307000000000000000e+03
1309       1.262000000000000000e+03
1309       1.344000000000000000e+03
1309       1.286000000000000000e+03
1309       7.180000000000000000e+02
1309       3.910000000000000000e+02
1309       1.201000000000000000e+03
1309       1.330000000000000000e+03
1310       2.460000000000000000e+02
1310       1.261000000000000000e+03
1310       1.162000000000000000e+03
1310       1.122000000000000000e+03
1310       8.430000000000000000e+02
1310       1.310000000000000000e+03
1310       1.343000000000000000e+03
1311       1.195000000000000000e+03
1311       1.265000000000000000e+03
1311       1.275000000000000000e+03
1311       1.279000000000000000e+03
1311       1.252000000000000000e+03
1311       1.290000000000000000e+02
1311       2.780000000000000000e+02
1311       1.014000000000000000e+03
1311       4.110000000000000000e+02
1311       9.350000000000000000e+02
1311       1.216000000000000000e+03
1311       1.222000000000000000e+03
1311       1.325000000000000000e+03
1312       5.410000000000000000e+02
1312       1.258000000000000000e+03
1312       7.000000000000000000e+00
1312       1.740000000000000000e+02
1312       2.230000000000000000e+02
1312       7.000000000000000000e+02
1312       9.140000000000000000e+02
1312       1.295000000000000000e+03
1312       8.400000000000000000e+01
1312       8.070000000000000000e+02
1312       1.168000000000000000e+03
1312       7.040000000000000000e+02
1312       1.187000000000000000e+03
1312       1.232000000000000000e+03
1312       1.530000000000000000e+02
1312       1.158000000000000000e+03
1312       1.154000000000000000e+03
1313       5.200000000000000000e+02
1313       1.164000000000000000e+03
1313       1.289000000000000000e+03
1313       1.157000000000000000e+03
1313       1.133000000000000000e+03
1313       3.770000000000000000e+02
1313       1.203000000000000000e+03
1313       4.570000000000000000e+02
1313       1.440000000000000000e+03
1313       1.112000000000000000e+03
1314       8.290000000000000000e+02
1314       1.050000000000000000e+02
1314       1.130000000000000000e+03
1314       1.140000000000000000e+03
1314       1.358000000000000000e+03
1314       5.300000000000000000e+01
1314       1.360000000000000000e+02
1314       1.250000000000000000e+03
1314       7.050000000000000000e+02
1314       1.253000000000000000e+03
1314       1.293000000000000000e+03
1314       4.490000000000000000e+02
1314       1.181000000000000000e+03
1315       1.174000000000000000e+03
1315       1.285000000000000000e+03
1315       1.149000000000000000e+03
1315       1.217000000000000000e+03
1315       1.308000000000000000e+03
1315       1.245000000000000000e+03
1315       1.297000000000000000e+03
1315       1.166000000000000000e+03
1315       1.220000000000000000e+03
1315       9.470000000000000000e+02
1316       1.277000000000000000e+03
1316       1.131000000000000000e+03
1316       1.165000000000000000e+03
1316       6.510000000000000000e+02
1316       9.260000000000000000e+02
1316       1.211000000000000000e+03
1316       1.850000000000000000e+02
1316       1.139000000000000000e+03
1316       1.341000000000000000e+03
1316       1.127000000000000000e+03
1316       9.630000000000000000e+02
1316       8.510000000000000000e+02
1316       1.061000000000000000e+03
1316       8.090000000000000000e+02
1316       1.231000000000000000e+03
1317       1.184000000000000000e+03
1317       1.348000000000000000e+03
1317       7.360000000000000000e+02
1317       3.630000000000000000e+02
1317       1.268000000000000000e+03
1317       8.450000000000000000e+02
1317       1.428000000000000000e+03
1317       6.480000000000000000e+02
1317       1.324000000000000000e+03
1317       1.186000000000000000e+03
1317       3.980000000000000000e+02
1317       1.276000000000000000e+03
1318       1.147000000000000000e+03
1318       1.207000000000000000e+03
1318       1.167000000000000000e+03
1318       1.225000000000000000e+03
1318       8.250000000000000000e+02
1318       1.096000000000000000e+03
1318       1.302000000000000000e+03
1318       1.326000000000000000e+03
1318       8.160000000000000000e+02
1318       1.540000000000000000e+02
1318       1.290000000000000000e+03
1318       7.220000000000000000e+02
1318       1.306000000000000000e+03
1318       1.189000000000000000e+03
1318       1.353000000000000000e+03
1318       1.237000000000000000e+03
1318       1.126000000000000000e+03
1318       1.240000000000000000e+03
1318       5.210000000000000000e+02
1319       5.620000000000000000e+02
1319       1.195000000000000000e+03
1319       1.243000000000000000e+03
1319       1.352000000000000000e+03
1319       8.920000000000000000e+02
1319       1.219000000000000000e+03
1319       1.281000000000000000e+03
1319       1.303000000000000000e+03
1319       2.850000000000000000e+02
1319       1.176000000000000000e+03
1319       1.138000000000000000e+03
1319       4.360000000000000000e+02
1319       1.160000000000000000e+03
1319       1.327000000000000000e+03
1319       1.292000000000000000e+03
1319       1.221000000000000000e+03
1319       9.300000000000000000e+02
1320       1.191000000000000000e+03
1320       1.271000000000000000e+03
1320       1.261000000000000000e+03
1320       1.206000000000000000e+03
1320       1.244000000000000000e+03
1320       5.310000000000000000e+02
1320       1.209000000000000000e+03
1320       6.660000000000000000e+02
1320       1.229000000000000000e+03
1320       1.335000000000000000e+03
1320       1.730000000000000000e+02
1320       4.100000000000000000e+01
1320       1.576000000000000000e+03
1320       1.151000000000000000e+03
1320       7.510000000000000000e+02
1320       1.178000000000000000e+03
1320       6.230000000000000000e+02
1320       1.235000000000000000e+03
1320       1.283000000000000000e+03
1320       1.262000000000000000e+03
1320       1.346000000000000000e+03
1321       1.260000000000000000e+03
1321       1.241000000000000000e+03
1321       1.257000000000000000e+03
1321       1.345000000000000000e+03
1321       1.168000000000000000e+03
1321       1.185000000000000000e+03
1321       6.700000000000000000e+01
1321       1.203000000000000000e+03
1321       1.319000000000000000e+03
1321       6.790000000000000000e+02
1321       9.420000000000000000e+02
1321       1.321000000000000000e+03
1322       1.840000000000000000e+02
1322       8.880000000000000000e+02
1322       1.286000000000000000e+03
1322       1.314000000000000000e+03
1322       1.136000000000000000e+03
1322       1.215000000000000000e+03
1322       1.309000000000000000e+03
1322       1.312000000000000000e+03
1322       1.273000000000000000e+03
1322       1.121000000000000000e+03
1322       1.173000000000000000e+03
1322       1.238000000000000000e+03
1322       1.270000000000000000e+03
1322       1.280000000000000000e+03
1323       1.288000000000000000e+03
1323       1.053000000000000000e+03
1323       1.323000000000000000e+03
1323       9.990000000000000000e+02
1323       1.152000000000000000e+03
1323       7.210000000000000000e+02
1323       7.300000000000000000e+02
1323       1.135000000000000000e+03
1323       1.090000000000000000e+03
1323       2.930000000000000000e+02
1323       1.159000000000000000e+03
1323       7.720000000000000000e+02
1323       2.430000000000000000e+02
1323       8.100000000000000000e+02
1323       7.760000000000000000e+02
1324       1.123000000000000000e+03
1324       1.202000000000000000e+03
1324       1.347000000000000000e+03
1324       1.120000000000000000e+03
1325       1.200000000000000000e+03
1325       1.275000000000000000e+03
1325       1.155000000000000000e+03
1325       6.420000000000000000e+02
1325       1.254000000000000000e+03
1325       1.054000000000000000e+03
1325       7.350000000000000000e+02
1325       1.357000000000000000e+03
1325       1.535000000000000000e+03
1326       1.033000000000000000e+03
1326       1.221000000000000000e+03
1326       1.263000000000000000e+03
1326       1.227000000000000000e+03
1326       1.293000000000000000e+03
1326       1.201000000000000000e+03
1326       1.088000000000000000e+03
1326       1.334000000000000000e+03
1326       1.317000000000000000e+03
1326       1.305000000000000000e+03
1326       9.550000000000000000e+02
1326       1.324000000000000000e+03
1326       1.313000000000000000e+03
1326       1.125000000000000000e+03
1326       1.169000000000000000e+03
1326       3.370000000000000000e+02
1327       1.192000000000000000e+03
1327       1.076000000000000000e+03
1327       1.224000000000000000e+03
1327       1.137000000000000000e+03
1327       1.144000000000000000e+03
1327       6.090000000000000000e+02
1327       1.130000000000000000e+03
1327       1.304000000000000000e+03
1327       4.610000000000000000e+02
1327       6.930000000000000000e+02
1327       1.214000000000000000e+03
1327       1.259000000000000000e+03
1327       1.328000000000000000e+03
1328       8.130000000000000000e+02
1328       4.480000000000000000e+02
1328       1.248000000000000000e+03
1328       1.126000000000000000e+03
1328       2.520000000000000000e+02
1328       8.590000000000000000e+02
1328       5.520000000000000000e+02
1328       1.348000000000000000e+03
1328       1.249000000000000000e+03
1328       1.303000000000000000e+03
1328       1.350000000000000000e+02
1328       1.320000000000000000e+03
1328       6.190000000000000000e+02
1328       1.318000000000000000e+03
1328       1.234000000000000000e+03
1328       9.000000000000000000e+01
1328       1.342000000000000000e+03
1328       1.156000000000000000e+03
1329       1.316000000000000000e+03
1329       1.505000000000000000e+03
1329       1.336000000000000000e+03
1329       1.115000000000000000e+03
1329       1.007000000000000000e+03
1329       5.260000000000000000e+02
1329       1.401000000000000000e+03
1329       2.530000000000000000e+02
1329       3.540000000000000000e+02
1329       1.197000000000000000e+03
1329       5.000000000000000000e+02
1329       1.139000000000000000e+03
1329       1.333000000000000000e+03
1329       6.770000000000000000e+02
1329       5.360000000000000000e+02
1329       1.207000000000000000e+03
1329       2.550000000000000000e+02
1329       6.170000000000000000e+02
1329       1.359000000000000000e+03
1330       1.104000000000000000e+03
1330       1.132000000000000000e+03
1330       1.251000000000000000e+03
1330       1.183000000000000000e+03
1330       9.200000000000000000e+01
1330       1.225000000000000000e+03
1330       1.232000000000000000e+03
1330       1.129000000000000000e+03
1330       1.241000000000000000e+03
1330       1.355000000000000000e+03
1330       1.239000000000000000e+03
1330       1.295000000000000000e+03
1330       7.480000000000000000e+02
1330       3.860000000000000000e+02
1330       1.322000000000000000e+03
1330       9.440000000000000000e+02
1330       1.078000000000000000e+03
1330       1.142000000000000000e+03
1330       1.196000000000000000e+03
1331       2.270000000000000000e+02
1331       3.280000000000000000e+02
1331       8.400000000000000000e+01
1331       1.710000000000000000e+02
1331       2.230000000000000000e+02
1331       1.190000000000000000e+02
1331       1.166000000000000000e+03
1331       1.188000000000000000e+03
1332       5.210000000000000000e+02
1332       1.154000000000000000e+03
1332       1.498000000000000000e+03
1332       1.279000000000000000e+03
1332       1.219000000000000000e+03
1332       8.650000000000000000e+02
1333       1.177000000000000000e+03
1333       1.276000000000000000e+03
1333       1.079000000000000000e+03
1333       1.170000000000000000e+03
1333       2.200000000000000000e+01
1333       1.297000000000000000e+03
1333       3.710000000000000000e+02
1333       1.218000000000000000e+03
1333       1.161000000000000000e+03
1334       1.289000000000000000e+03
1334       1.163000000000000000e+03
1334       1.337000000000000000e+03
1334       1.310000000000000000e+03
1334       2.490000000000000000e+02
1334       2.820000000000000000e+02
1334       1.070000000000000000e+03
1335       3.020000000000000000e+02
1335       1.171000000000000000e+03
1335       1.237000000000000000e+03
1335       1.220000000000000000e+03
1335       1.169000000000000000e+03
1335       1.143000000000000000e+03
1335       1.269000000000000000e+03
1335       1.175000000000000000e+03
1335       9.330000000000000000e+02
1335       1.299000000000000000e+03
1335       9.760000000000000000e+02
1335       1.253000000000000000e+03
1335       1.018000000000000000e+03
1335       1.306000000000000000e+03
1335       1.294000000000000000e+03
1335       1.186000000000000000e+03
1335       6.620000000000000000e+02
1336       6.350000000000000000e+02
1336       1.229000000000000000e+03
1336       4.680000000000000000e+02
1336       1.311000000000000000e+03
1336       1.326000000000000000e+03
1336       2.940000000000000000e+02
1336       1.271000000000000000e+03
1336       1.308000000000000000e+03
1336       1.278000000000000000e+03
1336       1.277000000000000000e+03
1336       9.980000000000000000e+02
1336       6.420000000000000000e+02
1337       2.990000000000000000e+02
1337       1.319000000000000000e+03
1337       1.290000000000000000e+03
1337       1.344000000000000000e+03
1337       1.346000000000000000e+03
1337       1.256000000000000000e+03
1337       1.223000000000000000e+03
1337       1.301000000000000000e+03
1337       5.220000000000000000e+02
1337       9.920000000000000000e+02
1337       2.190000000000000000e+02
1337       1.267000000000000000e+03
1338       1.265000000000000000e+03
1338       1.228000000000000000e+03
1338       1.352000000000000000e+03
1338       7.190000000000000000e+02
1338       1.342000000000000000e+03
1338       5.280000000000000000e+02
1338       4.890000000000000000e+02
1338       1.101000000000000000e+03
1338       5.330000000000000000e+02
1338       3.640000000000000000e+02
1338       1.323000000000000000e+03
1338       1.341000000000000000e+03
1338       1.187000000000000000e+03
1338       1.172000000000000000e+03
1338       1.248000000000000000e+03
1338       2.280000000000000000e+02
1338       1.133000000000000000e+03
1338       9.600000000000000000e+01
1338       6.470000000000000000e+02
1339       7.880000000000000000e+02
1339       1.264000000000000000e+03
1339       1.136000000000000000e+03
1339       1.350000000000000000e+03
1339       2.760000000000000000e+02
1339       1.125000000000000000e+03
1339       1.335000000000000000e+03
1339       1.026000000000000000e+03
1339       4.260000000000000000e+02
1339       1.134000000000000000e+03
1339       1.286000000000000000e+03
1339       1.167000000000000000e+03
1339       1.343000000000000000e+03
1339       8.340000000000000000e+02
1339       7.610000000000000000e+02
1339       8.250000000000000000e+02
1339       1.280000000000000000e+03
1339       1.339000000000000000e+03
1339       1.140000000000000000e+03
1339       1.205000000000000000e+03
1340       1.202000000000000000e+03
1340       1.174000000000000000e+03
1340       9.960000000000000000e+02
1340       1.245000000000000000e+03
1340       9.470000000000000000e+02
1340       9.090000000000000000e+02
1340       9.030000000000000000e+02
1340       1.349000000000000000e+03
1340       6.920000000000000000e+02
1340       9.300000000000000000e+02
1340       1.217000000000000000e+03
1340       1.159000000000000000e+03
1340       1.196000000000000000e+03
1340       4.940000000000000000e+02
1340       1.173000000000000000e+03
1341       1.181000000000000000e+03
1341       1.298000000000000000e+03
1341       1.288000000000000000e+03
1341       1.215000000000000000e+03
1341       5.730000000000000000e+02
1341       1.258000000000000000e+03
1341       1.545000000000000000e+03
1341       1.329000000000000000e+03
1341       1.252000000000000000e+03
1341       7.330000000000000000e+02
1341       1.247000000000000000e+03
1341       1.168000000000000000e+03
1341       1.419000000000000000e+03
1342       1.359000000000000000e+03
1342       1.184000000000000000e+03
1342       1.122000000000000000e+03
1342       1.017000000000000000e+03
1342       1.338000000000000000e+03
1343       2.680000000000000000e+02
1343       1.328000000000000000e+03
1343       1.650000000000000000e+02
1343       1.347000000000000000e+03
1343       1.500000000000000000e+02
1343       1.155000000000000000e+03
1343       1.212000000000000000e+03
1343       1.250000000000000000e+03
1343       1.144000000000000000e+03
1343       7.000000000000000000e+01
1344       3.310000000000000000e+02
1344       1.464000000000000000e+03
1344       1.195000000000000000e+03
1344       1.544000000000000000e+03
1344       1.226000000000000000e+03
1344       1.163000000000000000e+03
1344       1.138000000000000000e+03
1344       1.166000000000000000e+03
1345       1.353000000000000000e+03
1345       1.087000000000000000e+03
1345       9.420000000000000000e+02
1345       3.510000000000000000e+02
1345       1.251000000000000000e+03
1345       1.124000000000000000e+03
1345       9.320000000000000000e+02
1345       1.208000000000000000e+03
1345       1.189000000000000000e+03
1345       1.281000000000000000e+03
1345       6.370000000000000000e+02
1345       1.309000000000000000e+03
1345       1.132000000000000000e+03
1345       2.800000000000000000e+02
1345       2.080000000000000000e+02
1346       1.191000000000000000e+03
1346       1.259000000000000000e+03
1346       1.302000000000000000e+03
1346       1.129000000000000000e+03
1346       1.237000000000000000e+03
1346       1.126000000000000000e+03
1346       1.054000000000000000e+03
1346       9.100000000000000000e+01
1346       1.050000000000000000e+02
1346       1.293000000000000000e+03
1346       1.317000000000000000e+03
1346       1.268000000000000000e+03
1346       1.146000000000000000e+03
1347       4.660000000000000000e+02
1347       1.164000000000000000e+03
1347       1.120000000000000000e+03
1347       1.046000000000000000e+03
1348       1.123000000000000000e+03
1348       1.131000000000000000e+03
1348       1.810000000000000000e+02
1348       1.290000000000000000e+03
1348       1.179000000000000000e+03
1348       1.266000000000000000e+03
1349       1.321000000000000000e+03
1349       1.264000000000000000e+03
1349       1.171000000000000000e+03
1349       1.193000000000000000e+03
1349       9.120000000000000000e+02
1349       1.332000000000000000e+03
1349       1.216000000000000000e+03
1349       1.160000000000000000e+03
1349       6.770000000000000000e+02
1349       1.187000000000000000e+03
1349       1.319000000000000000e+03
1349       1.173000000000000000e+03
1349       1.345000000000000000e+03
1349       1.304000000000000000e+03
1349       3.980000000000000000e+02
1349       1.890000000000000000e+02
1349       1.275000000000000000e+03
1349       1.062000000000000000e+03
1349       2.500000000000000000e+02
1350       1.222000000000000000e+03
1350       1.169000000000000000e+03
1350       1.273000000000000000e+03
1350       1.305000000000000000e+03
1350       1.340000000000000000e+03
1350       1.360000000000000000e+02
1350       1.267000000000000000e+03
1350       1.235000000000000000e+03
1350       1.234000000000000000e+03
1350       1.196000000000000000e+03
1351       1.141000000000000000e+03
1351       1.211000000000000000e+03
1351       1.800000000000000000e+02
1351       1.285000000000000000e+03
1351       1.128000000000000000e+03
1351       1.331000000000000000e+03
1351       1.239000000000000000e+03
1351       1.136000000000000000e+03
1351       1.312000000000000000e+03
1351       4.670000000000000000e+02
1351       1.326000000000000000e+03
1351       1.106000000000000000e+03
1351       1.185000000000000000e+03
1351       1.204000000000000000e+03
1352       1.233000000000000000e+03
1352       1.126000000000000000e+03
1352       1.225000000000000000e+03
1352       1.221000000000000000e+03
1352       8.500000000000000000e+02
1352       1.292000000000000000e+03
1352       5.830000000000000000e+02
1352       4.030000000000000000e+02
1352       1.262000000000000000e+03
1352       1.186000000000000000e+03
1352       1.346000000000000000e+03
1352       1.189000000000000000e+03
1353       1.343000000000000000e+03
1353       1.308000000000000000e+03
1353       1.253000000000000000e+03
1353       1.150000000000000000e+03
1353       4.770000000000000000e+02
1353       4.920000000000000000e+02
1353       1.080000000000000000e+02
1353       1.147000000000000000e+03
1353       1.153000000000000000e+03
1353       1.127000000000000000e+03
1353       7.660000000000000000e+02
1353       5.210000000000000000e+02
1353       1.277000000000000000e+03
1353       8.370000000000000000e+02
1353       1.269000000000000000e+03
1353       1.232000000000000000e+03
1353       1.241000000000000000e+03
1353       1.314000000000000000e+03
1353       9.930000000000000000e+02
1353       1.238000000000000000e+03
1353       1.336000000000000000e+03
1353       1.181000000000000000e+03
1353       7.980000000000000000e+02
1354       1.055000000000000000e+03
1354       4.960000000000000000e+02
1354       1.197000000000000000e+03
1354       1.248000000000000000e+03
1354       5.780000000000000000e+02
1354       6.920000000000000000e+02
1354       4.600000000000000000e+01
1354       3.930000000000000000e+02
1354       1.119000000000000000e+03
1354       1.166000000000000000e+03
1354       4.730000000000000000e+02
1355       6.690000000000000000e+02
1355       1.111000000000000000e+03
1355       7.370000000000000000e+02
1355       1.300000000000000000e+03
1355       1.287000000000000000e+03
1355       1.231000000000000000e+03
1355       1.299000000000000000e+03
1355       9.710000000000000000e+02
1355       1.313000000000000000e+03
1355       9.600000000000000000e+02
1355       1.282000000000000000e+03
1355       1.260000000000000000e+03
1355       1.139000000000000000e+03
1355       1.163000000000000000e+03
1355       2.100000000000000000e+01
1355       1.095000000000000000e+03
1355       9.630000000000000000e+02
1355       1.295000000000000000e+03
1356       1.272000000000000000e+03
1356       1.201000000000000000e+03
1356       1.320000000000000000e+03
1356       1.720000000000000000e+02
1356       3.490000000000000000e+02
1356       1.309000000000000000e+03
1356       1.307000000000000000e+03
1356       6.600000000000000000e+02
1356       2.790000000000000000e+02
1356       1.130000000000000000e+03
1356       1.350000000000000000e+02
1356       1.165000000000000000e+03
1356       1.266000000000000000e+03
1356       1.120000000000000000e+03
1356       1.276000000000000000e+03
1356       1.180000000000000000e+03
1356       1.252000000000000000e+03
1356       1.288000000000000000e+03
1356       1.395000000000000000e+03
1356       1.354000000000000000e+03
1356       3.620000000000000000e+02
1356       1.237000000000000000e+03
1357       1.235000000000000000e+03
1357       1.349000000000000000e+03
1357       1.220000000000000000e+03
1357       7.200000000000000000e+02
1357       1.530000000000000000e+02
1357       1.246000000000000000e+03
1357       1.200000000000000000e+03
1357       2.530000000000000000e+02
1357       1.306000000000000000e+03
1357       1.198000000000000000e+03
1357       5.610000000000000000e+02
1357       7.490000000000000000e+02
1357       1.243000000000000000e+03
1357       1.540000000000000000e+03
1357       1.226000000000000000e+03
1358       1.212000000000000000e+03
1358       1.143000000000000000e+03
1358       8.200000000000000000e+01
1358       1.208000000000000000e+03
1358       3.510000000000000000e+02
1358       1.227000000000000000e+03
1358       5.030000000000000000e+02
1358       1.161000000000000000e+03
1358       1.920000000000000000e+02
1358       2.920000000000000000e+02
1358       1.159000000000000000e+03
1358       1.146000000000000000e+03
1358       2.810000000000000000e+02
1358       8.490000000000000000e+02
1358       1.560000000000000000e+02
1358       1.296000000000000000e+03
1358       1.133000000000000000e+03
1359       1.144000000000000000e+03
1359       1.256000000000000000e+03
1359       1.219000000000000000e+03
1359       1.152000000000000000e+03
1359       9.520000000000000000e+02
1360       6.720000000000000000e+02
1360       1.126000000000000000e+03
1360       9.400000000000000000e+02
1360       1.359000000000000000e+03
1360       2.940000000000000000e+02
1360       1.400000000000000000e+01
1360       4.850000000000000000e+02
1360       1.840000000000000000e+02
1360       1.319000000000000000e+03
1360       1.190000000000000000e+03
1360       9.550000000000000000e+02
1360       1.342000000000000000e+03
1360       1.192000000000000000e+03
1360       1.191000000000000000e+03
1361       1.157000000000000000e+03
1361       1.316000000000000000e+03
1361       5.990000000000000000e+02
1361       9.430000000000000000e+02
1361       1.155000000000000000e+03
1361       1.325000000000000000e+03
1361       1.104000000000000000e+03
1361       1.121000000000000000e+03
1361       1.302000000000000000e+03
1361       3.250000000000000000e+02
1361       1.330000000000000000e+03
1361       1.257000000000000000e+03
1362       6.110000000000000000e+02
1362       4.250000000000000000e+02
1362       6.970000000000000000e+02
1362       1.264000000000000000e+03
1362       1.170000000000000000e+03
1362       1.289000000000000000e+03
1362       3.410000000000000000e+02
1362       4.020000000000000000e+02
1362       1.248000000000000000e+03
1362       1.339000000000000000e+03
1362       5.060000000000000000e+02
1362       4.100000000000000000e+02
1362       6.450000000000000000e+02
1362       2.360000000000000000e+02
1362       8.570000000000000000e+02
1362       1.137000000000000000e+03
1362       7.000000000000000000e+01
1362       1.175000000000000000e+03
1362       1.183000000000000000e+03
1362       1.186000000000000000e+03
1363       1.260000000000000000e+02
1363       1.179000000000000000e+03
1363       1.129000000000000000e+03
1363       1.355000000000000000e+03
1363       6.660000000000000000e+02
1363       1.244000000000000000e+03
1363       1.328000000000000000e+03
1363       1.149000000000000000e+03
1363       1.182000000000000000e+03
1363       1.019000000000000000e+03
1363       7.900000000000000000e+01
1363       3.870000000000000000e+02
1363       1.415000000000000000e+03
1363       1.221000000000000000e+03
1364       1.167000000000000000e+03
1364       1.125000000000000000e+03
1364       1.031000000000000000e+03
1364       1.234000000000000000e+03
1364       1.250000000000000000e+03
1364       1.304000000000000000e+03
1364       1.390000000000000000e+03
1364       1.100000000000000000e+03
1364       1.197000000000000000e+03
1364       1.249000000000000000e+03
1364       8.780000000000000000e+02
1364       1.211000000000000000e+03
1364       1.291000000000000000e+03
1364       1.350000000000000000e+03
1364       1.122000000000000000e+03
1364       3.640000000000000000e+02
1364       7.050000000000000000e+02
1364       7.400000000000000000e+02
1364       3.220000000000000000e+02
1364       1.278000000000000000e+03
1365       1.251000000000000000e+03
1365       1.001000000000000000e+03
1365       4.000000000000000000e+00
1365       1.168000000000000000e+03
1365       1.094000000000000000e+03
1365       1.265000000000000000e+03
1365       9.970000000000000000e+02
1365       9.940000000000000000e+02
1365       1.690000000000000000e+02
1365       6.100000000000000000e+01
1365       2.410000000000000000e+02
1365       1.229000000000000000e+03
1365       1.308000000000000000e+03
1365       1.188000000000000000e+03
1365       8.420000000000000000e+02
1365       6.800000000000000000e+02
1365       1.131000000000000000e+03
1365       1.323000000000000000e+03
1365       1.145000000000000000e+03
1365       1.206000000000000000e+03
1366       1.068000000000000000e+03
1366       4.940000000000000000e+02
1366       1.281000000000000000e+03
1366       1.235000000000000000e+03
1366       3.300000000000000000e+01
1366       5.110000000000000000e+02
1366       5.100000000000000000e+01
1366       1.950000000000000000e+02
1366       1.120000000000000000e+03
1366       1.193000000000000000e+03
1366       1.010000000000000000e+03
1366       8.670000000000000000e+02
1366       1.086000000000000000e+03
1366       1.151000000000000000e+03
1366       8.500000000000000000e+01
1366       3.210000000000000000e+02
1366       7.660000000000000000e+02
1366       1.294000000000000000e+03
1366       4.210000000000000000e+02
1366       1.059000000000000000e+03
1366       6.160000000000000000e+02
1366       1.205000000000000000e+03
1366       1.327000000000000000e+03
1367       4.800000000000000000e+01
1367       1.351000000000000000e+03
1367       5.530000000000000000e+02
1367       1.134000000000000000e+03
1367       1.241000000000000000e+03
1367       1.353000000000000000e+03
1367       1.194000000000000000e+03
1367       7.500000000000000000e+01
1367       1.284000000000000000e+03
1367       3.480000000000000000e+02
1367       1.130000000000000000e+03
1367       1.195000000000000000e+03
1368       8.700000000000000000e+01
1368       4.370000000000000000e+02
1368       1.312000000000000000e+03
1368       1.142000000000000000e+03
1368       1.220000000000000000e+03
1368       6.050000000000000000e+02
1368       6.190000000000000000e+02
1368       1.347000000000000000e+03
1368       1.156000000000000000e+03
1368       9.120000000000000000e+02
1368       1.337000000000000000e+03
1368       1.324000000000000000e+03
1368       1.410000000000000000e+03
1368       7.290000000000000000e+02
1368       1.123000000000000000e+03
1369       1.359000000000000000e+03
1369       1.269000000000000000e+03
1369       6.200000000000000000e+02
1369       5.100000000000000000e+02
1369       1.222000000000000000e+03
1369       8.940000000000000000e+02
1369       5.800000000000000000e+02
1369       7.100000000000000000e+02
1369       1.187000000000000000e+03
1369       1.236000000000000000e+03
1369       1.157000000000000000e+03
1369       6.930000000000000000e+02
1369       1.009000000000000000e+03
1369       1.275000000000000000e+03
1370       1.620000000000000000e+02
1370       1.239000000000000000e+03
1370       1.331000000000000000e+03
1370       1.266000000000000000e+03
1370       1.217000000000000000e+03
1370       5.520000000000000000e+02
1370       9.880000000000000000e+02
1370       9.680000000000000000e+02
1370       1.013000000000000000e+03
1370       4.700000000000000000e+02
1370       6.540000000000000000e+02
1370       1.910000000000000000e+02
1371       1.147000000000000000e+03
1371       9.330000000000000000e+02
1371       1.262000000000000000e+03
1371       6.640000000000000000e+02
1371       1.270000000000000000e+03
1371       1.139000000000000000e+03
1371       1.311000000000000000e+03
1371       1.150000000000000000e+03
1371       1.246000000000000000e+03
1371       1.178000000000000000e+03
1371       1.292000000000000000e+03
1371       1.301000000000000000e+03
1371       1.210000000000000000e+03
1371       1.004000000000000000e+03
1372       5.550000000000000000e+02
1372       8.170000000000000000e+02
1372       1.307000000000000000e+03
1372       1.282000000000000000e+03
1372       1.108000000000000000e+03
1372       1.154000000000000000e+03
1372       1.177000000000000000e+03
1372       1.218000000000000000e+03
1372       1.410000000000000000e+02
1372       4.260000000000000000e+02
1372       1.289000000000000000e+03
1372       1.221000000000000000e+03
1372       1.248000000000000000e+03
1372       1.300000000000000000e+03
1372       9.490000000000000000e+02
1373       1.286000000000000000e+03
1373       1.129000000000000000e+03
1373       1.280000000000000000e+03
1373       1.310000000000000000e+03
1373       1.026000000000000000e+03
1373       1.253000000000000000e+03
1373       7.700000000000000000e+02
1373       1.356000000000000000e+03
1373       1.176000000000000000e+03
1373       1.405000000000000000e+03
1373       1.230000000000000000e+03
1373       4.100000000000000000e+01
1373       6.020000000000000000e+02
1373       1.298000000000000000e+03
1373       1.164000000000000000e+03
1374       1.070000000000000000e+03
1374       1.155000000000000000e+03
1374       1.165000000000000000e+03
1374       1.159000000000000000e+03
1374       5.980000000000000000e+02
1374       1.128000000000000000e+03
1374       7.360000000000000000e+02
1374       9.810000000000000000e+02
1374       1.340000000000000000e+03
1374       1.231000000000000000e+03
1374       1.256000000000000000e+03
1374       2.110000000000000000e+02
1374       1.242000000000000000e+03
1374       1.267000000000000000e+03
1374       1.345000000000000000e+03
1374       1.203000000000000000e+03
1374       1.319000000000000000e+03
1374       8.000000000000000000e+01
1374       8.140000000000000000e+02
1374       1.272000000000000000e+03
1375       9.110000000000000000e+02
1375       1.254000000000000000e+03
1375       8.360000000000000000e+02
1375       1.120000000000000000e+03
1375       2.000000000000000000e+01
1375       1.233000000000000000e+03
1375       1.153000000000000000e+03
1375       1.175000000000000000e+03
1375       1.180000000000000000e+03
1375       1.241000000000000000e+03
1375       1.152000000000000000e+03
1375       1.287000000000000000e+03
1375       1.170000000000000000e+03
1375       1.011000000000000000e+03
1375       1.207000000000000000e+03
1375       1.181000000000000000e+03
1375       4.230000000000000000e+02
1375       1.341000000000000000e+03
1375       1.297000000000000000e+03
1375       1.271000000000000000e+03
1375       1.346000000000000000e+03
1375       1.245000000000000000e+03
1375       1.196000000000000000e+03
1375       1.136000000000000000e+03
1375       1.299000000000000000e+03
1376       1.214000000000000000e+03
1376       1.252000000000000000e+03
1376       1.161000000000000000e+03
1376       1.259000000000000000e+03
1376       1.349000000000000000e+03
1376       9.640000000000000000e+02
1376       2.280000000000000000e+02
1376       1.338000000000000000e+03
1376       1.074000000000000000e+03
1376       1.110000000000000000e+03
1376       6.500000000000000000e+02
1376       2.300000000000000000e+01
1376       1.303000000000000000e+03
1376       4.110000000000000000e+02
1376       1.173000000000000000e+03
1376       6.130000000000000000e+02
1376       1.193000000000000000e+03
1376       1.520000000000000000e+02
1376       1.358000000000000000e+03
1376       1.148000000000000000e+03
1376       1.321000000000000000e+03
1376       1.215000000000000000e+03
1376       2.750000000000000000e+02
1376       8.110000000000000000e+02
1376       1.314000000000000000e+03
1376       3.900000000000000000e+01
1376       9.860000000000000000e+02
1376       1.109000000000000000e+03
1376       7.370000000000000000e+02
1376       1.296000000000000000e+03
1376       4.460000000000000000e+02
1376       1.266000000000000000e+03
1376       3.700000000000000000e+01
1377       1.316000000000000000e+03
1377       1.190000000000000000e+03
1377       6.620000000000000000e+02
1377       1.347000000000000000e+03
1377       1.335000000000000000e+03
1377       1.323000000000000000e+03
1377       1.229000000000000000e+03
1377       5.410000000000000000e+02
1377       2.270000000000000000e+02
1377       9.520000000000000000e+02
1377       1.290000000000000000e+03
1377       1.197000000000000000e+03
1377       1.306000000000000000e+03
1377       4.500000000000000000e+02
1377       1.042000000000000000e+03
1377       1.278000000000000000e+03
1377       1.125000000000000000e+03
1377       5.860000000000000000e+02
1377       1.061000000000000000e+03
1377       1.268000000000000000e+03
1377       1.326000000000000000e+03
1377       6.000000000000000000e+00
1377       1.576000000000000000e+03
1377       1.640000000000000000e+02
1378       8.560000000000000000e+02
1378       1.208000000000000000e+03
1378       3.220000000000000000e+02
1378       6.330000000000000000e+02
1378       1.546000000000000000e+03
1378       1.191000000000000000e+03
1378       1.140000000000000000e+03
1378       6.470000000000000000e+02
1378       1.249000000000000000e+03
1378       1.138000000000000000e+03
1378       7.160000000000000000e+02
1378       1.448000000000000000e+03
1378       1.315000000000000000e+03
1378       1.039000000000000000e+03
1378       5.240000000000000000e+02
1378       1.055000000000000000e+03
1378       1.258000000000000000e+03
1378       4.740000000000000000e+02
1378       3.120000000000000000e+02
1378       1.317000000000000000e+03
1378       1.216000000000000000e+03
1378       1.285000000000000000e+03
1378       1.227000000000000000e+03
1378       1.530000000000000000e+02
1378       7.850000000000000000e+02
1378       1.283000000000000000e+03
1379       6.530000000000000000e+02
1379       9.130000000000000000e+02
1379       7.260000000000000000e+02
1379       1.359000000000000000e+03
1379       1.265000000000000000e+03
1379       1.110000000000000000e+02
1379       1.600000000000000000e+01
1379       1.102000000000000000e+03
1379       7.930000000000000000e+02
1379       1.302000000000000000e+03
1379       1.141000000000000000e+03
1379       1.232000000000000000e+03
1379       1.333000000000000000e+03
1379       1.146000000000000000e+03
1379       6.600000000000000000e+02
1379       1.292000000000000000e+03
1379       1.274000000000000000e+03
1379       4.040000000000000000e+02
1379       5.960000000000000000e+02
1379       1.043000000000000000e+03
1379       4.430000000000000000e+02
1380       9.690000000000000000e+02
1380       1.357000000000000000e+03
1380       1.522000000000000000e+03
1380       1.343000000000000000e+03
1380       6.960000000000000000e+02
1380       6.750000000000000000e+02
1380       3.450000000000000000e+02
1380       1.236000000000000000e+03
1380       1.342000000000000000e+03
1380       1.438000000000000000e+03
1381       1.512000000000000000e+03
1381       1.354000000000000000e+03
1381       4.550000000000000000e+02
1381       1.036000000000000000e+03
1381       1.294000000000000000e+03
1381       1.126000000000000000e+03
1381       2.400000000000000000e+02
1381       5.130000000000000000e+02
1381       1.210000000000000000e+02
1381       1.224000000000000000e+03
1381       1.325000000000000000e+03
1381       1.279000000000000000e+03
1381       9.030000000000000000e+02
1381       4.870000000000000000e+02
1381       2.990000000000000000e+02
1381       2.220000000000000000e+02
1381       1.337000000000000000e+03
1381       5.830000000000000000e+02
1381       1.262000000000000000e+03
1381       1.130000000000000000e+03
1381       6.910000000000000000e+02
1381       1.277000000000000000e+03
1381       1.240000000000000000e+03
1382       6.450000000000000000e+02
1382       1.121000000000000000e+03
1382       1.008000000000000000e+03
1382       1.334000000000000000e+03
1382       1.135000000000000000e+03
1382       1.313000000000000000e+03
1382       1.228000000000000000e+03
1382       5.990000000000000000e+02
1382       8.660000000000000000e+02
1382       1.183000000000000000e+03
1382       9.050000000000000000e+02
1382       7.540000000000000000e+02
1383       1.327000000000000000e+03
1383       1.288000000000000000e+03
1383       1.012000000000000000e+03
1383       1.336000000000000000e+03
1383       1.269000000000000000e+03
1383       9.140000000000000000e+02
1383       1.407000000000000000e+03
1383       5.590000000000000000e+02
1383       1.147000000000000000e+03
1383       1.310000000000000000e+03
1383       3.890000000000000000e+02
1383       5.790000000000000000e+02
1383       1.186000000000000000e+03
1383       8.550000000000000000e+02
1383       1.172000000000000000e+03
1384       9.370000000000000000e+02
1384       1.131000000000000000e+03
1384       1.133000000000000000e+03
1384       1.004000000000000000e+03
1384       8.700000000000000000e+02
1384       1.233000000000000000e+03
1384       1.452000000000000000e+03
1384       3.620000000000000000e+02
1384       1.890000000000000000e+02
1384       1.025000000000000000e+03
1384       1.204000000000000000e+03
1384       1.253000000000000000e+03
1384       1.073000000000000000e+03
1384       1.547000000000000000e+03
1385       2.800000000000000000e+01
1385       4.780000000000000000e+02
1385       1.177000000000000000e+03
1385       8.030000000000000000e+02
1385       7.100000000000000000e+01
1385       8.340000000000000000e+02
1385       1.230000000000000000e+03
1385       2.840000000000000000e+02
1385       1.145000000000000000e+03
1385       1.219000000000000000e+03
1385       1.346000000000000000e+03
1385       1.340000000000000000e+03
1385       4.770000000000000000e+02
1385       5.320000000000000000e+02
1385       8.630000000000000000e+02
1385       9.700000000000000000e+02
1385       1.226000000000000000e+03
1385       1.143000000000000000e+03
1385       1.179000000000000000e+03
1385       1.349000000000000000e+03
1385       6.840000000000000000e+02
1386       1.263000000000000000e+03
1386       6.200000000000000000e+01
1386       1.184000000000000000e+03
1386       1.318000000000000000e+03
1386       1.322000000000000000e+03
1386       6.330000000000000000e+02
1386       1.040000000000000000e+03
1386       3.820000000000000000e+02
1386       1.254000000000000000e+03
1386       9.700000000000000000e+01
1386       1.311000000000000000e+03
1386       1.920000000000000000e+02
1386       1.100000000000000000e+02
1386       1.332000000000000000e+03
1386       1.139000000000000000e+03
1386       1.211000000000000000e+03
1387       1.251000000000000000e+03
1387       5.680000000000000000e+02
1387       2.640000000000000000e+02
1387       1.289000000000000000e+03
1387       1.304000000000000000e+03
1387       1.351000000000000000e+03
1387       1.319000000000000000e+03
1387       9.850000000000000000e+02
1387       1.199000000000000000e+03
1388       1.190000000000000000e+03
1388       1.120000000000000000e+03
1388       1.079000000000000000e+03
1388       1.255000000000000000e+03
1389       1.132000000000000000e+03
1389       1.287000000000000000e+03
1389       3.020000000000000000e+02
1389       1.283000000000000000e+03
1389       3.690000000000000000e+02
1390       3.010000000000000000e+02
1390       1.222000000000000000e+03
1390       1.191000000000000000e+03
1390       1.252000000000000000e+03
1390       1.241000000000000000e+03
1390       1.250000000000000000e+03
1390       1.125000000000000000e+03
1390       1.229000000000000000e+03
1390       7.570000000000000000e+02
1390       1.209000000000000000e+03
1390       1.123000000000000000e+03
1390       1.010000000000000000e+02
1390       1.216000000000000000e+03
1390       1.231000000000000000e+03
1390       1.248000000000000000e+03
1391       1.295000000000000000e+03
1391       1.201000000000000000e+03
1391       1.350000000000000000e+03
1391       1.571000000000000000e+03
1391       8.850000000000000000e+02
1391       6.030000000000000000e+02
1391       7.130000000000000000e+02
1391       3.280000000000000000e+02
1391       1.328000000000000000e+03
1391       1.195000000000000000e+03
1391       3.540000000000000000e+02
1391       1.240000000000000000e+03
1391       1.181000000000000000e+03
1391       4.880000000000000000e+02
1391       7.120000000000000000e+02
1391       1.329000000000000000e+03
1391       1.308000000000000000e+03
1391       1.489000000000000000e+03
1391       1.194000000000000000e+03
1391       1.215000000000000000e+03
1392       1.278000000000000000e+03
1392       8.920000000000000000e+02
1392       8.940000000000000000e+02
1392       1.242000000000000000e+03
1392       1.057000000000000000e+03
1392       3.710000000000000000e+02
1392       1.291000000000000000e+03
1392       1.167000000000000000e+03
1392       1.213000000000000000e+03
1393       6.830000000000000000e+02
1393       1.221000000000000000e+03
1393       1.246000000000000000e+03
1393       1.285000000000000000e+03
1393       1.159000000000000000e+03
1393       4.160000000000000000e+02
1393       1.336000000000000000e+03
1394       1.260000000000000000e+03
1394       1.323000000000000000e+03
1394       5.470000000000000000e+02
1394       1.340000000000000000e+03
1394       1.302000000000000000e+03
1394       1.127000000000000000e+03
1394       1.297000000000000000e+03
1394       1.134000000000000000e+03
1395       1.275000000000000000e+03
1395       2.200000000000000000e+02
1395       1.155000000000000000e+03
1395       1.223000000000000000e+03
1395       1.140000000000000000e+02
1395       1.337000000000000000e+03
1395       9.470000000000000000e+02
1395       1.203000000000000000e+03
1395       1.200000000000000000e+03
1396       6.570000000000000000e+02
1396       6.120000000000000000e+02
1396       9.270000000000000000e+02
1396       1.212000000000000000e+03
1396       8.210000000000000000e+02
1396       1.432000000000000000e+03
1396       1.261000000000000000e+03
1396       9.330000000000000000e+02
1396       1.262000000000000000e+03
1396       2.270000000000000000e+02
1396       5.100000000000000000e+02
1396       1.063000000000000000e+03
1396       6.870000000000000000e+02
1396       1.271000000000000000e+03
1397       1.128000000000000000e+03
1397       1.258000000000000000e+03
1397       1.339000000000000000e+03
1397       1.356000000000000000e+03
1397       1.237000000000000000e+03
1397       8.890000000000000000e+02
1397       1.188000000000000000e+03
1397       3.590000000000000000e+02
1397       7.940000000000000000e+02
1397       4.540000000000000000e+02
1397       1.299000000000000000e+03
1397       9.960000000000000000e+02
1398       8.900000000000000000e+02
1398       4.560000000000000000e+02
1398       5.860000000000000000e+02
1398       1.165000000000000000e+03
1398       1.256000000000000000e+03
1398       1.157000000000000000e+03
1398       3.700000000000000000e+02
1398       1.286000000000000000e+03
1398       7.150000000000000000e+02
1398       1.110000000000000000e+02
1398       1.132000000000000000e+03
1398       1.338000000000000000e+03
1398       7.770000000000000000e+02
1398       1.227000000000000000e+03
1399       1.018000000000000000e+03
1399       1.254000000000000000e+03
1399       1.239000000000000000e+03
1399       3.300000000000000000e+02
1399       1.343000000000000000e+03
1399       1.207000000000000000e+03
1399       1.325000000000000000e+03
1399       1.186000000000000000e+03
1399       6.540000000000000000e+02
1399       9.000000000000000000e+02
1399       1.312000000000000000e+03
1399       1.333000000000000000e+03
1399       1.272000000000000000e+03
1400       1.218000000000000000e+03
1400       1.131000000000000000e+03
1400       1.135000000000000000e+03
1400       6.000000000000000000e+00
1400       7.310000000000000000e+02
1400       1.174000000000000000e+03
1400       9.350000000000000000e+02
1400       8.100000000000000000e+02
1400       9.100000000000000000e+02
1400       1.176000000000000000e+03
1400       1.202000000000000000e+03
1400       1.277000000000000000e+03
1400       1.265000000000000000e+03
1401       1.232000000000000000e+03
1401       1.322000000000000000e+03
1401       1.279000000000000000e+03
1401       1.292000000000000000e+03
1401       1.353000000000000000e+03
1401       1.140000000000000000e+03
1401       1.213000000000000000e+03
1401       1.243000000000000000e+03
1401       8.430000000000000000e+02
1401       1.122000000000000000e+03
1401       1.235000000000000000e+03
1401       1.268000000000000000e+03
1401       1.246000000000000000e+03
1401       1.221000000000000000e+03
1401       1.328000000000000000e+03
1401       1.180000000000000000e+03
1402       1.293000000000000000e+03
1402       1.267000000000000000e+03
1402       5.220000000000000000e+02
1402       1.023000000000000000e+03
1402       5.070000000000000000e+02
1402       1.151000000000000000e+03
1402       1.091000000000000000e+03
1402       1.159000000000000000e+03
1402       1.359000000000000000e+03
1402       1.240000000000000000e+03
1402       9.480000000000000000e+02
1402       1.193000000000000000e+03
1402       1.259000000000000000e+03
1402       6.090000000000000000e+02
1402       3.380000000000000000e+02
1402       6.810000000000000000e+02
1402       1.226000000000000000e+03
1402       9.200000000000000000e+02
1402       1.168000000000000000e+03
1402       1.400000000000000000e+02
1402       4.170000000000000000e+02
1402       3.510000000000000000e+02
1403       1.219000000000000000e+03
1403       1.900000000000000000e+02
1403       1.126000000000000000e+03
1403       1.251000000000000000e+03
1403       1.196000000000000000e+03
1403       1.355000000000000000e+03
1403       1.035000000000000000e+03
1403       7.960000000000000000e+02
1403       1.169000000000000000e+03
1403       1.599000000000000000e+03
1403       1.120000000000000000e+03
1403       1.314000000000000000e+03
1403       1.315000000000000000e+03
1403       1.289000000000000000e+03
1403       1.351000000000000000e+03
1403       1.150000000000000000e+02
1403       1.257000000000000000e+03
1403       6.110000000000000000e+02
1403       1.197000000000000000e+03
1403       1.304000000000000000e+03
1403       1.297000000000000000e+03
1403       1.335000000000000000e+03
1403       1.045000000000000000e+03
1403       1.530000000000000000e+02
1403       2.490000000000000000e+02
1404       1.575000000000000000e+03
1404       1.099000000000000000e+03
1404       1.145000000000000000e+03
1404       1.161000000000000000e+03
1404       1.210000000000000000e+03
1404       8.630000000000000000e+02
1404       1.183000000000000000e+03
1404       1.190000000000000000e+03
1404       1.199000000000000000e+03
1404       1.740000000000000000e+02
1404       1.309000000000000000e+03
1404       1.303000000000000000e+03
1404       1.205000000000000000e+03
1404       1.065000000000000000e+03
1404       1.114000000000000000e+03
1404       1.281000000000000000e+03
1404       1.339000000000000000e+03
1405       1.331000000000000000e+03
1405       5.120000000000000000e+02
1405       7.430000000000000000e+02
1405       1.278000000000000000e+03
1405       1.048000000000000000e+03
1405       1.164000000000000000e+03
1405       1.306000000000000000e+03
1405       1.660000000000000000e+02
1405       9.510000000000000000e+02
1405       4.080000000000000000e+02
1405       1.341000000000000000e+03
1405       1.340000000000000000e+03
1405       1.214000000000000000e+03
1406       1.282000000000000000e+03
1406       1.200000000000000000e+03
1406       3.350000000000000000e+02
1406       1.352000000000000000e+03
1406       9.910000000000000000e+02
1406       1.241000000000000000e+03
1406       3.140000000000000000e+02
1406       8.580000000000000000e+02
1406       1.270000000000000000e+03
1406       1.175000000000000000e+03
1406       8.600000000000000000e+01
1406       1.388000000000000000e+03
1406       1.288000000000000000e+03
1407       1.380000000000000000e+02
1407       1.203000000000000000e+03
1407       4.050000000000000000e+02
1407       1.236000000000000000e+03
1407       1.162000000000000000e+03
1407       1.347000000000000000e+03
1407       1.404000000000000000e+03
1407       5.560000000000000000e+02
1407       1.217000000000000000e+03
1407       7.940000000000000000e+02
1407       1.265000000000000000e+03
1407       1.206000000000000000e+03
1407       5.020000000000000000e+02
1407       1.358000000000000000e+03
1407       1.300000000000000000e+01
1407       1.138000000000000000e+03
1407       1.248000000000000000e+03
1408       1.311000000000000000e+03
1408       1.166000000000000000e+03
1408       1.274000000000000000e+03
1408       9.790000000000000000e+02
1408       1.218000000000000000e+03
1408       6.930000000000000000e+02
1408       5.290000000000000000e+02
1408       6.800000000000000000e+02
1408       6.050000000000000000e+02
1408       1.313000000000000000e+03
1408       1.354000000000000000e+03
1408       4.530000000000000000e+02
1408       1.290000000000000000e+03
1408       6.700000000000000000e+01
1408       3.980000000000000000e+02
1408       1.258000000000000000e+03
1408       1.173000000000000000e+03
1408       1.128000000000000000e+03
1408       1.038000000000000000e+03
1408       1.143000000000000000e+03
1409       1.320000000000000000e+03
1409       1.344000000000000000e+03
1409       1.349000000000000000e+03
1409       1.350000000000000000e+03
1409       1.356000000000000000e+03
1409       7.600000000000000000e+01
1409       1.149000000000000000e+03
1409       1.062000000000000000e+03
1409       7.580000000000000000e+02
1409       4.300000000000000000e+01
1409       1.253000000000000000e+03
1409       1.075000000000000000e+03
1409       1.142000000000000000e+03
1409       9.580000000000000000e+02
1409       1.308000000000000000e+03
1409       5.810000000000000000e+02
1409       1.348000000000000000e+03
1410       5.480000000000000000e+02
1410       7.570000000000000000e+02
1410       1.178000000000000000e+03
1410       1.310000000000000000e+02
1410       1.298000000000000000e+03
1410       1.176000000000000000e+03
1410       1.294000000000000000e+03
1410       6.240000000000000000e+02
1410       1.247000000000000000e+03
1410       1.160000000000000000e+02
1410       8.510000000000000000e+02
1410       7.610000000000000000e+02
1410       1.250000000000000000e+03
1410       1.085000000000000000e+03
1410       6.180000000000000000e+02
1410       1.221000000000000000e+03
1410       2.310000000000000000e+02
1410       8.960000000000000000e+02
1410       6.420000000000000000e+02
1410       1.317000000000000000e+03
1410       9.240000000000000000e+02
1410       1.255000000000000000e+03
1411       1.329000000000000000e+03
1411       1.201000000000000000e+03
1411       1.333000000000000000e+03
1411       1.271000000000000000e+03
1411       1.172000000000000000e+03
1411       1.300000000000000000e+03
1411       1.291000000000000000e+03
1411       1.285000000000000000e+03
1411       1.295000000000000000e+03
1411       1.163000000000000000e+03
1411       8.670000000000000000e+02
1411       1.330000000000000000e+03
1411       2.400000000000000000e+02
1411       5.800000000000000000e+01
1411       1.155000000000000000e+03
1411       1.046000000000000000e+03
1411       1.275000000000000000e+03
1411       3.240000000000000000e+02
1412       1.165000000000000000e+03
1412       1.122000000000000000e+03
1412       1.137000000000000000e+03
1412       1.116000000000000000e+03
1412       5.600000000000000000e+02
1412       1.033000000000000000e+03
1412       1.316000000000000000e+03
1412       1.179000000000000000e+03
1412       1.246000000000000000e+03
1412       1.208000000000000000e+03
1412       1.228000000000000000e+03
1412       1.121000000000000000e+03
1412       8.300000000000000000e+02
1412       3.250000000000000000e+02
1412       7.130000000000000000e+02
1412       1.156000000000000000e+03
1412       7.640000000000000000e+02
1412       1.202000000000000000e+03
1413       4.920000000000000000e+02
1413       1.280000000000000000e+03
1413       9.940000000000000000e+02
1414       1.269000000000000000e+03
1414       9.670000000000000000e+02
1414       1.058000000000000000e+03
1414       6.230000000000000000e+02
1414       1.268000000000000000e+03
1414       1.238000000000000000e+03
1415       1.145000000000000000e+03
1415       5.450000000000000000e+02
1415       1.171000000000000000e+03
1415       1.321000000000000000e+03
1415       1.342000000000000000e+03
1415       5.600000000000000000e+01
1415       1.204000000000000000e+03
1415       1.140000000000000000e+03
1415       1.198000000000000000e+03
1416       1.273000000000000000e+03
1416       1.296000000000000000e+03
1416       1.205000000000000000e+03
1416       1.098000000000000000e+03
1416       4.420000000000000000e+02
1416       1.133000000000000000e+03
1416       8.680000000000000000e+02
1416       1.086000000000000000e+03
1416       1.169000000000000000e+03
1416       1.174000000000000000e+03
1416       1.337000000000000000e+03
1416       1.184000000000000000e+03
1416       1.264000000000000000e+03
1416       4.840000000000000000e+02
1416       1.219000000000000000e+03
1416       1.290000000000000000e+03
1416       1.180000000000000000e+03
1416       7.760000000000000000e+02
1416       1.335000000000000000e+03
1417       1.245000000000000000e+03
1417       3.030000000000000000e+02
1417       8.180000000000000000e+02
1417       1.160000000000000000e+03
1417       1.199000000000000000e+03
1417       1.045000000000000000e+03
1417       1.185000000000000000e+03
1417       7.830000000000000000e+02
1418       2.440000000000000000e+02
1418       1.267000000000000000e+03
1418       1.231000000000000000e+03
1418       1.400000000000000000e+02
1418       1.257000000000000000e+03
1418       1.191000000000000000e+03
1418       6.750000000000000000e+02
1418       2.620000000000000000e+02
1418       1.307000000000000000e+03
1418       7.930000000000000000e+02
1418       1.353000000000000000e+03
1418       1.212000000000000000e+03
1419       1.336000000000000000e+03
1419       4.750000000000000000e+02
1419       1.283000000000000000e+03
1419       1.161000000000000000e+03
1419       1.286000000000000000e+03
1419       1.144000000000000000e+03
1419       5.870000000000000000e+02
1419       4.450000000000000000e+02
1419       1.309000000000000000e+03
1419       1.194000000000000000e+03
1419       2.750000000000000000e+02
1419       1.192000000000000000e+03
1419       1.218000000000000000e+03
1419       1.229000000000000000e+03
1419       1.170000000000000000e+02
1419       1.150000000000000000e+03
1419       7.310000000000000000e+02
1419       1.289000000000000000e+03
1419       1.010000000000000000e+03
1419       1.306000000000000000e+03
1419       1.247000000000000000e+03
1419       1.124000000000000000e+03
1420       4.000000000000000000e+00
1420       9.560000000000000000e+02
1420       6.030000000000000000e+02
1420       1.358000000000000000e+03
1420       4.670000000000000000e+02
1420       1.357000000000000000e+03
1420       1.214000000000000000e+03
1420       4.800000000000000000e+01
1420       1.339000000000000000e+03
1420       1.334000000000000000e+03
1420       6.480000000000000000e+02
1420       1.224000000000000000e+03
1420       1.242000000000000000e+03
1420       1.239000000000000000e+03
1420       3.570000000000000000e+02
1420       1.210000000000000000e+03
1420       5.900000000000000000e+01
1420       5.370000000000000000e+02
1420       1.323000000000000000e+03
1420       2.700000000000000000e+01
1420       1.153000000000000000e+03
1420       1.312000000000000000e+03
1420       1.159000000000000000e+03
1420       7.160000000000000000e+02
1420       1.328000000000000000e+03
1421       1.359000000000000000e+03
1421       1.138000000000000000e+03
1421       1.292000000000000000e+03
1421       4.300000000000000000e+02
1421       1.020000000000000000e+03
1422       8.400000000000000000e+01
1422       1.213000000000000000e+03
1422       1.305000000000000000e+03
1422       1.132000000000000000e+03
1422       1.246000000000000000e+03
1422       1.350000000000000000e+03
1422       1.129000000000000000e+03
1422       3.750000000000000000e+02
1422       9.530000000000000000e+02
1422       1.436000000000000000e+03
1422       1.303000000000000000e+03
1423       1.136000000000000000e+03
1423       1.438000000000000000e+03
1423       1.308000000000000000e+03
1423       1.302000000000000000e+03
1423       4.500000000000000000e+02
1423       1.274000000000000000e+03
1423       1.322000000000000000e+03
1423       1.216000000000000000e+03
1423       4.730000000000000000e+02
1423       4.970000000000000000e+02
1423       4.240000000000000000e+02
1423       1.341000000000000000e+03
1423       7.950000000000000000e+02
1423       8.910000000000000000e+02
1424       1.080000000000000000e+02
1424       1.055000000000000000e+03
1424       9.930000000000000000e+02
1424       1.275000000000000000e+03
1424       1.450000000000000000e+02
1424       1.258000000000000000e+03
1424       3.700000000000000000e+02
1424       9.310000000000000000e+02
1424       6.390000000000000000e+02
1424       1.271000000000000000e+03
1424       1.152000000000000000e+03
1424       1.203000000000000000e+03
1424       1.279000000000000000e+03
1424       1.348000000000000000e+03
1424       1.137000000000000000e+03
1424       1.193000000000000000e+03
1424       3.910000000000000000e+02
1424       1.270000000000000000e+03
1424       1.313000000000000000e+03
1425       1.170000000000000000e+03
1425       1.252000000000000000e+03
1425       7.270000000000000000e+02
1425       1.355000000000000000e+03
1425       8.450000000000000000e+02
1425       1.235000000000000000e+03
1425       1.163000000000000000e+03
1425       1.284000000000000000e+03
1425       7.900000000000000000e+02
1425       6.710000000000000000e+02
1425       1.207000000000000000e+03
1425       1.263000000000000000e+03
1425       1.120000000000000000e+03
1426       8.570000000000000000e+02
1426       1.217000000000000000e+03
1426       1.232000000000000000e+03
1426       9.500000000000000000e+02
1426       1.301000000000000000e+03
1426       8.840000000000000000e+02
1426       6.650000000000000000e+02
1426       5.400000000000000000e+01
1426       1.249000000000000000e+03
1427       1.117000000000000000e+03
1427       1.228000000000000000e+03
1427       1.346000000000000000e+03
1427       1.177000000000000000e+03
1427       1.290000000000000000e+03
1427       9.070000000000000000e+02
1427       8.790000000000000000e+02
1427       5.460000000000000000e+02
1427       2.400000000000000000e+01
1427       1.200000000000000000e+02
1427       1.040000000000000000e+03
1427       1.500000000000000000e+01
1428       9.620000000000000000e+02
1428       4.800000000000000000e+01
1428       1.124000000000000000e+03
1428       1.182000000000000000e+03
1428       1.191000000000000000e+03
1428       1.330000000000000000e+03
1428       9.210000000000000000e+02
1428       6.970000000000000000e+02
1428       1.167000000000000000e+03
1428       3.310000000000000000e+02
1428       1.287000000000000000e+03
1429       1.202000000000000000e+03
1429       1.174000000000000000e+03
1429       7.400000000000000000e+01
1430       6.360000000000000000e+02
1430       7.340000000000000000e+02
1430       2.730000000000000000e+02
1430       6.790000000000000000e+02
1430       5.280000000000000000e+02
1430       1.134000000000000000e+03
1431       6.580000000000000000e+02
1431       9.660000000000000000e+02
1431       1.349000000000000000e+03
1431       5.680000000000000000e+02
1431       4.580000000000000000e+02
1431       1.315000000000000000e+03
1431       6.120000000000000000e+02
1431       5.100000000000000000e+01
1431       1.295000000000000000e+03
1431       3.990000000000000000e+02
1432       1.189000000000000000e+03
1432       1.238000000000000000e+03
1432       9.580000000000000000e+02
1432       1.150000000000000000e+03
1432       1.162000000000000000e+03
1432       2.830000000000000000e+02
1432       1.135000000000000000e+03
1432       8.920000000000000000e+02
1432       1.153000000000000000e+03
1432       1.243000000000000000e+03
1432       1.127000000000000000e+03
1432       1.319000000000000000e+03
1432       4.520000000000000000e+02
1432       1.325000000000000000e+03
1432       9.170000000000000000e+02
1432       1.229000000000000000e+03
1432       1.146000000000000000e+03
1432       3.800000000000000000e+01
1433       4.850000000000000000e+02
1433       8.560000000000000000e+02
1433       1.270000000000000000e+03
1433       1.244000000000000000e+03
1433       1.139000000000000000e+03
1433       1.120000000000000000e+03
1433       1.327000000000000000e+03
1433       1.343000000000000000e+03
1433       1.276000000000000000e+03
1433       3.230000000000000000e+02
1433       1.280000000000000000e+03
1433       1.790000000000000000e+02
1433       1.397000000000000000e+03
1433       9.510000000000000000e+02
1433       1.212000000000000000e+03
1433       2.290000000000000000e+02
1433       1.283000000000000000e+03
1433       1.241000000000000000e+03
1433       6.960000000000000000e+02
1433       7.070000000000000000e+02
1433       1.282000000000000000e+03
1433       7.280000000000000000e+02
1434       1.200000000000000000e+03
1434       1.292000000000000000e+03
1434       1.271000000000000000e+03
1434       1.257000000000000000e+03
1434       1.000000000000000000e+03
1434       1.356000000000000000e+03
1434       1.579000000000000000e+03
1434       5.180000000000000000e+02
1434       1.256000000000000000e+03
1434       5.920000000000000000e+02
1434       1.086000000000000000e+03
1434       8.400000000000000000e+02
1434       1.314000000000000000e+03
1434       1.072000000000000000e+03
1434       1.151000000000000000e+03
1434       2.350000000000000000e+02
1434       1.299000000000000000e+03
1435       1.345000000000000000e+03
1435       5.200000000000000000e+01
1435       1.223000000000000000e+03
1435       1.344000000000000000e+03
1435       1.216000000000000000e+03
1435       1.181000000000000000e+03
1435       1.309000000000000000e+03
1435       9.560000000000000000e+02
1435       1.155000000000000000e+03
1435       1.190000000000000000e+03
1435       6.850000000000000000e+02
1436       1.304000000000000000e+03
1436       1.288000000000000000e+03
1436       1.187000000000000000e+03
1436       1.195000000000000000e+03
1436       1.016000000000000000e+03
1436       1.172000000000000000e+03
1436       1.269000000000000000e+03
1436       3.460000000000000000e+02
1436       1.208000000000000000e+03
1436       1.285000000000000000e+03
1436       9.830000000000000000e+02
1436       1.194000000000000000e+03
1436       1.142000000000000000e+03
1436       2.530000000000000000e+02
1437       1.382000000000000000e+03
1437       1.306000000000000000e+03
1437       2.170000000000000000e+02
1437       7.900000000000000000e+02
1437       1.351000000000000000e+03
1437       1.296000000000000000e+03
1437       1.347000000000000000e+03
1437       1.178000000000000000e+03
1437       8.040000000000000000e+02
1437       1.179000000000000000e+03
1437       6.050000000000000000e+02
1437       1.207000000000000000e+03
1437       1.165000000000000000e+03
1437       1.950000000000000000e+02
1437       9.060000000000000000e+02
1437       4.920000000000000000e+02
1437       1.215000000000000000e+03
1437       1.316000000000000000e+03
1437       1.248000000000000000e+03
1437       5.050000000000000000e+02
1438       1.133000000000000000e+03
1438       1.920000000000000000e+02
1438       1.161000000000000000e+03
1438       1.224000000000000000e+03
1438       1.209000000000000000e+03
1438       7.980000000000000000e+02
1438       1.154000000000000000e+03
1438       8.650000000000000000e+02
1438       6.860000000000000000e+02
1438       1.191000000000000000e+03
1438       1.340000000000000000e+03
1439       1.305000000000000000e+03
1439       1.031000000000000000e+03
1439       1.346000000000000000e+03
1439       1.302000000000000000e+03
1439       9.550000000000000000e+02
1439       1.128000000000000000e+03
1439       6.230000000000000000e+02
1439       4.870000000000000000e+02
1439       1.185000000000000000e+03
1439       9.160000000000000000e+02
1439       1.230000000000000000e+02
1439       1.262000000000000000e+03
1440       1.355000000000000000e+03
1440       9.950000000000000000e+02
1440       1.466000000000000000e+03
1440       1.231000000000000000e+03
1440       1.232000000000000000e+03
1440       1.130000000000000000e+03
1440       1.331000000000000000e+03
1440       1.266000000000000000e+03
1440       7.260000000000000000e+02
1440       1.250000000000000000e+03
1440       6.800000000000000000e+02
1440       4.960000000000000000e+02
1440       1.210000000000000000e+03
1440       1.199000000000000000e+03
1440       1.240000000000000000e+03
1440       1.277000000000000000e+03
1440       8.000000000000000000e+02
1441       1.174000000000000000e+03
1441       1.334000000000000000e+03
1441       1.980000000000000000e+02
1441       1.148000000000000000e+03
1441       5.110000000000000000e+02
1441       1.123000000000000000e+03
1441       1.217000000000000000e+03
1441       1.145000000000000000e+03
1441       9.630000000000000000e+02
1442       1.158000000000000000e+03
1442       1.690000000000000000e+02
1442       1.261000000000000000e+03
1442       7.530000000000000000e+02
1442       5.740000000000000000e+02
1442       1.188000000000000000e+03
1442       1.184000000000000000e+03
1442       1.177000000000000000e+03
1442       1.040000000000000000e+03
1442       1.234000000000000000e+03
1442       1.197000000000000000e+03
1442       4.500000000000000000e+01
1443       1.337000000000000000e+03
1443       1.143000000000000000e+03
1443       2.330000000000000000e+02
1443       1.075000000000000000e+03
1443       9.570000000000000000e+02
1443       1.129000000000000000e+03
1443       2.060000000000000000e+02
1443       1.227000000000000000e+03
1444       1.239000000000000000e+03
1444       1.228000000000000000e+03
1444       1.198000000000000000e+03
1444       1.580000000000000000e+02
1444       1.175000000000000000e+03
1444       1.166000000000000000e+03
1444       1.520000000000000000e+03
1444       1.180000000000000000e+03
1444       1.339000000000000000e+03
1444       9.960000000000000000e+02
1444       1.229000000000000000e+03
1444       1.358000000000000000e+03
1444       1.264000000000000000e+03
1444       5.980000000000000000e+02
1445       1.013000000000000000e+03
1445       1.256000000000000000e+03
1445       1.193000000000000000e+03
1445       1.253000000000000000e+03
1445       1.134000000000000000e+03
1445       1.311000000000000000e+03
1445       6.260000000000000000e+02
1445       1.167000000000000000e+03
1445       1.213000000000000000e+03
1445       5.000000000000000000e+00
1445       5.690000000000000000e+02
1445       3.280000000000000000e+02
1445       9.530000000000000000e+02
1445       7.240000000000000000e+02
1445       1.192000000000000000e+03
1445       1.313000000000000000e+03
1445       4.440000000000000000e+02
1445       4.950000000000000000e+02
1445       1.344000000000000000e+03
1445       1.301000000000000000e+03
1445       1.137000000000000000e+03
1445       1.132000000000000000e+03
1445       1.284000000000000000e+03
1446       1.263000000000000000e+03
1446       1.000000000000000000e+00
1446       1.252000000000000000e+03
1446       8.810000000000000000e+02
1446       8.190000000000000000e+02
1446       5.770000000000000000e+02
1446       1.300000000000000000e+03
1446       1.267000000000000000e+03
1446       1.147000000000000000e+03
1446       6.740000000000000000e+02
1446       4.260000000000000000e+02
1446       7.800000000000000000e+02
1446       1.470000000000000000e+02
1446       1.189000000000000000e+03
1446       6.990000000000000000e+02
1446       6.290000000000000000e+02
1446       1.159000000000000000e+03
1446       1.273000000000000000e+03
1446       1.233000000000000000e+03
1447       3.710000000000000000e+02
1447       8.050000000000000000e+02
1447       6.100000000000000000e+01
1447       1.260000000000000000e+03
1447       1.318000000000000000e+03
1447       2.200000000000000000e+01
1447       1.237000000000000000e+03
1447       3.690000000000000000e+02
1447       1.374000000000000000e+03
1447       1.382000000000000000e+03
1447       1.258000000000000000e+03
1447       1.122000000000000000e+03
1447       1.350000000000000000e+03
1447       1.127000000000000000e+03
1447       1.329000000000000000e+03
1447       1.281000000000000000e+03
1447       4.910000000000000000e+02
1447       1.351000000000000000e+03
1447       4.930000000000000000e+02
1447       8.590000000000000000e+02
1448       1.150000000000000000e+03
1448       9.520000000000000000e+02
1448       1.328000000000000000e+03
1448       1.325000000000000000e+03
1448       9.300000000000000000e+01
1448       1.131000000000000000e+03
1448       1.087000000000000000e+03
1448       1.238000000000000000e+03
1448       8.840000000000000000e+02
1448       5.160000000000000000e+02
1448       1.058000000000000000e+03
1448       1.196000000000000000e+03
1448       7.820000000000000000e+02
1448       1.102000000000000000e+03
1449       4.010000000000000000e+02
1449       7.480000000000000000e+02
1449       1.400000000000000000e+02
1449       1.153000000000000000e+03
1449       1.314000000000000000e+03
1449       8.630000000000000000e+02
1449       1.200000000000000000e+03
1449       1.026000000000000000e+03
1449       1.223000000000000000e+03
1449       1.465000000000000000e+03
1449       1.206000000000000000e+03
1450       6.900000000000000000e+01
1450       1.269000000000000000e+03
1450       1.259000000000000000e+03
1450       1.303000000000000000e+03
1450       8.110000000000000000e+02
1450       6.840000000000000000e+02
1450       5.780000000000000000e+02
1450       1.280000000000000000e+03
1450       1.152000000000000000e+03
1450       2.000000000000000000e+01
1450       1.530000000000000000e+02
1450       7.300000000000000000e+02
1450       1.243000000000000000e+03
1450       3.860000000000000000e+02
1450       1.357000000000000000e+03
1450       6.010000000000000000e+02
1451       7.800000000000000000e+01
1451       1.121000000000000000e+03
1451       1.270000000000000000e+03
1451       1.088000000000000000e+03
1451       3.410000000000000000e+02
1451       1.810000000000000000e+02
1451       1.341000000000000000e+03
1451       1.292000000000000000e+03
1451       1.356000000000000000e+03
1451       1.315000000000000000e+03
1451       1.158000000000000000e+03
1451       1.141000000000000000e+03
1451       1.355000000000000000e+03
1451       1.319000000000000000e+03
1451       1.160000000000000000e+03
1451       2.700000000000000000e+01
1451       3.540000000000000000e+02
1452       1.176000000000000000e+03
1452       1.324000000000000000e+03
1452       9.980000000000000000e+02
1452       1.298000000000000000e+03
1452       1.317000000000000000e+03
1452       1.199000000000000000e+03
1452       1.312000000000000000e+03
1452       7.720000000000000000e+02
1452       1.286000000000000000e+03
1452       1.230000000000000000e+03
1453       1.162000000000000000e+03
1453       1.073000000000000000e+03
1453       1.279000000000000000e+03
1453       7.660000000000000000e+02
1453       1.195000000000000000e+03
1453       1.236000000000000000e+03
1453       8.950000000000000000e+02
1453       4.410000000000000000e+02
1453       1.250000000000000000e+02
1453       8.070000000000000000e+02
1453       1.053000000000000000e+03
1454       1.268000000000000000e+03
1454       1.178000000000000000e+03
1454       1.291000000000000000e+03
1454       9.310000000000000000e+02
1454       3.880000000000000000e+02
1454       1.228000000000000000e+03
1454       1.249000000000000000e+03
1454       1.335000000000000000e+03
1454       1.124000000000000000e+03
1455       1.198000000000000000e+03
1455       1.186000000000000000e+03
1455       1.204000000000000000e+03
1455       2.650000000000000000e+02
1455       2.070000000000000000e+02
1455       1.574000000000000000e+03
1455       4.290000000000000000e+02
1455       1.150000000000000000e+03
1455       5.210000000000000000e+02
1455       1.082000000000000000e+03
1455       6.360000000000000000e+02
1456       1.296000000000000000e+03
1456       1.293000000000000000e+03
1456       1.305000000000000000e+03
1456       6.200000000000000000e+02
1456       7.130000000000000000e+02
1456       1.205000000000000000e+03
1457       1.332000000000000000e+03
1457       1.126000000000000000e+03
1457       1.100000000000000000e+02
1457       1.274000000000000000e+03
1457       1.229000000000000000e+03
1458       1.188000000000000000e+03
1458       5.470000000000000000e+02
1458       1.320000000000000000e+03
1458       1.168000000000000000e+03
1458       1.235000000000000000e+03
1458       4.190000000000000000e+02
1458       1.248000000000000000e+03
1458       1.136000000000000000e+03
1458       1.071000000000000000e+03
1458       1.123000000000000000e+03
1458       8.960000000000000000e+02
1458       5.190000000000000000e+02
1458       1.161000000000000000e+03
1458       1.321000000000000000e+03
1458       1.009000000000000000e+03
1459       1.142000000000000000e+03
1459       1.219000000000000000e+03
1459       1.128000000000000000e+03
1459       7.380000000000000000e+02
1459       1.300000000000000000e+01
1459       1.288000000000000000e+03
1459       1.259000000000000000e+03
1459       1.095000000000000000e+03
1459       1.287000000000000000e+03
1459       1.338000000000000000e+03
1459       1.044000000000000000e+03
1459       1.262000000000000000e+03
1459       1.239000000000000000e+03
1459       1.015000000000000000e+03
1459       8.460000000000000000e+02
1459       2.420000000000000000e+02
1459       1.135000000000000000e+03
1459       1.233000000000000000e+03
1460       1.358000000000000000e+03
1460       1.206000000000000000e+03
1460       1.275000000000000000e+03
1460       4.010000000000000000e+02
1460       1.267000000000000000e+03
1460       1.306000000000000000e+03
1460       8.740000000000000000e+02
1460       4.660000000000000000e+02
1460       5.840000000000000000e+02
1460       1.232000000000000000e+03
1460       1.350000000000000000e+03
1460       8.800000000000000000e+02
1460       1.302000000000000000e+03
1460       1.345000000000000000e+03
1460       1.252000000000000000e+03
1460       1.200000000000000000e+03
1461       5.170000000000000000e+02
1461       1.278000000000000000e+03
1461       6.250000000000000000e+02
1461       1.144000000000000000e+03
1461       7.770000000000000000e+02
1461       1.272000000000000000e+03
1461       1.530000000000000000e+02
1461       1.920000000000000000e+02
1461       7.620000000000000000e+02
1461       1.256000000000000000e+03
1461       1.196000000000000000e+03
1462       1.213000000000000000e+03
1462       1.354000000000000000e+03
1462       1.203000000000000000e+03
1462       2.970000000000000000e+02
1462       1.236000000000000000e+03
1462       1.193000000000000000e+03
1462       1.169000000000000000e+03
1462       1.297000000000000000e+03
1462       6.320000000000000000e+02
1462       1.244000000000000000e+03
1462       7.710000000000000000e+02
1462       1.154000000000000000e+03
1462       1.310000000000000000e+02
1462       1.474000000000000000e+03
1462       1.240000000000000000e+03
1462       1.241000000000000000e+03
1462       1.349000000000000000e+03
1462       1.309000000000000000e+03
1462       5.540000000000000000e+02
1462       1.156000000000000000e+03
1463       1.356000000000000000e+03
1463       1.333000000000000000e+03
1463       9.120000000000000000e+02
1463       1.324000000000000000e+03
1463       1.250000000000000000e+03
1463       1.294000000000000000e+03
1463       1.086000000000000000e+03
1463       2.290000000000000000e+02
1463       1.172000000000000000e+03
1463       9.200000000000000000e+02
1463       7.860000000000000000e+02
1463       1.146000000000000000e+03
1464       1.214000000000000000e+03
1464       1.030000000000000000e+02
1464       7.300000000000000000e+01
1464       1.207000000000000000e+03
1464       1.269000000000000000e+03
1464       1.313000000000000000e+03
1464       8.500000000000000000e+01
1464       1.242000000000000000e+03
1464       1.264000000000000000e+03
1464       5.630000000000000000e+02
1465       1.337000000000000000e+03
1465       1.263000000000000000e+03
1465       4.710000000000000000e+02
1465       1.347000000000000000e+03
1465       7.200000000000000000e+02
1466       1.243000000000000000e+03
1466       1.282000000000000000e+03
1466       8.300000000000000000e+01
1466       1.138000000000000000e+03
1466       6.120000000000000000e+02
1466       1.331000000000000000e+03
1466       1.216000000000000000e+03
1466       1.357000000000000000e+03
1466       1.322000000000000000e+03
1466       1.148000000000000000e+03
1466       1.198000000000000000e+03
1466       1.355000000000000000e+03
1466       1.265000000000000000e+03
1466       1.158000000000000000e+03
1466       1.359000000000000000e+03
1466       1.182000000000000000e+03
1466       8.580000000000000000e+02
1466       3.640000000000000000e+02
1466       9.080000000000000000e+02
1466       1.270000000000000000e+03
1466       8.270000000000000000e+02
1466       1.223000000000000000e+03
1466       1.149000000000000000e+03
1467       7.500000000000000000e+02
1467       8.660000000000000000e+02
1467       1.164000000000000000e+03
1467       6.040000000000000000e+02
1467       1.125000000000000000e+03
1467       1.276000000000000000e+03
1467       7.580000000000000000e+02
1467       1.343000000000000000e+03
1467       4.170000000000000000e+02
1467       6.300000000000000000e+02
1467       7.660000000000000000e+02
1467       1.176000000000000000e+03
1467       2.810000000000000000e+02
1467       1.259000000000000000e+03
1467       7.830000000000000000e+02
1467       1.341000000000000000e+03
1468       1.370000000000000000e+03
1468       1.289000000000000000e+03
1468       1.208000000000000000e+03
1468       1.247000000000000000e+03
1468       6.900000000000000000e+02
1468       1.572000000000000000e+03
1468       9.800000000000000000e+01
1468       5.490000000000000000e+02
1468       6.410000000000000000e+02
1468       1.179000000000000000e+03
1468       1.369000000000000000e+03
1468       1.178000000000000000e+03
1468       2.150000000000000000e+02
1468       1.326000000000000000e+03
1468       8.440000000000000000e+02
1468       1.177000000000000000e+03
1468       1.143000000000000000e+03
1468       1.314000000000000000e+03
1468       9.900000000000000000e+02
1468       1.302000000000000000e+03
1468       1.171000000000000000e+03
1469       9.900000000000000000e+01
1469       1.335000000000000000e+03
1469       2.900000000000000000e+02
1469       1.312000000000000000e+03
1469       7.010000000000000000e+02
1469       1.212000000000000000e+03
1469       1.131000000000000000e+03
1469       1.157000000000000000e+03
1469       1.140000000000000000e+03
1469       1.296000000000000000e+03
1469       1.307000000000000000e+03
1469       1.292000000000000000e+03
1469       1.238000000000000000e+03
1469       1.163000000000000000e+03
1469       1.286000000000000000e+03
1469       9.750000000000000000e+02
1470       3.870000000000000000e+02
1470       1.104000000000000000e+03
1470       1.870000000000000000e+02
1470       1.165000000000000000e+03
1470       7.950000000000000000e+02
1470       1.418000000000000000e+03
1470       1.327000000000000000e+03
1470       9.560000000000000000e+02
1470       3.310000000000000000e+02
1470       1.328000000000000000e+03
1470       1.197000000000000000e+03
1470       5.980000000000000000e+02
1470       1.330000000000000000e+03
1470       5.720000000000000000e+02
1470       1.132000000000000000e+03
1471       3.930000000000000000e+02
1471       4.250000000000000000e+02
1471       1.159000000000000000e+03
1471       1.285000000000000000e+03
1471       6.400000000000000000e+02
1471       1.280000000000000000e+03
1471       7.180000000000000000e+02
1471       1.168000000000000000e+03
1471       1.390000000000000000e+02
1471       1.184000000000000000e+03
1471       5.480000000000000000e+02
1471       1.254000000000000000e+03
1471       1.253000000000000000e+03
1471       2.400000000000000000e+02
1471       1.248000000000000000e+03
1471       1.078000000000000000e+03
1471       1.310000000000000000e+03
1472       9.320000000000000000e+02
1472       1.219000000000000000e+03
1472       1.271000000000000000e+03
1472       1.227000000000000000e+03
1472       9.180000000000000000e+02
1472       1.155000000000000000e+03
1472       1.284000000000000000e+03
1472       1.211000000000000000e+03
1472       6.770000000000000000e+02
1473       6.500000000000000000e+02
1473       9.140000000000000000e+02
1473       1.189000000000000000e+03
1473       1.029000000000000000e+03
1473       1.324000000000000000e+03
1473       1.126000000000000000e+03
1473       1.217000000000000000e+03
1473       9.030000000000000000e+02
1473       1.183000000000000000e+03
1473       1.170000000000000000e+03
1473       1.267000000000000000e+03
1473       4.700000000000000000e+02
1473       7.170000000000000000e+02
1473       1.153000000000000000e+03
1473       1.124000000000000000e+03
1473       1.133000000000000000e+03
1473       1.228000000000000000e+03
1473       3.120000000000000000e+02
1474       7.380000000000000000e+02
1474       2.330000000000000000e+02
1474       1.140000000000000000e+02
1474       1.202000000000000000e+03
1474       1.340000000000000000e+03
1474       1.295000000000000000e+03
1474       1.218000000000000000e+03
1474       1.300000000000000000e+03
1474       4.550000000000000000e+02
1475       5.410000000000000000e+02
1475       1.301000000000000000e+03
1475       1.220000000000000000e+03
1475       1.268000000000000000e+03
1475       4.690000000000000000e+02
1475       8.480000000000000000e+02
1475       1.348000000000000000e+03
1475       1.123000000000000000e+03
1475       1.181000000000000000e+03
1475       1.351000000000000000e+03
1475       7.840000000000000000e+02
1475       1.036000000000000000e+03
1475       3.920000000000000000e+02
1475       1.560000000000000000e+02
1475       1.235000000000000000e+03
1475       7.080000000000000000e+02
1475       1.190000000000000000e+03
1475       1.172000000000000000e+03
1476       1.261000000000000000e+03
1476       5.960000000000000000e+02
1476       1.204000000000000000e+03
1476       1.209000000000000000e+03
1476       1.264000000000000000e+03
1476       5.830000000000000000e+02
1476       9.710000000000000000e+02
1476       1.114000000000000000e+03
1476       1.840000000000000000e+02
1476       1.120000000000000000e+03
1476       1.129000000000000000e+03
1476       1.150000000000000000e+03
1476       1.240000000000000000e+03
1476       9.900000000000000000e+01
1476       9.300000000000000000e+02
1476       6.580000000000000000e+02
1476       1.225000000000000000e+03
1477       1.226000000000000000e+03
1477       1.121000000000000000e+03
1477       1.298000000000000000e+03
1477       1.450000000000000000e+02
1477       2.980000000000000000e+02
1477       1.275000000000000000e+03
1477       2.120000000000000000e+02
1477       1.305000000000000000e+03
1477       7.100000000000000000e+02
1477       5.470000000000000000e+02
1477       1.205000000000000000e+03
1477       1.216000000000000000e+03
1478       1.356000000000000000e+03
1478       1.288000000000000000e+03
1478       1.229000000000000000e+03
1478       1.144000000000000000e+03
1478       1.076000000000000000e+03
1478       1.263000000000000000e+03
1478       1.362000000000000000e+03
1478       6.160000000000000000e+02
1478       1.136000000000000000e+03
1479       1.161000000000000000e+03
1479       4.470000000000000000e+02
1479       1.283000000000000000e+03
1479       9.460000000000000000e+02
1479       8.900000000000000000e+02
1479       6.470000000000000000e+02
1479       1.246000000000000000e+03
1479       9.930000000000000000e+02
1479       1.291000000000000000e+03
1479       1.248000000000000000e+03
1479       1.338000000000000000e+03
1479       1.266000000000000000e+03
1480       7.660000000000000000e+02
1480       1.147000000000000000e+03
1480       9.600000000000000000e+01
1480       4.010000000000000000e+02
1480       1.334000000000000000e+03
1480       1.354000000000000000e+03
1480       1.158000000000000000e+03
1480       1.210000000000000000e+03
1480       1.315000000000000000e+03
1480       1.289000000000000000e+03
1480       2.620000000000000000e+02
1480       1.203000000000000000e+03
1480       1.122000000000000000e+03
1480       1.359000000000000000e+03
1481       5.940000000000000000e+02
1481       1.196000000000000000e+03
1481       1.330000000000000000e+03
1481       1.236000000000000000e+03
1481       1.309000000000000000e+03
1481       6.000000000000000000e+02
1481       1.270000000000000000e+03
1481       1.132000000000000000e+03
1481       8.030000000000000000e+02
1481       1.231000000000000000e+03
1481       9.090000000000000000e+02
1481       2.150000000000000000e+02
1481       1.272000000000000000e+03
1481       3.500000000000000000e+02
1481       1.230000000000000000e+03
1482       1.269000000000000000e+03
1482       1.140000000000000000e+03
1482       5.110000000000000000e+02
1482       1.050000000000000000e+03
1482       1.297000000000000000e+03
1482       1.198000000000000000e+03
1482       4.400000000000000000e+01
1482       6.530000000000000000e+02
1482       9.640000000000000000e+02
1482       1.171000000000000000e+03
1482       9.100000000000000000e+01
1482       1.146000000000000000e+03
1482       1.245000000000000000e+03
1482       3.800000000000000000e+01
1482       1.215000000000000000e+03
1482       1.258000000000000000e+03
1482       7.640000000000000000e+02
1482       1.337000000000000000e+03
1482       1.304000000000000000e+03
1482       1.280000000000000000e+02
1482       1.333000000000000000e+03
1482       1.327000000000000000e+03
1482       1.274000000000000000e+03
1482       1.281000000000000000e+03
1482       1.311000000000000000e+03
1483       9.500000000000000000e+02
1483       1.233000000000000000e+03
1483       2.170000000000000000e+02
1483       4.580000000000000000e+02
1483       1.350000000000000000e+03
1483       1.130000000000000000e+03
1483       7.230000000000000000e+02
1483       1.255000000000000000e+03
1483       6.740000000000000000e+02
1483       1.152000000000000000e+03
1483       1.260000000000000000e+03
1483       9.250000000000000000e+02
1483       2.800000000000000000e+01
1483       1.222000000000000000e+03
1483       1.189000000000000000e+03
1483       1.194000000000000000e+03
1483       1.341000000000000000e+03
1483       1.310000000000000000e+03
1483       6.350000000000000000e+02
1484       1.191000000000000000e+03
1484       1.128000000000000000e+03
1484       1.268000000000000000e+03
1484       1.340000000000000000e+03
1484       4.270000000000000000e+02
1484       1.134000000000000000e+03
1484       1.357000000000000000e+03
1484       6.980000000000000000e+02
1485       2.220000000000000000e+02
1485       3.370000000000000000e+02
1485       1.187000000000000000e+03
1485       1.155000000000000000e+03
1485       1.242000000000000000e+03
1485       1.176000000000000000e+03
1486       1.262000000000000000e+03
1486       9.620000000000000000e+02
1486       4.000000000000000000e+00
1486       1.243000000000000000e+03
1486       1.300000000000000000e+03
1486       7.480000000000000000e+02
1486       4.410000000000000000e+02
1486       5.150000000000000000e+02
1486       4.970000000000000000e+02
1486       1.219000000000000000e+03
1486       6.940000000000000000e+02
1486       5.580000000000000000e+02
1486       1.185000000000000000e+03
1486       1.317000000000000000e+03
1486       3.620000000000000000e+02
1486       4.110000000000000000e+02
1486       1.186000000000000000e+03
1486       5.900000000000000000e+01
1486       1.348000000000000000e+03
1486       1.182000000000000000e+03
1486       1.282000000000000000e+03
1486       8.360000000000000000e+02
1486       1.244000000000000000e+03
1487       1.328000000000000000e+03
1487       2.100000000000000000e+02
1487       1.032000000000000000e+03
1487       1.490000000000000000e+02
1487       1.141000000000000000e+03
1487       1.172000000000000000e+03
1487       9.040000000000000000e+02
1487       8.830000000000000000e+02
1487       4.730000000000000000e+02
1488       1.220000000000000000e+03
1488       1.760000000000000000e+02
1488       1.126000000000000000e+03
1488       2.840000000000000000e+02
1488       1.205000000000000000e+03
1488       1.305000000000000000e+03
1488       1.319000000000000000e+03
1488       5.400000000000000000e+01
1488       7.450000000000000000e+02
1488       1.200000000000000000e+03
1488       5.630000000000000000e+02
1488       1.209000000000000000e+03
1488       2.030000000000000000e+02
1488       4.990000000000000000e+02
1488       6.370000000000000000e+02
1488       1.207000000000000000e+03
1489       3.770000000000000000e+02
1489       1.286000000000000000e+03
1489       1.489000000000000000e+03
1489       3.040000000000000000e+02
1489       1.102000000000000000e+03
1489       8.560000000000000000e+02
1489       7.700000000000000000e+01
1489       1.316000000000000000e+03
1489       1.287000000000000000e+03
1489       1.170000000000000000e+03
1489       1.790000000000000000e+02
1489       1.212000000000000000e+03
1489       1.315000000000000000e+03
1489       1.235000000000000000e+03
1489       5.990000000000000000e+02
1489       9.930000000000000000e+02
1489       1.177000000000000000e+03
1489       2.820000000000000000e+02
1490       1.239000000000000000e+03
1490       7.790000000000000000e+02
1490       6.700000000000000000e+02
1490       1.100000000000000000e+03
1490       1.000000000000000000e+03
1490       1.252000000000000000e+03
1490       1.183000000000000000e+03
1490       1.154000000000000000e+03
1490       6.160000000000000000e+02
1490       1.165000000000000000e+03
1490       1.298000000000000000e+03
1490       9.970000000000000000e+02
1491       4.540000000000000000e+02
1491       1.157000000000000000e+03
1491       8.150000000000000000e+02
1491       5.010000000000000000e+02
1491       1.216000000000000000e+03
1491       6.740000000000000000e+02
1491       1.190000000000000000e+03
1491       1.267000000000000000e+03
1491       1.279000000000000000e+03
1491       1.660000000000000000e+02
1491       7.590000000000000000e+02
1491       1.193000000000000000e+03
1491       1.072000000000000000e+03
1491       1.295000000000000000e+03
1491       5.100000000000000000e+01
1491       1.213000000000000000e+03
1491       1.570000000000000000e+03
1491       1.358000000000000000e+03
1492       1.144000000000000000e+03
1492       1.229000000000000000e+03
1492       1.013000000000000000e+03
1492       1.271000000000000000e+03
1492       1.046000000000000000e+03
1492       1.285000000000000000e+03
1492       4.330000000000000000e+02
1492       1.308000000000000000e+03
1492       1.019000000000000000e+03
1492       9.310000000000000000e+02
1492       1.276000000000000000e+03
1492       1.208000000000000000e+03
1492       1.161000000000000000e+03
1492       1.335000000000000000e+03
1492       1.342000000000000000e+03
1492       1.352000000000000000e+03
1492       1.166000000000000000e+03
1492       1.051000000000000000e+03
1492       3.200000000000000000e+01
1492       1.070000000000000000e+03
1492       1.135000000000000000e+03
1492       1.339000000000000000e+03
1492       4.700000000000000000e+02
1492       7.330000000000000000e+02
1492       7.880000000000000000e+02
1492       6.000000000000000000e+00
1492       1.211000000000000000e+03
1493       1.230000000000000000e+03
1493       1.257000000000000000e+03
1493       6.960000000000000000e+02
1493       1.349000000000000000e+03
1493       8.260000000000000000e+02
1493       1.481000000000000000e+03
1493       1.188000000000000000e+03
1493       4.850000000000000000e+02
1493       5.640000000000000000e+02
1493       1.125000000000000000e+03
1493       1.346000000000000000e+03
1493       1.081000000000000000e+03
1493       7.100000000000000000e+02
1493       1.336000000000000000e+03
1493       1.270000000000000000e+03
1493       1.169000000000000000e+03
1493       1.225000000000000000e+03
1493       9.240000000000000000e+02
1493       1.254000000000000000e+03
1494       1.246000000000000000e+03
1494       1.227000000000000000e+03
1494       7.440000000000000000e+02
1494       9.070000000000000000e+02
1494       1.148000000000000000e+03
1494       4.610000000000000000e+02
1494       1.324000000000000000e+03
1494       1.265000000000000000e+03
1494       3.680000000000000000e+02
1494       1.269000000000000000e+03
1494       1.036000000000000000e+03
1494       1.344000000000000000e+03
1494       4.220000000000000000e+02
1494       1.587000000000000000e+03
1494       1.005000000000000000e+03
1494       1.191000000000000000e+03
1494       1.215000000000000000e+03
1494       2.510000000000000000e+02
1495       1.247000000000000000e+03
1495       9.810000000000000000e+02
1495       1.307000000000000000e+03
1495       1.259000000000000000e+03
1495       1.350000000000000000e+02
1495       1.100000000000000000e+02
1495       4.880000000000000000e+02
1495       1.026000000000000000e+03
1495       1.310000000000000000e+03
1495       1.115000000000000000e+03
1495       1.137000000000000000e+03
1495       1.202000000000000000e+03
1495       2.700000000000000000e+01
1495       7.270000000000000000e+02
1495       1.020000000000000000e+03
1495       7.390000000000000000e+02
1496       1.970000000000000000e+02
1496       1.111000000000000000e+03
1496       6.450000000000000000e+02
1496       1.600000000000000000e+02
1496       1.133000000000000000e+03
1496       1.142000000000000000e+03
1496       3.570000000000000000e+02
1496       4.920000000000000000e+02
1496       1.800000000000000000e+01
1496       1.250000000000000000e+03
1497       1.299000000000000000e+03
1497       1.096000000000000000e+03
1497       1.195000000000000000e+03
1497       3.500000000000000000e+01
1497       5.540000000000000000e+02
1497       3.200000000000000000e+02
1497       1.149000000000000000e+03
1497       1.322000000000000000e+03
1497       8.200000000000000000e+01
1497       1.275000000000000000e+03
1498       2.000000000000000000e+02
1498       1.610000000000000000e+02
1498       3.290000000000000000e+02
1498       1.131000000000000000e+03
1498       1.181000000000000000e+03
1498       1.233000000000000000e+03
1498       1.290000000000000000e+03
1498       9.760000000000000000e+02
1498       1.132000000000000000e+03
1498       6.920000000000000000e+02
1498       5.890000000000000000e+02
1498       1.159000000000000000e+03
1499       1.222000000000000000e+03
1499       4.430000000000000000e+02
1499       1.320000000000000000e+02
1499       1.294000000000000000e+03
1499       9.250000000000000000e+02
1499       1.264000000000000000e+03
1499       1.568000000000000000e+03
1499       1.300000000000000000e+03
1499       1.291000000000000000e+03
1499       9.700000000000000000e+02
1499       1.160000000000000000e+03
1499       1.238000000000000000e+03
1499       1.078000000000000000e+03
1499       1.179000000000000000e+03
1499       5.460000000000000000e+02
1499       1.328000000000000000e+03
1499       3.250000000000000000e+02
1499       1.126000000000000000e+03
1499       1.168000000000000000e+03
1499       1.028000000000000000e+03
1499       4.910000000000000000e+02
1499       1.153000000000000000e+03
1499       7.410000000000000000e+02
1499       1.330000000000000000e+03
1499       1.219000000000000000e+03
1499       1.039000000000000000e+03
1499       1.058000000000000000e+03
1499       6.880000000000000000e+02
1499       1.130000000000000000e+03
1500       5.050000000000000000e+02
1500       1.670000000000000000e+02
1500       1.306000000000000000e+03
1500       1.173000000000000000e+03
1500       1.314000000000000000e+03
1500       9.510000000000000000e+02
1500       1.231000000000000000e+03
1500       1.156000000000000000e+03
1500       1.198000000000000000e+03
1500       1.164000000000000000e+03
1500       1.236000000000000000e+03
1500       1.139000000000000000e+03
1500       1.370000000000000000e+02
1500       4.760000000000000000e+02
1500       1.237000000000000000e+03
1500       1.267000000000000000e+03
1500       1.356000000000000000e+03
1500       1.127000000000000000e+03
1500       1.240000000000000000e+03
1500       1.040000000000000000e+03
1500       7.480000000000000000e+02
1500       1.122000000000000000e+03
1500       1.304000000000000000e+03
1500       1.296000000000000000e+03
1500       1.161000000000000000e+03
1500       1.287000000000000000e+03
1501       1.186000000000000000e+03
1501       1.357000000000000000e+03
1501       1.311000000000000000e+03
1501       9.440000000000000000e+02
1501       1.332000000000000000e+03
1501       9.020000000000000000e+02
1501       1.323000000000000000e+03
1501       1.175000000000000000e+03
1501       1.348000000000000000e+03
1501       1.255000000000000000e+03
1501       1.140000000000000000e+03
1501       7.540000000000000000e+02
1501       5.630000000000000000e+02
1501       1.007000000000000000e+03
1502       1.750000000000000000e+02
1502       8.600000000000000000e+02
1502       1.138000000000000000e+03
1502       6.150000000000000000e+02
1502       1.092000000000000000e+03
1502       1.351000000000000000e+03
1502       6.510000000000000000e+02
1502       1.147000000000000000e+03
1502       1.279000000000000000e+03
1502       5.650000000000000000e+02
1502       7.710000000000000000e+02
1502       1.074000000000000000e+03
1502       1.136000000000000000e+03
1502       1.199000000000000000e+03
1502       1.261000000000000000e+03
1502       1.313000000000000000e+03
1502       3.150000000000000000e+02
1503       7.830000000000000000e+02
1503       1.590000000000000000e+02
1503       1.149000000000000000e+03
1503       7.070000000000000000e+02
1503       4.460000000000000000e+02
1503       9.900000000000000000e+01
1503       1.253000000000000000e+03
1503       1.286000000000000000e+03
1503       2.340000000000000000e+02
1503       1.128000000000000000e+03
1503       1.123000000000000000e+03
1503       1.309000000000000000e+03
1503       1.700000000000000000e+01
1503       1.176000000000000000e+03
1503       1.163000000000000000e+03
1503       1.297000000000000000e+03
1503       4.400000000000000000e+01
1503       1.281000000000000000e+03
1504       1.760000000000000000e+02
1504       1.492000000000000000e+03
1504       1.018000000000000000e+03
1504       1.341000000000000000e+03
1504       6.240000000000000000e+02
1504       1.329000000000000000e+03
1504       7.570000000000000000e+02
1505       1.189000000000000000e+03
1505       1.326000000000000000e+03
1505       1.249000000000000000e+03
1505       1.145000000000000000e+03
1505       1.282000000000000000e+03
1506       9.010000000000000000e+02
1506       1.187000000000000000e+03
1506       1.339000000000000000e+03
1506       1.289000000000000000e+03
1506       7.300000000000000000e+01
1506       1.183000000000000000e+03
1506       1.241000000000000000e+03
1506       1.162000000000000000e+03
1506       8.580000000000000000e+02
1506       1.260000000000000000e+03
1507       1.083000000000000000e+03
1507       1.213000000000000000e+03
1507       3.500000000000000000e+02
1507       7.700000000000000000e+01
1507       9.110000000000000000e+02
1507       2.000000000000000000e+00
1507       1.630000000000000000e+02
1507       1.181000000000000000e+03
1507       1.271000000000000000e+03
1507       1.319000000000000000e+03
1507       1.141000000000000000e+03
1507       4.200000000000000000e+02
1507       1.312000000000000000e+03
1507       4.140000000000000000e+02
1507       8.730000000000000000e+02
1508       1.223000000000000000e+03
1508       6.230000000000000000e+02
1508       7.000000000000000000e+00
1508       4.890000000000000000e+02
1508       5.040000000000000000e+02
1508       1.263000000000000000e+03
1508       1.246000000000000000e+03
1508       1.201000000000000000e+03
1508       1.220000000000000000e+03
1508       4.730000000000000000e+02
1508       9.390000000000000000e+02
1508       1.730000000000000000e+02
1508       1.165000000000000000e+03
1508       1.185000000000000000e+03
1509       7.470000000000000000e+02
1509       1.285000000000000000e+03
1509       4.950000000000000000e+02
1509       1.890000000000000000e+02
1509       1.314000000000000000e+03
1509       3.540000000000000000e+02
1509       1.109000000000000000e+03
1509       1.211000000000000000e+03
1509       2.910000000000000000e+02
1509       3.320000000000000000e+02
1510       1.178000000000000000e+03
1510       1.209000000000000000e+03
1510       1.353000000000000000e+03
1510       1.245000000000000000e+03
1510       1.254000000000000000e+03
1510       1.121000000000000000e+03
1510       8.900000000000000000e+01
1510       1.202000000000000000e+03
1510       4.720000000000000000e+02
1510       7.220000000000000000e+02
1510       5.350000000000000000e+02
1510       1.167000000000000000e+03
1510       1.507000000000000000e+03
1510       1.315000000000000000e+03
1510       6.640000000000000000e+02
1510       3.470000000000000000e+02
1511       1.124000000000000000e+03
1511       1.345000000000000000e+03
1511       1.126000000000000000e+03
1511       2.080000000000000000e+02
1511       1.292000000000000000e+03
1511       3.340000000000000000e+02
1511       1.283000000000000000e+03
1511       1.174000000000000000e+03
1511       3.400000000000000000e+01
1511       1.256000000000000000e+03
1511       1.207000000000000000e+03
1511       1.340000000000000000e+03
1511       3.100000000000000000e+02
1511       1.323000000000000000e+03
1511       6.660000000000000000e+02
1511       8.140000000000000000e+02
1512       1.210000000000000000e+03
1512       1.354000000000000000e+03
1512       5.000000000000000000e+02
1512       1.303000000000000000e+03
1512       2.300000000000000000e+02
1512       3.640000000000000000e+02
1512       1.257000000000000000e+03
1512       1.153000000000000000e+03
1512       1.265000000000000000e+03
1512       1.152000000000000000e+03
1512       1.234000000000000000e+03
1512       7.680000000000000000e+02
1512       1.151000000000000000e+03
1512       5.800000000000000000e+01
1512       1.322000000000000000e+03
1512       1.180000000000000000e+03
1512       6.590000000000000000e+02
1512       1.239000000000000000e+03
1513       1.287000000000000000e+03
1513       1.218000000000000000e+03
1513       3.570000000000000000e+02
1513       1.225000000000000000e+03
1513       8.210000000000000000e+02
1513       1.308000000000000000e+03
1513       1.300000000000000000e+03
1513       1.129000000000000000e+03
1513       7.600000000000000000e+01
1513       1.274000000000000000e+03
1513       1.142000000000000000e+03
1514       1.480000000000000000e+03
1514       1.027000000000000000e+03
1514       1.250000000000000000e+03
1514       3.530000000000000000e+02
1514       4.900000000000000000e+01
1514       6.800000000000000000e+02
1514       1.268000000000000000e+03
1514       1.195000000000000000e+03
1514       1.333000000000000000e+03
1514       1.293000000000000000e+03
1515       1.277000000000000000e+03
1515       1.252000000000000000e+03
1515       1.132000000000000000e+03
1515       1.184000000000000000e+03
1515       1.059000000000000000e+03
1515       7.440000000000000000e+02
1515       1.280000000000000000e+03
1515       8.750000000000000000e+02
1515       4.280000000000000000e+02
1515       7.020000000000000000e+02
1515       1.850000000000000000e+02
1515       1.238000000000000000e+03
1515       1.232000000000000000e+03
1515       1.295000000000000000e+03
1515       1.118000000000000000e+03
1515       4.530000000000000000e+02
1515       1.337000000000000000e+03
1515       1.279000000000000000e+03
1515       4.340000000000000000e+02
1515       5.660000000000000000e+02
1515       1.251000000000000000e+03
1515       1.284000000000000000e+03
1515       1.242000000000000000e+03
1515       1.539000000000000000e+03
1515       1.156000000000000000e+03
1515       1.306000000000000000e+03
1516       1.052000000000000000e+03
1516       1.155000000000000000e+03
1516       1.154000000000000000e+03
1516       9.150000000000000000e+02
1516       1.139000000000000000e+03
1516       1.127000000000000000e+03
1516       1.198000000000000000e+03
1516       6.030000000000000000e+02
1516       9.810000000000000000e+02
1516       1.400000000000000000e+02
1516       1.389000000000000000e+03
1516       1.320000000000000000e+03
1516       3.050000000000000000e+02
1516       1.273000000000000000e+03
1516       1.325000000000000000e+03
1516       1.002000000000000000e+03
1516       1.147000000000000000e+03
1516       6.300000000000000000e+01
1517       1.199000000000000000e+03
1517       6.390000000000000000e+02
1517       1.216000000000000000e+03
1517       1.349000000000000000e+03
1517       1.243000000000000000e+03
1517       1.166000000000000000e+03
1517       1.263000000000000000e+03
1517       1.143000000000000000e+03
1517       1.010000000000000000e+02
1517       6.400000000000000000e+01
1517       3.440000000000000000e+02
1517       1.294000000000000000e+03
1517       1.208000000000000000e+03
1517       5.630000000000000000e+02
1517       1.259000000000000000e+03
1517       1.344000000000000000e+03
1517       1.091000000000000000e+03
1517       1.146000000000000000e+03
1517       9.000000000000000000e+01
1518       7.960000000000000000e+02
1518       4.670000000000000000e+02
1518       1.226000000000000000e+03
1518       1.290000000000000000e+03
1518       7.980000000000000000e+02
1518       1.336000000000000000e+03
1518       5.850000000000000000e+02
1518       1.183000000000000000e+03
1518       1.471000000000000000e+03
1518       1.190000000000000000e+03
1518       1.240000000000000000e+03
1518       1.297000000000000000e+03
1518       7.640000000000000000e+02
1518       1.331000000000000000e+03
1518       5.430000000000000000e+02
1519       9.730000000000000000e+02
1519       1.269000000000000000e+03
1519       3.600000000000000000e+01
1519       1.278000000000000000e+03
1519       1.144000000000000000e+03
1519       1.499000000000000000e+03
1519       2.540000000000000000e+02
1519       1.346000000000000000e+03
1519       6.860000000000000000e+02
1519       1.266000000000000000e+03
1519       2.920000000000000000e+02
1520       1.219000000000000000e+03
1520       1.356000000000000000e+03
1520       1.350000000000000000e+03
1521       1.352000000000000000e+03
1521       1.140000000000000000e+03
1521       1.323000000000000000e+03
1522       1.264000000000000000e+03
1522       1.178000000000000000e+03
1522       9.300000000000000000e+02
1522       2.240000000000000000e+02
1522       1.201000000000000000e+03
1523       6.400000000000000000e+02
1523       6.000000000000000000e+00
1524       1.098000000000000000e+03
1524       4.490000000000000000e+02
1524       1.317000000000000000e+03
1524       1.131000000000000000e+03
1524       4.360000000000000000e+02
1524       9.390000000000000000e+02
1524       1.217000000000000000e+03
1524       1.312000000000000000e+03
1524       2.220000000000000000e+02
1524       1.209000000000000000e+03
1524       1.173000000000000000e+03
1524       1.126000000000000000e+03
1525       1.210000000000000000e+03
1525       1.344000000000000000e+03
1525       2.180000000000000000e+02
1525       7.330000000000000000e+02
1525       1.482000000000000000e+03
1525       1.129000000000000000e+03
1525       2.170000000000000000e+02
1525       3.100000000000000000e+01
1525       1.233000000000000000e+03
1525       7.110000000000000000e+02
1525       8.050000000000000000e+02
1526       9.380000000000000000e+02
1526       1.230000000000000000e+03
1526       1.279000000000000000e+03
1526       7.490000000000000000e+02
1526       1.169000000000000000e+03
1526       5.070000000000000000e+02
1526       1.241000000000000000e+03
1526       1.181000000000000000e+03
1526       1.161000000000000000e+03
1526       1.172000000000000000e+03
1526       1.302000000000000000e+03
1526       1.324000000000000000e+03
1526       7.140000000000000000e+02
1526       1.151000000000000000e+03
1526       1.177000000000000000e+03
1527       1.289000000000000000e+03
1527       4.520000000000000000e+02
1527       1.334000000000000000e+03
1527       1.011000000000000000e+03
1527       1.470000000000000000e+02
1527       8.080000000000000000e+02
1527       1.135000000000000000e+03
1527       6.270000000000000000e+02
1527       1.155000000000000000e+03
1527       1.286000000000000000e+03
1527       3.570000000000000000e+02
1527       1.010000000000000000e+03
1527       1.249000000000000000e+03
1527       1.119000000000000000e+03
1527       8.370000000000000000e+02
1528       8.020000000000000000e+02
1528       1.298000000000000000e+03
1528       8.240000000000000000e+02
1528       4.850000000000000000e+02
1528       8.710000000000000000e+02
1528       1.134000000000000000e+03
1528       1.236000000000000000e+03
1528       7.280000000000000000e+02
1528       6.920000000000000000e+02
1528       1.152000000000000000e+03
1528       1.307000000000000000e+03
1528       1.245000000000000000e+03
1528       5.410000000000000000e+02
1528       6.380000000000000000e+02
1529       1.040000000000000000e+03
1529       1.222000000000000000e+03
1529       2.500000000000000000e+01
1529       5.120000000000000000e+02
1529       1.252000000000000000e+03
1529       9.330000000000000000e+02
1529       8.070000000000000000e+02
1529       7.620000000000000000e+02
1529       1.096000000000000000e+03
1529       1.262000000000000000e+03
1529       1.154000000000000000e+03
1530       1.024000000000000000e+03
1530       4.870000000000000000e+02
1530       1.308000000000000000e+03
1530       1.211000000000000000e+03
1530       3.700000000000000000e+02
1530       6.630000000000000000e+02
1530       1.335000000000000000e+03
1530       2.130000000000000000e+02
1530       1.127000000000000000e+03
1531       6.490000000000000000e+02
1531       1.168000000000000000e+03
1531       6.410000000000000000e+02
1531       1.140000000000000000e+02
1531       1.313000000000000000e+03
1531       1.379000000000000000e+03
1531       6.300000000000000000e+01
1531       2.110000000000000000e+02
1531       1.343000000000000000e+03
1531       1.315000000000000000e+03
1531       1.257000000000000000e+03
1531       1.189000000000000000e+03
1531       1.191000000000000000e+03
1532       4.090000000000000000e+02
1532       1.355000000000000000e+03
1532       3.940000000000000000e+02
1532       3.390000000000000000e+02
1532       1.240000000000000000e+02
1532       1.176000000000000000e+03
1532       7.570000000000000000e+02
1532       4.730000000000000000e+02
1532       6.230000000000000000e+02
1532       4.190000000000000000e+02
1532       1.144000000000000000e+03
1532       1.500000000000000000e+02
1532       1.147000000000000000e+03
1532       1.205000000000000000e+03
1533       1.072000000000000000e+03
1533       4.550000000000000000e+02
1533       1.265000000000000000e+03
1533       1.254000000000000000e+03
1533       1.276000000000000000e+03
1533       7.680000000000000000e+02
1533       1.192000000000000000e+03
1533       1.338000000000000000e+03
1533       1.174000000000000000e+03
1533       2.650000000000000000e+02
1533       7.880000000000000000e+02
1533       1.345000000000000000e+03
1533       1.193000000000000000e+03
1533       1.246000000000000000e+03
1533       7.130000000000000000e+02
1533       6.660000000000000000e+02
1533       1.182000000000000000e+03
1533       1.323000000000000000e+03
1533       1.281000000000000000e+03
1533       1.390000000000000000e+02
1533       8.880000000000000000e+02
1533       7.660000000000000000e+02
1533       1.232000000000000000e+03
1533       3.420000000000000000e+02
1533       1.282000000000000000e+03
1533       1.266000000000000000e+03
1533       8.160000000000000000e+02
1533       1.122000000000000000e+03
1533       1.346000000000000000e+03
1534       1.208000000000000000e+03
1534       1.283000000000000000e+03
1534       1.239000000000000000e+03
1534       9.890000000000000000e+02
1534       1.171000000000000000e+03
1534       1.284000000000000000e+03
1534       1.316000000000000000e+03
1534       1.166000000000000000e+03
1534       1.325000000000000000e+03
1534       1.291000000000000000e+03
1534       1.357000000000000000e+03
1535       1.268000000000000000e+03
1535       1.329000000000000000e+03
1535       4.440000000000000000e+02
1535       6.040000000000000000e+02
1535       1.319000000000000000e+03
1535       9.650000000000000000e+02
1535       2.010000000000000000e+02
1535       5.940000000000000000e+02
1535       7.820000000000000000e+02
1536       1.326000000000000000e+03
1536       1.253000000000000000e+03
1536       1.238000000000000000e+03
1536       1.160000000000000000e+02
1536       6.810000000000000000e+02
1536       5.810000000000000000e+02
1536       1.298000000000000000e+03
1536       4.200000000000000000e+01
1536       1.039000000000000000e+03
1536       1.347000000000000000e+03
1537       1.123000000000000000e+03
1537       1.263000000000000000e+03
1537       3.000000000000000000e+02
1537       8.700000000000000000e+02
1537       1.256000000000000000e+03
1537       4.030000000000000000e+02
1537       3.570000000000000000e+02
1538       3.630000000000000000e+02
1538       1.700000000000000000e+02
1538       1.180000000000000000e+03
1538       1.237000000000000000e+03
1538       1.353000000000000000e+03
1538       1.215000000000000000e+03
1538       1.340000000000000000e+03
1538       1.008000000000000000e+03
1538       3.670000000000000000e+02
1538       4.400000000000000000e+01
1538       1.121000000000000000e+03
1539       1.302000000000000000e+03
1539       1.216000000000000000e+03
1539       1.204000000000000000e+03
1539       6.690000000000000000e+02
1539       1.235000000000000000e+03
1539       1.167000000000000000e+03
1539       1.120000000000000000e+02
1539       1.187000000000000000e+03
1539       1.190000000000000000e+03
1539       6.590000000000000000e+02
1539       6.900000000000000000e+02
1540       1.168000000000000000e+03
1540       1.153000000000000000e+03
1540       1.100000000000000000e+01
1540       1.120000000000000000e+03
1540       1.202000000000000000e+03
1540       1.450000000000000000e+02
1540       1.354000000000000000e+03
1540       1.534000000000000000e+03
1540       9.100000000000000000e+01
1540       3.720000000000000000e+02
1540       1.165000000000000000e+03
1540       1.170000000000000000e+03
1540       8.990000000000000000e+02
1540       1.313000000000000000e+03
1541       1.740000000000000000e+02
1541       6.460000000000000000e+02
1541       5.950000000000000000e+02
1541       5.060000000000000000e+02
1541       1.690000000000000000e+02
1541       9.210000000000000000e+02
1541       1.029000000000000000e+03
1541       1.352000000000000000e+03
1541       2.080000000000000000e+02
1541       1.324000000000000000e+03
1541       1.152000000000000000e+03
1541       1.228000000000000000e+03
1541       1.163000000000000000e+03
1541       1.554000000000000000e+03
1541       1.225000000000000000e+03
1542       5.740000000000000000e+02
1542       1.206000000000000000e+03
1542       1.133000000000000000e+03
1542       1.217000000000000000e+03
1542       1.250000000000000000e+03
1542       1.043000000000000000e+03
1542       1.260000000000000000e+03
1542       1.257000000000000000e+03
1542       1.249000000000000000e+03
1542       7.300000000000000000e+01
1542       1.212000000000000000e+03
1542       5.150000000000000000e+02
1542       6.800000000000000000e+01
1542       3.580000000000000000e+02
1542       2.170000000000000000e+02
1542       1.301000000000000000e+03
1542       3.810000000000000000e+02
1542       1.252000000000000000e+03
1542       8.820000000000000000e+02
1542       6.780000000000000000e+02
1542       6.970000000000000000e+02
1542       1.276000000000000000e+03
1542       5.190000000000000000e+02
1543       1.148000000000000000e+03
1543       1.234000000000000000e+03
1543       1.300000000000000000e+02
1543       9.840000000000000000e+02
1543       1.321000000000000000e+03
1543       1.136000000000000000e+03
1544       1.289000000000000000e+03
1544       5.850000000000000000e+02
1544       1.333000000000000000e+03
1544       1.110000000000000000e+02
1544       1.277000000000000000e+03
1544       1.270000000000000000e+03
1545       8.100000000000000000e+02
1545       1.267000000000000000e+03
1545       1.323000000000000000e+03
1545       1.179000000000000000e+03
1545       1.535000000000000000e+03
1545       1.511000000000000000e+03
1545       1.331000000000000000e+03
1545       1.265000000000000000e+03
1545       1.226000000000000000e+03
1545       6.830000000000000000e+02
1545       1.144000000000000000e+03
1545       1.240000000000000000e+03
1546       8.120000000000000000e+02
1546       1.159000000000000000e+03
1546       1.294000000000000000e+03
1546       1.243000000000000000e+03
1546       4.610000000000000000e+02
1546       9.360000000000000000e+02
1546       1.247000000000000000e+03
1546       1.530000000000000000e+02
1546       1.214000000000000000e+03
1546       2.020000000000000000e+02
1547       4.260000000000000000e+02
1547       3.890000000000000000e+02
1547       1.185000000000000000e+03
1547       9.500000000000000000e+01
1547       1.059000000000000000e+03
1547       1.421000000000000000e+03
1547       1.241000000000000000e+03
1547       2.890000000000000000e+02
1547       1.351000000000000000e+03
1547       7.080000000000000000e+02
1548       1.296000000000000000e+03
1548       1.093000000000000000e+03
1548       5.070000000000000000e+02
1548       9.970000000000000000e+02
1548       1.340000000000000000e+03
1548       4.830000000000000000e+02
1548       4.180000000000000000e+02
1548       9.920000000000000000e+02
1548       1.154000000000000000e+03
1548       1.266000000000000000e+03
1548       4.600000000000000000e+01
1548       2.850000000000000000e+02
1548       1.286000000000000000e+03
1548       1.146000000000000000e+03
1548       6.280000000000000000e+02
1548       1.207000000000000000e+03
1548       1.169000000000000000e+03
1548       4.540000000000000000e+02
1548       8.750000000000000000e+02
1548       1.195000000000000000e+03
1548       9.000000000000000000e+02
1548       1.238000000000000000e+03
1548       1.019000000000000000e+03
1549       1.339000000000000000e+03
1549       7.300000000000000000e+02
1549       5.700000000000000000e+02
1549       1.275000000000000000e+03
1549       1.309000000000000000e+03
1549       1.208000000000000000e+03
1549       5.550000000000000000e+02
1549       1.155000000000000000e+03
1549       1.230000000000000000e+02
1549       5.300000000000000000e+02
1549       6.150000000000000000e+02
1549       7.600000000000000000e+01
1549       9.040000000000000000e+02
1549       4.280000000000000000e+02
1549       1.126000000000000000e+03
1549       3.300000000000000000e+01
1549       7.730000000000000000e+02
1549       4.160000000000000000e+02
1549       3.760000000000000000e+02
1549       1.334000000000000000e+03
1549       1.246000000000000000e+03
1549       1.312000000000000000e+03
1549       2.110000000000000000e+02
1549       1.311000000000000000e+03
1549       1.295000000000000000e+03
1549       1.190000000000000000e+02
1549       1.343000000000000000e+03
1549       8.010000000000000000e+02
1550       3.440000000000000000e+02
1550       1.298000000000000000e+03
1550       9.220000000000000000e+02
1550       1.221000000000000000e+03
1550       1.187000000000000000e+03
1550       1.192000000000000000e+03
1550       9.580000000000000000e+02
1550       5.240000000000000000e+02
1550       4.090000000000000000e+02
1550       1.150000000000000000e+03
1550       1.163000000000000000e+03
1550       1.335000000000000000e+03
1550       1.149000000000000000e+03
1550       1.191000000000000000e+03
1551       1.175000000000000000e+03
1551       1.181000000000000000e+03
1551       9.390000000000000000e+02
1551       8.500000000000000000e+01
1551       2.560000000000000000e+02
1551       5.110000000000000000e+02
1551       8.110000000000000000e+02
1551       1.244000000000000000e+03
1551       6.190000000000000000e+02
1551       1.480000000000000000e+03
1551       4.200000000000000000e+01
1551       1.490000000000000000e+02
1551       1.180000000000000000e+03
1551       1.261000000000000000e+03
1551       1.137000000000000000e+03
1551       1.196000000000000000e+03
1552       1.329000000000000000e+03
1552       1.346000000000000000e+03
1552       1.217000000000000000e+03
1552       2.580000000000000000e+02
1552       1.860000000000000000e+02
1552       1.450000000000000000e+02
1552       1.203000000000000000e+03
1552       7.690000000000000000e+02
1552       1.280000000000000000e+03
1552       9.680000000000000000e+02
1553       1.348000000000000000e+03
1553       2.260000000000000000e+02
1553       1.230000000000000000e+03
1553       3.930000000000000000e+02
1553       1.206000000000000000e+03
1554       1.116000000000000000e+03
1554       1.316000000000000000e+03
1554       9.100000000000000000e+01
1554       1.263000000000000000e+03
1554       1.131000000000000000e+03
1554       6.630000000000000000e+02
1554       3.320000000000000000e+02
1554       4.430000000000000000e+02
1554       1.344000000000000000e+03
1554       1.161000000000000000e+03
1554       2.070000000000000000e+02
1554       1.176000000000000000e+03
1555       1.566000000000000000e+03
1555       1.880000000000000000e+02
1555       1.210000000000000000e+03
1555       1.138000000000000000e+03
1555       5.140000000000000000e+02
1555       2.250000000000000000e+02
1555       1.156000000000000000e+03
1555       1.249000000000000000e+03
1555       5.030000000000000000e+02
1555       8.290000000000000000e+02
1555       1.199000000000000000e+03
1555       1.248000000000000000e+03
1555       6.690000000000000000e+02
1555       1.172000000000000000e+03
1555       1.132000000000000000e+03
1555       1.228000000000000000e+03
1556       8.820000000000000000e+02
1556       1.000000000000000000e+01
1556       1.340000000000000000e+03
1556       1.121000000000000000e+03
1556       1.222000000000000000e+03
1556       6.620000000000000000e+02
1556       8.350000000000000000e+02
1557       6.380000000000000000e+02
1557       1.118000000000000000e+03
1557       1.235000000000000000e+03
1557       5.400000000000000000e+02
1557       1.162000000000000000e+03
1557       1.350000000000000000e+02
1557       1.167000000000000000e+03
1557       8.920000000000000000e+02
1558       6.580000000000000000e+02
1558       1.520000000000000000e+02
1558       8.700000000000000000e+01
1558       1.500000000000000000e+01
1559       1.127000000000000000e+03
1559       2.760000000000000000e+02
1559       9.190000000000000000e+02
1559       8.890000000000000000e+02
1559       1.323000000000000000e+03
1559       1.287000000000000000e+03
1559       7.890000000000000000e+02
1559       5.690000000000000000e+02
1559       1.095000000000000000e+03
1559       1.197000000000000000e+03
1559       1.259000000000000000e+03
1559       7.180000000000000000e+02
1560       6.000000000000000000e+01
1560       8.400000000000000000e+02
1560       1.338000000000000000e+03
1560       1.243000000000000000e+03
1560       1.013000000000000000e+03
1560       1.322000000000000000e+03
1560       1.164000000000000000e+03
1560       8.040000000000000000e+02
1560       1.301000000000000000e+03
1561       1.213000000000000000e+03
1561       1.180000000000000000e+03
1561       1.260000000000000000e+03
1561       1.184000000000000000e+03
1561       9.710000000000000000e+02
1561       1.325000000000000000e+03
1561       5.440000000000000000e+02
1561       9.540000000000000000e+02
1561       7.130000000000000000e+02
1561       1.125000000000000000e+03
1561       9.470000000000000000e+02
1561       1.400000000000000000e+01
1561       8.910000000000000000e+02
1561       1.313000000000000000e+03
1562       9.640000000000000000e+02
1562       1.120000000000000000e+03
1562       7.500000000000000000e+02
1562       1.341000000000000000e+03
1562       1.147000000000000000e+03
1562       4.000000000000000000e+01
1562       1.275000000000000000e+03
1562       1.166000000000000000e+03
1562       3.720000000000000000e+02
1562       1.189000000000000000e+03
1562       3.430000000000000000e+02
1562       1.201000000000000000e+03
1562       1.237000000000000000e+03
1562       1.232000000000000000e+03
1562       1.352000000000000000e+03
1562       1.290000000000000000e+03
1563       1.253000000000000000e+03
1563       1.342000000000000000e+03
1563       1.246000000000000000e+03
1563       3.650000000000000000e+02
1563       3.160000000000000000e+02
1563       1.267000000000000000e+03
1563       7.400000000000000000e+01
1563       6.310000000000000000e+02
1563       1.139000000000000000e+03
1564       7.200000000000000000e+02
1564       1.284000000000000000e+03
1564       1.200000000000000000e+02
1564       1.283000000000000000e+03
1564       1.274000000000000000e+03
1564       1.124000000000000000e+03
1564       1.870000000000000000e+02
1564       1.041000000000000000e+03
1564       1.600000000000000000e+01
1564       1.023000000000000000e+03
1564       7.870000000000000000e+02
1564       7.670000000000000000e+02
1564       6.140000000000000000e+02
1564       4.550000000000000000e+02
1564       1.336000000000000000e+03
1564       7.220000000000000000e+02
1565       1.640000000000000000e+02
1565       1.123000000000000000e+03
1565       8.140000000000000000e+02
1565       1.241000000000000000e+03
1565       1.288000000000000000e+03
1565       7.250000000000000000e+02
1565       1.239000000000000000e+03
1565       1.109000000000000000e+03
1565       8.330000000000000000e+02
1565       1.198000000000000000e+03
1565       1.194000000000000000e+03
1565       5.570000000000000000e+02
1565       3.900000000000000000e+02
1565       7.190000000000000000e+02
1565       1.292000000000000000e+03
1565       1.289000000000000000e+03
1565       2.660000000000000000e+02
1565       9.200000000000000000e+02
1565       1.320000000000000000e+03
1565       4.790000000000000000e+02
1566       1.276000000000000000e+03
1566       1.223000000000000000e+03
1566       6.200000000000000000e+02
1566       1.153000000000000000e+03
1566       1.360000000000000000e+02
1566       1.181000000000000000e+03
1566       1.007000000000000000e+03
1566       6.730000000000000000e+02
1566       1.256000000000000000e+03
1566       5.210000000000000000e+02
1566       1.327000000000000000e+03
1566       1.750000000000000000e+02
1566       1.580000000000000000e+02
1566       4.730000000000000000e+02
1567       1.137000000000000000e+03
1567       1.190000000000000000e+03
1567       1.305000000000000000e+03
1567       1.126000000000000000e+03
1567       1.315000000000000000e+03
1567       1.278000000000000000e+03
1567       1.060000000000000000e+02
1567       1.271000000000000000e+03
1567       1.564000000000000000e+03
1567       1.335000000000000000e+03
1567       1.312000000000000000e+03
1568       1.224000000000000000e+03
1568       7.330000000000000000e+02
1568       1.207000000000000000e+03
1568       1.359000000000000000e+03
1568       7.420000000000000000e+02
1568       1.238000000000000000e+03
1568       3.020000000000000000e+02
1568       1.188000000000000000e+03
1569       1.331000000000000000e+03
1569       5.060000000000000000e+02
1569       1.130000000000000000e+03
1569       1.272000000000000000e+03
1569       7.210000000000000000e+02
1569       1.251000000000000000e+03
1569       1.354000000000000000e+03
1569       1.182000000000000000e+03
1569       1.122000000000000000e+03
1569       7.700000000000000000e+01
1569       9.550000000000000000e+02
1570       1.368000000000000000e+03
1570       7.470000000000000000e+02
1570       1.053000000000000000e+03
1570       2.770000000000000000e+02
1570       7.750000000000000000e+02
1570       1.225000000000000000e+03
1570       1.337000000000000000e+03
1570       1.075000000000000000e+03
1570       1.154000000000000000e+03
1571       1.291000000000000000e+03
1571       1.195000000000000000e+03
1571       1.258000000000000000e+03
1571       1.142000000000000000e+03
1571       1.083000000000000000e+03
1571       8.350000000000000000e+02
1571       8.580000000000000000e+02
1572       1.131000000000000000e+03
1572       1.301000000000000000e+03
1572       1.219000000000000000e+03
1572       1.161000000000000000e+03
1572       1.330000000000000000e+02
1572       9.690000000000000000e+02
1572       2.110000000000000000e+02
1572       2.480000000000000000e+02
1572       1.322000000000000000e+03
1572       6.820000000000000000e+02
1572       5.950000000000000000e+02
1572       1.343000000000000000e+03
1572       1.187000000000000000e+03
1572       1.326000000000000000e+03
1572       1.112000000000000000e+03
1572       1.268000000000000000e+03
1573       2.940000000000000000e+02
1573       1.247000000000000000e+03
1573       1.244000000000000000e+03
1573       1.019000000000000000e+03
1573       5.580000000000000000e+02
1573       4.260000000000000000e+02
1573       1.317000000000000000e+03
1573       1.270000000000000000e+02
1573       1.140000000000000000e+03
1573       6.300000000000000000e+02
1573       4.590000000000000000e+02
1573       1.235000000000000000e+03
1573       9.580000000000000000e+02
1573       1.319000000000000000e+03
1573       1.300000000000000000e+03
1573       6.930000000000000000e+02
1574       1.146000000000000000e+03
1574       4.380000000000000000e+02
1574       1.220000000000000000e+03
1574       1.236000000000000000e+03
1574       1.004000000000000000e+03
1574       1.287000000000000000e+03
1574       1.355000000000000000e+03
1574       5.460000000000000000e+02
1574       1.155000000000000000e+03
1574       1.255000000000000000e+03
1574       1.216000000000000000e+03
1574       1.135000000000000000e+03
1574       8.820000000000000000e+02
1574       5.850000000000000000e+02
1574       5.660000000000000000e+02
1574       1.310000000000000000e+03
1574       1.260000000000000000e+03
1574       1.400000000000000000e+01
1574       1.134000000000000000e+03
1574       1.930000000000000000e+02
1574       1.341000000000000000e+03
1574       1.191000000000000000e+03
1574       1.330000000000000000e+03
1575       1.257000000000000000e+03
1575       5.300000000000000000e+02
1575       1.264000000000000000e+03
1575       7.550000000000000000e+02
1575       9.100000000000000000e+02
1575       2.430000000000000000e+02
1575       8.040000000000000000e+02
1575       9.820000000000000000e+02
1575       1.309000000000000000e+03
1575       9.200000000000000000e+01
1575       8.520000000000000000e+02
1576       1.197000000000000000e+03
1576       8.440000000000000000e+02
1576       1.294000000000000000e+03
1576       1.159000000000000000e+03
1576       1.051000000000000000e+03
1576       5.910000000000000000e+02
1576       5.500000000000000000e+01
1576       5.780000000000000000e+02
1577       1.240000000000000000e+03
1577       7.400000000000000000e+02
1577       1.299000000000000000e+03
1577       1.311000000000000000e+03
1577       1.212000000000000000e+03
1577       4.410000000000000000e+02
1577       1.242000000000000000e+03
1577       2.860000000000000000e+02
1577       1.353000000000000000e+03
1577       7.570000000000000000e+02
1577       1.278000000000000000e+03
1577       1.297000000000000000e+03
1577       3.540000000000000000e+02
1577       1.149000000000000000e+03
1578       1.315000000000000000e+03
1578       1.126000000000000000e+03
1578       1.192000000000000000e+03
1578       1.266000000000000000e+03
1578       1.356000000000000000e+03
1578       1.148000000000000000e+03
1578       1.329000000000000000e+03
1579       1.059000000000000000e+03
1579       1.284000000000000000e+03
1579       1.177000000000000000e+03
1579       3.170000000000000000e+02
1580       1.517000000000000000e+03
1580       1.208000000000000000e+03
1580       1.120000000000000000e+03
1580       1.179000000000000000e+03
1580       1.251000000000000000e+03
1580       1.261000000000000000e+03
1580       1.215000000000000000e+03
1580       1.275000000000000000e+03
1581       1.170000000000000000e+03
1581       1.052000000000000000e+03
1581       2.650000000000000000e+02
1581       5.240000000000000000e+02
1581       1.234000000000000000e+03
1581       1.282000000000000000e+03
1581       1.150000000000000000e+03
1581       1.241000000000000000e+03
1582       1.050000000000000000e+02
1582       1.319000000000000000e+03
1582       6.100000000000000000e+01
1582       3.740000000000000000e+02
1582       1.230000000000000000e+03
1582       9.090000000000000000e+02
1582       1.289000000000000000e+03
1582       1.141000000000000000e+03
1582       1.398000000000000000e+03
1582       1.253000000000000000e+03
1582       1.280000000000000000e+03
1582       1.133000000000000000e+03
1583       1.328000000000000000e+03
1583       1.188000000000000000e+03
1583       1.207000000000000000e+03
1583       1.237000000000000000e+03
1583       1.201000000000000000e+03
1583       1.160000000000000000e+03
1583       1.247000000000000000e+03
1583       4.250000000000000000e+02
1583       1.303000000000000000e+03
1583       9.030000000000000000e+02
1583       3.500000000000000000e+02
1583       5.290000000000000000e+02
1583       1.090000000000000000e+02
1583       9.290000000000000000e+02
1583       1.175000000000000000e+03
1584       9.400000000000000000e+01
1584       1.238000000000000000e+03
1584       2.000000000000000000e+02
1584       8.900000000000000000e+01
1584       3.840000000000000000e+02
1584       7.320000000000000000e+02
1584       9.920000000000000000e+02
1584       9.530000000000000000e+02
1584       1.010000000000000000e+02
1584       1.125000000000000000e+03
1584       3.560000000000000000e+02
1585       2.730000000000000000e+02
1585       2.880000000000000000e+02
1585       2.520000000000000000e+02
1585       5.690000000000000000e+02
1585       5.260000000000000000e+02
1585       2.000000000000000000e+01
1585       1.121000000000000000e+03
1585       1.351000000000000000e+03
1586       3.150000000000000000e+02
1586       1.267000000000000000e+03
1586       9.180000000000000000e+02
1586       1.308000000000000000e+03
1586       5.570000000000000000e+02
1586       1.296000000000000000e+03
1586       1.084000000000000000e+03
1586       7.660000000000000000e+02
1586       9.900000000000000000e+02
1586       1.200000000000000000e+01
1586       3.890000000000000000e+02
1586       1.316000000000000000e+03
1587       3.960000000000000000e+02
1587       1.168000000000000000e+03
1587       6.620000000000000000e+02
1587       1.298000000000000000e+03
1587       1.156000000000000000e+03
1587       1.214000000000000000e+03
1587       1.056000000000000000e+03
1587       8.510000000000000000e+02
1587       1.323000000000000000e+03
1587       4.030000000000000000e+02
1587       8.790000000000000000e+02
1587       1.263000000000000000e+03
1587       1.136000000000000000e+03
1587       1.510000000000000000e+02
1587       2.000000000000000000e+00
1587       1.276000000000000000e+03
1587       1.259000000000000000e+03
1587       9.860000000000000000e+02
1587       1.163000000000000000e+03
1587       2.500000000000000000e+02
1587       1.167000000000000000e+03
1587       1.314000000000000000e+03
1588       1.138000000000000000e+03
1588       4.120000000000000000e+02
1588       2.800000000000000000e+01
1588       1.115000000000000000e+03
1588       1.060000000000000000e+03
1588       1.152000000000000000e+03
1588       4.800000000000000000e+01
1588       6.720000000000000000e+02
1588       9.770000000000000000e+02
1588       1.338000000000000000e+03
1588       2.500000000000000000e+01
1588       8.410000000000000000e+02
1589       1.183000000000000000e+03
1589       1.222000000000000000e+03
1589       1.285000000000000000e+03
1589       6.990000000000000000e+02
1589       2.100000000000000000e+02
1589       1.336000000000000000e+03
1589       1.162000000000000000e+03
1589       1.226000000000000000e+03
1589       5.000000000000000000e+02
1589       1.153000000000000000e+03
1589       1.245000000000000000e+03
1589       7.410000000000000000e+02
1589       6.960000000000000000e+02
1589       3.070000000000000000e+02
1590       9.980000000000000000e+02
1590       4.310000000000000000e+02
1590       1.117000000000000000e+03
1590       1.022000000000000000e+03
1590       1.165000000000000000e+03
1590       1.179000000000000000e+03
1590       4.220000000000000000e+02
1590       1.311000000000000000e+03
1590       1.193000000000000000e+03
1590       7.580000000000000000e+02
1590       1.236000000000000000e+03
1590       1.210000000000000000e+03
1590       7.750000000000000000e+02
1590       1.171000000000000000e+03
1590       5.810000000000000000e+02
1590       8.370000000000000000e+02
1591       1.227000000000000000e+03
1591       1.112000000000000000e+03
1591       1.277000000000000000e+03
1591       1.177000000000000000e+03
1591       1.271000000000000000e+03
1591       1.017000000000000000e+03
1591       1.204000000000000000e+03
1591       1.147000000000000000e+03
1591       8.000000000000000000e+02
1591       6.760000000000000000e+02
1591       1.124000000000000000e+03
1591       6.700000000000000000e+02
1591       1.172000000000000000e+03
1591       1.157000000000000000e+03
1591       1.186000000000000000e+03
1591       1.219000000000000000e+03
1591       2.800000000000000000e+02
1591       1.370000000000000000e+02
1591       1.354000000000000000e+03
1591       3.720000000000000000e+02
1592       9.810000000000000000e+02
1592       8.100000000000000000e+01
1592       1.142000000000000000e+03
1592       2.410000000000000000e+02
1592       8.720000000000000000e+02
1592       1.262000000000000000e+03
1592       4.350000000000000000e+02
1592       1.339000000000000000e+03
1592       1.317000000000000000e+03
1592       2.440000000000000000e+02
1592       8.590000000000000000e+02
1592       1.166000000000000000e+03
1592       1.800000000000000000e+01
1592       1.249000000000000000e+03
1593       1.302000000000000000e+03
1593       1.191000000000000000e+03
1593       1.346000000000000000e+03
1593       8.550000000000000000e+02
1593       7.510000000000000000e+02
1593       1.201000000000000000e+03
1593       7.570000000000000000e+02
1593       1.355000000000000000e+03
1593       1.266000000000000000e+03
1593       6.050000000000000000e+02
1593       2.830000000000000000e+02
1593       1.225000000000000000e+03
1593       1.241000000000000000e+03
1593       3.660000000000000000e+02
1593       1.194000000000000000e+03
1593       6.820000000000000000e+02
1593       1.129000000000000000e+03
1594       1.480000000000000000e+02
1594       1.357000000000000000e+03
1594       1.322000000000000000e+03
1594       1.120000000000000000e+03
1594       4.360000000000000000e+02
1594       1.070000000000000000e+02
1594       1.306000000000000000e+03
1594       3.740000000000000000e+02
1594       2.780000000000000000e+02
1594       2.550000000000000000e+02
1594       1.291000000000000000e+03
1594       9.620000000000000000e+02
1594       1.154000000000000000e+03
1595       1.110000000000000000e+03
1595       1.121000000000000000e+03
1595       8.700000000000000000e+01
1595       7.930000000000000000e+02
1595       5.610000000000000000e+02
1595       8.800000000000000000e+01
1595       9.020000000000000000e+02
1595       1.189000000000000000e+03
1595       1.351000000000000000e+03
1595       5.660000000000000000e+02
1595       1.139000000000000000e+03
1595       1.303000000000000000e+03
1595       1.337000000000000000e+03
1595       1.310000000000000000e+03
1595       9.000000000000000000e+01
1595       1.315000000000000000e+03
1596       4.990000000000000000e+02
1596       1.130000000000000000e+03
1596       7.470000000000000000e+02
1596       6.320000000000000000e+02
1596       3.750000000000000000e+02
1596       1.358000000000000000e+03
1596       1.254000000000000000e+03
1596       8.260000000000000000e+02
1597       7.050000000000000000e+02
1597       3.840000000000000000e+02
1597       7.290000000000000000e+02
1598       4.910000000000000000e+02
1598       3.930000000000000000e+02
1598       9.190000000000000000e+02
1598       1.350000000000000000e+03
1598       1.261000000000000000e+03
1598       1.246000000000000000e+03
1599       1.356000000000000000e+03
1599       1.238000000000000000e+03
1599       1.133000000000000000e+03
1599       4.730000000000000000e+02
1599       1.296000000000000000e+03
1600       1.125000000000000000e+03
1600       3.370000000000000000e+02
1600       1.228000000000000000e+03
1600       1.258000000000000000e+03
1600       1.206000000000000000e+03
1600       1.116000000000000000e+03
1600       1.159000000000000000e+03
1600       1.326000000000000000e+03
1600       6.620000000000000000e+02
1600       4.020000000000000000e+02
1600       1.294000000000000000e+03
1600       1.239000000000000000e+03
1600       1.329000000000000000e+03
1601       1.331000000000000000e+03
1601       1.235000000000000000e+03
1601       1.137000000000000000e+03
1601       1.131000000000000000e+03
1601       1.145000000000000000e+03
1601       1.267000000000000000e+03
1601       4.230000000000000000e+02
1601       3.320000000000000000e+02
1601       1.325000000000000000e+03
1601       4.420000000000000000e+02
1601       9.390000000000000000e+02
1601       5.590000000000000000e+02
1601       1.257000000000000000e+03
1601       1.078000000000000000e+03
1601       3.590000000000000000e+02
1601       1.263000000000000000e+03
1601       1.250000000000000000e+03
1601       1.120000000000000000e+03
1601       1.198000000000000000e+03
1602       1.265000000000000000e+03
1602       5.790000000000000000e+02
1602       1.340000000000000000e+03
1602       1.181000000000000000e+03
1602       1.164000000000000000e+03
1602       1.079000000000000000e+03
1602       4.950000000000000000e+02
1602       1.293000000000000000e+03
1602       6.880000000000000000e+02
1602       1.280000000000000000e+03
1603       1.224000000000000000e+03
1603       6.300000000000000000e+01
1603       1.303000000000000000e+03
1603       1.359000000000000000e+03
1603       1.336000000000000000e+03
1604       1.290000000000000000e+02
1604       1.186000000000000000e+03
1604       4.430000000000000000e+02
1604       1.135000000000000000e+03
1604       1.820000000000000000e+02
1605       9.400000000000000000e+01
1605       7.000000000000000000e+01
1605       1.161000000000000000e+03
1605       8.650000000000000000e+02
1605       1.190000000000000000e+03
1605       1.127000000000000000e+03
1605       1.195000000000000000e+03
1605       6.440000000000000000e+02
1605       1.255000000000000000e+03
1605       2.280000000000000000e+02
1605       1.245000000000000000e+03
1605       1.149000000000000000e+03
1605       6.700000000000000000e+01
1605       1.147000000000000000e+03
1606       1.194000000000000000e+03
1606       1.297000000000000000e+03
1606       1.253000000000000000e+03
1606       1.220000000000000000e+03
1606       9.100000000000000000e+01
1606       4.390000000000000000e+02
1606       1.289000000000000000e+03
1606       1.221000000000000000e+03
1606       1.278000000000000000e+03
1606       3.080000000000000000e+02
1606       4.130000000000000000e+02
1606       5.720000000000000000e+02
1606       3.520000000000000000e+02
1607       4.450000000000000000e+02
1607       1.207000000000000000e+03
1607       1.348000000000000000e+03
1607       4.040000000000000000e+02
1607       9.930000000000000000e+02
1607       2.140000000000000000e+02
1607       1.143000000000000000e+03
1607       4.140000000000000000e+02
1607       1.283000000000000000e+03
1607       9.750000000000000000e+02
1607       1.030000000000000000e+03
1608       1.311000000000000000e+03
1608       1.173000000000000000e+03
1608       1.212000000000000000e+03
1608       1.319000000000000000e+03
1608       1.123000000000000000e+03
1608       8.010000000000000000e+02
1608       1.252000000000000000e+03
1608       1.146000000000000000e+03
1608       6.500000000000000000e+02
1608       1.197000000000000000e+03
1608       1.284000000000000000e+03
1608       1.341000000000000000e+03
1608       5.760000000000000000e+02
1608       1.323000000000000000e+03
1608       3.120000000000000000e+02
1608       1.346000000000000000e+03
1609       1.178000000000000000e+03
1609       3.280000000000000000e+02
1609       1.039000000000000000e+03
1609       4.670000000000000000e+02
1609       5.510000000000000000e+02
1609       1.114000000000000000e+03
1609       9.470000000000000000e+02
1609       4.360000000000000000e+02
1609       4.120000000000000000e+02
1609       5.220000000000000000e+02
1609       1.249000000000000000e+03
1609       1.334000000000000000e+03
1609       5.860000000000000000e+02
1610       1.016000000000000000e+03
1610       8.300000000000000000e+02
1610       1.218000000000000000e+03
1610       6.330000000000000000e+02
1610       1.208000000000000000e+03
1610       1.091000000000000000e+03
1610       1.169000000000000000e+03
1610       1.314000000000000000e+03
1611       1.338000000000000000e+03
1611       1.287000000000000000e+03
1611       1.380000000000000000e+02
1611       1.084000000000000000e+03
1611       9.440000000000000000e+02
1612       1.070000000000000000e+03
1612       1.290000000000000000e+03
1612       1.239000000000000000e+03
1612       1.412000000000000000e+03
1612       3.270000000000000000e+02
1612       1.281000000000000000e+03
1612       1.310000000000000000e+03
1612       2.990000000000000000e+02
1613       8.420000000000000000e+02
1613       1.202000000000000000e+03
1613       4.440000000000000000e+02
1613       1.307000000000000000e+03
1613       1.199000000000000000e+03
1613       1.226000000000000000e+03
1613       1.085000000000000000e+03
1613       1.500000000000000000e+01
1613       1.220000000000000000e+03
1613       1.330000000000000000e+03
1613       1.800000000000000000e+02
1613       1.200000000000000000e+03
1614       4.560000000000000000e+02
1614       1.209000000000000000e+03
1614       1.037000000000000000e+03
1614       1.213000000000000000e+03
1614       1.366000000000000000e+03
1614       1.130000000000000000e+03
1614       1.259000000000000000e+03
1614       1.270000000000000000e+03
1614       5.100000000000000000e+01
1614       1.176000000000000000e+03
1614       6.900000000000000000e+01
1614       4.240000000000000000e+02
1614       1.120000000000000000e+03
1614       1.317000000000000000e+03
1615       1.111000000000000000e+03
1615       4.090000000000000000e+02
1615       6.590000000000000000e+02
1615       1.342000000000000000e+03
1615       1.224000000000000000e+03
1615       9.490000000000000000e+02
1615       9.900000000000000000e+02
1616       1.227000000000000000e+03
1616       1.065000000000000000e+03
1616       1.459000000000000000e+03
1616       7.790000000000000000e+02
1616       6.360000000000000000e+02
1616       1.327000000000000000e+03
1616       5.700000000000000000e+02
1616       1.122000000000000000e+03
1616       1.003000000000000000e+03
1616       8.090000000000000000e+02
1616       4.800000000000000000e+01
1616       6.910000000000000000e+02
1616       1.313000000000000000e+03
1616       1.158000000000000000e+03
1616       8.850000000000000000e+02
1616       1.161000000000000000e+03
1616       1.140000000000000000e+03
1616       1.339000000000000000e+03
1616       1.157000000000000000e+03
1616       1.160000000000000000e+02
1616       3.430000000000000000e+02
1616       7.690000000000000000e+02
1617       1.152000000000000000e+03
1617       1.129000000000000000e+03
1617       9.500000000000000000e+01
1617       9.940000000000000000e+02
1617       6.000000000000000000e+02
1617       6.270000000000000000e+02
1617       9.010000000000000000e+02
1617       1.255000000000000000e+03
1617       1.332000000000000000e+03
1617       1.071000000000000000e+03
1618       2.410000000000000000e+02
1618       7.200000000000000000e+02
1618       1.299000000000000000e+03
1618       5.600000000000000000e+02
1618       1.156000000000000000e+03
1618       1.267000000000000000e+03
1619       5.200000000000000000e+01
1619       4.180000000000000000e+02
1619       5.210000000000000000e+02
1619       1.232000000000000000e+03
1619       1.219000000000000000e+03
1619       1.252000000000000000e+03
1619       9.080000000000000000e+02
1619       1.206000000000000000e+03
1619       7.580000000000000000e+02
1619       1.184000000000000000e+03
1619       1.251000000000000000e+03
1620       1.352000000000000000e+03
1620       1.148000000000000000e+03
1620       5.890000000000000000e+02
1620       1.020000000000000000e+03
1620       1.276000000000000000e+03
1620       1.273000000000000000e+03
1620       1.138000000000000000e+03
1620       2.460000000000000000e+02
1620       1.253000000000000000e+03
1620       1.309000000000000000e+03
1620       1.230000000000000000e+03
1620       7.700000000000000000e+02
1620       9.600000000000000000e+01
1620       5.800000000000000000e+02
1621       1.286000000000000000e+03
1621       5.440000000000000000e+02
1621       1.196000000000000000e+03
1621       1.245000000000000000e+03
1621       7.420000000000000000e+02
1622       8.820000000000000000e+02
1622       1.146000000000000000e+03
1622       2.280000000000000000e+02
1622       1.139000000000000000e+03
1622       1.306000000000000000e+03
1622       4.400000000000000000e+01
1622       1.280000000000000000e+03
1622       1.620000000000000000e+02
1623       6.230000000000000000e+02
1623       1.243000000000000000e+03
1623       1.281000000000000000e+03
1623       3.300000000000000000e+01
1623       7.000000000000000000e+01
1623       1.203000000000000000e+03
1624       1.256000000000000000e+03
1624       8.960000000000000000e+02
1624       4.970000000000000000e+02
1624       1.288000000000000000e+03
1624       9.180000000000000000e+02
1624       8.290000000000000000e+02
1624       1.343000000000000000e+03
1624       1.225000000000000000e+03
1624       1.334000000000000000e+03
1624       8.790000000000000000e+02
1625       1.340000000000000000e+03
1625       1.134000000000000000e+03
1625       3.240000000000000000e+02
1625       1.150000000000000000e+03
1625       9.000000000000000000e+01
1625       1.135000000000000000e+03
1626       1.246000000000000000e+03
1626       6.380000000000000000e+02
1626       2.910000000000000000e+02
1626       1.308000000000000000e+03
1626       1.159000000000000000e+03
1626       8.150000000000000000e+02
1626       1.125000000000000000e+03
1626       1.063000000000000000e+03
1626       8.970000000000000000e+02
1626       1.322000000000000000e+03
1626       1.284000000000000000e+03
1626       6.160000000000000000e+02
1626       1.148000000000000000e+03
1626       2.000000000000000000e+01
1626       7.760000000000000000e+02
1626       1.240000000000000000e+03
1626       1.349000000000000000e+03
1626       9.110000000000000000e+02
1626       8.640000000000000000e+02
1626       1.266000000000000000e+03
1627       1.236000000000000000e+03
1627       2.250000000000000000e+02
1627       1.242000000000000000e+03
1627       6.810000000000000000e+02
1627       6.280000000000000000e+02
1627       4.270000000000000000e+02
1627       4.880000000000000000e+02
1627       1.870000000000000000e+02
1627       1.160000000000000000e+03
1627       1.200000000000000000e+02
1627       1.072000000000000000e+03
1627       1.168000000000000000e+03
1627       1.044000000000000000e+03
1627       1.272000000000000000e+03
1628       1.254000000000000000e+03
1628       5.630000000000000000e+02
1628       1.186000000000000000e+03
1628       1.145000000000000000e+03
1628       1.324000000000000000e+03
1628       5.880000000000000000e+02
1628       1.282000000000000000e+03
1628       1.000000000000000000e+03
1628       2.350000000000000000e+02
1628       1.165000000000000000e+03
1629       5.330000000000000000e+02
1629       1.303000000000000000e+03
1629       1.348000000000000000e+03
1629       1.069000000000000000e+03
1629       3.470000000000000000e+02
1629       2.000000000000000000e+00
1629       1.110000000000000000e+02
1629       7.100000000000000000e+01
1629       1.390000000000000000e+02
1629       1.238000000000000000e+03
1629       1.244000000000000000e+03
1629       1.178000000000000000e+03
1630       1.234000000000000000e+03
1630       3.320000000000000000e+02
1630       1.321000000000000000e+03
1630       1.264000000000000000e+03
1630       1.143000000000000000e+03
1631       1.141000000000000000e+03
1631       9.460000000000000000e+02
1631       9.050000000000000000e+02
1631       1.337000000000000000e+03
1631       1.185000000000000000e+03
1631       4.230000000000000000e+02
1631       1.314000000000000000e+03
1631       5.420000000000000000e+02
1631       6.150000000000000000e+02
1631       1.890000000000000000e+02
1631       1.350000000000000000e+03
1631       1.166000000000000000e+03
1631       1.218000000000000000e+03
1632       1.292000000000000000e+03
1632       1.233000000000000000e+03
1632       7.640000000000000000e+02
1632       5.130000000000000000e+02
1632       1.121000000000000000e+03
1632       5.150000000000000000e+02
1632       8.000000000000000000e+02
1632       1.253000000000000000e+03
1632       1.210000000000000000e+03
1632       1.215000000000000000e+03
1632       1.262000000000000000e+03
1632       1.161000000000000000e+03
1632       1.200000000000000000e+03
1633       1.275000000000000000e+03
1633       1.214000000000000000e+03
1633       3.850000000000000000e+02
1633       1.328000000000000000e+03
1633       2.430000000000000000e+02
1633       7.500000000000000000e+02
1633       2.580000000000000000e+02
1633       1.515000000000000000e+03
1633       1.239000000000000000e+03
1633       1.045000000000000000e+03
1633       8.120000000000000000e+02
1633       4.890000000000000000e+02
1633       1.279000000000000000e+03
1633       1.231000000000000000e+03
1633       1.138000000000000000e+03
1633       1.172000000000000000e+03
1633       7.600000000000000000e+02
1633       2.800000000000000000e+02
1634       1.179000000000000000e+03
1634       7.260000000000000000e+02
1634       1.207000000000000000e+03
1634       8.680000000000000000e+02
1634       1.294000000000000000e+03
1634       3.180000000000000000e+02
1634       8.450000000000000000e+02
1634       1.193000000000000000e+03
1634       1.344000000000000000e+03
1634       1.351000000000000000e+03
1635       4.880000000000000000e+02
1635       1.130000000000000000e+03
1635       1.335000000000000000e+03
1635       1.255000000000000000e+03
1635       3.870000000000000000e+02
1635       7.540000000000000000e+02
1635       8.320000000000000000e+02
1635       9.780000000000000000e+02
1636       1.295000000000000000e+03
1636       6.320000000000000000e+02
1636       1.222000000000000000e+03
1636       1.265000000000000000e+03
1636       1.088000000000000000e+03
1636       1.970000000000000000e+02
1636       1.164000000000000000e+03
1636       1.580000000000000000e+02
1636       1.259000000000000000e+03
1636       1.159000000000000000e+03
1636       1.177000000000000000e+03
1637       1.157000000000000000e+03
1637       1.221000000000000000e+03
1637       7.200000000000000000e+01
1637       1.560000000000000000e+02
1637       3.530000000000000000e+02
1637       2.120000000000000000e+02
1637       1.276000000000000000e+03
1637       4.610000000000000000e+02
1637       1.211000000000000000e+03
1637       7.520000000000000000e+02
1637       1.313000000000000000e+03
1637       1.120000000000000000e+03
1637       5.240000000000000000e+02
1637       3.860000000000000000e+02
1638       1.357000000000000000e+03
1638       1.153000000000000000e+03
1638       1.154000000000000000e+03
1638       4.680000000000000000e+02
1638       8.530000000000000000e+02
1638       8.080000000000000000e+02
1638       1.319000000000000000e+03
1638       4.120000000000000000e+02
1638       1.252000000000000000e+03
1638       2.590000000000000000e+02
1638       1.147000000000000000e+03
1638       1.303000000000000000e+03
1638       1.274000000000000000e+03
1638       1.212000000000000000e+03
1638       1.144000000000000000e+03
1638       1.162000000000000000e+03
1639       1.287000000000000000e+03
1639       2.060000000000000000e+02
1639       6.290000000000000000e+02
1639       7.160000000000000000e+02
1639       1.347000000000000000e+03
1639       1.315000000000000000e+03
1639       1.359000000000000000e+03
1639       5.950000000000000000e+02
1639       1.220000000000000000e+02
1639       1.421000000000000000e+03
1639       1.257000000000000000e+03
1639       1.230000000000000000e+03
1639       7.340000000000000000e+02
1639       8.900000000000000000e+02
1639       7.380000000000000000e+02
1639       8.140000000000000000e+02
1639       9.200000000000000000e+01
1640       1.183000000000000000e+03
1640       1.038000000000000000e+03
1640       1.340000000000000000e+03
1641       1.000000000000000000e+03
1641       1.270000000000000000e+03
1641       1.470000000000000000e+02
1641       1.345000000000000000e+03
1641       1.331000000000000000e+03
1641       4.710000000000000000e+02
1641       7.230000000000000000e+02
1641       2.230000000000000000e+02
1641       1.143000000000000000e+03
1641       1.158000000000000000e+03
1642       1.168000000000000000e+03
1642       4.950000000000000000e+02
1642       6.450000000000000000e+02
1642       1.029000000000000000e+03
1642       1.242000000000000000e+03
1642       4.760000000000000000e+02
1642       1.354000000000000000e+03
1642       1.316000000000000000e+03
1642       1.256000000000000000e+03
1643       5.810000000000000000e+02
1643       1.200000000000000000e+02
1643       9.830000000000000000e+02
1643       2.990000000000000000e+02
1643       4.000000000000000000e+01
1643       1.062000000000000000e+03
1643       7.720000000000000000e+02
1643       1.700000000000000000e+02
1643       1.043000000000000000e+03
1643       1.358000000000000000e+03
1643       1.128000000000000000e+03
1643       6.200000000000000000e+01
1643       1.267000000000000000e+03
1643       8.390000000000000000e+02
1643       1.810000000000000000e+02
1643       5.740000000000000000e+02
1643       6.880000000000000000e+02
1643       1.300000000000000000e+03
1643       1.078000000000000000e+03
1643       3.780000000000000000e+02
1643       1.279000000000000000e+03
1644       4.160000000000000000e+02
1644       1.730000000000000000e+02
1644       4.320000000000000000e+02
1644       1.299000000000000000e+03
1644       1.324000000000000000e+03
1644       1.031000000000000000e+03
1644       1.286000000000000000e+03
1644       1.217000000000000000e+03
1644       9.900000000000000000e+02
1644       5.000000000000000000e+01
1644       4.520000000000000000e+02
1644       1.326000000000000000e+03
1644       1.346000000000000000e+03
1644       1.254000000000000000e+03
1644       3.190000000000000000e+02
1644       1.115000000000000000e+03
1644       9.310000000000000000e+02
1645       5.880000000000000000e+02
1645       9.260000000000000000e+02
1645       1.185000000000000000e+03
1645       1.059000000000000000e+03
1645       1.197000000000000000e+03
1645       1.180000000000000000e+03
1645       2.960000000000000000e+02
1645       1.330000000000000000e+02
1645       6.330000000000000000e+02
1645       1.210000000000000000e+03
1645       1.281000000000000000e+03
1645       1.213000000000000000e+03
1645       1.240000000000000000e+03
1645       6.000000000000000000e+00
1645       1.290000000000000000e+03
1645       1.174000000000000000e+03
1645       6.730000000000000000e+02
1645       2.510000000000000000e+02
1645       3.600000000000000000e+02
1645       1.155000000000000000e+03
1645       1.167000000000000000e+03
1646       9.030000000000000000e+02
1646       1.309000000000000000e+03
1646       3.460000000000000000e+02
1646       6.930000000000000000e+02
1646       1.181000000000000000e+03
1646       1.247000000000000000e+03
1646       6.840000000000000000e+02
1646       1.146000000000000000e+03
1646       1.234000000000000000e+03
1646       1.300000000000000000e+02
1647       1.312000000000000000e+03
1647       7.850000000000000000e+02
1647       1.337000000000000000e+03
1647       7.060000000000000000e+02
1647       1.156000000000000000e+03
1647       1.033000000000000000e+03
1647       1.249000000000000000e+03
1647       1.130000000000000000e+03
1647       1.105000000000000000e+03
1647       2.460000000000000000e+02
1647       1.341000000000000000e+03
1648       5.960000000000000000e+02
1648       1.310000000000000000e+03
1648       1.203000000000000000e+03
1648       3.000000000000000000e+02
1648       1.311000000000000000e+03
1648       7.730000000000000000e+02
1648       1.200000000000000000e+03
1648       2.100000000000000000e+02
1648       1.680000000000000000e+02
1648       1.356000000000000000e+03
1648       9.610000000000000000e+02
1648       1.640000000000000000e+02
1648       6.150000000000000000e+02
1649       1.090000000000000000e+02
1649       1.277000000000000000e+03
1649       1.151000000000000000e+03
1649       1.472000000000000000e+03
1649       6.050000000000000000e+02
1649       1.150000000000000000e+02
1649       9.220000000000000000e+02
1649       1.335000000000000000e+03
1649       2.880000000000000000e+02
1649       1.164000000000000000e+03
1650       1.296000000000000000e+03
1650       1.165000000000000000e+03
1650       1.219000000000000000e+03
1650       1.170000000000000000e+03
1650       1.207000000000000000e+03
1650       1.329000000000000000e+03
1650       1.349000000000000000e+03
1650       6.920000000000000000e+02
1650       1.285000000000000000e+03
1650       1.339000000000000000e+03
1650       8.410000000000000000e+02
1650       1.304000000000000000e+03
1650       1.235000000000000000e+03
1650       1.840000000000000000e+02
1651       1.293000000000000000e+03
1651       1.223000000000000000e+03
1651       8.960000000000000000e+02
1651       1.216000000000000000e+03
1651       9.860000000000000000e+02
1651       1.136000000000000000e+03
1652       1.305000000000000000e+03
1652       1.132000000000000000e+03
1652       1.289000000000000000e+03
1652       1.980000000000000000e+02
1652       1.000000000000000000e+02
1653       1.145000000000000000e+03
1653       5.460000000000000000e+02
1653       1.740000000000000000e+02
1653       6.190000000000000000e+02
1653       1.210000000000000000e+03
1653       1.269000000000000000e+03
1653       1.091000000000000000e+03
1653       7.040000000000000000e+02
1653       2.720000000000000000e+02
1653       1.259000000000000000e+03
1653       1.244000000000000000e+03
1653       1.251000000000000000e+03
1654       1.061000000000000000e+03
1654       3.060000000000000000e+02
1654       1.176000000000000000e+03
1654       1.208000000000000000e+03
1654       1.252000000000000000e+03
1654       5.590000000000000000e+02
1654       1.270000000000000000e+03
1654       8.300000000000000000e+02
1654       7.980000000000000000e+02
1654       1.220000000000000000e+03
1654       3.710000000000000000e+02
1654       1.369000000000000000e+03
1654       2.030000000000000000e+02
1654       1.218000000000000000e+03
1654       1.072000000000000000e+03
1654       3.600000000000000000e+02
1655       8.400000000000000000e+01
1655       3.400000000000000000e+01
1655       1.348000000000000000e+03
1655       9.070000000000000000e+02
1655       1.276000000000000000e+03
1655       1.210000000000000000e+02
1655       1.193000000000000000e+03
1655       1.248000000000000000e+03
1655       4.520000000000000000e+02
1655       1.326000000000000000e+03
1655       1.011000000000000000e+03
1655       1.226000000000000000e+03
1655       1.070000000000000000e+02
1655       1.153000000000000000e+03
1655       4.110000000000000000e+02
1656       5.270000000000000000e+02
1656       9.960000000000000000e+02
1656       2.220000000000000000e+02
1656       1.257000000000000000e+03
1656       1.233000000000000000e+03
1656       1.189000000000000000e+03
1656       1.169000000000000000e+03
1656       4.700000000000000000e+02
1656       1.265000000000000000e+03
1656       2.060000000000000000e+02
1656       1.320000000000000000e+03
1656       1.123000000000000000e+03
1656       1.185000000000000000e+03
1656       6.630000000000000000e+02
1657       3.000000000000000000e+00
1657       1.155000000000000000e+03
1657       1.263000000000000000e+03
1657       1.256000000000000000e+03
1657       1.255000000000000000e+03
1657       2.260000000000000000e+02
1657       1.209000000000000000e+03
1657       1.008000000000000000e+03
1657       6.470000000000000000e+02
1657       1.292000000000000000e+03
1657       1.195000000000000000e+03
1658       1.950000000000000000e+02
1658       1.234000000000000000e+03
1658       1.346000000000000000e+03
1658       7.270000000000000000e+02
1658       5.230000000000000000e+02
1659       8.170000000000000000e+02
1659       3.240000000000000000e+02
1659       1.333000000000000000e+03
1659       1.222000000000000000e+03
1659       7.720000000000000000e+02
1659       1.280000000000000000e+03
1659       1.009000000000000000e+03
1659       1.127000000000000000e+03
1659       1.321000000000000000e+03
1659       5.140000000000000000e+02
1659       3.520000000000000000e+02
1660       3.930000000000000000e+02
1660       1.357000000000000000e+03
1660       1.231000000000000000e+03
1660       7.120000000000000000e+02
1660       1.331000000000000000e+03
1660       3.380000000000000000e+02
1660       1.236000000000000000e+03
1661       1.038000000000000000e+03
1661       3.400000000000000000e+02
1661       1.171000000000000000e+03
1661       1.192000000000000000e+03
1661       1.342000000000000000e+03
1661       9.220000000000000000e+02
1661       1.221000000000000000e+03
1661       5.080000000000000000e+02
1662       4.620000000000000000e+02
1662       1.238000000000000000e+03
1662       1.358000000000000000e+03
1662       1.290000000000000000e+02
1662       1.359000000000000000e+03
1662       1.314000000000000000e+03
1662       1.341000000000000000e+03
1662       5.600000000000000000e+01
1662       1.300000000000000000e+02
1662       7.520000000000000000e+02
1662       1.242000000000000000e+03
1662       4.150000000000000000e+02
1663       5.530000000000000000e+02
1663       2.730000000000000000e+02
1663       1.304000000000000000e+03
1663       1.132000000000000000e+03
1663       1.431000000000000000e+03
1663       1.056000000000000000e+03
1663       1.214000000000000000e+03
1663       1.352000000000000000e+03
1663       8.860000000000000000e+02
1663       1.116000000000000000e+03
1663       1.227000000000000000e+03
1664       1.277000000000000000e+03
1664       1.170000000000000000e+03
1664       1.356000000000000000e+03
1664       6.490000000000000000e+02
1664       1.205000000000000000e+03
1664       3.810000000000000000e+02
1664       2.130000000000000000e+02
1664       1.109000000000000000e+03
1665       5.700000000000000000e+02
1665       1.570000000000000000e+03
1665       9.250000000000000000e+02
1665       1.099000000000000000e+03
1665       1.125000000000000000e+03
1665       1.253000000000000000e+03
1665       9.280000000000000000e+02
1665       1.220000000000000000e+03
1665       1.315000000000000000e+03
1665       8.000000000000000000e+01
1665       1.000000000000000000e+00
1665       1.229000000000000000e+03
1665       1.506000000000000000e+03
1666       2.930000000000000000e+02
1666       4.160000000000000000e+02
1666       3.100000000000000000e+02
1666       1.076000000000000000e+03
1666       1.266000000000000000e+03
1666       1.340000000000000000e+03
1666       5.340000000000000000e+02
1666       1.282000000000000000e+03
1666       9.030000000000000000e+02
1666       1.202000000000000000e+03
1666       1.350000000000000000e+03
1666       1.213000000000000000e+03
1667       1.173000000000000000e+03
1667       1.318000000000000000e+03
1667       1.147000000000000000e+03
1667       1.271000000000000000e+03
1667       1.273000000000000000e+03
1667       9.890000000000000000e+02
1667       7.750000000000000000e+02
1667       1.258000000000000000e+03
1667       1.210000000000000000e+03
1667       2.370000000000000000e+02
1667       1.257000000000000000e+03
1667       1.338000000000000000e+03
1667       1.279000000000000000e+03
1668       1.188000000000000000e+03
1668       1.100000000000000000e+01
1668       9.850000000000000000e+02
1668       1.269000000000000000e+03
1668       1.267000000000000000e+03
1668       1.274000000000000000e+03
1668       2.220000000000000000e+02
1668       9.540000000000000000e+02
1668       1.126000000000000000e+03
1668       1.120000000000000000e+03
1668       1.211000000000000000e+03
1669       7.240000000000000000e+02
1669       1.226000000000000000e+03
1669       9.440000000000000000e+02
1669       1.123000000000000000e+03
1669       9.430000000000000000e+02
1669       9.500000000000000000e+01
1669       1.309000000000000000e+03
1669       1.400000000000000000e+01
1669       1.239000000000000000e+03
1669       1.232000000000000000e+03
1669       7.490000000000000000e+02
1669       4.520000000000000000e+02
1669       1.287000000000000000e+03
1669       1.276000000000000000e+03
1670       1.329000000000000000e+03
1670       5.010000000000000000e+02
1670       1.322000000000000000e+03
1670       1.270000000000000000e+03
1670       1.246000000000000000e+03
1670       7.480000000000000000e+02
1670       4.410000000000000000e+02
1670       1.140000000000000000e+02
1671       1.161000000000000000e+03
1671       5.330000000000000000e+02
1671       1.057000000000000000e+03
1671       1.092000000000000000e+03
1671       1.103000000000000000e+03
1671       6.480000000000000000e+02
1671       1.320000000000000000e+03
1671       1.130000000000000000e+03
1671       1.165000000000000000e+03
1671       1.458000000000000000e+03
1671       3.350000000000000000e+02
1671       1.249000000000000000e+03
1671       3.860000000000000000e+02
1671       1.215000000000000000e+03
1671       7.310000000000000000e+02
1671       1.597000000000000000e+03
1672       4.430000000000000000e+02
1672       1.310000000000000000e+02
1672       3.890000000000000000e+02
1672       2.580000000000000000e+02
1672       7.850000000000000000e+02
1672       1.158000000000000000e+03
1672       1.376000000000000000e+03
1672       1.236000000000000000e+03
1672       1.285000000000000000e+03
1672       1.344000000000000000e+03
1672       8.610000000000000000e+02
1672       3.850000000000000000e+02
1672       1.237000000000000000e+03
1672       1.263000000000000000e+03
1672       1.245000000000000000e+03
1672       1.327000000000000000e+03
1672       6.000000000000000000e+00
1672       2.400000000000000000e+02
1672       6.660000000000000000e+02
1672       1.200000000000000000e+03
1672       1.275000000000000000e+03
1672       1.740000000000000000e+02
1672       3.370000000000000000e+02
1672       1.256000000000000000e+03
1672       8.700000000000000000e+01
1673       1.310000000000000000e+03
1673       1.650000000000000000e+02
1673       5.710000000000000000e+02
1673       6.710000000000000000e+02
1673       1.192000000000000000e+03
1673       1.203000000000000000e+03
1673       1.480000000000000000e+02
1673       1.143000000000000000e+03
1673       3.650000000000000000e+02
1673       1.142000000000000000e+03
1673       9.920000000000000000e+02
1673       7.100000000000000000e+01
1673       1.349000000000000000e+03
1673       1.234000000000000000e+03
1673       1.183000000000000000e+03
1673       3.580000000000000000e+02
1673       1.178000000000000000e+03
1674       1.355000000000000000e+03
1674       8.310000000000000000e+02
1674       1.152000000000000000e+03
1674       3.260000000000000000e+02
1674       3.310000000000000000e+02
1674       6.220000000000000000e+02
1674       1.328000000000000000e+03
1674       6.990000000000000000e+02
1674       8.360000000000000000e+02
1674       1.200000000000000000e+01
1674       1.280000000000000000e+03
1674       1.145000000000000000e+03
1675       1.343000000000000000e+03
1675       1.030000000000000000e+02
1675       1.325000000000000000e+03
1675       1.760000000000000000e+02
1675       1.230000000000000000e+03
1675       5.620000000000000000e+02
1675       3.050000000000000000e+02
1675       1.240000000000000000e+02
1675       9.750000000000000000e+02
1675       1.262000000000000000e+03
1675       1.254000000000000000e+03
1675       7.250000000000000000e+02
1675       1.135000000000000000e+03
1675       2.390000000000000000e+02
1675       1.069000000000000000e+03
1675       1.179000000000000000e+03
1675       9.660000000000000000e+02
1676       4.700000000000000000e+01
1676       1.082000000000000000e+03
1676       9.100000000000000000e+01
1676       2.640000000000000000e+02
1676       1.040000000000000000e+03
1676       1.383000000000000000e+03
1676       1.316000000000000000e+03
1676       1.241000000000000000e+03
1676       8.920000000000000000e+02
1676       4.230000000000000000e+02
1676       5.820000000000000000e+02
1676       1.281000000000000000e+03
1677       1.243000000000000000e+03
1677       2.350000000000000000e+02
1677       1.305000000000000000e+03
1677       5.450000000000000000e+02
1677       1.207000000000000000e+03
1677       1.345000000000000000e+03
1677       1.293000000000000000e+03
1677       1.283000000000000000e+03
1677       1.149000000000000000e+03
1677       1.231000000000000000e+03
1677       1.233000000000000000e+03
1677       1.333000000000000000e+03
1678       1.850000000000000000e+02
1678       8.730000000000000000e+02
1678       1.197000000000000000e+03
1678       1.860000000000000000e+02
1678       1.288000000000000000e+03
1678       3.540000000000000000e+02
1678       1.255000000000000000e+03
1678       8.390000000000000000e+02
1678       5.220000000000000000e+02
1678       1.141000000000000000e+03
1678       1.008000000000000000e+03
1678       1.171000000000000000e+03
1678       3.960000000000000000e+02
1678       1.265000000000000000e+03
1678       1.051000000000000000e+03
1678       1.164000000000000000e+03
1678       1.137000000000000000e+03
1679       5.540000000000000000e+02
1679       7.500000000000000000e+02
1679       1.162000000000000000e+03
1679       1.900000000000000000e+02
1679       1.550000000000000000e+02
1679       2.710000000000000000e+02
1679       1.291000000000000000e+03
1679       6.890000000000000000e+02
1679       1.313000000000000000e+03
1679       6.510000000000000000e+02
1679       1.318000000000000000e+03
1679       1.260000000000000000e+03
1679       1.306000000000000000e+03
1679       1.290000000000000000e+02
1679       1.138000000000000000e+03
1679       1.330000000000000000e+02
1679       7.470000000000000000e+02
1679       1.334000000000000000e+03
1679       1.050000000000000000e+02
1679       5.660000000000000000e+02
1680       5.280000000000000000e+02
1680       9.430000000000000000e+02
1680       1.154000000000000000e+03
1680       1.890000000000000000e+02
1680       6.700000000000000000e+02
1680       1.223000000000000000e+03
1680       1.600000000000000000e+02
1680       1.210000000000000000e+03
1680       5.100000000000000000e+02
1680       4.730000000000000000e+02
1680       5.910000000000000000e+02
1680       1.187000000000000000e+03
1680       2.980000000000000000e+02
1680       1.190000000000000000e+03
1680       8.270000000000000000e+02
1680       1.120000000000000000e+03
1680       9.150000000000000000e+02
1680       6.010000000000000000e+02
1680       3.290000000000000000e+02
1680       1.144000000000000000e+03
1680       1.950000000000000000e+02
1680       1.250000000000000000e+02
1680       1.342000000000000000e+03
1680       1.266000000000000000e+03
1680       1.324000000000000000e+03
1680       1.194000000000000000e+03
1680       9.830000000000000000e+02
1681       8.060000000000000000e+02
1681       1.098000000000000000e+03
1681       8.050000000000000000e+02
1681       8.340000000000000000e+02
1681       1.275000000000000000e+03
1682       1.523000000000000000e+03
1682       2.270000000000000000e+02
1682       1.259000000000000000e+03
1682       2.790000000000000000e+02
1682       1.147000000000000000e+03
1682       1.308000000000000000e+03
1682       9.330000000000000000e+02
1682       1.287000000000000000e+03
1683       1.238000000000000000e+03
1683       6.620000000000000000e+02
1683       2.800000000000000000e+02
1683       6.270000000000000000e+02
1683       7.900000000000000000e+02
1683       8.500000000000000000e+01
1683       1.212000000000000000e+03
1683       1.226000000000000000e+03
1683       1.177000000000000000e+03
1683       1.227000000000000000e+03
1683       5.720000000000000000e+02
1683       1.225000000000000000e+03
1683       2.330000000000000000e+02
1683       4.850000000000000000e+02
1683       9.810000000000000000e+02
1683       1.140000000000000000e+02
1683       3.130000000000000000e+02
1684       7.670000000000000000e+02
1684       5.150000000000000000e+02
1684       1.128000000000000000e+03
1684       1.289000000000000000e+03
1684       1.195000000000000000e+03
1684       1.000000000000000000e+02
1684       1.253000000000000000e+03
1685       1.027000000000000000e+03
1685       6.150000000000000000e+02
1685       1.133000000000000000e+03
1685       1.261000000000000000e+03
1685       1.206000000000000000e+03
1685       8.860000000000000000e+02
1685       1.214000000000000000e+03
1685       1.175000000000000000e+03
1685       1.351000000000000000e+03
1685       1.910000000000000000e+02
1685       1.980000000000000000e+02
1685       1.126000000000000000e+03
1685       1.163000000000000000e+03
1685       1.182000000000000000e+03
1685       7.590000000000000000e+02
1685       6.980000000000000000e+02
1685       3.240000000000000000e+02
1685       3.110000000000000000e+02
1685       7.820000000000000000e+02
1686       1.295000000000000000e+03
1686       1.160000000000000000e+02
1686       1.305000000000000000e+03
1686       1.320000000000000000e+03
1686       5.500000000000000000e+01
1686       8.790000000000000000e+02
1686       1.173000000000000000e+03
1686       1.589000000000000000e+03
1686       7.440000000000000000e+02
1686       1.347000000000000000e+03
1686       1.338000000000000000e+03
1686       6.970000000000000000e+02
1686       1.269000000000000000e+03
1686       1.495000000000000000e+03
1686       4.800000000000000000e+02
1686       1.169000000000000000e+03
1686       1.081000000000000000e+03
1686       6.550000000000000000e+02
1686       1.251000000000000000e+03
1687       6.390000000000000000e+02
1687       1.000000000000000000e+01
1687       1.130000000000000000e+03
1687       1.335000000000000000e+03
1687       1.300000000000000000e+03
1687       1.079000000000000000e+03
1687       1.297000000000000000e+03
1687       7.260000000000000000e+02
1687       1.317000000000000000e+03
1687       1.135000000000000000e+03
1687       1.204000000000000000e+03
1687       6.500000000000000000e+02
1687       7.000000000000000000e+02
1687       8.640000000000000000e+02
1687       1.319000000000000000e+03
1687       4.260000000000000000e+02
1687       1.244000000000000000e+03
1688       1.296000000000000000e+03
1688       1.218000000000000000e+03
1688       1.020000000000000000e+02
1688       3.100000000000000000e+01
1688       7.720000000000000000e+02
1688       1.298000000000000000e+03
1688       3.470000000000000000e+02
1688       1.252000000000000000e+03
1688       1.178000000000000000e+03
1688       6.040000000000000000e+02
1688       1.333000000000000000e+03
1689       1.131000000000000000e+03
1689       1.246000000000000000e+03
1689       1.474000000000000000e+03
1689       2.310000000000000000e+02
1689       1.201000000000000000e+03
1689       1.146000000000000000e+03
1689       1.180000000000000000e+03
1689       3.790000000000000000e+02
1689       1.044000000000000000e+03
1689       3.580000000000000000e+02
1689       2.130000000000000000e+02
1689       1.354000000000000000e+03
1689       1.301000000000000000e+03
1690       6.100000000000000000e+01
1690       1.164000000000000000e+03
1690       1.257000000000000000e+03
1690       1.168000000000000000e+03
1690       1.162000000000000000e+03
1690       1.203000000000000000e+03
1690       9.800000000000000000e+01
1690       1.328000000000000000e+03
1690       1.136000000000000000e+03
1690       1.177000000000000000e+03
1691       9.740000000000000000e+02
1691       8.380000000000000000e+02
1691       9.410000000000000000e+02
1691       4.420000000000000000e+02
1691       5.160000000000000000e+02
1691       6.200000000000000000e+02
1691       2.000000000000000000e+01
1691       8.410000000000000000e+02
1691       7.890000000000000000e+02
1691       9.420000000000000000e+02
1691       5.250000000000000000e+02
1691       1.134000000000000000e+03
1691       2.530000000000000000e+02
1691       5.630000000000000000e+02
1691       1.332000000000000000e+03
1691       5.580000000000000000e+02
1691       1.460000000000000000e+02
1692       2.800000000000000000e+01
1692       8.200000000000000000e+01
1692       5.850000000000000000e+02
1692       1.271000000000000000e+03
1692       1.188000000000000000e+03
1692       1.356000000000000000e+03
1692       1.302000000000000000e+03
1692       1.247000000000000000e+03
1692       1.207000000000000000e+03
1692       1.050000000000000000e+03
1693       4.600000000000000000e+02
1693       6.030000000000000000e+02
1693       7.290000000000000000e+02
1693       1.270000000000000000e+02
1693       1.198000000000000000e+03
1693       1.143000000000000000e+03
1693       1.358000000000000000e+03
1693       4.760000000000000000e+02
1693       1.486000000000000000e+03
1693       1.519000000000000000e+03
1693       1.053000000000000000e+03
1693       7.740000000000000000e+02
1693       1.285000000000000000e+03
1693       1.310000000000000000e+03
1694       5.120000000000000000e+02
1694       1.093000000000000000e+03
1694       1.284000000000000000e+03
1694       5.390000000000000000e+02
1694       1.286000000000000000e+03
1694       1.630000000000000000e+02
1694       6.130000000000000000e+02
1694       1.167000000000000000e+03
1694       1.283000000000000000e+03
1694       8.820000000000000000e+02
1694       1.222000000000000000e+03
1694       1.170000000000000000e+03
1694       9.460000000000000000e+02
1694       3.680000000000000000e+02
1694       9.630000000000000000e+02
1694       1.312000000000000000e+03
1694       1.750000000000000000e+02
1694       1.205000000000000000e+03
1694       9.000000000000000000e+00
1694       1.039000000000000000e+03
1695       4.830000000000000000e+02
1695       1.196000000000000000e+03
1695       1.260000000000000000e+02
1695       1.070000000000000000e+02
1695       1.520000000000000000e+02
1695       8.120000000000000000e+02
1695       1.334000000000000000e+03
1695       8.750000000000000000e+02
1695       3.530000000000000000e+02
1695       1.229000000000000000e+03
1695       1.220000000000000000e+02
1695       1.323000000000000000e+03
1695       8.990000000000000000e+02
1696       1.272000000000000000e+03
1696       1.174000000000000000e+03
1696       1.330000000000000000e+02
1696       1.306000000000000000e+03
1696       1.158000000000000000e+03
1696       1.094000000000000000e+03
1696       7.980000000000000000e+02
1696       1.027000000000000000e+03
1696       5.500000000000000000e+01
1696       1.337000000000000000e+03
1696       1.341000000000000000e+03
1696       1.126000000000000000e+03
1696       1.139000000000000000e+03
1696       1.110000000000000000e+03
1696       1.353000000000000000e+03
1697       5.420000000000000000e+02
1697       1.237000000000000000e+03
1697       1.163000000000000000e+03
1697       1.292000000000000000e+03
1697       3.640000000000000000e+02
1697       1.317000000000000000e+03
1697       1.265000000000000000e+03
1697       7.010000000000000000e+02
1697       1.327000000000000000e+03
1697       1.253000000000000000e+03
1697       1.197000000000000000e+03
1697       7.680000000000000000e+02
1698       4.660000000000000000e+02
1698       1.210000000000000000e+03
1698       1.255000000000000000e+03
1698       4.450000000000000000e+02
1698       6.040000000000000000e+02
1698       1.239000000000000000e+03
1698       1.192000000000000000e+03
1698       1.280000000000000000e+03
1698       1.300000000000000000e+03
1698       1.290000000000000000e+03
1698       9.870000000000000000e+02
1698       1.123000000000000000e+03
1698       1.160000000000000000e+03
1698       1.404000000000000000e+03
1699       4.890000000000000000e+02
1699       1.359000000000000000e+03
1699       4.440000000000000000e+02
1699       6.050000000000000000e+02
1699       8.630000000000000000e+02
1699       1.116000000000000000e+03
1699       6.070000000000000000e+02
1699       3.890000000000000000e+02
1699       1.345000000000000000e+03
1699       8.130000000000000000e+02
1699       8.340000000000000000e+02
1699       1.500000000000000000e+01
1699       1.511000000000000000e+03
1699       1.315000000000000000e+03
1699       1.200000000000000000e+03
1699       1.293000000000000000e+03
1699       5.560000000000000000e+02
1699       1.238000000000000000e+03
1699       1.311000000000000000e+03
1699       1.155000000000000000e+03
1699       1.331000000000000000e+03
1700       3.000000000000000000e+01
1700       1.144000000000000000e+03
1700       1.233000000000000000e+03
1700       1.122000000000000000e+03
1700       4.970000000000000000e+02
1700       1.351000000000000000e+03
1700       1.355000000000000000e+03
1700       9.900000000000000000e+01
1700       1.241000000000000000e+03
1700       1.400000000000000000e+01
1701       1.137000000000000000e+03
1701       3.700000000000000000e+01
1701       4.170000000000000000e+02
1701       1.235000000000000000e+03
1701       1.261000000000000000e+03
1701       1.328000000000000000e+03
1701       9.590000000000000000e+02
1701       2.950000000000000000e+02
1701       2.310000000000000000e+02
1701       1.105000000000000000e+03
1701       1.193000000000000000e+03
1701       1.185000000000000000e+03
1701       1.152000000000000000e+03
1701       1.250000000000000000e+03
1701       7.590000000000000000e+02
1702       1.227000000000000000e+03
1702       1.204000000000000000e+03
1702       1.182000000000000000e+03
1702       1.161000000000000000e+03
1702       1.180000000000000000e+03
1702       1.244000000000000000e+03
1702       1.279000000000000000e+03
1702       1.230000000000000000e+03
1702       1.211000000000000000e+03
1702       7.640000000000000000e+02
1702       1.600000000000000000e+02
1702       1.212000000000000000e+03
1702       1.426000000000000000e+03
1702       1.258000000000000000e+03
1702       9.700000000000000000e+01
1702       1.140000000000000000e+03
1702       1.264000000000000000e+03
1702       5.840000000000000000e+02
1702       1.335000000000000000e+03
1702       6.920000000000000000e+02
1702       1.166000000000000000e+03
1702       1.145000000000000000e+03
1702       1.226000000000000000e+03
1702       8.200000000000000000e+02
1702       1.030000000000000000e+02
1703       1.332000000000000000e+03
1703       3.840000000000000000e+02
1703       1.221000000000000000e+03
1703       2.150000000000000000e+02
1703       1.224000000000000000e+03
1703       3.310000000000000000e+02
1703       2.290000000000000000e+02
1703       1.308000000000000000e+03
1703       1.415000000000000000e+03
1703       8.500000000000000000e+01
1703       1.299000000000000000e+03
1703       1.346000000000000000e+03
1703       2.420000000000000000e+02
1703       5.950000000000000000e+02
1703       1.324000000000000000e+03
1703       2.660000000000000000e+02
1703       1.232000000000000000e+03
1703       1.256000000000000000e+03
1703       4.470000000000000000e+02
1703       4.030000000000000000e+02
1703       1.176000000000000000e+03
1703       1.225000000000000000e+03
1703       9.390000000000000000e+02
1704       1.206000000000000000e+03
1704       2.300000000000000000e+02
1704       4.620000000000000000e+02
1704       1.323000000000000000e+03
1704       5.870000000000000000e+02
1704       9.650000000000000000e+02
1704       9.730000000000000000e+02
1705       8.010000000000000000e+02
1705       7.480000000000000000e+02
1705       1.148000000000000000e+03
1705       1.700000000000000000e+01
1705       2.970000000000000000e+02
1705       3.420000000000000000e+02
1705       7.800000000000000000e+02
1705       9.620000000000000000e+02
1705       7.100000000000000000e+02
1705       1.461000000000000000e+03
1705       1.183000000000000000e+03
1705       1.340000000000000000e+03
1705       6.470000000000000000e+02
1705       1.267000000000000000e+03
1705       1.153000000000000000e+03
1705       1.287000000000000000e+03
1706       6.710000000000000000e+02
1706       1.850000000000000000e+02
1706       1.147000000000000000e+03
1706       7.360000000000000000e+02
1706       1.810000000000000000e+02
1706       3.640000000000000000e+02
1706       1.231000000000000000e+03
1706       4.200000000000000000e+02
1706       7.240000000000000000e+02
1706       3.440000000000000000e+02
1706       1.333000000000000000e+03
1706       2.930000000000000000e+02
1706       1.344000000000000000e+03
1706       1.454000000000000000e+03
1706       4.650000000000000000e+02
1706       1.268000000000000000e+03
1706       1.191000000000000000e+03
1706       1.201000000000000000e+03
1706       9.570000000000000000e+02
1706       1.257000000000000000e+03
1706       1.146000000000000000e+03
1706       1.342000000000000000e+03
1706       5.130000000000000000e+02
1706       9.120000000000000000e+02
1706       7.910000000000000000e+02
1706       1.089000000000000000e+03
1706       5.150000000000000000e+02
1706       1.157000000000000000e+03
1707       1.309000000000000000e+03
1707       5.500000000000000000e+02
1707       1.118000000000000000e+03
1707       2.560000000000000000e+02
1707       1.259000000000000000e+03
1707       0.000000000000000000e+00
1707       5.350000000000000000e+02
1707       4.050000000000000000e+02
1707       9.960000000000000000e+02
1707       1.135000000000000000e+03
1707       1.187000000000000000e+03
1707       1.234000000000000000e+03
1708       1.343000000000000000e+03
1708       8.640000000000000000e+02
1708       2.610000000000000000e+02
1708       1.242000000000000000e+03
1709       2.340000000000000000e+02
1709       7.220000000000000000e+02
1709       1.310000000000000000e+03
1709       6.810000000000000000e+02
1709       3.130000000000000000e+02
1709       1.229000000000000000e+03
1709       1.127000000000000000e+03
1709       6.060000000000000000e+02
1710       1.179000000000000000e+03
1710       2.840000000000000000e+02
1710       4.090000000000000000e+02
1710       1.069000000000000000e+03
1710       3.790000000000000000e+02
1710       1.181000000000000000e+03
1710       9.550000000000000000e+02
1710       6.440000000000000000e+02
1710       5.400000000000000000e+02
1710       1.367000000000000000e+03
1710       7.320000000000000000e+02
1710       3.830000000000000000e+02
1710       7.840000000000000000e+02
1710       1.311000000000000000e+03
1710       1.327000000000000000e+03
1711       1.184000000000000000e+03
1711       6.730000000000000000e+02
1711       1.325000000000000000e+03
1711       4.870000000000000000e+02
1711       3.600000000000000000e+02
1711       1.060000000000000000e+02
1711       5.460000000000000000e+02
1711       4.810000000000000000e+02
1711       9.490000000000000000e+02
1711       1.318000000000000000e+03
1711       1.304000000000000000e+03
1712       1.077000000000000000e+03
1712       1.291000000000000000e+03
1712       1.247000000000000000e+03
1712       1.166000000000000000e+03
1712       1.164000000000000000e+03
1712       6.690000000000000000e+02
1712       5.440000000000000000e+02
1712       9.130000000000000000e+02
1712       1.126000000000000000e+03
1713       1.171000000000000000e+03
1713       8.170000000000000000e+02
1713       1.510000000000000000e+02
1713       5.000000000000000000e+00
1713       4.580000000000000000e+02
1713       1.269000000000000000e+03
1713       1.016000000000000000e+03
1713       1.057000000000000000e+03
1713       2.820000000000000000e+02
1713       1.243000000000000000e+03
1713       1.870000000000000000e+02
1714       1.307000000000000000e+03
1714       1.195000000000000000e+03
1714       1.186000000000000000e+03
1714       2.510000000000000000e+02
1714       6.400000000000000000e+01
1714       1.196000000000000000e+03
1714       9.800000000000000000e+01
1714       9.210000000000000000e+02
1714       9.950000000000000000e+02
1714       1.182000000000000000e+03
1714       1.050000000000000000e+02
1714       7.210000000000000000e+02
1714       5.200000000000000000e+02
1714       5.650000000000000000e+02
1715       1.347000000000000000e+03
1715       1.357000000000000000e+03
1715       3.200000000000000000e+01
1715       8.010000000000000000e+02
1715       1.329000000000000000e+03
1715       1.121000000000000000e+03
1715       1.124000000000000000e+03
1715       1.524000000000000000e+03
1715       7.370000000000000000e+02
1715       1.112000000000000000e+03
1715       1.241000000000000000e+03
1715       3.500000000000000000e+01
1715       6.140000000000000000e+02
1715       1.300000000000000000e+03
1715       1.560000000000000000e+02
1715       1.200000000000000000e+03
1715       2.180000000000000000e+02
1715       5.720000000000000000e+02
1715       1.132000000000000000e+03
1715       1.001000000000000000e+03
1715       2.310000000000000000e+02
1715       1.468000000000000000e+03
1715       3.000000000000000000e+01
1715       1.330000000000000000e+03
1715       7.910000000000000000e+02
1715       1.018000000000000000e+03
1716       5.980000000000000000e+02
1716       9.460000000000000000e+02
1716       9.560000000000000000e+02
1716       1.239000000000000000e+03
1716       1.294000000000000000e+03
1716       2.620000000000000000e+02
1716       1.172000000000000000e+03
1716       1.561000000000000000e+03
1716       1.183000000000000000e+03
1716       1.173000000000000000e+03
1716       1.191000000000000000e+03
1716       1.096000000000000000e+03
1717       6.200000000000000000e+01
1717       1.205000000000000000e+03
1717       1.340000000000000000e+02
1717       4.040000000000000000e+02
1717       1.287000000000000000e+03
1717       8.930000000000000000e+02
1717       1.274000000000000000e+03
1717       9.720000000000000000e+02
1717       9.970000000000000000e+02
1717       6.500000000000000000e+01
1717       4.700000000000000000e+02
1717       7.710000000000000000e+02
1717       1.880000000000000000e+02
1717       5.970000000000000000e+02
1717       9.280000000000000000e+02
1717       1.420000000000000000e+02
1718       2.430000000000000000e+02
1718       2.730000000000000000e+02
1718       1.250000000000000000e+03
1718       1.007000000000000000e+03
1718       1.170000000000000000e+03
1718       1.234000000000000000e+03
1718       6.020000000000000000e+02
1718       4.800000000000000000e+01
1718       1.332000000000000000e+03
1719       1.343000000000000000e+03
1719       1.125000000000000000e+03
1719       4.940000000000000000e+02
1719       2.170000000000000000e+02
1719       1.680000000000000000e+02
1719       1.109000000000000000e+03
1719       4.850000000000000000e+02
1719       1.218000000000000000e+03
1719       1.264000000000000000e+03
1719       1.920000000000000000e+02
1719       1.299000000000000000e+03
1719       1.750000000000000000e+02
1719       9.470000000000000000e+02
1719       7.330000000000000000e+02
1719       2.220000000000000000e+02
1719       3.820000000000000000e+02
1719       1.108000000000000000e+03
1719       1.342000000000000000e+03
1719       1.280000000000000000e+02
1719       7.420000000000000000e+02
1719       1.266000000000000000e+03
1719       1.352000000000000000e+03
1719       1.321000000000000000e+03
1719       9.790000000000000000e+02
1719       9.900000000000000000e+01
1720       1.175000000000000000e+03
1720       1.240000000000000000e+02
1720       7.030000000000000000e+02
1720       1.550000000000000000e+02
1720       2.370000000000000000e+02
1720       5.290000000000000000e+02
1720       1.208000000000000000e+03
1720       1.100000000000000000e+01
1720       1.190000000000000000e+03
1720       5.350000000000000000e+02
1720       1.470000000000000000e+02
1720       9.000000000000000000e+00
1720       5.570000000000000000e+02
1720       1.162000000000000000e+03
1720       1.275000000000000000e+03
1720       1.255000000000000000e+03
1720       1.353000000000000000e+03
1720       6.190000000000000000e+02
1720       1.100000000000000000e+02
1720       5.790000000000000000e+02
1720       6.900000000000000000e+02
1720       4.320000000000000000e+02
1721       8.180000000000000000e+02
1721       4.150000000000000000e+02
1721       1.093000000000000000e+03
1722       6.710000000000000000e+02
1722       1.213000000000000000e+03
1722       3.900000000000000000e+02
1722       9.990000000000000000e+02
1722       1.022000000000000000e+03
1722       2.840000000000000000e+02
1722       1.165000000000000000e+03
1722       1.207000000000000000e+03
1722       1.303000000000000000e+03
1722       1.129000000000000000e+03
1722       1.570000000000000000e+02
1722       1.283000000000000000e+03
1723       1.226000000000000000e+03
1723       5.610000000000000000e+02
1723       1.148000000000000000e+03
1723       1.480000000000000000e+02
1723       2.580000000000000000e+02
1723       4.310000000000000000e+02
1723       2.660000000000000000e+02
1723       1.102000000000000000e+03
1723       1.710000000000000000e+02
1723       1.161000000000000000e+03
1723       4.300000000000000000e+02
1723       1.248000000000000000e+03
1724       3.270000000000000000e+02
1724       8.670000000000000000e+02
1724       5.170000000000000000e+02
1724       1.090000000000000000e+03
1724       3.150000000000000000e+02
1724       2.600000000000000000e+01
1724       1.260000000000000000e+03
1724       7.150000000000000000e+02
1724       6.510000000000000000e+02
1725       4.260000000000000000e+02
1725       1.146000000000000000e+03
1725       1.290000000000000000e+03
1725       1.259000000000000000e+03
1726       3.170000000000000000e+02
1726       1.166000000000000000e+03
1726       1.176000000000000000e+03
1726       1.900000000000000000e+02
1726       0.000000000000000000e+00
1726       9.050000000000000000e+02
1726       8.790000000000000000e+02
1726       9.520000000000000000e+02
1726       5.800000000000000000e+01
1726       1.325000000000000000e+03
1726       4.160000000000000000e+02
1726       5.250000000000000000e+02
1726       1.261000000000000000e+03
1726       4.370000000000000000e+02
1726       1.350000000000000000e+02
1726       1.730000000000000000e+02
1727       1.271000000000000000e+03
1727       6.490000000000000000e+02
1727       1.326000000000000000e+03
1727       1.245000000000000000e+03
1727       8.190000000000000000e+02
1727       7.580000000000000000e+02
1727       7.230000000000000000e+02
1728       2.270000000000000000e+02
1728       1.195000000000000000e+03
1728       6.330000000000000000e+02
1728       1.210000000000000000e+03
1728       2.560000000000000000e+02
1728       1.202000000000000000e+03
1728       1.133000000000000000e+03
1728       1.740000000000000000e+02
1728       1.339000000000000000e+03
1728       1.302000000000000000e+03
1728       1.285000000000000000e+03
1728       9.750000000000000000e+02
1728       9.900000000000000000e+02
1728       1.236000000000000000e+03
1728       1.262000000000000000e+03
1729       1.423000000000000000e+03
1729       7.820000000000000000e+02
1729       1.277000000000000000e+03
1729       1.156000000000000000e+03
1729       1.415000000000000000e+03
1729       8.330000000000000000e+02
1729       1.169000000000000000e+03
1729       1.177000000000000000e+03
1729       1.253000000000000000e+03
1729       1.330000000000000000e+02
1729       9.910000000000000000e+02
1729       1.159000000000000000e+03
1729       4.890000000000000000e+02
1729       1.031000000000000000e+03
1730       1.211000000000000000e+03
1730       1.276000000000000000e+03
1730       1.083000000000000000e+03
1730       7.750000000000000000e+02
1730       5.260000000000000000e+02
1731       3.250000000000000000e+02
1731       2.500000000000000000e+01
1731       1.575000000000000000e+03
1731       8.980000000000000000e+02
1731       1.010000000000000000e+03
1731       6.940000000000000000e+02
1731       1.315000000000000000e+03
1731       1.136000000000000000e+03
1731       6.850000000000000000e+02
1731       9.160000000000000000e+02
1731       1.100000000000000000e+03
1732       9.540000000000000000e+02
1732       1.274000000000000000e+03
1732       1.101000000000000000e+03
1732       1.333000000000000000e+03
1732       8.000000000000000000e+01
1732       1.123000000000000000e+03
1732       3.810000000000000000e+02
1732       1.291000000000000000e+03
1732       8.360000000000000000e+02
1732       1.341000000000000000e+03
1732       1.160000000000000000e+03
1732       6.120000000000000000e+02
1732       2.820000000000000000e+02
1732       1.139000000000000000e+03
1733       1.258000000000000000e+03
1733       1.309000000000000000e+03
1733       1.259000000000000000e+03
1733       1.179000000000000000e+03
1733       1.079000000000000000e+03
1733       7.640000000000000000e+02
1733       4.470000000000000000e+02
1733       9.890000000000000000e+02
1733       1.256000000000000000e+03
1733       1.327000000000000000e+03
1733       1.091000000000000000e+03
1733       4.000000000000000000e+02
1733       1.206000000000000000e+03
1733       2.240000000000000000e+02
1733       3.990000000000000000e+02
1733       1.216000000000000000e+03
1733       1.141000000000000000e+03
1733       1.246000000000000000e+03
1733       1.038000000000000000e+03
1734       1.280000000000000000e+03
1734       1.212000000000000000e+03
1734       5.770000000000000000e+02
1734       5.900000000000000000e+02
1734       2.000000000000000000e+00
1735       4.360000000000000000e+02
1735       1.305000000000000000e+03
1735       1.125000000000000000e+03
1735       1.130000000000000000e+03
1735       8.650000000000000000e+02
1735       9.080000000000000000e+02
1735       1.183000000000000000e+03
1736       1.563000000000000000e+03
1736       1.540000000000000000e+02
1736       1.240000000000000000e+03
1736       1.552000000000000000e+03
1736       1.710000000000000000e+02
1736       1.208000000000000000e+03
1736       1.249000000000000000e+03
1736       2.440000000000000000e+02
1736       1.336000000000000000e+03
1736       5.500000000000000000e+01
1736       1.296000000000000000e+03
1736       1.354000000000000000e+03
1737       3.100000000000000000e+02
1737       1.346000000000000000e+03
1737       1.213000000000000000e+03
1737       1.700000000000000000e+01
1737       1.323000000000000000e+03
1737       1.284000000000000000e+03
1737       1.356000000000000000e+03
1738       1.209000000000000000e+03
1738       1.134000000000000000e+03
1738       8.110000000000000000e+02
1738       3.340000000000000000e+02
1738       3.500000000000000000e+02
1738       9.060000000000000000e+02
1738       6.710000000000000000e+02
1738       2.800000000000000000e+02
1738       1.120000000000000000e+03
1739       1.135000000000000000e+03
1739       1.320000000000000000e+03
1739       1.328000000000000000e+03
1739       2.370000000000000000e+02
1739       1.238000000000000000e+03
1739       1.228000000000000000e+03
1739       1.286000000000000000e+03
1739       1.189000000000000000e+03
1740       1.149000000000000000e+03
1740       1.331000000000000000e+03
1740       3.360000000000000000e+02
1740       1.197000000000000000e+03
1740       1.030000000000000000e+03
1740       1.153000000000000000e+03
1740       1.290000000000000000e+03
1741       1.163000000000000000e+03
1741       1.141000000000000000e+03
1741       1.464000000000000000e+03
1741       1.343000000000000000e+03
1741       1.168000000000000000e+03
1741       7.760000000000000000e+02
1741       1.282000000000000000e+03
1741       1.219000000000000000e+03
1741       1.167000000000000000e+03
1741       1.333000000000000000e+03
1741       1.058000000000000000e+03
1741       1.112000000000000000e+03
1741       1.215000000000000000e+03
1741       1.490000000000000000e+02
1741       5.800000000000000000e+01
1741       1.273000000000000000e+03
1742       3.710000000000000000e+02
1742       1.232000000000000000e+03
1742       1.321000000000000000e+03
1742       8.800000000000000000e+02
1742       1.270000000000000000e+03
1742       7.800000000000000000e+01
1742       1.244000000000000000e+03
1742       8.470000000000000000e+02
1742       7.650000000000000000e+02
1742       1.310000000000000000e+03
1742       1.220000000000000000e+03
1742       1.237000000000000000e+03
1742       1.339000000000000000e+03
1742       1.334000000000000000e+03
1742       1.299000000000000000e+03
1742       6.840000000000000000e+02
1742       5.330000000000000000e+02
1742       1.160000000000000000e+03
1742       6.380000000000000000e+02
1742       1.285000000000000000e+03
1743       8.520000000000000000e+02
1743       9.560000000000000000e+02
1743       8.550000000000000000e+02
1743       1.295000000000000000e+03
1743       9.330000000000000000e+02
1743       8.270000000000000000e+02
1743       1.172000000000000000e+03
1743       4.000000000000000000e+01
1743       1.230000000000000000e+03
1743       1.174000000000000000e+03
1743       1.260000000000000000e+03
1744       1.351000000000000000e+03
1744       1.261000000000000000e+03
1744       5.580000000000000000e+02
1744       1.140000000000000000e+03
1744       1.920000000000000000e+02
1744       1.610000000000000000e+02
1744       5.130000000000000000e+02
1744       6.160000000000000000e+02
1744       5.900000000000000000e+01
1744       1.600000000000000000e+01
1745       1.279000000000000000e+03
1745       1.349000000000000000e+03
1745       1.306000000000000000e+03
1745       1.480000000000000000e+03
1745       1.344000000000000000e+03
1745       1.212000000000000000e+03
1745       9.000000000000000000e+02
1745       1.297000000000000000e+03
1745       1.288000000000000000e+03
1745       1.080000000000000000e+03
1745       1.132000000000000000e+03
1745       6.600000000000000000e+02
1746       7.620000000000000000e+02
1746       1.730000000000000000e+02
1746       1.338000000000000000e+03
1746       1.329000000000000000e+03
1746       1.308000000000000000e+03
1746       1.191000000000000000e+03
1746       1.303000000000000000e+03
1746       1.158000000000000000e+03
1746       1.233000000000000000e+03
1747       1.161000000000000000e+03
1747       6.800000000000000000e+02
1747       1.200000000000000000e+03
1747       1.177000000000000000e+03
1747       5.900000000000000000e+02
1747       1.264000000000000000e+03
1747       5.240000000000000000e+02
1747       1.206000000000000000e+03
1747       1.055000000000000000e+03
1747       5.360000000000000000e+02
1747       1.263000000000000000e+03
1748       9.940000000000000000e+02
1748       1.227000000000000000e+03
1748       5.910000000000000000e+02
1748       2.420000000000000000e+02
1748       4.480000000000000000e+02
1748       1.246000000000000000e+03
1748       1.248000000000000000e+03
1748       7.600000000000000000e+02
1748       1.327000000000000000e+03
1748       5.180000000000000000e+02
1748       6.620000000000000000e+02
1748       1.004000000000000000e+03
1748       1.196000000000000000e+03
1748       1.254000000000000000e+03
1748       8.130000000000000000e+02
1748       6.660000000000000000e+02
1748       1.318000000000000000e+03
1748       1.126000000000000000e+03
1748       1.210000000000000000e+02
1748       1.354000000000000000e+03
1748       1.235000000000000000e+03
1748       9.980000000000000000e+02
1748       1.289000000000000000e+03
1749       7.130000000000000000e+02
1749       1.270000000000000000e+02
1749       1.346000000000000000e+03
1749       1.211000000000000000e+03
1749       1.205000000000000000e+03
1749       1.223000000000000000e+03
1749       7.720000000000000000e+02
1749       1.302000000000000000e+03
1749       1.203000000000000000e+03
1749       9.870000000000000000e+02
1749       4.350000000000000000e+02
1749       5.470000000000000000e+02
1749       1.074000000000000000e+03
1749       1.356000000000000000e+03
1749       8.100000000000000000e+01
1749       5.400000000000000000e+01
1749       3.070000000000000000e+02
1750       2.000000000000000000e+00
1750       5.890000000000000000e+02
1750       7.400000000000000000e+02
1750       1.241000000000000000e+03
1750       1.146000000000000000e+03
1750       6.960000000000000000e+02
1750       9.530000000000000000e+02
1750       1.028000000000000000e+03
1750       1.600000000000000000e+02
1750       5.410000000000000000e+02
1750       1.238000000000000000e+03
1750       3.740000000000000000e+02
1750       9.540000000000000000e+02
1750       1.332000000000000000e+03
1751       7.060000000000000000e+02
1751       1.350000000000000000e+03
1751       5.190000000000000000e+02
1751       1.335000000000000000e+03
1751       3.130000000000000000e+02
1751       2.890000000000000000e+02
1751       8.820000000000000000e+02
1752       4.360000000000000000e+02
1752       1.224000000000000000e+03
1752       2.270000000000000000e+02
1752       1.189000000000000000e+03
1752       1.186000000000000000e+03
1752       1.690000000000000000e+02
1752       1.312000000000000000e+03
1752       5.510000000000000000e+02
1752       3.920000000000000000e+02
1752       1.165000000000000000e+03
1753       5.220000000000000000e+02
1753       5.040000000000000000e+02
1753       3.580000000000000000e+02
1753       5.200000000000000000e+01
1753       1.305000000000000000e+03
1753       6.220000000000000000e+02
1753       1.181000000000000000e+03
1753       1.198000000000000000e+03
1753       1.195000000000000000e+03
1753       9.800000000000000000e+01
1753       1.353000000000000000e+03
1753       1.258000000000000000e+03
1753       1.023000000000000000e+03
1754       1.357000000000000000e+03
1754       1.065000000000000000e+03
1754       1.173000000000000000e+03
1754       2.970000000000000000e+02
1754       1.340000000000000000e+03
1754       1.100000000000000000e+03
1754       5.170000000000000000e+02
1754       1.237000000000000000e+03
1754       1.170000000000000000e+03
1754       5.800000000000000000e+02
1754       1.307000000000000000e+03
1754       1.570000000000000000e+02
1755       7.970000000000000000e+02
1755       1.086000000000000000e+03
1755       7.010000000000000000e+02
1755       1.119000000000000000e+03
1755       1.169000000000000000e+03
1755       1.048000000000000000e+03
1755       1.140000000000000000e+03
1755       1.234000000000000000e+03
1755       1.099000000000000000e+03
1755       1.229000000000000000e+03
1755       1.281000000000000000e+03
1755       1.278000000000000000e+03
1755       1.210000000000000000e+03
1755       7.770000000000000000e+02
1756       7.610000000000000000e+02
1756       1.247000000000000000e+03
1756       1.315000000000000000e+03
1756       1.137000000000000000e+03
1756       1.155000000000000000e+03
1756       1.300000000000000000e+02
1756       1.337000000000000000e+03
1756       9.250000000000000000e+02
1756       4.600000000000000000e+02
1757       3.990000000000000000e+02
1757       3.210000000000000000e+02
1757       6.350000000000000000e+02
1757       1.148000000000000000e+03
1757       1.358000000000000000e+03
1757       1.316000000000000000e+03
1757       4.620000000000000000e+02
1757       2.220000000000000000e+02
1757       9.840000000000000000e+02
1757       5.710000000000000000e+02
1757       1.222000000000000000e+03
1758       1.149000000000000000e+03
1758       1.300000000000000000e+01
1758       1.359000000000000000e+03
1758       1.302000000000000000e+03
1758       9.100000000000000000e+01
1758       1.252000000000000000e+03
1758       3.810000000000000000e+02
1758       1.270000000000000000e+03
1758       8.450000000000000000e+02
1759       1.336000000000000000e+03
1759       6.720000000000000000e+02
1759       5.090000000000000000e+02
1760       8.620000000000000000e+02
1760       1.203000000000000000e+03
1760       1.214000000000000000e+03
1760       1.491000000000000000e+03
1760       1.113000000000000000e+03
1760       7.310000000000000000e+02
1760       1.194000000000000000e+03
1760       9.550000000000000000e+02
1760       1.133000000000000000e+03
1760       1.283000000000000000e+03
1760       1.349000000000000000e+03
1760       1.351000000000000000e+03
1760       1.343000000000000000e+03
1761       5.300000000000000000e+02
1761       9.330000000000000000e+02
1761       1.138000000000000000e+03
1761       9.000000000000000000e+00
1761       3.730000000000000000e+02
1761       1.299000000000000000e+03
1761       1.277000000000000000e+03
1761       1.139000000000000000e+03
1761       1.160000000000000000e+03
1761       1.213000000000000000e+03
1761       2.800000000000000000e+01
1761       5.830000000000000000e+02
1761       2.100000000000000000e+02
1761       1.290000000000000000e+03
1761       5.810000000000000000e+02
1761       1.260000000000000000e+03
1761       8.110000000000000000e+02
1761       1.294000000000000000e+03
1761       6.510000000000000000e+02
1762       7.880000000000000000e+02
1762       1.232000000000000000e+03
1762       2.250000000000000000e+02
1762       3.250000000000000000e+02
1762       2.570000000000000000e+02
1762       1.221000000000000000e+03
1762       5.020000000000000000e+02
1762       1.012000000000000000e+03
1762       1.201000000000000000e+03
1762       9.900000000000000000e+02
1762       1.206000000000000000e+03
1762       1.310000000000000000e+03
1762       9.750000000000000000e+02
1762       9.890000000000000000e+02
1762       1.121000000000000000e+03
1762       9.920000000000000000e+02
1762       1.218000000000000000e+03
1762       6.860000000000000000e+02
1762       3.040000000000000000e+02
1762       1.074000000000000000e+03
1762       1.320000000000000000e+03
1762       1.179000000000000000e+03
1763       1.185000000000000000e+03
1763       3.170000000000000000e+02
1763       1.292000000000000000e+03
1763       1.182000000000000000e+03
1763       3.860000000000000000e+02
1763       1.227000000000000000e+03
1763       6.990000000000000000e+02
1763       7.630000000000000000e+02
1763       1.008000000000000000e+03
1763       6.740000000000000000e+02
1763       1.276000000000000000e+03
1763       1.075000000000000000e+03
1763       1.348000000000000000e+03
1763       1.158000000000000000e+03
1763       1.324000000000000000e+03
1763       6.100000000000000000e+02
1763       5.600000000000000000e+02
1764       4.810000000000000000e+02
1764       1.350000000000000000e+03
1764       1.144000000000000000e+03
1764       8.500000000000000000e+02
1764       9.500000000000000000e+02
1764       7.200000000000000000e+01
1764       2.210000000000000000e+02
1764       1.237000000000000000e+03
1764       3.300000000000000000e+02
1764       1.100000000000000000e+02
1764       3.830000000000000000e+02
1764       9.270000000000000000e+02
1764       1.156000000000000000e+03
1765       1.135000000000000000e+03
1765       1.326000000000000000e+03
1765       1.141000000000000000e+03
1765       1.256000000000000000e+03
1765       6.980000000000000000e+02
1765       1.240000000000000000e+03
1765       7.380000000000000000e+02
1765       1.300000000000000000e+03
1765       1.268000000000000000e+03
1765       2.600000000000000000e+02
1766       2.860000000000000000e+02
1766       3.140000000000000000e+02
1766       1.421000000000000000e+03
1766       1.084000000000000000e+03
1766       1.217000000000000000e+03
1766       1.178000000000000000e+03
1766       1.080000000000000000e+03
1766       1.145000000000000000e+03
1766       1.016000000000000000e+03
1766       1.175000000000000000e+03
1766       1.249000000000000000e+03
1766       6.450000000000000000e+02
1766       1.640000000000000000e+02
1766       1.267000000000000000e+03
1766       1.286000000000000000e+03
1766       1.319000000000000000e+03
1766       1.505000000000000000e+03
1767       1.165000000000000000e+03
1767       1.055000000000000000e+03
1767       1.000000000000000000e+02
1767       1.280000000000000000e+03
1767       3.850000000000000000e+02
1767       3.050000000000000000e+02
1768       3.610000000000000000e+02
1768       1.242000000000000000e+03
1768       1.210000000000000000e+03
1768       1.124000000000000000e+03
1768       1.049000000000000000e+03
1768       1.125000000000000000e+03
1768       1.800000000000000000e+02
1768       8.390000000000000000e+02
1768       7.730000000000000000e+02
1768       1.222000000000000000e+03
1768       7.460000000000000000e+02
1768       1.192000000000000000e+03
1768       5.170000000000000000e+02
1768       1.257000000000000000e+03
1768       1.152000000000000000e+03
1768       4.880000000000000000e+02
1768       8.580000000000000000e+02
1768       1.168000000000000000e+03
1768       1.309000000000000000e+03
1768       4.510000000000000000e+02
1768       5.880000000000000000e+02
1768       1.128000000000000000e+03
1769       7.900000000000000000e+01
1769       3.090000000000000000e+02
1769       2.310000000000000000e+02
1769       1.177000000000000000e+03
1769       7.200000000000000000e+02
1769       7.430000000000000000e+02
1769       1.253000000000000000e+03
1769       2.480000000000000000e+02
1769       9.760000000000000000e+02
1769       1.332000000000000000e+03
1769       8.280000000000000000e+02
1769       1.184000000000000000e+03
1770       1.570000000000000000e+02
1770       1.263000000000000000e+03
1770       2.450000000000000000e+02
1770       7.300000000000000000e+01
1770       9.610000000000000000e+02
1770       1.285000000000000000e+03
1770       1.297000000000000000e+03
1770       1.245000000000000000e+03
1770       1.243000000000000000e+03
1770       4.930000000000000000e+02
1770       1.331000000000000000e+03
1770       1.153000000000000000e+03
1770       5.570000000000000000e+02
1770       5.260000000000000000e+02
1770       1.235000000000000000e+03
1770       7.470000000000000000e+02
1770       9.810000000000000000e+02
1770       1.330000000000000000e+03
1770       1.176000000000000000e+03
1771       9.560000000000000000e+02
1771       1.355000000000000000e+03
1771       4.530000000000000000e+02
1771       1.760000000000000000e+02
1771       1.225000000000000000e+03
1771       9.900000000000000000e+01
1771       2.510000000000000000e+02
1771       5.450000000000000000e+02
1771       3.740000000000000000e+02
1771       3.490000000000000000e+02
1771       1.202000000000000000e+03
1771       1.330000000000000000e+02
1771       8.360000000000000000e+02
1772       6.120000000000000000e+02
1772       1.358000000000000000e+03
1772       8.400000000000000000e+02
1772       9.740000000000000000e+02
1772       7.350000000000000000e+02
1772       1.265000000000000000e+03
1772       1.220000000000000000e+03
1772       1.323000000000000000e+03
1772       1.078000000000000000e+03
1772       1.620000000000000000e+02
1772       1.159000000000000000e+03
1772       1.223000000000000000e+03
1772       8.000000000000000000e+02
1773       1.251000000000000000e+03
1773       5.810000000000000000e+02
1773       9.380000000000000000e+02
1773       1.182000000000000000e+03
1773       1.234000000000000000e+03
1773       3.710000000000000000e+02
1773       1.241000000000000000e+03
1773       9.540000000000000000e+02
1773       6.420000000000000000e+02
1773       8.590000000000000000e+02
1774       1.198000000000000000e+03
1774       1.357000000000000000e+03
1774       1.470000000000000000e+03
1774       1.289000000000000000e+03
1774       8.490000000000000000e+02
1774       1.258000000000000000e+03
1774       7.340000000000000000e+02
1774       4.950000000000000000e+02
1774       1.150000000000000000e+02
1774       1.226000000000000000e+03
1775       1.160000000000000000e+02
1775       1.237000000000000000e+03
1775       8.230000000000000000e+02
1775       6.980000000000000000e+02
1775       4.490000000000000000e+02
1775       6.900000000000000000e+01
1775       6.540000000000000000e+02
1775       1.178000000000000000e+03
1775       7.270000000000000000e+02
1775       1.293000000000000000e+03
1775       9.260000000000000000e+02
1775       6.300000000000000000e+02
1775       1.212000000000000000e+03
1775       3.920000000000000000e+02
1776       4.260000000000000000e+02
1776       1.340000000000000000e+03
1776       1.252000000000000000e+03
1776       1.215000000000000000e+03
1776       1.294000000000000000e+03
1776       1.281000000000000000e+03
1776       1.161000000000000000e+03
1776       1.315000000000000000e+03
1777       1.296000000000000000e+03
1777       1.180000000000000000e+03
1777       1.209000000000000000e+03
1777       1.256000000000000000e+03
1777       6.190000000000000000e+02
1777       2.400000000000000000e+02
1777       1.080000000000000000e+03
1778       0.000000000000000000e+00
1778       8.940000000000000000e+02
1778       1.233000000000000000e+03
1778       8.880000000000000000e+02
1778       1.830000000000000000e+02
1778       8.680000000000000000e+02
1778       1.156000000000000000e+03
1778       1.299000000000000000e+03
1778       1.370000000000000000e+02
1779       1.174000000000000000e+03
1779       1.040000000000000000e+03
1779       1.328000000000000000e+03
1779       1.115000000000000000e+03
1779       8.630000000000000000e+02
1779       5.860000000000000000e+02
1779       9.930000000000000000e+02
1779       8.930000000000000000e+02
1779       1.900000000000000000e+01
1779       1.245000000000000000e+03
1780       1.342000000000000000e+03
1780       2.820000000000000000e+02
1780       7.730000000000000000e+02
1780       7.630000000000000000e+02
1780       1.324000000000000000e+03
1780       4.350000000000000000e+02
1780       1.147000000000000000e+03
1780       3.230000000000000000e+02
1780       1.283000000000000000e+03
1780       9.800000000000000000e+02
1780       1.166000000000000000e+03
1780       1.135000000000000000e+03
1780       1.347000000000000000e+03
1780       1.203000000000000000e+03
1780       1.204000000000000000e+03
1780       1.329000000000000000e+03
1781       1.307000000000000000e+03
1781       2.810000000000000000e+02
1781       1.380000000000000000e+02
1781       1.352000000000000000e+03
1781       9.030000000000000000e+02
1781       1.164000000000000000e+03
1781       5.430000000000000000e+02
1781       6.360000000000000000e+02
1781       5.220000000000000000e+02
1781       1.132000000000000000e+03
1781       1.038000000000000000e+03
1781       1.330000000000000000e+02
1781       1.910000000000000000e+02
1781       1.231000000000000000e+03
1781       7.330000000000000000e+02
1781       1.133000000000000000e+03
1781       1.010000000000000000e+02
1781       1.980000000000000000e+02
1781       1.288000000000000000e+03
1781       1.122000000000000000e+03
1781       1.344000000000000000e+03
1781       1.333000000000000000e+03
1781       7.380000000000000000e+02
1781       7.370000000000000000e+02
1781       7.480000000000000000e+02
1781       8.150000000000000000e+02
1781       1.334000000000000000e+03
1782       1.193000000000000000e+03
1782       2.080000000000000000e+02
1782       8.760000000000000000e+02
1782       1.242000000000000000e+03
1782       7.960000000000000000e+02
1782       1.271000000000000000e+03
1782       1.130000000000000000e+03
1782       8.330000000000000000e+02
1782       3.760000000000000000e+02
1782       1.148000000000000000e+03
1782       8.030000000000000000e+02
1782       1.200000000000000000e+03
1783       1.201000000000000000e+03
1783       4.090000000000000000e+02
1783       9.790000000000000000e+02
1783       2.370000000000000000e+02
1783       1.308000000000000000e+03
1783       1.206000000000000000e+03
1783       4.550000000000000000e+02
1783       1.259000000000000000e+03
1784       1.022000000000000000e+03
1784       1.016000000000000000e+03
1784       4.860000000000000000e+02
1784       1.142000000000000000e+03
1784       1.257000000000000000e+03
1784       1.860000000000000000e+02
1784       8.700000000000000000e+02
1785       2.410000000000000000e+02
1785       2.980000000000000000e+02
1785       1.304000000000000000e+03
1785       9.800000000000000000e+01
1785       1.060000000000000000e+02
1786       5.820000000000000000e+02
1786       1.179000000000000000e+03
1786       6.590000000000000000e+02
1786       2.750000000000000000e+02
1786       1.890000000000000000e+02
1786       9.220000000000000000e+02
1786       1.219000000000000000e+03
1786       1.041000000000000000e+03
1786       1.102000000000000000e+03
1787       1.238000000000000000e+03
1787       1.310000000000000000e+03
1787       1.302000000000000000e+03
1787       1.284000000000000000e+03
1787       2.570000000000000000e+02
1787       3.460000000000000000e+02
1787       1.351000000000000000e+03
1787       1.263000000000000000e+03
1787       1.227000000000000000e+03
1787       1.446000000000000000e+03
1787       8.230000000000000000e+02
1787       1.187000000000000000e+03
1788       1.075000000000000000e+03
1788       1.279000000000000000e+03
1788       1.345000000000000000e+03
1788       4.370000000000000000e+02
1788       1.277000000000000000e+03
1788       1.045000000000000000e+03
1788       4.990000000000000000e+02
1788       1.170000000000000000e+03
1788       1.225000000000000000e+03
1788       8.740000000000000000e+02
1788       1.072000000000000000e+03
1788       1.360000000000000000e+02
1788       9.350000000000000000e+02
1788       2.430000000000000000e+02
1789       4.300000000000000000e+01
1789       9.180000000000000000e+02
1789       1.269000000000000000e+03
1789       4.020000000000000000e+02
1789       1.267000000000000000e+03
1789       4.770000000000000000e+02
1789       1.190000000000000000e+03
1789       1.162000000000000000e+03
1789       6.260000000000000000e+02
1789       7.890000000000000000e+02
1789       1.128000000000000000e+03
1789       1.339000000000000000e+03
1789       6.250000000000000000e+02
1789       6.900000000000000000e+01
1789       6.290000000000000000e+02
1789       2.480000000000000000e+02
1789       1.281000000000000000e+03
1789       1.163000000000000000e+03
1790       4.500000000000000000e+02
1790       9.780000000000000000e+02
1790       8.450000000000000000e+02
1790       1.186000000000000000e+03
1790       1.282000000000000000e+03
1790       5.800000000000000000e+01
1790       1.346000000000000000e+03
1790       1.149000000000000000e+03
1790       8.510000000000000000e+02
1790       1.196000000000000000e+03
1790       1.321000000000000000e+03
1790       1.450000000000000000e+02
1791       5.780000000000000000e+02
1791       1.240000000000000000e+03
1791       8.780000000000000000e+02
1791       1.223000000000000000e+03
1791       1.280000000000000000e+03
1791       1.218000000000000000e+03
1791       1.083000000000000000e+03
1791       6.810000000000000000e+02
1791       1.241000000000000000e+03
1791       5.010000000000000000e+02
1792       1.173000000000000000e+03
1792       2.730000000000000000e+02
1792       2.860000000000000000e+02
1792       1.275000000000000000e+03
1792       3.220000000000000000e+02
1792       4.000000000000000000e+02
1792       7.370000000000000000e+02
1792       8.730000000000000000e+02
1792       4.790000000000000000e+02
1793       5.830000000000000000e+02
1793       1.201000000000000000e+03
1793       5.180000000000000000e+02
1794       1.156000000000000000e+03
1794       1.224000000000000000e+03
1794       1.316000000000000000e+03
1794       1.131000000000000000e+03
1794       1.274000000000000000e+03
1795       8.480000000000000000e+02
1795       7.380000000000000000e+02
1795       1.210000000000000000e+03
1795       7.680000000000000000e+02
1795       5.200000000000000000e+01
1795       1.125000000000000000e+03
1795       2.600000000000000000e+02
1796       8.040000000000000000e+02
1796       5.500000000000000000e+02
1796       1.174000000000000000e+03
1796       1.940000000000000000e+02
1796       1.236000000000000000e+03
1796       1.189000000000000000e+03
1796       1.147000000000000000e+03
1796       4.170000000000000000e+02
1796       8.120000000000000000e+02
1797       1.129000000000000000e+03
1797       1.235000000000000000e+03
1797       1.261000000000000000e+03
1797       1.283000000000000000e+03
1797       9.530000000000000000e+02
1797       1.320000000000000000e+03
1797       1.230000000000000000e+03
1797       1.222000000000000000e+03
1797       5.050000000000000000e+02
1797       1.258000000000000000e+03
1797       8.050000000000000000e+02
1797       7.770000000000000000e+02
1798       1.175000000000000000e+03
1798       3.780000000000000000e+02
1798       3.200000000000000000e+01
1798       9.210000000000000000e+02
1798       7.450000000000000000e+02
1799       1.179000000000000000e+03
1799       8.520000000000000000e+02
1799       1.349000000000000000e+03
1799       9.180000000000000000e+02
1799       1.139000000000000000e+03
1799       1.138000000000000000e+03
1799       1.438000000000000000e+03
1799       1.182000000000000000e+03
1799       1.070000000000000000e+03
1800       1.312000000000000000e+03
1800       1.143000000000000000e+03
1800       7.700000000000000000e+01
1800       6.800000000000000000e+02
1800       1.311000000000000000e+03
1800       3.090000000000000000e+02
1800       7.760000000000000000e+02
1800       1.243000000000000000e+03
1800       1.077000000000000000e+03
1800       1.288000000000000000e+03
1800       3.900000000000000000e+01
1800       1.259000000000000000e+03
1800       1.440000000000000000e+02
1801       2.870000000000000000e+02
1801       1.232000000000000000e+03
1801       5.120000000000000000e+02
1801       1.270000000000000000e+03
1801       5.940000000000000000e+02
1801       1.344000000000000000e+03
1801       8.430000000000000000e+02
1801       1.313000000000000000e+03
1801       1.136000000000000000e+03
1802       9.810000000000000000e+02
1802       6.360000000000000000e+02
1802       1.300000000000000000e+03
1802       1.184000000000000000e+03
1802       1.370000000000000000e+02
1802       1.220000000000000000e+03
1802       1.219000000000000000e+03
1802       7.750000000000000000e+02
1802       1.343000000000000000e+03
1802       1.760000000000000000e+02
1802       1.392000000000000000e+03
1802       1.121000000000000000e+03
1803       1.185000000000000000e+03
1803       1.202000000000000000e+03
1803       1.600000000000000000e+02
1803       1.244000000000000000e+03
1803       2.000000000000000000e+01
1803       5.000000000000000000e+01
1803       1.327000000000000000e+03
1803       9.290000000000000000e+02
1803       3.620000000000000000e+02
1803       1.228000000000000000e+03
1803       8.850000000000000000e+02
1803       1.336000000000000000e+03
1803       7.820000000000000000e+02
1803       1.266000000000000000e+03
1803       1.293000000000000000e+03
1803       2.280000000000000000e+02
1803       1.321000000000000000e+03
1803       1.221000000000000000e+03
1803       1.273000000000000000e+03
1804       3.470000000000000000e+02
1804       1.275000000000000000e+03
1804       7.020000000000000000e+02
1804       1.191000000000000000e+03
1804       1.509000000000000000e+03
1804       1.318000000000000000e+03
1805       1.122000000000000000e+03
1805       2.510000000000000000e+02
1805       6.380000000000000000e+02
1805       1.137000000000000000e+03
1805       5.620000000000000000e+02
1805       1.229000000000000000e+03
1805       3.300000000000000000e+01
1805       1.350000000000000000e+03
1805       1.158000000000000000e+03
1805       1.330000000000000000e+03
1805       9.600000000000000000e+02
1805       1.000000000000000000e+00
1805       7.600000000000000000e+01
1805       9.070000000000000000e+02
1805       8.650000000000000000e+02
1805       4.650000000000000000e+02
1805       1.168000000000000000e+03
1805       1.510000000000000000e+03
1805       3.220000000000000000e+02
1805       1.333000000000000000e+03
1805       1.338000000000000000e+03
1805       1.245000000000000000e+03
1805       1.148000000000000000e+03
1805       1.211000000000000000e+03
1806       1.080000000000000000e+03
1806       4.500000000000000000e+01
1806       1.187000000000000000e+03
1806       5.710000000000000000e+02
1806       5.350000000000000000e+02
1806       8.500000000000000000e+02
1806       1.217000000000000000e+03
1806       1.410000000000000000e+02
1807       8.190000000000000000e+02
1807       3.130000000000000000e+02
1807       1.155000000000000000e+03
1807       1.142000000000000000e+03
1807       1.297000000000000000e+03
1807       1.306000000000000000e+03
1807       1.207000000000000000e+03
1807       1.260000000000000000e+03
1807       6.700000000000000000e+02
1807       1.316000000000000000e+03
1807       8.140000000000000000e+02
1808       1.120000000000000000e+03
1808       1.060000000000000000e+03
1808       2.450000000000000000e+02
1808       9.000000000000000000e+01
1808       5.000000000000000000e+02
1808       1.329000000000000000e+03
1808       1.135000000000000000e+03
1808       3.050000000000000000e+02
1809       1.580000000000000000e+03
1809       3.320000000000000000e+02
1809       1.201000000000000000e+03
1809       1.250000000000000000e+03
1809       1.197000000000000000e+03
1809       1.205000000000000000e+03
1809       1.248000000000000000e+03
1809       1.410000000000000000e+03
1809       1.124000000000000000e+03
1809       6.180000000000000000e+02
1810       1.200000000000000000e+03
1810       7.610000000000000000e+02
1810       1.490000000000000000e+02
1810       1.280000000000000000e+03
1810       9.770000000000000000e+02
1810       8.080000000000000000e+02
1810       1.150000000000000000e+03
1810       1.307000000000000000e+03
1810       1.183000000000000000e+03
1810       6.730000000000000000e+02
1810       9.950000000000000000e+02
1810       2.740000000000000000e+02
1810       8.870000000000000000e+02
1810       1.255000000000000000e+03
1810       1.154000000000000000e+03
1811       2.210000000000000000e+02
1811       1.210000000000000000e+03
1811       6.340000000000000000e+02
1811       8.610000000000000000e+02
1811       1.016000000000000000e+03
1811       4.430000000000000000e+02
1811       6.580000000000000000e+02
1811       1.020000000000000000e+03
1811       4.410000000000000000e+02
1811       9.340000000000000000e+02
1811       1.218000000000000000e+03
1812       1.340000000000000000e+03
1812       2.020000000000000000e+02
1812       7.710000000000000000e+02
1812       4.780000000000000000e+02
1812       9.150000000000000000e+02
1812       1.352000000000000000e+03
1812       1.123000000000000000e+03
1812       1.234000000000000000e+03
1812       1.193000000000000000e+03
1812       1.062000000000000000e+03
1813       1.339000000000000000e+03
1813       8.600000000000000000e+01
1813       1.276000000000000000e+03
1813       4.710000000000000000e+02
1813       1.351000000000000000e+03
1813       1.019000000000000000e+03
1813       3.890000000000000000e+02
1813       2.650000000000000000e+02
1813       1.240000000000000000e+03
1813       7.840000000000000000e+02
1813       1.341000000000000000e+03
1813       1.214000000000000000e+03
1813       6.840000000000000000e+02
1813       1.349000000000000000e+03
1813       1.299000000000000000e+03
1813       5.430000000000000000e+02
1814       9.600000000000000000e+01
1814       1.333000000000000000e+03
1814       1.091000000000000000e+03
1814       3.420000000000000000e+02
1814       1.253000000000000000e+03
1814       8.940000000000000000e+02
1814       4.210000000000000000e+02
1814       1.282000000000000000e+03
1814       1.328000000000000000e+03
1814       1.034000000000000000e+03
1814       1.295000000000000000e+03
1814       8.980000000000000000e+02
1814       1.099000000000000000e+03
1815       1.181000000000000000e+03
1815       3.510000000000000000e+02
1815       1.206000000000000000e+03
1815       3.490000000000000000e+02
1815       1.170000000000000000e+03
1815       1.327000000000000000e+03
1815       2.220000000000000000e+02
1815       2.850000000000000000e+02
1815       1.350000000000000000e+03
1815       1.171000000000000000e+03
1815       2.490000000000000000e+02
1815       8.530000000000000000e+02
1815       1.310000000000000000e+03
1815       1.263000000000000000e+03
1815       8.700000000000000000e+01
1816       8.240000000000000000e+02
1816       1.149000000000000000e+03
1816       7.670000000000000000e+02
1816       2.770000000000000000e+02
1816       1.880000000000000000e+02
1816       1.280000000000000000e+03
1816       1.177000000000000000e+03
1816       1.930000000000000000e+02
1816       1.160000000000000000e+03
1816       1.260000000000000000e+03
1817       1.261000000000000000e+03
1817       9.030000000000000000e+02
1817       1.353000000000000000e+03
1817       1.233000000000000000e+03
1817       1.272000000000000000e+03
1817       1.226000000000000000e+03
1817       6.600000000000000000e+01
1817       1.173000000000000000e+03
1817       1.387000000000000000e+03
1817       5.040000000000000000e+02
1817       1.162000000000000000e+03
1817       7.450000000000000000e+02
1817       8.970000000000000000e+02
1817       1.251000000000000000e+03
1818       1.131000000000000000e+03
1818       7.370000000000000000e+02
1818       1.232000000000000000e+03
1818       4.380000000000000000e+02
1818       3.110000000000000000e+02
1818       2.790000000000000000e+02
1818       5.490000000000000000e+02
1818       1.059000000000000000e+03
1818       1.315000000000000000e+03
1818       1.348000000000000000e+03
1818       1.321000000000000000e+03
1818       1.213000000000000000e+03
1819       1.278000000000000000e+03
1819       7.400000000000000000e+01
1819       7.570000000000000000e+02
1819       1.354000000000000000e+03
1819       1.293000000000000000e+03
1819       7.850000000000000000e+02
1819       1.163000000000000000e+03
1820       8.380000000000000000e+02
1820       5.910000000000000000e+02
1820       1.440000000000000000e+03
1820       1.358000000000000000e+03
1820       8.200000000000000000e+02
1820       9.000000000000000000e+01
1820       1.256000000000000000e+03
1820       7.920000000000000000e+02
1820       1.169000000000000000e+03
1820       1.143000000000000000e+03
1820       1.239000000000000000e+03
1820       1.174000000000000000e+03
1820       1.323000000000000000e+03
1820       8.910000000000000000e+02
1820       1.259000000000000000e+03
1820       1.460000000000000000e+02
1821       5.980000000000000000e+02
1821       5.790000000000000000e+02
1821       1.320000000000000000e+03
1821       1.216000000000000000e+03
1821       1.250000000000000000e+03
1821       1.342000000000000000e+03
1821       7.550000000000000000e+02
1821       1.109000000000000000e+03
1821       1.191000000000000000e+03
1821       1.248000000000000000e+03
1821       1.144000000000000000e+03
1821       1.355000000000000000e+03
1821       3.540000000000000000e+02
1821       8.450000000000000000e+02
1821       1.356000000000000000e+03
1821       8.810000000000000000e+02
1821       5.170000000000000000e+02
1821       4.810000000000000000e+02
1821       1.126000000000000000e+03
1821       1.249000000000000000e+03
1821       9.370000000000000000e+02
1822       1.101000000000000000e+03
1822       1.210000000000000000e+03
1822       1.045000000000000000e+03
1822       1.250000000000000000e+02
1822       9.270000000000000000e+02
1822       1.222000000000000000e+03
1822       1.141000000000000000e+03
1822       1.291000000000000000e+03
1822       1.186000000000000000e+03
1822       3.310000000000000000e+02
1822       3.280000000000000000e+02
1822       1.031000000000000000e+03
1823       1.301000000000000000e+03
1823       1.159000000000000000e+03
1823       1.262000000000000000e+03
1823       5.940000000000000000e+02
1823       1.279000000000000000e+03
1823       1.051000000000000000e+03
1823       1.289000000000000000e+03
1823       6.710000000000000000e+02
1823       7.950000000000000000e+02
1823       1.112000000000000000e+03
1823       3.390000000000000000e+02
1824       3.450000000000000000e+02
1824       1.231000000000000000e+03
1824       9.590000000000000000e+02
1824       1.352000000000000000e+03
1824       1.333000000000000000e+03
1824       1.357000000000000000e+03
1824       1.237000000000000000e+03
1824       1.147000000000000000e+03
1825       1.327000000000000000e+03
1825       1.197000000000000000e+03
1825       1.187000000000000000e+03
1825       1.660000000000000000e+02
1825       1.140000000000000000e+02
1825       1.325000000000000000e+03
1825       1.064000000000000000e+03
1825       1.201000000000000000e+03
1826       8.230000000000000000e+02
1826       1.236000000000000000e+03
1826       4.500000000000000000e+02
1826       1.203000000000000000e+03
1826       7.830000000000000000e+02
1826       1.195000000000000000e+03
1826       1.980000000000000000e+02
1826       3.980000000000000000e+02
1826       1.340000000000000000e+03
1826       1.206000000000000000e+03
1826       2.680000000000000000e+02
1826       1.319000000000000000e+03
1826       6.270000000000000000e+02
1827       5.000000000000000000e+01
1827       1.266000000000000000e+03
1827       3.430000000000000000e+02
1827       1.136000000000000000e+03
1827       1.224000000000000000e+03
1827       3.230000000000000000e+02
1827       5.000000000000000000e+00
1827       6.900000000000000000e+02
1827       1.265000000000000000e+03
1827       1.242000000000000000e+03
1828       2.330000000000000000e+02
1828       1.287000000000000000e+03
1828       4.850000000000000000e+02
1829       1.184000000000000000e+03
1829       8.020000000000000000e+02
1829       1.298000000000000000e+03
1829       1.246000000000000000e+03
1829       1.205000000000000000e+03
1829       1.046000000000000000e+03
1829       1.189000000000000000e+03
1829       1.490000000000000000e+03
1830       2.060000000000000000e+02
1830       5.260000000000000000e+02
1830       1.134000000000000000e+03
1830       3.470000000000000000e+02
1830       9.820000000000000000e+02
1830       1.235000000000000000e+03
1830       1.258000000000000000e+03
1830       1.313000000000000000e+03
1830       1.347000000000000000e+03
1831       1.253000000000000000e+03
1831       1.321000000000000000e+03
1831       1.314000000000000000e+03
1831       1.227000000000000000e+03
1831       3.700000000000000000e+02
1831       1.145000000000000000e+03
1831       1.296000000000000000e+03
1831       1.132000000000000000e+03
1831       1.226000000000000000e+03
1831       4.050000000000000000e+02
1831       1.273000000000000000e+03
1831       9.700000000000000000e+01
1831       2.600000000000000000e+01
1831       1.255000000000000000e+03
1831       1.199000000000000000e+03
1831       1.220000000000000000e+03
1831       8.710000000000000000e+02
1831       9.210000000000000000e+02
1831       1.525000000000000000e+03
1831       1.124000000000000000e+03
1831       1.292000000000000000e+03
1831       6.860000000000000000e+02
1831       1.308000000000000000e+03
1832       1.486000000000000000e+03
1832       6.410000000000000000e+02
1832       1.332000000000000000e+03
1832       2.830000000000000000e+02
1833       9.600000000000000000e+02
1833       3.530000000000000000e+02
1833       1.297000000000000000e+03
1833       1.163000000000000000e+03
1833       5.030000000000000000e+02
1834       1.173000000000000000e+03
1834       1.650000000000000000e+02
1834       1.175000000000000000e+03
1834       1.335000000000000000e+03
1834       6.030000000000000000e+02
1834       1.056000000000000000e+03
1834       3.920000000000000000e+02
1834       1.211000000000000000e+03
1834       1.158000000000000000e+03
1834       1.254000000000000000e+03
1834       4.240000000000000000e+02
1834       6.020000000000000000e+02
1834       1.215000000000000000e+03
1835       1.123000000000000000e+03
1835       1.182000000000000000e+03
1836       1.334000000000000000e+03
1836       1.230000000000000000e+03
1836       2.900000000000000000e+01
1836       1.165000000000000000e+03
1836       1.295000000000000000e+03
1836       7.850000000000000000e+02
1837       1.284000000000000000e+03
1837       2.720000000000000000e+02
1837       1.225000000000000000e+03
1837       1.142000000000000000e+03
1837       7.530000000000000000e+02
1837       7.860000000000000000e+02
1837       7.500000000000000000e+02
1837       1.283000000000000000e+03
1837       9.710000000000000000e+02
1838       8.070000000000000000e+02
1838       1.155000000000000000e+03
1838       1.218000000000000000e+03
1838       1.248000000000000000e+03
1838       1.400000000000000000e+02
1838       3.820000000000000000e+02
1838       5.720000000000000000e+02
1838       1.326000000000000000e+03
1839       7.460000000000000000e+02
1839       5.480000000000000000e+02
1839       1.301000000000000000e+03
1839       1.282000000000000000e+03
1839       1.106000000000000000e+03
1839       1.323000000000000000e+03
1839       1.275000000000000000e+03
1839       1.040000000000000000e+03
1839       2.000000000000000000e+01
1840       1.201000000000000000e+03
1840       7.620000000000000000e+02
1840       1.307000000000000000e+03
1840       7.150000000000000000e+02
1840       8.010000000000000000e+02
1840       2.100000000000000000e+02
1840       5.660000000000000000e+02
1841       1.531000000000000000e+03
1841       1.083000000000000000e+03
1841       1.349000000000000000e+03
1841       8.120000000000000000e+02
1842       1.137000000000000000e+03
1842       3.120000000000000000e+02
1842       1.148000000000000000e+03
1842       1.191000000000000000e+03
1842       1.352000000000000000e+03
1842       1.188000000000000000e+03
1842       3.190000000000000000e+02
1842       1.176000000000000000e+03
1842       1.144000000000000000e+03
1842       4.820000000000000000e+02
1842       1.145000000000000000e+03
1842       1.550000000000000000e+02
1842       1.153000000000000000e+03
1842       9.570000000000000000e+02
1843       5.300000000000000000e+02
1843       1.305000000000000000e+03
1843       1.309000000000000000e+03
1843       1.390000000000000000e+02
1843       6.700000000000000000e+01
1843       3.890000000000000000e+02
1843       3.760000000000000000e+02
1843       4.220000000000000000e+02
1843       1.340000000000000000e+03
1843       1.028000000000000000e+03
1843       1.240000000000000000e+03
1843       5.190000000000000000e+02
1843       1.355000000000000000e+03
1843       1.272000000000000000e+03
1843       1.140000000000000000e+03
1843       1.328000000000000000e+03
1844       4.700000000000000000e+02
1844       5.750000000000000000e+02
1844       1.330000000000000000e+03
1844       7.820000000000000000e+02
1844       6.800000000000000000e+02
1844       1.087000000000000000e+03
1844       1.224000000000000000e+03
1845       8.420000000000000000e+02
1845       4.100000000000000000e+02
1845       1.434000000000000000e+03
1845       1.318000000000000000e+03
1845       1.124000000000000000e+03
1845       1.940000000000000000e+02
1845       5.140000000000000000e+02
1845       7.400000000000000000e+02
1845       1.295000000000000000e+03
1845       1.250000000000000000e+03
1846       9.520000000000000000e+02
1846       1.312000000000000000e+03
1846       9.640000000000000000e+02
1846       1.459000000000000000e+03
1846       1.141000000000000000e+03
1846       1.300000000000000000e+03
1847       7.790000000000000000e+02
1847       9.730000000000000000e+02
1847       1.244000000000000000e+03
1847       1.175000000000000000e+03
1847       1.271000000000000000e+03
1847       7.370000000000000000e+02
1848       3.320000000000000000e+02
1848       3.560000000000000000e+02
1848       1.131000000000000000e+03
1848       1.250000000000000000e+02
1848       3.850000000000000000e+02
1848       8.800000000000000000e+02
1848       1.419000000000000000e+03
1848       7.340000000000000000e+02
1848       9.290000000000000000e+02
1848       8.390000000000000000e+02
1848       9.280000000000000000e+02
1848       1.233000000000000000e+03
1848       1.280000000000000000e+03
1848       1.313000000000000000e+03
1848       5.180000000000000000e+02
1848       1.325000000000000000e+03
1849       1.341000000000000000e+03
1849       8.720000000000000000e+02
1849       2.770000000000000000e+02
1849       1.209000000000000000e+03
1849       1.462000000000000000e+03
1849       1.151000000000000000e+03
1849       3.000000000000000000e+02
1849       7.430000000000000000e+02
1849       4.200000000000000000e+02
1849       4.770000000000000000e+02
1849       1.161000000000000000e+03
1849       1.322000000000000000e+03
1849       1.147000000000000000e+03
1849       1.132000000000000000e+03
1849       1.121000000000000000e+03
1849       8.300000000000000000e+01
1850       1.740000000000000000e+02
1850       1.327000000000000000e+03
1850       9.900000000000000000e+01
1850       6.570000000000000000e+02
1850       1.356000000000000000e+03
1850       1.298000000000000000e+03
1850       1.305000000000000000e+03
1850       1.289000000000000000e+03
1850       2.730000000000000000e+02
1850       1.164000000000000000e+03
1850       8.050000000000000000e+02
1850       1.162000000000000000e+03
1850       1.157000000000000000e+03
1850       7.060000000000000000e+02
1850       1.229000000000000000e+03
1851       1.156000000000000000e+03
1851       8.260000000000000000e+02
1851       1.323000000000000000e+03
1851       4.100000000000000000e+01
1851       4.750000000000000000e+02
1851       1.339000000000000000e+03
1851       1.266000000000000000e+03
1851       6.020000000000000000e+02
1851       1.202000000000000000e+03
1852       1.207000000000000000e+03
1852       5.840000000000000000e+02
1852       3.960000000000000000e+02
1852       1.319000000000000000e+03
1852       5.300000000000000000e+02
1853       1.155000000000000000e+03
1853       1.320000000000000000e+03
1853       1.120000000000000000e+03
1853       1.321000000000000000e+03
1853       1.346000000000000000e+03
1853       1.173000000000000000e+03
1853       1.261000000000000000e+03
1853       8.000000000000000000e+01
1853       1.245000000000000000e+03
1853       1.186000000000000000e+03
1854       1.130000000000000000e+03
1854       1.254000000000000000e+03
1854       4.940000000000000000e+02
1854       1.029000000000000000e+03
1854       1.357000000000000000e+03
1854       3.670000000000000000e+02
1854       1.252000000000000000e+03
1854       1.169000000000000000e+03
1854       6.250000000000000000e+02
1854       1.125000000000000000e+03
1854       1.281000000000000000e+03
1854       1.240000000000000000e+03
1854       9.380000000000000000e+02
1854       1.257000000000000000e+03
1854       4.040000000000000000e+02
1855       1.189000000000000000e+03
1855       1.396000000000000000e+03
1855       6.100000000000000000e+01
1855       9.590000000000000000e+02
1855       6.580000000000000000e+02
1855       4.450000000000000000e+02
1855       4.260000000000000000e+02
1855       3.150000000000000000e+02
1855       1.218000000000000000e+03
1855       1.153000000000000000e+03
1855       1.165000000000000000e+03
1855       1.300000000000000000e+01
1855       2.600000000000000000e+01
1855       3.990000000000000000e+02
1855       3.720000000000000000e+02
1855       1.264000000000000000e+03
1855       8.610000000000000000e+02
1855       6.900000000000000000e+02
1855       1.182000000000000000e+03
1855       1.135000000000000000e+03
1856       1.336000000000000000e+03
1856       3.290000000000000000e+02
1856       1.930000000000000000e+02
1856       4.830000000000000000e+02
1856       9.800000000000000000e+01
1856       1.255000000000000000e+03
1856       6.990000000000000000e+02
1856       1.275000000000000000e+03
1856       3.240000000000000000e+02
1856       1.170000000000000000e+02
1856       1.205000000000000000e+03
1856       8.550000000000000000e+02
1856       1.198000000000000000e+03
1857       1.130000000000000000e+02
1857       1.009000000000000000e+03
1857       4.540000000000000000e+02
1857       1.351000000000000000e+03
1857       1.290000000000000000e+03
1857       4.200000000000000000e+01
1857       2.560000000000000000e+02
1858       1.317000000000000000e+03
1858       1.349000000000000000e+03
1858       6.920000000000000000e+02
1858       1.244000000000000000e+03
1858       1.215000000000000000e+03
1858       9.330000000000000000e+02
1858       1.208000000000000000e+03
1858       1.265000000000000000e+03
1858       1.920000000000000000e+02
1858       1.192000000000000000e+03
1858       1.193000000000000000e+03
1858       1.223000000000000000e+03
1858       4.800000000000000000e+01
1858       3.220000000000000000e+02
1858       1.152000000000000000e+03
1858       1.640000000000000000e+02
1858       4.970000000000000000e+02
1858       4.840000000000000000e+02
1859       2.540000000000000000e+02
1859       1.174000000000000000e+03
1859       7.910000000000000000e+02
1859       1.314000000000000000e+03
1859       3.790000000000000000e+02
1859       3.610000000000000000e+02
1859       8.810000000000000000e+02
1859       7.310000000000000000e+02
1859       4.600000000000000000e+02
1859       1.294000000000000000e+03
1859       1.301000000000000000e+03
1859       9.500000000000000000e+01
1859       1.233000000000000000e+03
1859       1.200000000000000000e+03
1860       1.321000000000000000e+03
1860       5.850000000000000000e+02
1860       1.143000000000000000e+03
1861       9.810000000000000000e+02
1861       1.230000000000000000e+03
1861       1.134000000000000000e+03
1861       1.273000000000000000e+03
1861       1.126000000000000000e+03
1861       1.224000000000000000e+03
1861       1.066000000000000000e+03
1861       1.160000000000000000e+03
1861       1.187000000000000000e+03
1861       1.283000000000000000e+03
1861       9.070000000000000000e+02
1862       1.206000000000000000e+03
1862       6.650000000000000000e+02
1862       1.235000000000000000e+03
1862       1.352000000000000000e+03
1862       1.253000000000000000e+03
1862       1.017000000000000000e+03
1862       1.700000000000000000e+01
1863       1.207000000000000000e+03
1863       1.354000000000000000e+03
1863       1.331000000000000000e+03
1863       1.246000000000000000e+03
1863       1.191000000000000000e+03
1863       1.264000000000000000e+03
1863       9.560000000000000000e+02
1863       1.145000000000000000e+03
1863       1.261000000000000000e+03
1864       6.530000000000000000e+02
1864       4.110000000000000000e+02
1864       1.332000000000000000e+03
1864       1.236000000000000000e+03
1864       1.359000000000000000e+03
1864       1.219000000000000000e+03
1864       7.730000000000000000e+02
1864       1.234000000000000000e+03
1864       1.176000000000000000e+03
1864       1.179000000000000000e+03
1865       2.580000000000000000e+02
1865       1.168000000000000000e+03
1865       1.056000000000000000e+03
1865       1.220000000000000000e+03
1865       1.325000000000000000e+03
1865       9.580000000000000000e+02
1865       1.232000000000000000e+03
1865       1.018000000000000000e+03
1865       9.920000000000000000e+02
1865       1.316000000000000000e+03
1865       1.350000000000000000e+03
1865       1.337000000000000000e+03
1865       7.060000000000000000e+02
1865       1.353000000000000000e+03
1866       3.980000000000000000e+02
1866       1.139000000000000000e+03
1866       2.630000000000000000e+02
1866       1.306000000000000000e+03
1866       1.327000000000000000e+03
1867       1.005000000000000000e+03
1867       1.160000000000000000e+02
1867       2.970000000000000000e+02
1867       1.309000000000000000e+03
1867       9.760000000000000000e+02
1867       1.177000000000000000e+03
1867       3.270000000000000000e+02
1867       2.510000000000000000e+02
1868       4.770000000000000000e+02
1868       6.510000000000000000e+02
1868       8.200000000000000000e+01
1868       5.930000000000000000e+02
1868       1.137000000000000000e+03
1868       4.120000000000000000e+02
1868       1.194000000000000000e+03
1868       9.900000000000000000e+01
1868       1.436000000000000000e+03
1868       5.410000000000000000e+02
1868       1.335000000000000000e+03
1868       1.292000000000000000e+03
1868       7.270000000000000000e+02
1869       1.007000000000000000e+03
1869       6.000000000000000000e+02
1869       9.100000000000000000e+01
1869       3.870000000000000000e+02
1869       5.530000000000000000e+02
1869       7.690000000000000000e+02
1869       1.148000000000000000e+03
1869       1.307000000000000000e+03
1869       9.110000000000000000e+02
1869       1.214000000000000000e+03
1869       6.040000000000000000e+02
1869       4.360000000000000000e+02
1870       1.082000000000000000e+03
1870       1.329000000000000000e+03
1870       8.420000000000000000e+02
1870       1.115000000000000000e+03
1870       1.170000000000000000e+03
1870       1.000000000000000000e+02
1870       1.588000000000000000e+03
1870       9.410000000000000000e+02
1870       1.296000000000000000e+03
1870       4.350000000000000000e+02
1870       2.700000000000000000e+01
1870       7.980000000000000000e+02
1871       1.710000000000000000e+02
1871       1.133000000000000000e+03
1871       1.589000000000000000e+03
1871       9.820000000000000000e+02
1871       1.520000000000000000e+02
1871       1.524000000000000000e+03
1871       1.339000000000000000e+03
1872       1.303000000000000000e+03
1872       6.280000000000000000e+02
1872       1.200000000000000000e+03
1872       1.269000000000000000e+03
1872       1.090000000000000000e+03
1872       1.260000000000000000e+02
1872       1.293000000000000000e+03
1872       1.238000000000000000e+03
1873       1.157000000000000000e+03
1873       3.300000000000000000e+02
1873       3.120000000000000000e+02
1873       8.450000000000000000e+02
1873       1.256000000000000000e+03
1873       6.890000000000000000e+02
1874       1.156000000000000000e+03
1874       1.318000000000000000e+03
1874       1.840000000000000000e+02
1874       1.328000000000000000e+03
1874       8.030000000000000000e+02
1874       1.299000000000000000e+03
1874       1.138000000000000000e+03
1874       1.338000000000000000e+03
1874       2.960000000000000000e+02
1874       1.196000000000000000e+03
1874       1.260000000000000000e+03
1874       1.390000000000000000e+02
1875       4.570000000000000000e+02
1875       1.255000000000000000e+03
1875       1.770000000000000000e+02
1875       1.150000000000000000e+03
1875       1.075000000000000000e+03
1875       5.600000000000000000e+01
1875       1.044000000000000000e+03
1875       1.130000000000000000e+03
1876       1.226000000000000000e+03
1876       9.180000000000000000e+02
1876       5.740000000000000000e+02
1876       5.700000000000000000e+01
1877       5.090000000000000000e+02
1877       1.220000000000000000e+03
1877       3.400000000000000000e+02
1877       1.540000000000000000e+02
1878       1.290000000000000000e+03
1878       1.153000000000000000e+03
1878       1.351000000000000000e+03
1878       2.680000000000000000e+02
1878       1.334000000000000000e+03
1878       1.262000000000000000e+03
1878       1.258000000000000000e+03
1878       1.243000000000000000e+03
1878       1.251000000000000000e+03
1878       2.520000000000000000e+02
1879       1.277000000000000000e+03
1879       7.240000000000000000e+02
1879       9.050000000000000000e+02
1879       1.191000000000000000e+03
1879       8.620000000000000000e+02
1879       1.294000000000000000e+03
1879       1.123000000000000000e+03
1879       1.352000000000000000e+03
1879       1.185000000000000000e+03
1879       1.305000000000000000e+03
1879       1.280000000000000000e+03
1880       2.320000000000000000e+02
1880       4.030000000000000000e+02
1880       6.360000000000000000e+02
1880       1.193000000000000000e+03
1880       1.210000000000000000e+03
1880       1.192000000000000000e+03
1880       7.830000000000000000e+02
1880       9.320000000000000000e+02
1880       1.199000000000000000e+03
1880       3.230000000000000000e+02
1880       1.273000000000000000e+03
1881       8.240000000000000000e+02
1881       1.324000000000000000e+03
1881       1.317000000000000000e+03
1881       1.660000000000000000e+02
1881       1.431000000000000000e+03
1881       1.171000000000000000e+03
1881       1.355000000000000000e+03
1881       4.740000000000000000e+02
1881       1.128000000000000000e+03
1881       5.760000000000000000e+02
1882       1.249000000000000000e+03
1882       2.200000000000000000e+02
1882       1.268000000000000000e+03
1882       1.134000000000000000e+03
1882       8.460000000000000000e+02
1882       1.254000000000000000e+03
1882       1.239000000000000000e+03
1882       4.020000000000000000e+02
1883       1.289000000000000000e+03
1883       1.132000000000000000e+03
1883       4.950000000000000000e+02
1883       1.358000000000000000e+03
1883       1.000000000000000000e+00
1883       4.840000000000000000e+02
1883       1.216000000000000000e+03
1883       1.313000000000000000e+03
1883       1.319000000000000000e+03
1884       1.152000000000000000e+03
1884       6.180000000000000000e+02
1884       1.582000000000000000e+03
1884       2.930000000000000000e+02
1884       1.354000000000000000e+03
1884       1.312000000000000000e+03
1884       5.930000000000000000e+02
1885       1.141000000000000000e+03
1885       1.353000000000000000e+03
1885       9.410000000000000000e+02
1885       1.302000000000000000e+03
1885       1.000000000000000000e+03
1885       1.293000000000000000e+03
1885       2.000000000000000000e+01
1885       6.110000000000000000e+02
1885       1.343000000000000000e+03
1885       9.090000000000000000e+02
1885       1.156000000000000000e+03
1885       1.233000000000000000e+03
1886       1.019000000000000000e+03
1886       2.720000000000000000e+02
1886       8.080000000000000000e+02
1886       7.300000000000000000e+01
1886       1.070000000000000000e+02
1886       1.008000000000000000e+03
1886       7.540000000000000000e+02
1886       5.300000000000000000e+02
1886       1.261000000000000000e+03
1886       6.000000000000000000e+00
1886       1.144000000000000000e+03
1887       4.900000000000000000e+01
1887       1.332000000000000000e+03
1887       1.181000000000000000e+03
1887       6.560000000000000000e+02
1887       1.063000000000000000e+03
1887       8.680000000000000000e+02
1887       6.810000000000000000e+02
1887       7.000000000000000000e+02
1888       5.020000000000000000e+02
1888       1.186000000000000000e+03
1888       1.231000000000000000e+03
1888       2.060000000000000000e+02
1888       2.040000000000000000e+02
1888       1.038000000000000000e+03
1888       1.288000000000000000e+03
1888       1.770000000000000000e+02
1889       1.335000000000000000e+03
1889       1.281000000000000000e+03
1889       1.270000000000000000e+03
1889       8.260000000000000000e+02
1889       2.300000000000000000e+02
1889       2.300000000000000000e+01
1889       1.272000000000000000e+03
1889       9.620000000000000000e+02
1889       4.040000000000000000e+02
1889       1.125000000000000000e+03
1889       1.078000000000000000e+03
1889       7.910000000000000000e+02
1889       9.880000000000000000e+02
1889       2.520000000000000000e+02
1889       1.290000000000000000e+03
1889       1.279000000000000000e+03
1889       1.228000000000000000e+03
1889       8.560000000000000000e+02
1890       2.000000000000000000e+02
1890       3.220000000000000000e+02
1890       2.430000000000000000e+02
1890       1.225000000000000000e+03
1890       1.199000000000000000e+03
1890       5.500000000000000000e+01
1890       4.680000000000000000e+02
1890       1.166000000000000000e+03
1890       7.760000000000000000e+02
1890       1.202000000000000000e+03
1890       2.360000000000000000e+02
1890       1.206000000000000000e+03
1891       1.221000000000000000e+03
1891       1.165000000000000000e+03
1891       1.182000000000000000e+03
1891       1.208000000000000000e+03
1891       1.317000000000000000e+03
1891       3.600000000000000000e+01
1891       1.117000000000000000e+03
1891       4.750000000000000000e+02
1891       4.080000000000000000e+02
1891       1.137000000000000000e+03
1891       2.780000000000000000e+02
1891       1.238000000000000000e+03
1891       1.183000000000000000e+03
1892       1.287000000000000000e+03
1892       1.236000000000000000e+03
1892       1.283000000000000000e+03
1892       8.270000000000000000e+02
1892       1.600000000000000000e+02
1892       1.129000000000000000e+03
1892       8.090000000000000000e+02
1892       1.327000000000000000e+03
1892       6.680000000000000000e+02
1892       1.180000000000000000e+03
1892       1.303000000000000000e+03
1892       9.800000000000000000e+01
1892       1.339000000000000000e+03
1892       1.800000000000000000e+02
1892       1.540000000000000000e+02
1892       1.214000000000000000e+03
1892       1.120000000000000000e+03
1893       1.195000000000000000e+03
1893       4.800000000000000000e+01
1893       4.390000000000000000e+02
1893       9.370000000000000000e+02
1893       1.326000000000000000e+03
1893       1.296000000000000000e+03
1893       1.150000000000000000e+03
1893       1.331000000000000000e+03
1893       4.300000000000000000e+02
1894       1.595000000000000000e+03
1894       1.245000000000000000e+03
1894       1.224000000000000000e+03
1894       1.347000000000000000e+03
1894       1.330000000000000000e+03
1894       3.370000000000000000e+02
1895       1.336000000000000000e+03
1895       1.143000000000000000e+03
1895       9.400000000000000000e+02
1895       6.050000000000000000e+02
1895       2.140000000000000000e+02
1895       1.285000000000000000e+03
1895       1.179000000000000000e+03
1895       1.559000000000000000e+03
1895       1.309000000000000000e+03
1895       1.257000000000000000e+03
1895       9.520000000000000000e+02
1895       1.042000000000000000e+03
1895       3.110000000000000000e+02
1895       5.780000000000000000e+02
1895       1.311000000000000000e+03
1896       6.610000000000000000e+02
1896       1.263000000000000000e+03
1896       1.234000000000000000e+03
1896       9.390000000000000000e+02
1896       4.710000000000000000e+02
1896       5.460000000000000000e+02
1896       1.229000000000000000e+03
1896       4.530000000000000000e+02
1896       1.237000000000000000e+03
1896       4.240000000000000000e+02
1896       5.450000000000000000e+02
1897       1.289000000000000000e+03
1897       1.115000000000000000e+03
1897       2.480000000000000000e+02
1897       4.720000000000000000e+02
1897       1.247000000000000000e+03
1897       9.420000000000000000e+02
1897       9.710000000000000000e+02
1897       1.192000000000000000e+03
1897       7.820000000000000000e+02
1897       1.341000000000000000e+03
1897       1.134000000000000000e+03
1897       5.650000000000000000e+02
1897       7.220000000000000000e+02
1897       1.046000000000000000e+03
1897       1.136000000000000000e+03
1897       1.539000000000000000e+03
1897       1.490000000000000000e+02
1898       9.630000000000000000e+02
1898       1.316000000000000000e+03
1898       1.239000000000000000e+03
1898       3.730000000000000000e+02
1898       8.330000000000000000e+02
1898       1.209000000000000000e+03
1898       1.190000000000000000e+02
1899       4.900000000000000000e+01
1899       1.149000000000000000e+03
1899       1.172000000000000000e+03
1899       1.204000000000000000e+03
1899       3.260000000000000000e+02
1899       5.440000000000000000e+02
1899       1.000000000000000000e+00
1899       1.132000000000000000e+03
1899       6.440000000000000000e+02
1900       4.350000000000000000e+02
1900       1.072000000000000000e+03
1900       1.233000000000000000e+03
1900       1.264000000000000000e+03
1900       1.016000000000000000e+03
1900       1.516000000000000000e+03
1900       1.034000000000000000e+03
1901       1.343000000000000000e+03
1901       1.333000000000000000e+03
1901       6.200000000000000000e+02
1901       3.060000000000000000e+02
1901       4.230000000000000000e+02
1901       1.402000000000000000e+03
1902       3.640000000000000000e+02
1902       1.176000000000000000e+03
1902       9.400000000000000000e+01
1902       2.240000000000000000e+02
1902       7.460000000000000000e+02
1902       1.332000000000000000e+03
1902       1.254000000000000000e+03
1902       8.300000000000000000e+02
1902       1.574000000000000000e+03
1903       2.210000000000000000e+02
1903       8.510000000000000000e+02
1903       4.250000000000000000e+02
1903       1.153000000000000000e+03
1903       1.229000000000000000e+03
1903       1.267000000000000000e+03
1904       1.339000000000000000e+03
1904       1.415000000000000000e+03
1904       1.139000000000000000e+03
1904       1.225000000000000000e+03
1904       1.297000000000000000e+03
1904       1.331000000000000000e+03
1905       1.040000000000000000e+02
1905       1.730000000000000000e+02
1905       6.700000000000000000e+02
1905       1.640000000000000000e+02
1905       2.450000000000000000e+02
1905       1.256000000000000000e+03
1905       8.050000000000000000e+02
1905       8.770000000000000000e+02
1905       5.100000000000000000e+02
1905       6.770000000000000000e+02
1905       1.397000000000000000e+03
1905       1.262000000000000000e+03
1905       1.189000000000000000e+03
1906       1.147000000000000000e+03
1906       9.000000000000000000e+01
1906       9.810000000000000000e+02
1906       1.274000000000000000e+03
1906       8.560000000000000000e+02
1906       1.314000000000000000e+03
1906       4.950000000000000000e+02
1906       3.130000000000000000e+02
1906       8.900000000000000000e+01
1906       1.292000000000000000e+03
1907       2.520000000000000000e+02
1907       4.200000000000000000e+02
1907       6.900000000000000000e+02
1907       1.157000000000000000e+03
1907       1.027000000000000000e+03
1907       1.151000000000000000e+03
1907       8.550000000000000000e+02
1907       1.270000000000000000e+02
1908       1.291000000000000000e+03
1908       9.930000000000000000e+02
1908       3.540000000000000000e+02
1908       1.170000000000000000e+03
1908       1.239000000000000000e+03
1908       4.430000000000000000e+02
1908       1.180000000000000000e+03
1908       1.069000000000000000e+03
1908       1.870000000000000000e+02
1908       6.660000000000000000e+02
1908       1.281000000000000000e+03
1908       1.452000000000000000e+03
1908       1.129000000000000000e+03
1908       6.240000000000000000e+02
1908       1.080000000000000000e+03
1908       1.173000000000000000e+03
1909       2.560000000000000000e+02
1909       1.159000000000000000e+03
1909       1.236000000000000000e+03
1909       1.610000000000000000e+02
1909       6.040000000000000000e+02
1909       1.207000000000000000e+03
1909       1.680000000000000000e+02
1909       8.610000000000000000e+02
1910       9.000000000000000000e+00
1910       3.580000000000000000e+02
1910       1.198000000000000000e+03
1910       4.630000000000000000e+02
1910       1.201000000000000000e+03
1910       1.184000000000000000e+03
1910       6.020000000000000000e+02
1910       1.333000000000000000e+03
1910       6.780000000000000000e+02
1910       1.433000000000000000e+03
1911       1.303000000000000000e+03
1911       1.160000000000000000e+03
1911       9.330000000000000000e+02
1911       6.850000000000000000e+02
1911       3.630000000000000000e+02
1911       9.600000000000000000e+01
1911       7.630000000000000000e+02
1911       1.156000000000000000e+03
1911       1.900000000000000000e+02
1911       3.430000000000000000e+02
1911       7.640000000000000000e+02
1911       1.304000000000000000e+03
1911       1.125000000000000000e+03
1912       1.226000000000000000e+03
1912       1.271000000000000000e+03
1912       1.251000000000000000e+03
1912       4.920000000000000000e+02
1912       7.040000000000000000e+02
1912       1.286000000000000000e+03
1912       1.246000000000000000e+03
1912       1.164000000000000000e+03
1912       1.224000000000000000e+03
1912       7.730000000000000000e+02
1912       1.308000000000000000e+03
1912       7.480000000000000000e+02
1912       1.348000000000000000e+03
1912       8.590000000000000000e+02
1913       5.490000000000000000e+02
1913       1.342000000000000000e+03
1913       8.760000000000000000e+02
1913       1.298000000000000000e+03
1913       1.340000000000000000e+03
1913       3.140000000000000000e+02
1913       1.161000000000000000e+03
1914       1.265000000000000000e+03
1914       1.260000000000000000e+03
1914       1.247000000000000000e+03
1914       7.450000000000000000e+02
1914       1.212000000000000000e+03
1914       6.450000000000000000e+02
1914       1.900000000000000000e+01
1915       6.960000000000000000e+02
1915       3.090000000000000000e+02
1915       1.192000000000000000e+03
1915       1.188000000000000000e+03
1915       5.040000000000000000e+02
1915       1.500000000000000000e+02
1915       6.280000000000000000e+02
1915       1.269000000000000000e+03
1915       8.820000000000000000e+02
1915       1.187000000000000000e+03
1915       1.134000000000000000e+03
1915       8.630000000000000000e+02
1915       1.315000000000000000e+03
1915       1.249000000000000000e+03
1915       1.338000000000000000e+03
1915       1.166000000000000000e+03
1915       1.153000000000000000e+03
1915       3.370000000000000000e+02
1915       1.109000000000000000e+03
1915       2.300000000000000000e+02
1915       1.142000000000000000e+03
1915       1.121000000000000000e+03
1916       1.288000000000000000e+03
1916       1.013000000000000000e+03
1916       9.360000000000000000e+02
1916       1.131000000000000000e+03
1916       1.136000000000000000e+03
1916       2.500000000000000000e+02
1916       1.335000000000000000e+03
1917       7.150000000000000000e+02
1917       1.082000000000000000e+03
1917       1.347000000000000000e+03
1917       1.242000000000000000e+03
1917       5.900000000000000000e+02
1917       1.174000000000000000e+03
1917       1.112000000000000000e+03
1917       1.180000000000000000e+02
1917       1.313000000000000000e+03
1917       1.037000000000000000e+03
1917       1.349000000000000000e+03
1917       6.080000000000000000e+02
1917       2.970000000000000000e+02
1918       1.098000000000000000e+03
1918       4.760000000000000000e+02
1918       1.357000000000000000e+03
1918       1.075000000000000000e+03
1918       1.940000000000000000e+02
1918       1.111000000000000000e+03
1918       8.290000000000000000e+02
1918       8.920000000000000000e+02
1918       1.227000000000000000e+03
1918       1.244000000000000000e+03
1918       1.234000000000000000e+03
1918       5.000000000000000000e+00
1918       1.330000000000000000e+02
1918       1.317000000000000000e+03
1919       1.306000000000000000e+03
1919       8.180000000000000000e+02
1919       5.730000000000000000e+02
1919       1.311000000000000000e+03
1919       9.880000000000000000e+02
1919       1.235000000000000000e+03
1919       8.440000000000000000e+02
1919       1.157000000000000000e+03
1919       1.289000000000000000e+03
1919       1.270000000000000000e+03
1920       1.196000000000000000e+03
1920       1.302000000000000000e+03
1920       1.341000000000000000e+03
1920       5.750000000000000000e+02
1920       1.275000000000000000e+03
1920       9.500000000000000000e+02
1920       1.080000000000000000e+02
1920       1.245000000000000000e+03
1920       1.272000000000000000e+03
1920       1.133000000000000000e+03
1920       1.203000000000000000e+03
1920       5.100000000000000000e+01
1920       2.200000000000000000e+01
1920       5.780000000000000000e+02
1920       1.171000000000000000e+03
1920       8.360000000000000000e+02
1920       1.307000000000000000e+03
1920       1.324000000000000000e+03
1920       1.218000000000000000e+03
1920       6.190000000000000000e+02
1921       1.720000000000000000e+02
1921       7.200000000000000000e+01
1921       8.910000000000000000e+02
1921       6.130000000000000000e+02
1921       2.140000000000000000e+02
1921       1.205000000000000000e+03
1921       1.030000000000000000e+02
1921       1.459000000000000000e+03
1921       1.251000000000000000e+03
1921       1.256000000000000000e+03
1921       1.229000000000000000e+03
1921       5.530000000000000000e+02
1921       1.095000000000000000e+03
1921       1.910000000000000000e+02
1921       9.310000000000000000e+02
1922       9.870000000000000000e+02
1922       1.124000000000000000e+03
1922       1.336000000000000000e+03
1922       9.220000000000000000e+02
1922       7.740000000000000000e+02
1922       1.299000000000000000e+03
1922       6.000000000000000000e+01
1922       1.298000000000000000e+03
1922       5.840000000000000000e+02
1922       2.090000000000000000e+02
1922       1.262000000000000000e+03
1922       1.093000000000000000e+03
1922       1.243000000000000000e+03
1922       1.223000000000000000e+03
1923       6.890000000000000000e+02
1923       4.440000000000000000e+02
1923       1.479000000000000000e+03
1923       6.690000000000000000e+02
1923       1.399000000000000000e+03
1923       9.850000000000000000e+02
1923       1.175000000000000000e+03
1923       1.310000000000000000e+03
1923       1.303000000000000000e+03
1923       1.304000000000000000e+03
1923       1.346000000000000000e+03
1923       1.160000000000000000e+02
1923       1.490000000000000000e+02
1923       1.980000000000000000e+02
1923       5.760000000000000000e+02
1924       1.204000000000000000e+03
1924       6.720000000000000000e+02
1924       8.000000000000000000e+01
1924       1.319000000000000000e+03
1924       1.086000000000000000e+03
1924       1.279000000000000000e+03
1924       1.312000000000000000e+03
1924       1.328000000000000000e+03
1925       1.078000000000000000e+03
1925       1.810000000000000000e+02
1925       3.230000000000000000e+02
1925       4.860000000000000000e+02
1925       1.335000000000000000e+03
1925       1.150000000000000000e+02
1925       9.450000000000000000e+02
1925       7.470000000000000000e+02
1925       2.500000000000000000e+01
1925       1.183000000000000000e+03
1925       1.295000000000000000e+03
1925       1.145000000000000000e+03
1926       1.240000000000000000e+03
1926       1.359000000000000000e+03
1926       1.510000000000000000e+02
1926       6.920000000000000000e+02
1926       1.054000000000000000e+03
1926       3.450000000000000000e+02
1927       1.045000000000000000e+03
1927       1.151000000000000000e+03
1927       1.282000000000000000e+03
1927       7.340000000000000000e+02
1927       9.420000000000000000e+02
1927       3.220000000000000000e+02
1927       9.000000000000000000e+02
1927       1.332000000000000000e+03
1927       1.305000000000000000e+03
1928       4.510000000000000000e+02
1928       1.144000000000000000e+03
1928       1.316000000000000000e+03
1928       7.590000000000000000e+02
1928       1.053000000000000000e+03
1928       1.309000000000000000e+03
1929       7.010000000000000000e+02
1929       3.070000000000000000e+02
1929       1.369000000000000000e+03
1929       1.284000000000000000e+03
1929       1.191000000000000000e+03
1929       1.215000000000000000e+03
1929       5.450000000000000000e+02
1929       1.550000000000000000e+02
1929       2.610000000000000000e+02
1930       1.150000000000000000e+03
1930       1.015000000000000000e+03
1930       1.280000000000000000e+02
1930       5.870000000000000000e+02
1930       1.269000000000000000e+03
1930       1.100000000000000000e+01
1930       1.110000000000000000e+03
1930       6.210000000000000000e+02
1930       7.310000000000000000e+02
1930       2.660000000000000000e+02
1930       2.770000000000000000e+02
1930       1.064000000000000000e+03
1930       1.349000000000000000e+03
1930       9.530000000000000000e+02
1930       1.400000000000000000e+01
1930       1.395000000000000000e+03
1930       1.160000000000000000e+03
1930       1.289000000000000000e+03
1930       1.162000000000000000e+03
1931       5.300000000000000000e+01
1931       5.250000000000000000e+02
1931       1.127000000000000000e+03
1931       1.165000000000000000e+03
1931       8.550000000000000000e+02
1931       1.142000000000000000e+03
1931       7.190000000000000000e+02
1931       1.313000000000000000e+03
1931       1.104000000000000000e+03
1931       1.130000000000000000e+03
1931       5.800000000000000000e+01
1931       1.225000000000000000e+03
1931       1.302000000000000000e+03
1931       9.110000000000000000e+02
1931       1.181000000000000000e+03
1931       4.100000000000000000e+02
1932       1.230000000000000000e+03
1932       8.840000000000000000e+02
1932       6.950000000000000000e+02
1932       1.106000000000000000e+03
1932       5.720000000000000000e+02
1932       1.236000000000000000e+03
1932       1.193000000000000000e+03
1932       8.610000000000000000e+02
1932       1.221000000000000000e+03
1932       2.690000000000000000e+02
1932       9.480000000000000000e+02
1932       1.200000000000000000e+02
1932       1.159000000000000000e+03
1932       1.297000000000000000e+03
1932       5.510000000000000000e+02
1932       9.150000000000000000e+02
1932       3.600000000000000000e+02
1932       2.280000000000000000e+02
1933       6.770000000000000000e+02
1933       9.540000000000000000e+02
1933       7.030000000000000000e+02
1933       8.210000000000000000e+02
1933       8.070000000000000000e+02
1933       1.740000000000000000e+02
1933       1.356000000000000000e+03
1933       2.070000000000000000e+02
1933       1.164000000000000000e+03
1933       1.347000000000000000e+03
1933       2.250000000000000000e+02
1934       9.650000000000000000e+02
1934       6.730000000000000000e+02
1934       1.112000000000000000e+03
1934       6.410000000000000000e+02
1934       1.255000000000000000e+03
1934       2.840000000000000000e+02
1934       1.075000000000000000e+03
1934       4.910000000000000000e+02
1934       1.161000000000000000e+03
1934       5.060000000000000000e+02
1934       1.155000000000000000e+03
1934       1.134000000000000000e+03
1934       7.100000000000000000e+02
1934       8.370000000000000000e+02
1934       2.080000000000000000e+02
1934       4.280000000000000000e+02
1934       1.249000000000000000e+03
1934       2.440000000000000000e+02
1935       1.010000000000000000e+02
1935       7.330000000000000000e+02
1935       1.245000000000000000e+03
1935       1.135000000000000000e+03
1935       1.278000000000000000e+03
1936       1.210000000000000000e+02
1936       1.145000000000000000e+03
1936       1.352000000000000000e+03
1936       6.550000000000000000e+02
1936       4.090000000000000000e+02
1936       6.970000000000000000e+02
1936       8.390000000000000000e+02
1936       5.690000000000000000e+02
1936       1.480000000000000000e+02
1936       7.970000000000000000e+02
1936       7.360000000000000000e+02
1936       1.189000000000000000e+03
1937       1.036000000000000000e+03
1937       1.319000000000000000e+03
1937       1.169000000000000000e+03
1937       1.573000000000000000e+03
1937       1.217000000000000000e+03
1937       1.196000000000000000e+03
1937       7.480000000000000000e+02
1937       1.174000000000000000e+03
1937       1.388000000000000000e+03
1937       3.110000000000000000e+02
1937       1.254000000000000000e+03
1938       1.239000000000000000e+03
1938       1.120000000000000000e+03
1938       1.340000000000000000e+03
1938       1.264000000000000000e+03
1938       5.180000000000000000e+02
1938       7.580000000000000000e+02
1938       9.490000000000000000e+02
1938       1.272000000000000000e+03
1939       1.339000000000000000e+03
1939       2.640000000000000000e+02
1939       9.620000000000000000e+02
1939       7.800000000000000000e+02
1939       1.163000000000000000e+03
1939       3.140000000000000000e+02
1940       1.270000000000000000e+02
1940       3.000000000000000000e+02
1940       1.283000000000000000e+03
1940       1.172000000000000000e+03
1940       1.354000000000000000e+03
1940       1.102000000000000000e+03
1940       9.040000000000000000e+02
1940       3.730000000000000000e+02
1941       1.268000000000000000e+03
1941       1.157000000000000000e+03
1941       1.214000000000000000e+03
1941       1.290000000000000000e+03
1941       4.070000000000000000e+02
1941       1.025000000000000000e+03
1941       6.130000000000000000e+02
1941       1.223000000000000000e+03
1941       1.124000000000000000e+03
1941       8.400000000000000000e+02
1941       1.156000000000000000e+03
1942       1.123000000000000000e+03
1942       1.320000000000000000e+03
1942       1.141000000000000000e+03
1942       8.140000000000000000e+02
1942       1.192000000000000000e+03
1942       1.296000000000000000e+03
1942       1.374000000000000000e+03
1942       1.253000000000000000e+03
1942       1.500000000000000000e+01
1942       2.200000000000000000e+02
1942       3.910000000000000000e+02
1943       1.115000000000000000e+03
1943       9.920000000000000000e+02
1943       1.890000000000000000e+02
1943       1.037000000000000000e+03
1943       6.660000000000000000e+02
1944       2.870000000000000000e+02
1944       1.241000000000000000e+03
1944       1.127000000000000000e+03
1944       1.149000000000000000e+03
1944       1.139000000000000000e+03
1944       1.550000000000000000e+02
1945       1.710000000000000000e+02
1945       1.293000000000000000e+03
1945       1.333000000000000000e+03
1945       1.180000000000000000e+03
1945       1.152000000000000000e+03
1945       1.450000000000000000e+03
1945       1.350000000000000000e+03
1945       4.300000000000000000e+01
1946       1.292000000000000000e+03
1946       1.260000000000000000e+03
1946       1.034000000000000000e+03
1946       1.307000000000000000e+03
1946       5.430000000000000000e+02
1946       8.920000000000000000e+02
1946       1.930000000000000000e+02
1947       1.316000000000000000e+03
1947       5.810000000000000000e+02
1947       1.238000000000000000e+03
1947       6.730000000000000000e+02
1947       1.267000000000000000e+03
1947       9.600000000000000000e+02
1947       2.400000000000000000e+01
1947       3.400000000000000000e+02
1947       2.900000000000000000e+02
1947       1.167000000000000000e+03
1947       3.870000000000000000e+02
1947       3.430000000000000000e+02
1948       9.480000000000000000e+02
1948       1.252000000000000000e+03
1948       1.262000000000000000e+03
1948       1.336000000000000000e+03
1948       1.287000000000000000e+03
1948       1.001000000000000000e+03
1948       1.129000000000000000e+03
1948       1.335000000000000000e+03
1949       1.240000000000000000e+03
1949       1.090000000000000000e+02
1949       1.250000000000000000e+02
1949       1.365000000000000000e+03
1949       1.003000000000000000e+03
1949       4.960000000000000000e+02
1949       9.370000000000000000e+02
1949       1.470000000000000000e+02
1949       1.317000000000000000e+03
1949       7.370000000000000000e+02
1949       2.770000000000000000e+02
1949       9.440000000000000000e+02
1950       1.114000000000000000e+03
1950       7.390000000000000000e+02
1950       8.180000000000000000e+02
1950       6.100000000000000000e+02
1950       1.670000000000000000e+02
1950       7.000000000000000000e+02
1950       7.300000000000000000e+02
1950       7.340000000000000000e+02
1950       5.660000000000000000e+02
1950       2.580000000000000000e+02
1950       9.110000000000000000e+02
1950       5.500000000000000000e+02
1950       1.274000000000000000e+03
1950       7.530000000000000000e+02
1950       7.570000000000000000e+02
1950       1.355000000000000000e+03
1950       2.300000000000000000e+01
1950       1.291000000000000000e+03
1951       9.980000000000000000e+02
1951       4.240000000000000000e+02
1951       5.190000000000000000e+02
1951       1.219000000000000000e+03
1951       1.920000000000000000e+02
1951       1.265000000000000000e+03
1951       2.010000000000000000e+02
1951       1.347000000000000000e+03
1951       4.810000000000000000e+02
1951       1.258000000000000000e+03
1951       1.165000000000000000e+03
1951       1.125000000000000000e+03
1951       6.700000000000000000e+01
1951       1.063000000000000000e+03
1951       1.242000000000000000e+03
1951       1.134000000000000000e+03
1951       1.269000000000000000e+03
1951       1.211000000000000000e+03
1951       5.680000000000000000e+02
1951       3.580000000000000000e+02
1951       1.240000000000000000e+02
1951       1.660000000000000000e+02
1952       1.298000000000000000e+03
1952       1.220000000000000000e+03
1952       1.209000000000000000e+03
1952       9.400000000000000000e+02
1952       1.880000000000000000e+02
1952       1.159000000000000000e+03
1952       1.183000000000000000e+03
1952       3.800000000000000000e+02
1952       1.202000000000000000e+03
1952       1.234000000000000000e+03
1952       3.680000000000000000e+02
1953       7.750000000000000000e+02
1953       9.200000000000000000e+02
1953       1.144000000000000000e+03
1953       3.330000000000000000e+02
1953       8.370000000000000000e+02
1953       1.329000000000000000e+03
1953       5.700000000000000000e+01
1953       9.490000000000000000e+02
1953       1.810000000000000000e+02
1954       1.343000000000000000e+03
1954       1.232000000000000000e+03
1954       5.460000000000000000e+02
1954       3.190000000000000000e+02
1954       9.460000000000000000e+02
1954       1.156000000000000000e+03
1954       1.145000000000000000e+03
1954       1.176000000000000000e+03
1954       4.740000000000000000e+02
1954       4.750000000000000000e+02
1954       6.900000000000000000e+01
1954       1.326000000000000000e+03
1954       1.006000000000000000e+03
1954       1.295000000000000000e+03
1954       1.270000000000000000e+03
1954       1.199000000000000000e+03
1954       3.540000000000000000e+02
1955       1.268000000000000000e+03
1955       5.530000000000000000e+02
1955       7.160000000000000000e+02
1955       2.980000000000000000e+02
1955       1.351000000000000000e+03
1955       4.790000000000000000e+02
1955       1.168000000000000000e+03
1955       9.060000000000000000e+02
1955       1.338000000000000000e+03
1955       1.273000000000000000e+03
1955       1.189000000000000000e+03
1955       4.780000000000000000e+02
1955       4.090000000000000000e+02
1955       4.430000000000000000e+02
1955       1.325000000000000000e+03
1956       7.880000000000000000e+02
1956       1.204000000000000000e+03
1956       1.210000000000000000e+02
1956       1.305000000000000000e+03
1956       6.220000000000000000e+02
1956       8.870000000000000000e+02
1956       1.142000000000000000e+03
1956       7.650000000000000000e+02
1956       7.010000000000000000e+02
1956       1.192000000000000000e+03
1956       8.230000000000000000e+02
1956       3.270000000000000000e+02
1956       1.246000000000000000e+03
1956       9.130000000000000000e+02
1956       5.730000000000000000e+02
1956       1.030000000000000000e+03
1956       6.880000000000000000e+02
1956       1.170000000000000000e+03
1957       8.050000000000000000e+02
1957       1.260000000000000000e+03
1957       1.197000000000000000e+03
1957       2.600000000000000000e+01
1958       1.348000000000000000e+03
1958       3.990000000000000000e+02
1958       2.150000000000000000e+02
1959       7.000000000000000000e+01
1959       1.090000000000000000e+03
1959       1.233000000000000000e+03
1959       1.860000000000000000e+02
1959       8.540000000000000000e+02
1959       1.353000000000000000e+03
1959       1.341000000000000000e+03
1960       1.277000000000000000e+03
1960       8.350000000000000000e+02
1960       1.336000000000000000e+03
1960       1.600000000000000000e+02
1960       1.027000000000000000e+03
1961       9.920000000000000000e+02
1961       1.770000000000000000e+02
1961       1.287000000000000000e+03
1961       8.920000000000000000e+02
1961       5.670000000000000000e+02
1961       1.218000000000000000e+03
1961       8.000000000000000000e+01
1961       1.147000000000000000e+03
1962       1.254000000000000000e+03
1962       4.630000000000000000e+02
1962       1.324000000000000000e+03
1962       1.347000000000000000e+03
1962       1.311000000000000000e+03
1962       4.120000000000000000e+02
1962       1.800000000000000000e+02
1962       1.201000000000000000e+03
1962       1.346000000000000000e+03
1962       1.331000000000000000e+03
1962       9.620000000000000000e+02
1962       1.238000000000000000e+03
1962       5.380000000000000000e+02
1962       1.187000000000000000e+03
1962       1.129000000000000000e+03
1963       3.570000000000000000e+02
1963       9.950000000000000000e+02
1963       1.294000000000000000e+03
1963       1.172000000000000000e+03
1963       1.300000000000000000e+02
1963       9.680000000000000000e+02
1963       1.151000000000000000e+03
1963       1.180000000000000000e+03
1964       1.214000000000000000e+03
1964       2.500000000000000000e+01
1964       1.263000000000000000e+03
1964       1.251000000000000000e+03
1964       7.310000000000000000e+02
1964       1.168000000000000000e+03
1964       5.390000000000000000e+02
1964       9.930000000000000000e+02
1964       6.200000000000000000e+01
1964       4.710000000000000000e+02
1964       6.960000000000000000e+02
1964       1.230000000000000000e+03
1964       1.140000000000000000e+03
1964       1.200000000000000000e+03
1965       9.800000000000000000e+02
1965       3.410000000000000000e+02
1965       1.258000000000000000e+03
1965       1.359000000000000000e+03
1965       4.570000000000000000e+02
1965       1.232000000000000000e+03
1965       4.920000000000000000e+02
1965       1.338000000000000000e+03
1965       8.000000000000000000e+00
1965       1.160000000000000000e+02
1966       1.171000000000000000e+03
1966       6.920000000000000000e+02
1966       1.154000000000000000e+03
1966       1.195000000000000000e+03
1966       1.169000000000000000e+03
1966       1.310000000000000000e+03
1966       8.340000000000000000e+02
1966       7.500000000000000000e+01
1966       6.780000000000000000e+02
1966       1.120000000000000000e+03
1966       3.370000000000000000e+02
1966       1.231000000000000000e+03
1966       1.215000000000000000e+03
1966       1.166000000000000000e+03
1967       5.400000000000000000e+01
1967       1.220000000000000000e+03
1967       5.470000000000000000e+02
1967       2.170000000000000000e+02
1967       1.161000000000000000e+03
1967       3.020000000000000000e+02
1967       5.170000000000000000e+02
1967       1.228000000000000000e+03
1967       1.830000000000000000e+02
1967       1.052000000000000000e+03
1967       1.296000000000000000e+03
1967       1.141000000000000000e+03
1967       8.820000000000000000e+02
1967       1.266000000000000000e+03
1967       1.202000000000000000e+03
1967       1.243000000000000000e+03
1967       6.670000000000000000e+02
1967       5.790000000000000000e+02
1967       1.032000000000000000e+03
1968       1.307000000000000000e+03
1968       1.046000000000000000e+03
1968       1.960000000000000000e+02
1968       1.327000000000000000e+03
1968       1.332000000000000000e+03
1968       9.200000000000000000e+01
1968       1.292000000000000000e+03
1968       8.540000000000000000e+02
1968       4.760000000000000000e+02
1968       1.129000000000000000e+03
1968       4.860000000000000000e+02
1968       1.700000000000000000e+02
1969       1.274000000000000000e+03
1969       1.299000000000000000e+03
1969       1.322000000000000000e+03
1969       1.352000000000000000e+03
1969       1.176000000000000000e+03
1969       1.304000000000000000e+03
1969       1.308000000000000000e+03
1969       1.342000000000000000e+03
1969       7.430000000000000000e+02
1969       1.317000000000000000e+03
1969       9.210000000000000000e+02
1969       1.447000000000000000e+03
1969       1.184000000000000000e+03
1969       1.185000000000000000e+03
1970       1.192000000000000000e+03
1970       1.240000000000000000e+03
1970       1.121000000000000000e+03
1970       8.040000000000000000e+02
1970       7.640000000000000000e+02
1970       9.770000000000000000e+02
1970       1.134000000000000000e+03
1970       1.276000000000000000e+03
1970       9.710000000000000000e+02
1970       1.030000000000000000e+03
1970       1.265000000000000000e+03
1970       1.314000000000000000e+03
1970       8.590000000000000000e+02
1971       1.236000000000000000e+03
1971       1.334000000000000000e+03
1971       8.790000000000000000e+02
1971       1.039000000000000000e+03
1971       1.290000000000000000e+03
1971       1.211000000000000000e+03
1971       7.420000000000000000e+02
1971       7.000000000000000000e+01
1971       1.153000000000000000e+03
1971       4.910000000000000000e+02
1971       1.219000000000000000e+03
1972       1.203000000000000000e+03
1972       1.156000000000000000e+03
1972       1.282000000000000000e+03
1972       4.440000000000000000e+02
1973       3.290000000000000000e+02
1974       1.127000000000000000e+03
1974       1.175000000000000000e+03
1974       1.600000000000000000e+01
1974       1.120000000000000000e+02
1974       1.179000000000000000e+03
1974       1.135000000000000000e+03
1974       9.260000000000000000e+02
1974       1.124000000000000000e+03
1974       1.333000000000000000e+03
1974       5.090000000000000000e+02
1975       1.191000000000000000e+03
1975       1.572000000000000000e+03
1975       1.301000000000000000e+03
1975       1.218000000000000000e+03
1975       1.248000000000000000e+03
1975       9.040000000000000000e+02
1975       1.136000000000000000e+03
1976       1.325000000000000000e+03
1976       1.306000000000000000e+03
1976       1.246000000000000000e+03
1976       1.202000000000000000e+03
1976       1.292000000000000000e+03
1976       1.133000000000000000e+03
1976       1.337000000000000000e+03
1977       1.151000000000000000e+03
1977       1.300000000000000000e+03
1977       1.129000000000000000e+03
1977       1.216000000000000000e+03
1977       4.230000000000000000e+02
1977       1.247000000000000000e+03
1978       1.141000000000000000e+03
1978       7.800000000000000000e+02
1978       2.580000000000000000e+02
1978       1.140000000000000000e+02
1978       1.148000000000000000e+03
1979       5.950000000000000000e+02
1979       1.164000000000000000e+03
1979       1.357000000000000000e+03
1979       9.870000000000000000e+02
1979       1.297000000000000000e+03
1979       4.790000000000000000e+02
1980       4.970000000000000000e+02
1980       2.070000000000000000e+02
1980       9.130000000000000000e+02
1980       5.740000000000000000e+02
1980       8.770000000000000000e+02
1980       1.117000000000000000e+03
1980       1.330000000000000000e+03
1980       1.309000000000000000e+03
1980       1.015000000000000000e+03
1980       1.225000000000000000e+03
1980       4.090000000000000000e+02
1980       1.139000000000000000e+03
1980       1.159000000000000000e+03
1980       1.326000000000000000e+03
1980       2.880000000000000000e+02
1981       1.210000000000000000e+03
1981       1.169000000000000000e+03
1981       1.217000000000000000e+03
1981       1.128000000000000000e+03
1981       1.340000000000000000e+03
1981       1.280000000000000000e+03
1981       2.240000000000000000e+02
1981       5.970000000000000000e+02
1981       1.277000000000000000e+03
1982       8.700000000000000000e+02
1982       6.920000000000000000e+02
1982       8.560000000000000000e+02
1982       1.321000000000000000e+03
1982       1.980000000000000000e+02
1982       1.178000000000000000e+03
1982       1.304000000000000000e+03
1982       2.610000000000000000e+02
1982       4.690000000000000000e+02
1982       1.490000000000000000e+02
1982       1.115000000000000000e+03
1982       9.640000000000000000e+02
1982       1.344000000000000000e+03
1982       7.690000000000000000e+02
1983       1.313000000000000000e+03
1983       1.215000000000000000e+03
1983       3.140000000000000000e+02
1983       1.318000000000000000e+03
1983       1.302000000000000000e+03
1983       3.110000000000000000e+02
1983       1.213000000000000000e+03
1983       1.074000000000000000e+03
1983       1.157000000000000000e+03
1983       2.530000000000000000e+02
1983       1.314000000000000000e+03
1983       5.350000000000000000e+02
1983       1.044000000000000000e+03
1983       3.070000000000000000e+02
1983       3.550000000000000000e+02
1983       7.830000000000000000e+02
1983       1.160000000000000000e+03
1983       1.264000000000000000e+03
1983       1.173000000000000000e+03
1983       3.020000000000000000e+02
1983       1.510000000000000000e+02
1984       6.710000000000000000e+02
1984       9.140000000000000000e+02
1984       1.370000000000000000e+02
1984       1.316000000000000000e+03
1984       1.031000000000000000e+03
1984       1.322000000000000000e+03
1984       1.298000000000000000e+03
1984       1.308000000000000000e+03
1984       6.420000000000000000e+02
1984       1.125000000000000000e+03
1984       1.305000000000000000e+03
1984       1.046000000000000000e+03
1984       1.010000000000000000e+03
1984       3.420000000000000000e+02
1984       4.600000000000000000e+02
1984       8.500000000000000000e+01
1984       1.339000000000000000e+03
1984       1.132000000000000000e+03
1984       1.240000000000000000e+03
1984       2.180000000000000000e+02
1985       5.200000000000000000e+02
1985       1.221000000000000000e+03
1985       1.212000000000000000e+03
1985       1.389000000000000000e+03
1985       1.131000000000000000e+03
1985       2.390000000000000000e+02
1985       6.780000000000000000e+02
1986       1.210000000000000000e+02
1986       1.285000000000000000e+03
1986       1.700000000000000000e+01
1986       5.310000000000000000e+02
1986       1.327000000000000000e+03
1986       6.460000000000000000e+02
1986       3.170000000000000000e+02
1986       2.710000000000000000e+02
1986       8.320000000000000000e+02
1986       8.180000000000000000e+02
1987       6.410000000000000000e+02
1987       1.122000000000000000e+03
1987       4.470000000000000000e+02
1987       1.241000000000000000e+03
1987       2.110000000000000000e+02
1988       1.359000000000000000e+03
1988       1.303000000000000000e+03
1988       1.060000000000000000e+03
1988       1.123000000000000000e+03
1988       1.268000000000000000e+03
1988       6.000000000000000000e+01
1988       1.040000000000000000e+02
1989       9.900000000000000000e+02
1989       1.200000000000000000e+03
1989       1.219000000000000000e+03
1989       1.133000000000000000e+03
1989       6.860000000000000000e+02
1989       8.800000000000000000e+02
1989       1.152000000000000000e+03
1989       1.146000000000000000e+03
1989       1.025000000000000000e+03
1989       3.260000000000000000e+02
1990       1.051000000000000000e+03
1990       1.574000000000000000e+03
1990       1.282000000000000000e+03
1991       7.910000000000000000e+02
1991       1.231000000000000000e+03
1991       1.067000000000000000e+03
1991       1.107000000000000000e+03
1991       1.227000000000000000e+03
1992       1.218000000000000000e+03
1992       1.176000000000000000e+03
1993       1.280000000000000000e+03
1993       1.237000000000000000e+03
1993       8.470000000000000000e+02
1993       3.790000000000000000e+02
1993       1.113000000000000000e+03
1994       6.200000000000000000e+01
1994       1.235000000000000000e+03
1994       1.224000000000000000e+03
1994       1.309000000000000000e+03
1994       7.800000000000000000e+02
1994       1.332000000000000000e+03
1994       2.680000000000000000e+02
1994       4.860000000000000000e+02
1995       1.358000000000000000e+03
1995       6.330000000000000000e+02
1995       1.167000000000000000e+03
1995       1.353000000000000000e+03
1995       1.234000000000000000e+03
1995       1.129000000000000000e+03
1995       7.590000000000000000e+02
1995       1.437000000000000000e+03
1995       1.220000000000000000e+03
1995       1.162000000000000000e+03
1995       9.760000000000000000e+02
1995       1.126000000000000000e+03
1995       1.230000000000000000e+03
1995       1.196000000000000000e+03
1996       1.271000000000000000e+03
1996       1.166000000000000000e+03
1996       1.564000000000000000e+03
1996       3.830000000000000000e+02
1996       1.228000000000000000e+03
1996       6.270000000000000000e+02
1996       1.278000000000000000e+03
1996       5.300000000000000000e+01
1996       1.128000000000000000e+03
1996       1.208000000000000000e+03
1996       1.204000000000000000e+03
1996       5.660000000000000000e+02
1996       1.097000000000000000e+03
1996       1.121000000000000000e+03
1996       1.347000000000000000e+03
1996       6.130000000000000000e+02
1996       1.780000000000000000e+02
1996       1.298000000000000000e+03
1996       1.307000000000000000e+03
1996       3.610000000000000000e+02
1997       1.333000000000000000e+03
1997       1.049000000000000000e+03
1997       1.215000000000000000e+03
1997       1.053000000000000000e+03
1997       1.154000000000000000e+03
1997       1.141000000000000000e+03
1997       1.272000000000000000e+03
1997       3.070000000000000000e+02
1997       1.172000000000000000e+03
1997       9.800000000000000000e+01
1997       4.380000000000000000e+02
1997       1.233000000000000000e+03
1997       1.258000000000000000e+03
1997       2.300000000000000000e+02
1997       1.335000000000000000e+03
1997       1.292000000000000000e+03
1997       5.520000000000000000e+02
1997       1.205000000000000000e+03
1998       1.296000000000000000e+03
1998       8.410000000000000000e+02
1998       1.315000000000000000e+03
1998       6.730000000000000000e+02
1998       5.120000000000000000e+02
1998       3.630000000000000000e+02
1998       2.130000000000000000e+02
1998       8.000000000000000000e+02
1998       1.319000000000000000e+03
1998       5.860000000000000000e+02
1998       1.300000000000000000e+03
1998       8.100000000000000000e+01
1998       4.200000000000000000e+02
1998       1.329000000000000000e+03
1998       1.338000000000000000e+03
1998       1.136000000000000000e+03
1998       6.190000000000000000e+02
1998       5.200000000000000000e+01
1998       6.400000000000000000e+01
1998       1.008000000000000000e+03
1998       3.320000000000000000e+02
1998       1.157000000000000000e+03
1998       6.760000000000000000e+02
1998       1.269000000000000000e+03
1999       1.297000000000000000e+03
1999       1.340000000000000000e+03
1999       2.440000000000000000e+02
1999       3.420000000000000000e+02
1999       1.183000000000000000e+03
1999       1.182000000000000000e+03
1999       1.238000000000000000e+03
1999       4.760000000000000000e+02
1999       8.710000000000000000e+02
1999       2.210000000000000000e+02
