# Neuron   Time (s)                 
391        4.099999999999999478e-03
31         4.460000000000000422e-03
57         4.520000000000000580e-03
64         4.680000000000000132e-03
289        5.499999999999999681e-03
291        5.560000000000000706e-03
258        6.300000000000000044e-03
143        6.400000000000000307e-03
10         6.539999999999999807e-03
234        6.560000000000000726e-03
126        6.740000000000000331e-03
374        6.799999999999999621e-03
124        6.900000000000000751e-03
180        8.600000000000000006e-03
31         1.068000000000000026e-02
172        1.088000000000000078e-02
230        1.238000000000000038e-02
225        1.356000000000000087e-02
382        1.393999999999999927e-02
88         1.417999999999999990e-02
227        1.466000000000000116e-02
341        1.515999999999999986e-02
379        1.524000000000000007e-02
46         1.544000000000000060e-02
165        1.601999999999999952e-02
71         1.626000000000000362e-02
310        1.660000000000000017e-02
189        1.778000000000000067e-02
24         1.865999999999999950e-02
192        1.962000000000000202e-02
146        2.018000000000000002e-02
342        2.030000000000000207e-02
300        2.199999999999999872e-02
350        2.238000000000000059e-02
164        2.308000000000000329e-02
70         2.333999999999999964e-02
263        2.353999999999999843e-02
244        2.453999999999999931e-02
154        2.456000000000000197e-02
80         2.500000000000000139e-02
168        2.518000000000000099e-02
367        2.664000000000000049e-02
393        2.810000000000000345e-02
207        2.844000000000000347e-02
50         2.906000000000000250e-02
319        2.954000000000000029e-02
329        2.963999999999999968e-02
64         3.014000000000000012e-02
366        3.048000000000000015e-02
392        3.110000000000000264e-02
216        3.140000000000000430e-02
303        3.153999999999999859e-02
204        3.238000000000000600e-02
399        3.316000000000000197e-02
45         3.374000000000000610e-02
280        3.402000000000000163e-02
332        3.550000000000000377e-02
372        3.590000000000000135e-02
272        3.620000000000000301e-02
228        3.720000000000000390e-02
101        3.746000000000000024e-02
362        3.767999999999999822e-02
259        3.896000000000000157e-02
256        3.935999999999999915e-02
367        3.953999999999999876e-02
168        3.964000000000000162e-02
150        3.978000000000000286e-02
34         4.003999999999999920e-02
336        4.007999999999999757e-02
239        4.028000000000000330e-02
197        4.039999999999999841e-02
146        4.042000000000000454e-02
210        4.060000000000000414e-02
68         4.252000000000000224e-02
374        4.398000000000000520e-02
117        4.448000000000000564e-02
170        4.510000000000000120e-02
257        4.666000000000000703e-02
2          4.696000000000000174e-02
88         4.711999999999999522e-02
4          4.774000000000000465e-02
11         4.796000000000000263e-02
182        4.814000000000000223e-02
180        4.852000000000000757e-02
265        4.946000000000000396e-02
145        4.988000000000000073e-02
119        4.992000000000000604e-02
122        5.043999999999999873e-02
256        5.098000000000000448e-02
224        5.112000000000000571e-02
396        5.126000000000000001e-02
345        5.240000000000000213e-02
101        5.278000000000000053e-02
344        5.331999999999999934e-02
332        5.406000000000000388e-02
68         5.475999999999999618e-02
242        5.493999999999999578e-02
84         5.524000000000000438e-02
356        5.542000000000000398e-02
186        5.616000000000000159e-02
244        5.638000000000000650e-02
399        5.710000000000000492e-02
41         5.870000000000000218e-02
119        5.902000000000000302e-02
114        5.962000000000000632e-02
28         6.018000000000000432e-02
131        6.020000000000000351e-02
330        6.062000000000000721e-02
109        6.166000000000000647e-02
196        6.171999999999999709e-02
175        6.176000000000000240e-02
202        6.328000000000000291e-02
49         6.338000000000000578e-02
350        6.378000000000000336e-02
59         6.392000000000000459e-02
65         6.418000000000001481e-02
327        6.457999999999999852e-02
231        6.496000000000000385e-02
322        6.607999999999999985e-02
277        6.692000000000000726e-02
55         6.778000000000000691e-02
389        6.844000000000000083e-02
152        6.968000000000000582e-02
38         7.030000000000000138e-02
263        7.055999999999999772e-02
332        7.062000000000000222e-02
222        7.072000000000000508e-02
391        7.208000000000000518e-02
267        7.218000000000000804e-02
294        7.280000000000000360e-02
230        7.356000000000000039e-02
206        7.373999999999999999e-02
287        7.416000000000000369e-02
210        7.427999999999999881e-02
240        7.534000000000000419e-02
120        7.656000000000000305e-02
74         7.663999999999999979e-02
310        7.674000000000000266e-02
5          7.737999999999999046e-02
172        7.746000000000001495e-02
317        7.751999999999999169e-02
267        7.793999999999999539e-02
333        7.799999999999999989e-02
225        7.821999999999999786e-02
129        7.862000000000000932e-02
90         7.906000000000000527e-02
20         8.114000000000000379e-02
118        8.122000000000000053e-02
343        8.126000000000001278e-02
142        8.160000000000000586e-02
130        8.192000000000000670e-02
235        8.208000000000000018e-02
344        8.351999999999999702e-02
254        8.387999999999999623e-02
289        8.456000000000001016e-02
40         8.490000000000000324e-02
38         8.610000000000000986e-02
247        8.626000000000000334e-02
160        8.650000000000000744e-02
130        8.668000000000000704e-02
225        8.705999999999999850e-02
155        8.722000000000000586e-02
164        8.741999999999999771e-02
168        8.744000000000000383e-02
28         8.804000000000000714e-02
146        8.852000000000000146e-02
361        8.862000000000000433e-02
327        8.952000000000000235e-02
291        8.974000000000000032e-02
385        9.218000000000001193e-02
26         9.285999999999999810e-02
141        9.364000000000000101e-02
89         9.371999999999999775e-02
173        9.378000000000000225e-02
99         9.398000000000000798e-02
59         9.426000000000001044e-02
167        9.496000000000001662e-02
66         9.506000000000000560e-02
377        9.601999999999999424e-02
47         9.621999999999999997e-02
283        9.682000000000000328e-02
269        9.712000000000001187e-02
118        9.756000000000000782e-02
178        9.806000000000000827e-02
32         9.822000000000000175e-02
217        9.886000000000000343e-02
194        9.979999999999999982e-02
81         1.014000000000000040e-01
6          1.018600000000000061e-01
393        1.028200000000000086e-01
150        1.034800000000000025e-01
202        1.034800000000000025e-01
379        1.036600000000000021e-01
298        1.038400000000000017e-01
374        1.042600000000000054e-01
378        1.047799999999999981e-01
357        1.047799999999999981e-01
167        1.054400000000000059e-01
274        1.057400000000000145e-01
24         1.058800000000000019e-01
399        1.063200000000000117e-01
234        1.066800000000000109e-01
250        1.079600000000000143e-01
252        1.079800000000000065e-01
189        1.089000000000000107e-01
109        1.090400000000000119e-01
39         1.096599999999999936e-01
88         1.098599999999999993e-01
95         1.101400000000000018e-01
280        1.106800000000000145e-01
360        1.113799999999999929e-01
155        1.115000000000000019e-01
204        1.116599999999999954e-01
369        1.117400000000000060e-01
153        1.117600000000000121e-01
324        1.126200000000000118e-01
327        1.139200000000000074e-01
51         1.143400000000000111e-01
302        1.143600000000000033e-01
258        1.144000000000000017e-01
224        1.160199999999999981e-01
89         1.160400000000000043e-01
259        1.170800000000000035e-01
25         1.175400000000000056e-01
70         1.176600000000000007e-01
347        1.179200000000000109e-01
166        1.182400000000000118e-01
328        1.184000000000000052e-01
11         1.186600000000000016e-01
41         1.195000000000000090e-01
219        1.195000000000000090e-01
32         1.202600000000000058e-01
53         1.211200000000000054e-01
98         1.213200000000000112e-01
359        1.215200000000000030e-01
323        1.216200000000000059e-01
65         1.218400000000000039e-01
136        1.224400000000000072e-01
375        1.232199999999999962e-01
61         1.234000000000000097e-01
306        1.234800000000000064e-01
309        1.236000000000000154e-01
216        1.242999999999999938e-01
143        1.244600000000000151e-01
53         1.251400000000000012e-01
322        1.264600000000000168e-01
123        1.266599999999999948e-01
43         1.274399999999999977e-01
384        1.274399999999999977e-01
309        1.283799999999999941e-01
159        1.284000000000000141e-01
216        1.287599999999999856e-01
28         1.288000000000000256e-01
105        1.300999999999999934e-01
353        1.305200000000000249e-01
331        1.305800000000000016e-01
116        1.306599999999999984e-01
275        1.307599999999999874e-01
62         1.320999999999999952e-01
108        1.323199999999999932e-01
118        1.323400000000000132e-01
184        1.323600000000000054e-01
205        1.324200000000000099e-01
11         1.325000000000000067e-01
306        1.325800000000000034e-01
35         1.327400000000000246e-01
323        1.330800000000000038e-01
123        1.341200000000000170e-01
32         1.342800000000000105e-01
344        1.354400000000000048e-01
353        1.355000000000000093e-01
205        1.358400000000000163e-01
116        1.373600000000000099e-01
133        1.379200000000000148e-01
103        1.383400000000000185e-01
266        1.394600000000000006e-01
351        1.395200000000000051e-01
270        1.395399999999999974e-01
159        1.395800000000000096e-01
90         1.396199999999999941e-01
291        1.402400000000000035e-01
205        1.403399999999999925e-01
328        1.407000000000000195e-01
81         1.407599999999999962e-01
136        1.413999999999999979e-01
53         1.422200000000000131e-01
276        1.431199999999999972e-01
104        1.436600000000000099e-01
105        1.436800000000000022e-01
354        1.444400000000000128e-01
275        1.452000000000000235e-01
287        1.455200000000000105e-01
141        1.455800000000000149e-01
122        1.472600000000000020e-01
232        1.472799999999999943e-01
255        1.473600000000000187e-01
67         1.481599999999999862e-01
387        1.488400000000000001e-01
54         1.494600000000000095e-01
219        1.497199999999999920e-01
240        1.500800000000000189e-01
103        1.504800000000000026e-01
341        1.509600000000000108e-01
231        1.509800000000000031e-01
192        1.513200000000000101e-01
16         1.518000000000000183e-01
108        1.518000000000000183e-01
173        1.525200000000000167e-01
355        1.525800000000000212e-01
257        1.526599999999999902e-01
161        1.527199999999999946e-01
136        1.529200000000000281e-01
207        1.535200000000000176e-01
24         1.540399999999999825e-01
59         1.544800000000000062e-01
233        1.547400000000000164e-01
398        1.553799999999999903e-01
187        1.557599999999999818e-01
234        1.557599999999999818e-01
366        1.563199999999999867e-01
219        1.568400000000000072e-01
170        1.578600000000000281e-01
341        1.580200000000000216e-01
397        1.584600000000000175e-01
119        1.587800000000000045e-01
302        1.591200000000000114e-01
300        1.592800000000000049e-01
312        1.593199999999999894e-01
244        1.609600000000000197e-01
173        1.610200000000000242e-01
203        1.611800000000000177e-01
389        1.613600000000000034e-01
228        1.615000000000000047e-01
199        1.615399999999999892e-01
395        1.619600000000000206e-01
340        1.632200000000000040e-01
269        1.636400000000000077e-01
37         1.637400000000000244e-01
235        1.638199999999999934e-01
219        1.638400000000000134e-01
133        1.646200000000000163e-01
65         1.647200000000000053e-01
187        1.664600000000000246e-01
199        1.666800000000000226e-01
8          1.670800000000000063e-01
381        1.673800000000000010e-01
123        1.675000000000000100e-01
59         1.680600000000000149e-01
366        1.683800000000000019e-01
237        1.689400000000000068e-01
230        1.689599999999999991e-01
360        1.690200000000000036e-01
150        1.701200000000000212e-01
112        1.701799999999999979e-01
130        1.708800000000000041e-01
1          1.709200000000000164e-01
255        1.710200000000000053e-01
369        1.712599999999999956e-01
109        1.716000000000000025e-01
37         1.720600000000000185e-01
23         1.722000000000000197e-01
354        1.724799999999999944e-01
235        1.735399999999999998e-01
84         1.735599999999999921e-01
201        1.750599999999999934e-01
94         1.752000000000000224e-01
202        1.755400000000000016e-01
122        1.759200000000000208e-01
40         1.760800000000000143e-01
52         1.761199999999999988e-01
83         1.761400000000000188e-01
355        1.761600000000000110e-01
351        1.769999999999999907e-01
143        1.772400000000000087e-01
20         1.774799999999999989e-01
235        1.779400000000000148e-01
223        1.782799999999999940e-01
350        1.785800000000000165e-01
394        1.786200000000000010e-01
38         1.790800000000000169e-01
310        1.790800000000000169e-01
335        1.791400000000000214e-01
74         1.801400000000000223e-01
50         1.804000000000000048e-01
73         1.811599999999999877e-01
266        1.825200000000000156e-01
215        1.829800000000000038e-01
361        1.833200000000000107e-01
398        1.835600000000000009e-01
4          1.840600000000000014e-01
150        1.843000000000000194e-01
270        1.844000000000000083e-01
155        1.848199999999999843e-01
138        1.850399999999999823e-01
29         1.854399999999999937e-01
325        1.858600000000000252e-01
258        1.867400000000000171e-01
122        1.868600000000000261e-01
148        1.870399999999999840e-01
8          1.877000000000000335e-01
10         1.878799999999999915e-01
34         1.880600000000000049e-01
354        1.892199999999999993e-01
255        1.895999999999999908e-01
311        1.896800000000000153e-01
280        1.897000000000000075e-01
40         1.897800000000000042e-01
144        1.913400000000000101e-01
373        1.913400000000000101e-01
54         1.919800000000000118e-01
367        1.922800000000000065e-01
331        1.923000000000000265e-01
36         1.928199999999999914e-01
57         1.935399999999999898e-01
284        1.936800000000000188e-01
72         1.938000000000000278e-01
247        1.939800000000000135e-01
14         1.945000000000000062e-01
304        1.945800000000000030e-01
73         1.947599999999999887e-01
208        1.953600000000000059e-01
292        1.973400000000000154e-01
140        1.973600000000000076e-01
251        1.975999999999999979e-01
15         1.977599999999999913e-01
49         1.978800000000000003e-01
257        1.979000000000000203e-01
34         1.979800000000000171e-01
11         1.983800000000000008e-01
208        1.990000000000000102e-01
380        2.001200000000000201e-01
358        2.005800000000000083e-01
192        2.007400000000000018e-01
276        2.008199999999999985e-01
54         2.008400000000000185e-01
304        2.010200000000000042e-01
307        2.011799999999999977e-01
215        2.015000000000000124e-01
166        2.019800000000000206e-01
299        2.021600000000000064e-01
382        2.028000000000000080e-01
194        2.029800000000000215e-01
393        2.033600000000000130e-01
365        2.033999999999999975e-01
113        2.051400000000000168e-01
74         2.052599999999999980e-01
397        2.053600000000000148e-01
336        2.058399999999999952e-01
370        2.069200000000000206e-01
299        2.070200000000000096e-01
308        2.070400000000000018e-01
106        2.073800000000000088e-01
144        2.075000000000000178e-01
165        2.087000000000000244e-01
164        2.090800000000000158e-01
109        2.091600000000000126e-01
58         2.097199999999999898e-01
195        2.097600000000000020e-01
73         2.103000000000000147e-01
189        2.106000000000000094e-01
375        2.106000000000000094e-01
330        2.107600000000000029e-01
243        2.122000000000000275e-01
309        2.123000000000000165e-01
46         2.123200000000000087e-01
66         2.128800000000000137e-01
17         2.130800000000000194e-01
262        2.131200000000000039e-01
34         2.132000000000000284e-01
397        2.137000000000000288e-01
196        2.144999999999999962e-01
114        2.145600000000000007e-01
281        2.147000000000000297e-01
202        2.148000000000000187e-01
378        2.150400000000000089e-01
190        2.152000000000000302e-01
141        2.156800000000000106e-01
74         2.172400000000000164e-01
272        2.173600000000000254e-01
133        2.181800000000000128e-01
148        2.186200000000000088e-01
387        2.190399999999999847e-01
310        2.190800000000000247e-01
269        2.191800000000000137e-01
151        2.193400000000000072e-01
190        2.195600000000000052e-01
192        2.196400000000000297e-01
238        2.197000000000000342e-01
1          2.197800000000000031e-01
202        2.198000000000000231e-01
348        2.204200000000000326e-01
130        2.205200000000000216e-01
276        2.226400000000000323e-01
237        2.226800000000000168e-01
153        2.227200000000000013e-01
157        2.232400000000000218e-01
240        2.242400000000000226e-01
326        2.245000000000000051e-01
361        2.245200000000000251e-01
384        2.245999999999999941e-01
8          2.246400000000000063e-01
275        2.247800000000000076e-01
399        2.258199999999999930e-01
185        2.268000000000000294e-01
386        2.268199999999999938e-01
279        2.269400000000000028e-01
179        2.273400000000000143e-01
137        2.273600000000000065e-01
263        2.275399999999999923e-01
159        2.289600000000000246e-01
349        2.290999999999999981e-01
243        2.299000000000000210e-01
5          2.304000000000000214e-01
8          2.305000000000000104e-01
141        2.305600000000000149e-01
199        2.305800000000000072e-01
117        2.306400000000000117e-01
96         2.306400000000000117e-01
91         2.306600000000000039e-01
275        2.307000000000000162e-01
358        2.307000000000000162e-01
254        2.313199999999999978e-01
36         2.329400000000000082e-01
363        2.338200000000000001e-01
271        2.338600000000000123e-01
157        2.340800000000000103e-01
242        2.343600000000000128e-01
380        2.343600000000000128e-01
280        2.348600000000000132e-01
299        2.350600000000000189e-01
295        2.352200000000000124e-01
368        2.355800000000000116e-01
225        2.364200000000000190e-01
301        2.370400000000000007e-01
116        2.370600000000000207e-01
176        2.370800000000000129e-01
386        2.373999999999999999e-01
85         2.381800000000000028e-01
186        2.388000000000000123e-01
279        2.389000000000000012e-01
2          2.390000000000000180e-01
76         2.397400000000000087e-01
67         2.402600000000000013e-01
156        2.409600000000000075e-01
278        2.415599999999999969e-01
36         2.417199999999999904e-01
161        2.419400000000000162e-01
363        2.419400000000000162e-01
312        2.420400000000000051e-01
287        2.421800000000000064e-01
236        2.423600000000000199e-01
199        2.427400000000000113e-01
392        2.427400000000000113e-01
186        2.431000000000000105e-01
387        2.444000000000000061e-01
292        2.451200000000000045e-01
76         2.454000000000000070e-01
19         2.454999999999999960e-01
43         2.455400000000000083e-01
352        2.455800000000000205e-01
94         2.459399999999999920e-01
3          2.460600000000000009e-01
84         2.461800000000000099e-01
327        2.463400000000000034e-01
204        2.466800000000000104e-01
91         2.479200000000000292e-01
166        2.484399999999999942e-01
142        2.490600000000000036e-01
96         2.491599999999999926e-01
151        2.496400000000000285e-01
337        2.496400000000000285e-01
3          2.498600000000000265e-01
42         2.499800000000000355e-01
301        2.506800000000000139e-01
53         2.507199999999999984e-01
320        2.507600000000000384e-01
200        2.507800000000000029e-01
104        2.508199999999999874e-01
89         2.514200000000000323e-01
364        2.524600000000000177e-01
182        2.526400000000000312e-01
50         2.535399999999999876e-01
328        2.537000000000000366e-01
329        2.539800000000000391e-01
223        2.541800000000000170e-01
391        2.545200000000000240e-01
21         2.550200000000000244e-01
348        2.552800000000000069e-01
53         2.554400000000000004e-01
218        2.554800000000000404e-01
344        2.561399999999999788e-01
370        2.563199999999999923e-01
360        2.565199999999999703e-01
3          2.566200000000000148e-01
229        2.570799999999999752e-01
42         2.572599999999999887e-01
318        2.574599999999999667e-01
74         2.583799999999999986e-01
356        2.587599999999999900e-01
54         2.596399999999999819e-01
387        2.599800000000000444e-01
358        2.600799999999999779e-01
180        2.603000000000000314e-01
159        2.612200000000000077e-01
96         2.617400000000000282e-01
166        2.619200000000000417e-01
183        2.620799999999999796e-01
158        2.621200000000000196e-01
101        2.624599999999999711e-01
209        2.624599999999999711e-01
33         2.625600000000000156e-01
380        2.626800000000000246e-01
319        2.628999999999999670e-01
249        2.630600000000000160e-01
281        2.640000000000000124e-01
55         2.647800000000000153e-01
392        2.648199999999999998e-01
45         2.649800000000000488e-01
262        2.650400000000000533e-01
258        2.652400000000000313e-01
0          2.653800000000000048e-01
399        2.655199999999999783e-01
244        2.656800000000000272e-01
100        2.659599999999999742e-01
359        2.667599999999999971e-01
254        2.687200000000000144e-01
331        2.688000000000000389e-01
81         2.690799999999999859e-01
122        2.694599999999999773e-01
241        2.695400000000000018e-01
180        2.696600000000000108e-01
233        2.700799999999999867e-01
276        2.701399999999999912e-01
263        2.703800000000000092e-01
140        2.704200000000000492e-01
213        2.705000000000000182e-01
144        2.713600000000000456e-01
158        2.723400000000000265e-01
316        2.726000000000000090e-01
356        2.729599999999999804e-01
251        2.732800000000000229e-01
310        2.733200000000000074e-01
15         2.736800000000000344e-01
231        2.736800000000000344e-01
341        2.738599999999999923e-01
162        2.739000000000000323e-01
300        2.746600000000000152e-01
7          2.750199999999999867e-01
207        2.758400000000000296e-01
45         2.761399999999999966e-01
80         2.766800000000000370e-01
130        2.775199999999999889e-01
146        2.778200000000000114e-01
235        2.782200000000000228e-01
241        2.782600000000000073e-01
88         2.783200000000000118e-01
10         2.785199999999999898e-01
260        2.786000000000000143e-01
117        2.787200000000000233e-01
381        2.790199999999999902e-01
7          2.798800000000000177e-01
64         2.801200000000000356e-01
24         2.802800000000000291e-01
261        2.804599999999999871e-01
236        2.805400000000000116e-01
298        2.808800000000000185e-01
143        2.809800000000000075e-01
279        2.811400000000000010e-01
390        2.827399999999999913e-01
391        2.829599999999999893e-01
208        2.829800000000000093e-01
306        2.833200000000000163e-01
180        2.834000000000000408e-01
376        2.836000000000000187e-01
125        2.837399999999999922e-01
331        2.847399999999999931e-01
333        2.848400000000000376e-01
163        2.848800000000000221e-01
373        2.850800000000000001e-01
170        2.859599999999999920e-01
2          2.859800000000000120e-01
59         2.861600000000000255e-01
356        2.862600000000000144e-01
260        2.864599999999999924e-01
15         2.868800000000000239e-01
155        2.872000000000000108e-01
57         2.879599999999999937e-01
178        2.886000000000000232e-01
56         2.889800000000000146e-01
300        2.889800000000000146e-01
384        2.893400000000000416e-01
12         2.897399999999999975e-01
391        2.898000000000000020e-01
65         2.898400000000000420e-01
138        2.899599999999999955e-01
293        2.902600000000000180e-01
195        2.912200000000000344e-01
399        2.917399999999999993e-01
158        2.917600000000000193e-01
275        2.918200000000000238e-01
193        2.918800000000000283e-01
79         2.919399999999999773e-01
62         2.919599999999999973e-01
348        2.925800000000000067e-01
327        2.928400000000000447e-01
112        2.932800000000000407e-01
72         2.934599999999999986e-01
107        2.946000000000000285e-01
118        2.948799999999999755e-01
269        2.950400000000000245e-01
22         2.954399999999999804e-01
326        2.956799999999999984e-01
317        2.958199999999999719e-01
335        2.959399999999999809e-01
385        2.962000000000000188e-01
57         2.964800000000000213e-01
218        2.978199999999999736e-01
61         2.979800000000000226e-01
372        2.982000000000000206e-01
7          2.982200000000000406e-01
347        2.983799999999999786e-01
231        2.986400000000000166e-01
202        2.992800000000000460e-01
19         2.993000000000000105e-01
129        2.993199999999999750e-01
289        2.993400000000000505e-01
277        2.995599999999999929e-01
63         3.000800000000000134e-01
262        3.000800000000000134e-01
97         3.001199999999999979e-01
209        3.005800000000000138e-01
45         3.011000000000000343e-01
65         3.024200000000000221e-01
217        3.025200000000000111e-01
72         3.027400000000000091e-01
106        3.027400000000000091e-01
160        3.033799999999999830e-01
276        3.038799999999999835e-01
249        3.048199999999999799e-01
241        3.048799999999999844e-01
261        3.049200000000000244e-01
300        3.049200000000000244e-01
46         3.056600000000000428e-01
24         3.056999999999999718e-01
135        3.062599999999999767e-01
238        3.063400000000000567e-01
203        3.064999999999999947e-01
349        3.068199999999999816e-01
161        3.069000000000000616e-01
65         3.070400000000000351e-01
222        3.071200000000000041e-01
198        3.071399999999999686e-01
231        3.074000000000000621e-01
80         3.074999999999999956e-01
326        3.079800000000000315e-01
162        3.087400000000000144e-01
97         3.087599999999999789e-01
320        3.087599999999999789e-01
382        3.091800000000000104e-01
276        3.101999999999999758e-01
335        3.102599999999999802e-01
138        3.105799999999999672e-01
267        3.107200000000000517e-01
361        3.108400000000000607e-01
364        3.116600000000000481e-01
119        3.116999999999999771e-01
100        3.122200000000000530e-01
312        3.129399999999999959e-01
386        3.133600000000000274e-01
389        3.136600000000000499e-01
115        3.138799999999999923e-01
329        3.140600000000000058e-01
385        3.140799999999999703e-01
192        3.149599999999999622e-01
222        3.156600000000000517e-01
89         3.156800000000000161e-01
151        3.157200000000000562e-01
348        3.157200000000000562e-01
209        3.159200000000000341e-01
338        3.159800000000000386e-01
207        3.160799999999999721e-01
260        3.168799999999999950e-01
76         3.183000000000000274e-01
257        3.184000000000000163e-01
148        3.184200000000000363e-01
286        3.187200000000000588e-01
183        3.188000000000000278e-01
390        3.189000000000000168e-01
106        3.189200000000000368e-01
28         3.191399999999999793e-01
145        3.191600000000000548e-01
137        3.191999999999999837e-01
103        3.192800000000000638e-01
110        3.193799999999999972e-01
372        3.194000000000000172e-01
259        3.196999999999999842e-01
7          3.207400000000000251e-01
76         3.220400000000000484e-01
171        3.222200000000000064e-01
195        3.223199999999999954e-01
121        3.228000000000000314e-01
56         3.229800000000000448e-01
97         3.231999999999999873e-01
87         3.235600000000000143e-01
339        3.236200000000000188e-01
101        3.236399999999999832e-01
122        3.240799999999999792e-01
293        3.241000000000000547e-01
38         3.243800000000000017e-01
228        3.244000000000000217e-01
86         3.257599999999999940e-01
188        3.258199999999999985e-01
340        3.259000000000000230e-01
79         3.269599999999999729e-01
249        3.280199999999999783e-01
257        3.281999999999999917e-01
296        3.282200000000000117e-01
201        3.289400000000000102e-01
226        3.290199999999999791e-01
399        3.290199999999999791e-01
27         3.292800000000000171e-01
200        3.294200000000000461e-01
332        3.296800000000000286e-01
177        3.301999999999999935e-01
79         3.308600000000000430e-01
101        3.308600000000000430e-01
361        3.311800000000000299e-01
162        3.316399999999999904e-01
119        3.320400000000000018e-01
186        3.320600000000000218e-01
40         3.328200000000000047e-01
144        3.332200000000000162e-01
252        3.333600000000000452e-01
231        3.335600000000000231e-01
285        3.340199999999999836e-01
209        3.340600000000000236e-01
181        3.341800000000000326e-01
68         3.344799999999999995e-01
146        3.346000000000000085e-01
196        3.356800000000000339e-01
288        3.358400000000000274e-01
55         3.361000000000000099e-01
123        3.373800000000000132e-01
169        3.373800000000000132e-01
325        3.375799999999999912e-01
359        3.376399999999999957e-01
392        3.380799999999999916e-01
355        3.381800000000000361e-01
121        3.394199999999999995e-01
68         3.395199999999999885e-01
144        3.397600000000000064e-01
3          3.398400000000000309e-01
120        3.398800000000000154e-01
350        3.400600000000000289e-01
256        3.405600000000000294e-01
20         3.406200000000000339e-01
39         3.407400000000000428e-01
314        3.414400000000000213e-01
98         3.422200000000000242e-01
30         3.423599999999999977e-01
42         3.424000000000000377e-01
309        3.426000000000000156e-01
269        3.433400000000000341e-01
331        3.433400000000000341e-01
145        3.439400000000000235e-01
205        3.441200000000000370e-01
155        3.452800000000000313e-01
70         3.454400000000000248e-01
63         3.455000000000000293e-01
138        3.458600000000000008e-01
350        3.461600000000000232e-01
297        3.461799999999999877e-01
124        3.469800000000000106e-01
123        3.471000000000000196e-01
0          3.472999999999999976e-01
120        3.475400000000000156e-01
263        3.475400000000000156e-01
251        3.475800000000000001e-01
221        3.482800000000000340e-01
104        3.487000000000000099e-01
309        3.494400000000000284e-01
252        3.496600000000000263e-01
287        3.499200000000000088e-01
10         3.503600000000000048e-01
85         3.510400000000000187e-01
306        3.516199999999999881e-01
32         3.517200000000000326e-01
343        3.517800000000000371e-01
362        3.518600000000000061e-01
163        3.524000000000000465e-01
368        3.524800000000000155e-01
63         3.527000000000000135e-01
231        3.532000000000000139e-01
183        3.534400000000000319e-01
324        3.538000000000000034e-01
7          3.539599999999999969e-01
27         3.549399999999999777e-01
167        3.549999999999999822e-01
206        3.557800000000000407e-01
219        3.558000000000000052e-01
148        3.562800000000000411e-01
357        3.564800000000000191e-01
8          3.572600000000000220e-01
243        3.573000000000000065e-01
214        3.574600000000000000e-01
160        3.577200000000000379e-01
17         3.577600000000000224e-01
310        3.580400000000000249e-01
54         3.581600000000000339e-01
269        3.585200000000000053e-01
185        3.589800000000000213e-01
263        3.593600000000000128e-01
217        3.595400000000000262e-01
116        3.596199999999999952e-01
19         3.597600000000000242e-01
287        3.598199999999999732e-01
239        3.598400000000000487e-01
43         3.599800000000000222e-01
332        3.605400000000000271e-01
344        3.612800000000000455e-01
127        3.622800000000000464e-01
389        3.623199999999999754e-01
146        3.625800000000000134e-01
147        3.630400000000000293e-01
39         3.631199999999999983e-01
294        3.631199999999999983e-01
158        3.632000000000000228e-01
170        3.632400000000000073e-01
271        3.640400000000000302e-01
285        3.646400000000000197e-01
32         3.648000000000000131e-01
140        3.651200000000000001e-01
357        3.657400000000000095e-01
257        3.658600000000000185e-01
0          3.659000000000000585e-01
262        3.659600000000000075e-01
320        3.664000000000000590e-01
180        3.672400000000000109e-01
168        3.676999999999999713e-01
328        3.677599999999999758e-01
114        3.681399999999999673e-01
288        3.684800000000000297e-01
62         3.684999999999999942e-01
313        3.685599999999999987e-01
85         3.686800000000000077e-01
378        3.688600000000000212e-01
43         3.698400000000000576e-01
329        3.700200000000000156e-01
198        3.702200000000000490e-01
92         3.704800000000000315e-01
20         3.708400000000000585e-01
221        3.710600000000000009e-01
103        3.711800000000000099e-01
268        3.721000000000000418e-01
82         3.725199999999999623e-01
338        3.725400000000000378e-01
214        3.727800000000000558e-01
199        3.731999999999999762e-01
247        3.741200000000000081e-01
340        3.742200000000000526e-01
195        3.742400000000000171e-01
290        3.744800000000000351e-01
18         3.757400000000000184e-01
255        3.760000000000000009e-01
331        3.760600000000000054e-01
305        3.764200000000000323e-01
201        3.765799999999999703e-01
268        3.767599999999999838e-01
344        3.770000000000000018e-01
26         3.771600000000000508e-01
151        3.772800000000000598e-01
329        3.774200000000000332e-01
313        3.776800000000000157e-01
64         3.779800000000000382e-01
142        3.781200000000000117e-01
324        3.784800000000000386e-01
398        3.788799999999999946e-01
327        3.796600000000000530e-01
234        3.804400000000000004e-01
128        3.808799999999999963e-01
389        3.811200000000000143e-01
149        3.811600000000000543e-01
164        3.814000000000000168e-01
36         3.815600000000000103e-01
362        3.817200000000000593e-01
1          3.819599999999999662e-01
176        3.825000000000000067e-01
106        3.826600000000000557e-01
200        3.831200000000000161e-01
22         3.832200000000000606e-01
104        3.840199999999999725e-01
150        3.840600000000000125e-01
231        3.842400000000000260e-01
218        3.842800000000000105e-01
50         3.843600000000000350e-01
363        3.847599999999999909e-01
344        3.855400000000000493e-01
322        3.859200000000000408e-01
151        3.860400000000000498e-01
167        3.863199999999999967e-01
136        3.863600000000000367e-01
312        3.869400000000000062e-01
390        3.881200000000000205e-01
113        3.885799999999999810e-01
328        3.888000000000000345e-01
315        3.889400000000000079e-01
231        3.899000000000000243e-01
124        3.899800000000000488e-01
190        3.901200000000000223e-01
126        3.904200000000000448e-01
355        3.904200000000000448e-01
362        3.905199999999999783e-01
245        3.906399999999999872e-01
174        3.907200000000000117e-01
103        3.909600000000000297e-01
363        3.911399999999999877e-01
244        3.911999999999999922e-01
330        3.913800000000000057e-01
396        3.914400000000000102e-01
303        3.918400000000000216e-01
373        3.920000000000000151e-01
370        3.920799999999999841e-01
137        3.929400000000000115e-01
93         3.949800000000000533e-01
351        3.951399999999999912e-01
368        3.956000000000000072e-01
277        3.956399999999999917e-01
29         3.958200000000000052e-01
113        3.958800000000000097e-01
101        3.959200000000000497e-01
363        3.959600000000000342e-01
372        3.971600000000000130e-01
313        3.971800000000000330e-01
370        3.972200000000000175e-01
72         3.974200000000000510e-01
255        3.987400000000000388e-01
327        3.991000000000000103e-01
340        3.991200000000000303e-01
6          3.995000000000000218e-01
41         3.996200000000000307e-01
382        3.999199999999999977e-01
309        4.006200000000000316e-01
336        4.008400000000000296e-01
43         4.009600000000000386e-01
397        4.011000000000000121e-01
187        4.022000000000000020e-01
156        4.023400000000000309e-01
24         4.027600000000000069e-01
254        4.028599999999999959e-01
133        4.034800000000000053e-01
161        4.038200000000000123e-01
198        4.039000000000000368e-01
111        4.041200000000000347e-01
306        4.042400000000000437e-01
215        4.045000000000000262e-01
229        4.045000000000000262e-01
368        4.051600000000000201e-01
27         4.051800000000000401e-01
314        4.056800000000000406e-01
256        4.063599999999999990e-01
360        4.072000000000000064e-01
8          4.072200000000000264e-01
375        4.074000000000000399e-01
278        4.077399999999999913e-01
89         4.081600000000000228e-01
157        4.082399999999999918e-01
352        4.082999999999999963e-01
134        4.083400000000000363e-01
161        4.087399999999999922e-01
90         4.088800000000000212e-01
109        4.093600000000000017e-01
244        4.100400000000000156e-01
6          4.110000000000000320e-01
174        4.117000000000000104e-01
396        4.117000000000000104e-01
150        4.118600000000000039e-01
295        4.119600000000000484e-01
372        4.120600000000000374e-01
191        4.124400000000000288e-01
272        4.126799999999999913e-01
13         4.129800000000000137e-01
237        4.133600000000000052e-01
35         4.143000000000000016e-01
20         4.144200000000000106e-01
130        4.148200000000000220e-01
288        4.153000000000000025e-01
173        4.153200000000000225e-01
169        4.156600000000000295e-01
39         4.157600000000000184e-01
111        4.158000000000000029e-01
140        4.159000000000000474e-01
339        4.175200000000000022e-01
184        4.175400000000000222e-01
221        4.175800000000000067e-01
157        4.178600000000000092e-01
212        4.180200000000000027e-01
229        4.182800000000000407e-01
97         4.183800000000000296e-01
94         4.188200000000000256e-01
211        4.192600000000000215e-01
298        4.192800000000000415e-01
201        4.197200000000000375e-01
66         4.204200000000000159e-01
357        4.206799999999999984e-01
80         4.214000000000000523e-01
273        4.216400000000000148e-01
207        4.219000000000000528e-01
254        4.224399999999999822e-01
132        4.226199999999999957e-01
395        4.226400000000000157e-01
311        4.228799999999999781e-01
100        4.229200000000000181e-01
295        4.234399999999999831e-01
264        4.247600000000000264e-01
303        4.248199999999999754e-01
391        4.251800000000000024e-01
277        4.252200000000000424e-01
38         4.252800000000000469e-01
298        4.254399999999999848e-01
292        4.263000000000000123e-01
194        4.264800000000000257e-01
136        4.264999999999999902e-01
21         4.266199999999999992e-01
352        4.273400000000000531e-01
88         4.287400000000000100e-01
214        4.289200000000000235e-01
196        4.290200000000000125e-01
180        4.291600000000000414e-01
150        4.293799999999999839e-01
278        4.294000000000000594e-01
227        4.294800000000000284e-01
111        4.295400000000000329e-01
351        4.295800000000000174e-01
240        4.296000000000000374e-01
233        4.296400000000000219e-01
121        4.303199999999999803e-01
236        4.308199999999999807e-01
50         4.312400000000000122e-01
193        4.315599999999999992e-01
155        4.316000000000000392e-01
345        4.316600000000000437e-01
4          4.318400000000000571e-01
35         4.319200000000000261e-01
206        4.347200000000000508e-01
387        4.349999999999999978e-01
382        4.350400000000000378e-01
295        4.350600000000000023e-01
300        4.355400000000000382e-01
26         4.357400000000000162e-01
258        4.360400000000000387e-01
176        4.361200000000000077e-01
197        4.365600000000000036e-01
359        4.366600000000000481e-01
392        4.368199999999999861e-01
232        4.368400000000000616e-01
11         4.375400000000000400e-01
49         4.376999999999999780e-01
52         4.378000000000000225e-01
88         4.387800000000000589e-01
3          4.390199999999999658e-01
130        4.399399999999999977e-01
61         4.403199999999999892e-01
235        4.404600000000000182e-01
333        4.405000000000000027e-01
266        4.409399999999999986e-01
353        4.417200000000000570e-01
254        4.417800000000000615e-01
347        4.419000000000000705e-01
16         4.419399999999999995e-01
64         4.420000000000000040e-01
232        4.420000000000000040e-01
105        4.424000000000000710e-01
125        4.425199999999999689e-01
278        4.426000000000000489e-01
243        4.426200000000000134e-01
51         4.427800000000000624e-01
331        4.433400000000000674e-01
206        4.435000000000000053e-01
166        4.443799999999999972e-01
98         4.444600000000000217e-01
93         4.446200000000000152e-01
260        4.448799999999999977e-01
310        4.459200000000000386e-01
317        4.462800000000000655e-01
163        4.469800000000000439e-01
382        4.480000000000000093e-01
352        4.480199999999999738e-01
172        4.480600000000000138e-01
396        4.482200000000000628e-01
124        4.484600000000000253e-01
254        4.484800000000000453e-01
390        4.486000000000000543e-01
111        4.491399999999999837e-01
306        4.492400000000000282e-01
297        4.501399999999999846e-01
347        4.502800000000000136e-01
143        4.505400000000000515e-01
323        4.508000000000000340e-01
58         4.516800000000000259e-01
98         4.517400000000000304e-01
360        4.518600000000000394e-01
210        4.520199999999999774e-01
296        4.526600000000000068e-01
168        4.529000000000000248e-01
218        4.530000000000000138e-01
311        4.530799999999999828e-01
365        4.538200000000000012e-01
2          4.538800000000000057e-01
226        4.544200000000000461e-01
29         4.551800000000000290e-01
160        4.551800000000000290e-01
291        4.559600000000000319e-01
199        4.561200000000000254e-01
310        4.561999999999999944e-01
221        4.562400000000000344e-01
98         4.566200000000000259e-01
53         4.570400000000000573e-01
323        4.573800000000000088e-01
168        4.575799999999999867e-01
305        4.585799999999999876e-01
192        4.598000000000000420e-01
360        4.598600000000000465e-01
48         4.602200000000000180e-01
194        4.602400000000000380e-01
87         4.606800000000000339e-01
145        4.606999999999999984e-01
327        4.609800000000000009e-01
343        4.615799999999999903e-01
125        4.619000000000000328e-01
23         4.622400000000000397e-01
146        4.623800000000000132e-01
70         4.624400000000000177e-01
32         4.627800000000000247e-01
153        4.637000000000000011e-01
387        4.637000000000000011e-01
286        4.638000000000000456e-01
264        4.639400000000000190e-01
243        4.641600000000000170e-01
300        4.642400000000000415e-01
2          4.644400000000000195e-01
116        4.645600000000000285e-01
302        4.649800000000000044e-01
365        4.651399999999999979e-01
384        4.651399999999999979e-01
224        4.654200000000000004e-01
215        4.658000000000000473e-01
48         4.669800000000000062e-01
41         4.680799999999999961e-01
237        4.682000000000000051e-01
112        4.683200000000000141e-01
40         4.683400000000000341e-01
163        4.683599999999999985e-01
247        4.690400000000000125e-01
217        4.696200000000000374e-01
315        4.700799999999999979e-01
30         4.702399999999999913e-01
156        4.708600000000000008e-01
310        4.709800000000000098e-01
219        4.711600000000000232e-01
386        4.713200000000000167e-01
33         4.715600000000000347e-01
299        4.724000000000000421e-01
173        4.727399999999999936e-01
247        4.728400000000000380e-01
164        4.731200000000000405e-01
137        4.734600000000000475e-01
300        4.746200000000000419e-01
120        4.747399999999999953e-01
174        4.747399999999999953e-01
251        4.749200000000000088e-01
163        4.752600000000000158e-01
93         4.753400000000000403e-01
252        4.758200000000000207e-01
52         4.759800000000000142e-01
37         4.762200000000000322e-01
345        4.763200000000000212e-01
239        4.766400000000000081e-01
267        4.766400000000000081e-01
291        4.773000000000000020e-01
235        4.774600000000000510e-01
212        4.775400000000000200e-01
188        4.775800000000000045e-01
59         4.779800000000000160e-01
381        4.787800000000000389e-01
243        4.797000000000000153e-01
80         4.800599999999999867e-01
301        4.800800000000000067e-01
344        4.800800000000000067e-01
348        4.807800000000000407e-01
392        4.822000000000000175e-01
173        4.822400000000000020e-01
108        4.826600000000000334e-01
305        4.829000000000000514e-01
262        4.829200000000000159e-01
314        4.831600000000000339e-01
325        4.833000000000000074e-01
61         4.841000000000000303e-01
5          4.841799999999999993e-01
339        4.842600000000000238e-01
98         4.843400000000000483e-01
335        4.843600000000000128e-01
161        4.850599999999999912e-01
344        4.851400000000000157e-01
142        4.852600000000000247e-01
216        4.853600000000000136e-01
351        4.856400000000000161e-01
109        4.856600000000000361e-01
195        4.873799999999999799e-01
299        4.874399999999999844e-01
340        4.882600000000000273e-01
264        4.891199999999999992e-01
339        4.894399999999999862e-01
251        4.897000000000000242e-01
52         4.901800000000000046e-01
225        4.902000000000000246e-01
345        4.903400000000000536e-01
372        4.907599999999999740e-01
115        4.908600000000000185e-01
272        4.911600000000000410e-01
236        4.915599999999999969e-01
87         4.919999999999999929e-01
32         4.922599999999999754e-01
104        4.923799999999999844e-01
133        4.926200000000000023e-01
386        4.926400000000000223e-01
146        4.927800000000000513e-01
13         4.930599999999999983e-01
314        4.932800000000000518e-01
63         4.937599999999999767e-01
328        4.941000000000000392e-01
282        4.941200000000000037e-01
10         4.946000000000000396e-01
352        4.949800000000000311e-01
134        4.951600000000000446e-01
399        4.951800000000000090e-01
76         4.953600000000000225e-01
179        4.956399999999999695e-01
38         4.961600000000000454e-01
362        4.968400000000000594e-01
384        4.971399999999999708e-01
226        4.977200000000000513e-01
106        4.978000000000000203e-01
136        4.979999999999999982e-01
358        4.984999999999999987e-01
235        4.986800000000000122e-01
70         5.000799999999999690e-01
194        5.007200000000000539e-01
240        5.008200000000000429e-01
301        5.009600000000000719e-01
100        5.011800000000000699e-01
150        5.014600000000000168e-01
256        5.017000000000000348e-01
71         5.026800000000000157e-01
44         5.027200000000000557e-01
96         5.028400000000000647e-01
88         5.033400000000000096e-01
329        5.036000000000000476e-01
114        5.037399999999999656e-01
319        5.038400000000000656e-01
2          5.038799999999999946e-01
215        5.040999999999999925e-01
328        5.044800000000000395e-01
338        5.046800000000000175e-01
291        5.050200000000000244e-01
86         5.051600000000000534e-01
321        5.055200000000000804e-01
60         5.068000000000000282e-01
167        5.071799999999999642e-01
278        5.073600000000000332e-01
309        5.074600000000000222e-01
208        5.075000000000000622e-01
368        5.080000000000000071e-01
73         5.082800000000000651e-01
280        5.083800000000000541e-01
256        5.093800000000000550e-01
6          5.097399999999999709e-01
45         5.100400000000000489e-01
321        5.102800000000000669e-01
48         5.106000000000000538e-01
66         5.111400000000000388e-01
29         5.113199999999999967e-01
107        5.113600000000000367e-01
305        5.116199999999999637e-01
228        5.120000000000000107e-01
224        5.121599999999999486e-01
34         5.121800000000000797e-01
37         5.122400000000000286e-01
298        5.129600000000000826e-01
70         5.133800000000000585e-01
42         5.136800000000000255e-01
9          5.149799999999999933e-01
384        5.150800000000000933e-01
137        5.152200000000000113e-01
386        5.152400000000000313e-01
356        5.152799999999999603e-01
21         5.154999999999999583e-01
38         5.155199999999999783e-01
39         5.163200000000001122e-01
147        5.164199999999999902e-01
270        5.168599999999999861e-01
395        5.172000000000001041e-01
83         5.172200000000000131e-01
239        5.181000000000000050e-01
281        5.188400000000000789e-01
187        5.190000000000000169e-01
97         5.192600000000000549e-01
283        5.193600000000000438e-01
117        5.196600000000000108e-01
61         5.197200000000000708e-01
287        5.204600000000000337e-01
87         5.211000000000000076e-01
108        5.212999999999999856e-01
347        5.212999999999999856e-01
361        5.213799999999999546e-01
356        5.216199999999999726e-01
259        5.222599999999999465e-01
181        5.223200000000000065e-01
208        5.226600000000000135e-01
318        5.233400000000000274e-01
274        5.240000000000000213e-01
162        5.242599999999999483e-01
291        5.243200000000000083e-01
383        5.243799999999999573e-01
95         5.250600000000000822e-01
344        5.255199999999999871e-01
244        5.256199999999999761e-01
253        5.260000000000000231e-01
13         5.266000000000000680e-01
50         5.268800000000000150e-01
193        5.272599999999999509e-01
366        5.272599999999999509e-01
288        5.275199999999999889e-01
328        5.276199999999999779e-01
264        5.280000000000000249e-01
11         5.281599999999999628e-01
54         5.286199999999999788e-01
350        5.287600000000000078e-01
192        5.290399999999999547e-01
258        5.291399999999999437e-01
119        5.292999999999999927e-01
185        5.296600000000000197e-01
268        5.298200000000000687e-01
274        5.299199999999999466e-01
187        5.299400000000000777e-01
235        5.309600000000000986e-01
175        5.311800000000000965e-01
109        5.317000000000000615e-01
269        5.323999999999999844e-01
238        5.327600000000000113e-01
14         5.327999999999999403e-01
368        5.330799999999999983e-01
127        5.336600000000000232e-01
118        5.337200000000000832e-01
395        5.338600000000000012e-01
77         5.338800000000000212e-01
152        5.343400000000000372e-01
159        5.348200000000000731e-01
84         5.356000000000000760e-01
94         5.357800000000000340e-01
112        5.362999999999999989e-01
304        5.367200000000000859e-01
60         5.367600000000000149e-01
228        5.370600000000000929e-01
296        5.371800000000001019e-01
224        5.378600000000000048e-01
68         5.380199999999999427e-01
229        5.381599999999999717e-01
316        5.385600000000000387e-01
329        5.392799999999999816e-01
125        5.393999999999999906e-01
20         5.405600000000000405e-01
344        5.405600000000000405e-01
276        5.406000000000000805e-01
359        5.409800000000000164e-01
205        5.411599999999999744e-01
236        5.417600000000000193e-01
292        5.422000000000000153e-01
368        5.422799999999999843e-01
399        5.423999999999999932e-01
112        5.427200000000000912e-01
384        5.428999999999999382e-01
45         5.429400000000000892e-01
275        5.433000000000000052e-01
89         5.437400000000000011e-01
84         5.438800000000000301e-01
369        5.440199999999999481e-01
8          5.442000000000000171e-01
31         5.448200000000000820e-01
393        5.448800000000000310e-01
109        5.450000000000000400e-01
362        5.453400000000000469e-01
323        5.461000000000000298e-01
172        5.463999999999999968e-01
392        5.468200000000000838e-01
330        5.469400000000000928e-01
378        5.470000000000000417e-01
16         5.472799999999999887e-01
377        5.477799999999999336e-01
162        5.485800000000000676e-01
338        5.487600000000000255e-01
242        5.490000000000000435e-01
362        5.503799999999999804e-01
306        5.506000000000000894e-01
190        5.506800000000000583e-01
174        5.513600000000000723e-01
311        5.514600000000000612e-01
284        5.517400000000000082e-01
232        5.520199999999999552e-01
13         5.521399999999999642e-01
110        5.526599999999999291e-01
280        5.526800000000000601e-01
176        5.528399999999999981e-01
162        5.528800000000000381e-01
338        5.530000000000000471e-01
65         5.531000000000000361e-01
138        5.531599999999999850e-01
254        5.537600000000000300e-01
46         5.538800000000000390e-01
19         5.542400000000000659e-01
321        5.546200000000000019e-01
63         5.550199999999999578e-01
370        5.556800000000000628e-01
342        5.560800000000000187e-01
122        5.562200000000000477e-01
248        5.566400000000000237e-01
125        5.566599999999999326e-01
180        5.570600000000001106e-01
313        5.574600000000000666e-01
151        5.580399999999999805e-01
138        5.587000000000000854e-01
174        5.587199999999999944e-01
370        5.588999999999999524e-01
275        5.592400000000000704e-01
217        5.592599999999999794e-01
362        5.593000000000001304e-01
212        5.593200000000000394e-01
168        5.597799999999999443e-01
57         5.602200000000000513e-01
184        5.606800000000000672e-01
229        5.606800000000000672e-01
106        5.608000000000000762e-01
327        5.611000000000000432e-01
225        5.612000000000000322e-01
262        5.612400000000000722e-01
221        5.614799999999999791e-01
380        5.633000000000001339e-01
96         5.641200000000000658e-01
133        5.641200000000000658e-01
62         5.642599999999999838e-01
179        5.643000000000001348e-01
293        5.644400000000000528e-01
59         5.645600000000000618e-01
175        5.650199999999999667e-01
190        5.652400000000000757e-01
65         5.653400000000000647e-01
184        5.654799999999999827e-01
305        5.656200000000000117e-01
104        5.658600000000000296e-01
188        5.659199999999999786e-01
63         5.662399999999999656e-01
375        5.663599999999999746e-01
225        5.665600000000000636e-01
277        5.667600000000000415e-01
166        5.679800000000000404e-01
171        5.680000000000000604e-01
129        5.681000000000000494e-01
157        5.683400000000000674e-01
245        5.687000000000000943e-01
333        5.687600000000000433e-01
324        5.688600000000000323e-01
120        5.690399999999999903e-01
27         5.695999999999999952e-01
75         5.701399999999999801e-01
383        5.712399999999999700e-01
114        5.713799999999999990e-01
248        5.715000000000000080e-01
291        5.722200000000000619e-01
313        5.723599999999999799e-01
297        5.724600000000000799e-01
123        5.728000000000000869e-01
228        5.728400000000000158e-01
357        5.730199999999999738e-01
314        5.730600000000001248e-01
266        5.735999999999999988e-01
147        5.740000000000000657e-01
198        5.750000000000000666e-01
375        5.753400000000000736e-01
329        5.754199999999999315e-01
64         5.758800000000000585e-01
200        5.759600000000000275e-01
22         5.763200000000000545e-01
34         5.764799999999999924e-01
27         5.766800000000000814e-01
77         5.772200000000000664e-01
228        5.773800000000000043e-01
227        5.779400000000001203e-01
68         5.779999999999999583e-01
201        5.779999999999999583e-01
75         5.780600000000000183e-01
246        5.784600000000000852e-01
197        5.786000000000000032e-01
233        5.786200000000000232e-01
62         5.794000000000000261e-01
7          5.798000000000000931e-01
219        5.803599999999999870e-01
367        5.806599999999999540e-01
397        5.808200000000001140e-01
295        5.810400000000000009e-01
215        5.811800000000000299e-01
372        5.812000000000000499e-01
371        5.812399999999999789e-01
310        5.814000000000000279e-01
195        5.820199999999999818e-01
300        5.829199999999999937e-01
13         5.835800000000000987e-01
27         5.836599999999999566e-01
301        5.836599999999999566e-01
352        5.843200000000000616e-01
179        5.843800000000000106e-01
335        5.843800000000000106e-01
187        5.850199999999999845e-01
306        5.852200000000000735e-01
312        5.853000000000000425e-01
327        5.855399999999999494e-01
311        5.856599999999999584e-01
345        5.857000000000001094e-01
207        5.858799999999999564e-01
390        5.859400000000000164e-01
331        5.859800000000000564e-01
47         5.860600000000000254e-01
191        5.868799999999999573e-01
168        5.887200000000000211e-01
146        5.889199999999999990e-01
192        5.891399999999999970e-01
372        5.892200000000000770e-01
25         5.896000000000000130e-01
352        5.897200000000000220e-01
88         5.899400000000000199e-01
270        5.899800000000000599e-01
56         5.902800000000000269e-01
183        5.907200000000000228e-01
37         5.911000000000000698e-01
157        5.913800000000000168e-01
343        5.914000000000000368e-01
358        5.916800000000000948e-01
69         5.918200000000000127e-01
357        5.918400000000000327e-01
32         5.918799999999999617e-01
375        5.929200000000000026e-01
86         5.930199999999999916e-01
320        5.932600000000000096e-01
30         5.934000000000000385e-01
381        5.935800000000001075e-01
168        5.936800000000000965e-01
264        5.937599999999999545e-01
299        5.943800000000000194e-01
187        5.953400000000000913e-01
54         5.956000000000000183e-01
74         5.957200000000000273e-01
79         5.959999999999999742e-01
70         5.960800000000000542e-01
307        5.965199999999999392e-01
82         5.966200000000000392e-01
25         5.971600000000000241e-01
154        5.972600000000000131e-01
138        5.972600000000000131e-01
246        5.972600000000000131e-01
325        5.979200000000000070e-01
369        5.982000000000000650e-01
250        5.982600000000000140e-01
36         5.987599999999999589e-01
133        5.993600000000000039e-01
212        5.995199999999999418e-01
117        6.001000000000000778e-01
399        6.003800000000000248e-01
180        6.011000000000000787e-01
44         6.011199999999999877e-01
140        6.015399999999999636e-01
330        6.016800000000001036e-01
35         6.017000000000000126e-01
356        6.017000000000000126e-01
297        6.017599999999999616e-01
308        6.021800000000000486e-01
221        6.026399999999999535e-01
300        6.030400000000000205e-01
382        6.036800000000001054e-01
38         6.037400000000000544e-01
362        6.037599999999999634e-01
238        6.040400000000000214e-01
2          6.044400000000000883e-01
161        6.044800000000000173e-01
31         6.045800000000000063e-01
369        6.052800000000000402e-01
307        6.053399999999999892e-01
233        6.057799999999999851e-01
313        6.058799999999999741e-01
134        6.059800000000000741e-01
106        6.062200000000000921e-01
185        6.062200000000000921e-01
108        6.066399999999999570e-01
266        6.067200000000000371e-01
70         6.072600000000000220e-01
322        6.078799999999999759e-01
59         6.082600000000000229e-01
277        6.085199999999999498e-01
254        6.088200000000000278e-01
164        6.092000000000000748e-01
84         6.093200000000000838e-01
90         6.093399999999999928e-01
342        6.095000000000000417e-01
91         6.100200000000000067e-01
314        6.101199999999999957e-01
9          6.103000000000000647e-01
225        6.105399999999999716e-01
29         6.106599999999999806e-01
63         6.113600000000000145e-01
17         6.117200000000000415e-01
222        6.125199999999999534e-01
0          6.130400000000000293e-01
131        6.134199999999999653e-01
316        6.134199999999999653e-01
101        6.134800000000000253e-01
156        6.135199999999999543e-01
49         6.136000000000000343e-01
350        6.136399999999999633e-01
253        6.140200000000000102e-01
209        6.140600000000000502e-01
265        6.140600000000000502e-01
46         6.141599999999999282e-01
331        6.156399999999999650e-01
10         6.156599999999999850e-01
393        6.157200000000000450e-01
305        6.158400000000000540e-01
263        6.159400000000000430e-01
84         6.161599999999999300e-01
81         6.163600000000000190e-01
91         6.164199999999999680e-01
102        6.165000000000000480e-01
142        6.171599999999999309e-01
353        6.174199999999999688e-01
132        6.176000000000000378e-01
146        6.185399999999999787e-01
277        6.186000000000000387e-01
218        6.187400000000000677e-01
315        6.193200000000000927e-01
224        6.195600000000001106e-01
222        6.202799999999999425e-01
69         6.203200000000000935e-01
75         6.204600000000000115e-01
375        6.205800000000000205e-01
76         6.207200000000000495e-01
174        6.208400000000000585e-01
359        6.208799999999999875e-01
384        6.212000000000000854e-01
68         6.214800000000000324e-01
380        6.215600000000001124e-01
131        6.219199999999999173e-01
120        6.227200000000000513e-01
342        6.233000000000000762e-01
24         6.235199999999999632e-01
378        6.236200000000000632e-01
355        6.236399999999999721e-01
42         6.239199999999999191e-01
300        6.241800000000000681e-01
149        6.242000000000000881e-01
92         6.248400000000000620e-01
332        6.248400000000000620e-01
206        6.251800000000000690e-01
43         6.261400000000000299e-01
116        6.264199999999999768e-01
161        6.264600000000000168e-01
273        6.265000000000000568e-01
155        6.265600000000001168e-01
194        6.265600000000001168e-01
137        6.270200000000000218e-01
60         6.276000000000000467e-01
237        6.276399999999999757e-01
145        6.284400000000001096e-01
55         6.286200000000000676e-01
391        6.286599999999999966e-01
278        6.287400000000000766e-01
168        6.287800000000000056e-01
386        6.290600000000000636e-01
73         6.292200000000000015e-01
342        6.294600000000000195e-01
332        6.295000000000000595e-01
62         6.295399999999999885e-01
9          6.296000000000000485e-01
157        6.307599999999999874e-01
331        6.309199999999999253e-01
272        6.313999999999999613e-01
185        6.320399999999999352e-01
134        6.321400000000000352e-01
31         6.325000000000000622e-01
75         6.327000000000000401e-01
139        6.328799999999999981e-01
259        6.330600000000000671e-01
377        6.332799999999999541e-01
93         6.335800000000000320e-01
254        6.337200000000000610e-01
353        6.341200000000000170e-01
168        6.342600000000000460e-01
356        6.342600000000000460e-01
200        6.350399999999999379e-01
238        6.353000000000000869e-01
205        6.353200000000001069e-01
9          6.357800000000000118e-01
283        6.357800000000000118e-01
30         6.359799999999999898e-01
60         6.361599999999999477e-01
218        6.362799999999999567e-01
309        6.364199999999999857e-01
133        6.365399999999999947e-01
214        6.365800000000000347e-01
14         6.366800000000000237e-01
270        6.367000000000000437e-01
352        6.370600000000000707e-01
338        6.376000000000000556e-01
391        6.376600000000000046e-01
178        6.377599999999999936e-01
399        6.382000000000001005e-01
144        6.382400000000000295e-01
306        6.390399999999999414e-01
366        6.390600000000000724e-01
110        6.391000000000000014e-01
128        6.391400000000000414e-01
22         6.393999999999999684e-01
15         6.396199999999999664e-01
26         6.397399999999999753e-01
350        6.398800000000000043e-01
220        6.414199999999999902e-01
107        6.420399999999999441e-01
55         6.423000000000000931e-01
300        6.424400000000001221e-01
112        6.431000000000000050e-01
57         6.437800000000000189e-01
323        6.439600000000000879e-01
210        6.440200000000000369e-01
129        6.440600000000000769e-01
309        6.441800000000000859e-01
161        6.442200000000000149e-01
106        6.442799999999999638e-01
253        6.442799999999999638e-01
241        6.442799999999999638e-01
206        6.443000000000000949e-01
390        6.451599999999999557e-01
345        6.453999999999999737e-01
110        6.457000000000000517e-01
220        6.460200000000000387e-01
179        6.460600000000000787e-01
276        6.461400000000000476e-01
48         6.466800000000000326e-01
320        6.470399999999999485e-01
144        6.482600000000000584e-01
237        6.483200000000001184e-01
165        6.483400000000000274e-01
17         6.486000000000000654e-01
88         6.486199999999999743e-01
23         6.491800000000000903e-01
47         6.491800000000000903e-01
383        6.494400000000000173e-01
324        6.496600000000000152e-01
242        6.501400000000000512e-01
69         6.502000000000001112e-01
358        6.505400000000000071e-01
232        6.505600000000000271e-01
393        6.506199999999999761e-01
225        6.506600000000000161e-01
314        6.509800000000000031e-01
182        6.511400000000000521e-01
342        6.517000000000000570e-01
5          6.518000000000000460e-01
269        6.521200000000000330e-01
335        6.524400000000000199e-01
236        6.526800000000000379e-01
128        6.531000000000000139e-01
144        6.535199999999999898e-01
378        6.539400000000000768e-01
340        6.540800000000001058e-01
284        6.543000000000001037e-01
266        6.543200000000000127e-01
83         6.543799999999999617e-01
377        6.548599999999999977e-01
286        6.552000000000000046e-01
223        6.552400000000000446e-01
102        6.556199999999999806e-01
195        6.557000000000000606e-01
256        6.557399999999999896e-01
374        6.562400000000000455e-01
399        6.562799999999999745e-01
348        6.567399999999999904e-01
262        6.569000000000000394e-01
57         6.569800000000000084e-01
168        6.573000000000001064e-01
369        6.573000000000001064e-01
65         6.577399999999999913e-01
158        6.578200000000000713e-01
120        6.584400000000000253e-01
363        6.585800000000000542e-01
22         6.586600000000000232e-01
192        6.590600000000000902e-01
293        6.597000000000000641e-01
44         6.597200000000000841e-01
212        6.598200000000000731e-01
163        6.604400000000000270e-01
36         6.608000000000000540e-01
316        6.608200000000000740e-01
10         6.608400000000000940e-01
113        6.608600000000000030e-01
353        6.609000000000000430e-01
241        6.610000000000000320e-01
360        6.610199999999999410e-01
344        6.611800000000001010e-01
390        6.613799999999999679e-01
235        6.616600000000000259e-01
17         6.619000000000000439e-01
54         6.622799999999999798e-01
279        6.634800000000000697e-01
256        6.637200000000000877e-01
186        6.640199999999999436e-01
150        6.641800000000001036e-01
179        6.642200000000000326e-01
288        6.644800000000000706e-01
319        6.645400000000000196e-01
122        6.647000000000000686e-01
293        6.652000000000000135e-01
316        6.654200000000000115e-01
248        6.654800000000000715e-01
64         6.655800000000000605e-01
381        6.658400000000000984e-01
290        6.659599999999999964e-01
249        6.661000000000000254e-01
321        6.663600000000000634e-01
8          6.667399999999999993e-01
151        6.671399999999999553e-01
393        6.674400000000000333e-01
32         6.679599999999999982e-01
278        6.680800000000000072e-01
328        6.682400000000000562e-01
197        6.683400000000000452e-01
69         6.690800000000000081e-01
5          6.693799999999999750e-01
118        6.696199999999999930e-01
346        6.701399999999999579e-01
256        6.703799999999999759e-01
74         6.705400000000000249e-01
182        6.708200000000000829e-01
144        6.713799999999999768e-01
237        6.715200000000000058e-01
58         6.718800000000000328e-01
373        6.720399999999999707e-01
56         6.720800000000000107e-01
307        6.722400000000000597e-01
284        6.722799999999999887e-01
291        6.726400000000000157e-01
216        6.730800000000000116e-01
342        6.737000000000000766e-01
215        6.738200000000000855e-01
210        6.743000000000001215e-01
337        6.743999999999999995e-01
206        6.746000000000000885e-01
268        6.746600000000000374e-01
196        6.748600000000000154e-01
39         6.749400000000000954e-01
307        6.758999999999999453e-01
177        6.759600000000000053e-01
373        6.761800000000001143e-01
11         6.763799999999999812e-01
322        6.768600000000000172e-01
115        6.770399999999999752e-01
52         6.771000000000000352e-01
118        6.773799999999999821e-01
290        6.775200000000000111e-01
99         6.775800000000000711e-01
173        6.775800000000000711e-01
334        6.776800000000000601e-01
200        6.778999999999999471e-01
1          6.780600000000001071e-01
286        6.784600000000000630e-01
231        6.785400000000000320e-01
187        6.800800000000000178e-01
381        6.804999999999999938e-01
155        6.805600000000000538e-01
386        6.808999999999999497e-01
248        6.811399999999999677e-01
86         6.815800000000000747e-01
25         6.817199999999999926e-01
65         6.818000000000000727e-01
314        6.818200000000000927e-01
164        6.820800000000000196e-01
125        6.821200000000000596e-01
298        6.822000000000000286e-01
87         6.828800000000000425e-01
40         6.834000000000000075e-01
324        6.834800000000000875e-01
313        6.835399999999999254e-01
137        6.838200000000000944e-01
115        6.841000000000000414e-01
398        6.842599999999999794e-01
250        6.843799999999999883e-01
84         6.844799999999999773e-01
147        6.845600000000000573e-01
2          6.847400000000000153e-01
197        6.851399999999999713e-01
67         6.853200000000000403e-01
97         6.861800000000001232e-01
378        6.864199999999999191e-01
311        6.874400000000000510e-01
246        6.874600000000000710e-01
24         6.875800000000000800e-01
258        6.880800000000000249e-01
299        6.883000000000001339e-01
245        6.883799999999999919e-01
387        6.884600000000000719e-01
314        6.888400000000000079e-01
117        6.888800000000000479e-01
114        6.890000000000000568e-01
99         6.891800000000001258e-01
29         6.892200000000000548e-01
56         6.892599999999999838e-01
345        6.893799999999999928e-01
243        6.895800000000000818e-01
103        6.898600000000000287e-01
146        6.900399999999999867e-01
132        6.901399999999999757e-01
81         6.901800000000001267e-01
332        6.903000000000001357e-01
330        6.918200000000001015e-01
209        6.927200000000000024e-01
245        6.927400000000000224e-01
238        6.932000000000000384e-01
230        6.934000000000000163e-01
315        6.934400000000000563e-01
359        6.935999999999999943e-01
239        6.936400000000000343e-01
380        6.938800000000000523e-01
8          6.946800000000000752e-01
383        6.948000000000000842e-01
338        6.949600000000000222e-01
151        6.950600000000001222e-01
263        6.953200000000000491e-01
345        6.953400000000000691e-01
200        6.954600000000000781e-01
178        6.955800000000000871e-01
232        6.961200000000000720e-01
277        6.965800000000000880e-01
140        6.969800000000000439e-01
109        6.978200000000001069e-01
224        6.980199999999999738e-01
237        6.980800000000000338e-01
185        6.982200000000000628e-01
49         6.982599999999999918e-01
329        6.984600000000000808e-01
58         6.994000000000000217e-01
388        6.994799999999999907e-01
41         6.995399999999999396e-01
271        6.996400000000000396e-01
369        6.996800000000000797e-01
351        6.998400000000000176e-01
295        7.002800000000000136e-01
150        7.006400000000000405e-01
197        7.006800000000000805e-01
218        7.007200000000000095e-01
114        7.011800000000000255e-01
279        7.013000000000000345e-01
202        7.015000000000000124e-01
48         7.017200000000000104e-01
43         7.017799999999999594e-01
340        7.025200000000000333e-01
174        7.028000000000000913e-01
49         7.041600000000000081e-01
323        7.042599999999999971e-01
248        7.043200000000000571e-01
108        7.043800000000000061e-01
238        7.044199999999999351e-01
398        7.047000000000001041e-01
250        7.047200000000000131e-01
13         7.050400000000000000e-01
180        7.052000000000000490e-01
11         7.053800000000000070e-01
82         7.055600000000000760e-01
195        7.055800000000000960e-01
330        7.056000000000000050e-01
3          7.060800000000000409e-01
5          7.067400000000000349e-01
175        7.070800000000000418e-01
358        7.071800000000000308e-01
150        7.074000000000000288e-01
279        7.076200000000000268e-01
158        7.076599999999999557e-01
356        7.076800000000000868e-01
9          7.082399999999999807e-01
2          7.082399999999999807e-01
200        7.088200000000001166e-01
134        7.089800000000000546e-01
6          7.093800000000000106e-01
288        7.095800000000000995e-01
145        7.098799999999999555e-01
266        7.104199999999999404e-01
191        7.111600000000000144e-01
73         7.111800000000000344e-01
306        7.115000000000000213e-01
14         7.118600000000000483e-01
111        7.120199999999999863e-01
299        7.121399999999999952e-01
160        7.122800000000000242e-01
382        7.124400000000000732e-01
92         7.128600000000000492e-01
120        7.130800000000000471e-01
277        7.131600000000000161e-01
228        7.136599999999999611e-01
352        7.137799999999999701e-01
322        7.139999999999999680e-01
7          7.141000000000000680e-01
42         7.141199999999999770e-01
284        7.142600000000000060e-01
197        7.143400000000000860e-01
213        7.147400000000000420e-01
364        7.149600000000000399e-01
88         7.151600000000000179e-01
129        7.152000000000000579e-01
171        7.164600000000000968e-01
314        7.165200000000000458e-01
240        7.168000000000001037e-01
37         7.171800000000000397e-01
81         7.171800000000000397e-01
117        7.172800000000000287e-01
133        7.172800000000000287e-01
110        7.174199999999999466e-01
203        7.181600000000000206e-01
272        7.186200000000000365e-01
94         7.188400000000000345e-01
292        7.188600000000000545e-01
339        7.189200000000000035e-01
214        7.194800000000000084e-01
16         7.195000000000000284e-01
239        7.195200000000000484e-01
206        7.200199999999999934e-01
389        7.207400000000000473e-01
73         7.207599999999999563e-01
43         7.208400000000000363e-01
0          7.208600000000000563e-01
27         7.209600000000000453e-01
149        7.217200000000000282e-01
133        7.218999999999999861e-01
282        7.223000000000000531e-01
154        7.223600000000000021e-01
229        7.225000000000000311e-01
15         7.232600000000000140e-01
72         7.234000000000000430e-01
153        7.240199999999999969e-01
294        7.242800000000000349e-01
228        7.244400000000000839e-01
238        7.244600000000001039e-01
232        7.245000000000000329e-01
38         7.246399999999999508e-01
170        7.246800000000001019e-01
313        7.246800000000001019e-01
361        7.247200000000000308e-01
37         7.248400000000000398e-01
16         7.248799999999999688e-01
298        7.252200000000000868e-01
175        7.255000000000000338e-01
373        7.261600000000000277e-01
40         7.262200000000000877e-01
80         7.263200000000000767e-01
278        7.270600000000000396e-01
260        7.275800000000000045e-01
206        7.280400000000000205e-01
280        7.282600000000000184e-01
153        7.283200000000000784e-01
102        7.292200000000000903e-01
163        7.292200000000000903e-01
89         7.301800000000000512e-01
58         7.302800000000000402e-01
195        7.303400000000001002e-01
248        7.303999999999999382e-01
135        7.304599999999999982e-01
37         7.305600000000000982e-01
239        7.306200000000000472e-01
113        7.309600000000000541e-01
296        7.309999999999999831e-01
67         7.311199999999999921e-01
173        7.318000000000001171e-01
76         7.319999999999999840e-01
304        7.320200000000000040e-01
152        7.331000000000000849e-01
220        7.331800000000000539e-01
308        7.336800000000001098e-01
117        7.337000000000000188e-01
146        7.337000000000000188e-01
344        7.337799999999999878e-01
253        7.339400000000000368e-01
391        7.343800000000000328e-01
194        7.345199999999999507e-01
222        7.345800000000000107e-01
279        7.346200000000000507e-01
281        7.348999999999999977e-01
49         7.349600000000000577e-01
17         7.351800000000000557e-01
102        7.353999999999999426e-01
221        7.353999999999999426e-01
276        7.354199999999999626e-01
151        7.354600000000000026e-01
104        7.360200000000000076e-01
91         7.368400000000000505e-01
57         7.369600000000000595e-01
26         7.371000000000000885e-01
379        7.380600000000000493e-01
330        7.382199999999999873e-01
32         7.383000000000000673e-01
209        7.383399999999999963e-01
78         7.383800000000000363e-01
240        7.384600000000000053e-01
396        7.386000000000000343e-01
8          7.388200000000000323e-01
280        7.391400000000000192e-01
225        7.395000000000000462e-01
103        7.398400000000000531e-01
96         7.402400000000000091e-01
95         7.402600000000000291e-01
198        7.403399999999999981e-01
384        7.410400000000000320e-01
29         7.411000000000000920e-01
227        7.414800000000000280e-01
69         7.419200000000000239e-01
140        7.420200000000000129e-01
80         7.420800000000000729e-01
355        7.423999999999999488e-01
200        7.425800000000000178e-01
158        7.426000000000000378e-01
310        7.434199999999999697e-01
175        7.435399999999999787e-01
337        7.437599999999999767e-01
264        7.440200000000000147e-01
246        7.440399999999999237e-01
15         7.443200000000000927e-01
212        7.446399999999999686e-01
218        7.448200000000000376e-01
312        7.449000000000000066e-01
386        7.450399999999999245e-01
194        7.451200000000000045e-01
184        7.454800000000000315e-01
201        7.459800000000000875e-01
350        7.461200000000000054e-01
131        7.465199999999999614e-01
89         7.468200000000000394e-01
291        7.470200000000000173e-01
140        7.470600000000000573e-01
311        7.471200000000000063e-01
18         7.471400000000000263e-01
396        7.473400000000000043e-01
167        7.475399999999999823e-01
282        7.479000000000000092e-01
356        7.483800000000000452e-01
9          7.485000000000000542e-01
320        7.486800000000001232e-01
142        7.491200000000000081e-01
127        7.492400000000000171e-01
276        7.492799999999999461e-01
350        7.493000000000000771e-01
83         7.493999999999999551e-01
313        7.495399999999999840e-01
224        7.507599999999999829e-01
295        7.507800000000000029e-01
80         7.510800000000000809e-01
181        7.523999999999999577e-01
359        7.523999999999999577e-01
361        7.526000000000000467e-01
148        7.526200000000000667e-01
257        7.530600000000000627e-01
390        7.531400000000000317e-01
301        7.533400000000000096e-01
349        7.533400000000000096e-01
59         7.533999999999999586e-01
303        7.533999999999999586e-01
305        7.534800000000000386e-01
202        7.538400000000000656e-01
152        7.543999999999999595e-01
289        7.544800000000000395e-01
312        7.547200000000000575e-01
299        7.547200000000000575e-01
142        7.547400000000000775e-01
69         7.548799999999999955e-01
293        7.551400000000000334e-01
317        7.553999999999999604e-01
45         7.556399999999999784e-01
298        7.557599999999999874e-01
247        7.559799999999999853e-01
119        7.565600000000001213e-01
9          7.570600000000000662e-01
148        7.570800000000000862e-01
34         7.571200000000000152e-01
151        7.576200000000000712e-01
316        7.579000000000000181e-01
253        7.585399999999999920e-01
222        7.589000000000000190e-01
98         7.592400000000000260e-01
395        7.593200000000001060e-01
8          7.593400000000000150e-01
164        7.594199999999999839e-01
396        7.594400000000001150e-01
255        7.598200000000000509e-01
182        7.603000000000000869e-01
216        7.603800000000000558e-01
50         7.606600000000000028e-01
51         7.606800000000001338e-01
242        7.608400000000000718e-01
273        7.609400000000000608e-01
22         7.609799999999999898e-01
249        7.610200000000000298e-01
89         7.610399999999999388e-01
230        7.612799999999999567e-01
300        7.613400000000000167e-01
363        7.616800000000001347e-01
101        7.624800000000000466e-01
202        7.630200000000000315e-01
145        7.632799999999999585e-01
204        7.635600000000001275e-01
267        7.635800000000000365e-01
296        7.638000000000000345e-01
4          7.638800000000000034e-01
342        7.638800000000000034e-01
386        7.650399999999999423e-01
97         7.660000000000000142e-01
86         7.661000000000000032e-01
218        7.663400000000000212e-01
227        7.663800000000000612e-01
50         7.663999999999999702e-01
125        7.664800000000000502e-01
69         7.668000000000000371e-01
135        7.669000000000000261e-01
395        7.670000000000000151e-01
358        7.674400000000001221e-01
109        7.675400000000000000e-01
152        7.677000000000000490e-01
251        7.680800000000000960e-01
361        7.681000000000000050e-01
354        7.683200000000001140e-01
344        7.687200000000000699e-01
169        7.687599999999999989e-01
247        7.690000000000000169e-01
155        7.690600000000000769e-01
146        7.697599999999999998e-01
90         7.699799999999999978e-01
312        7.699799999999999978e-01
261        7.703000000000000957e-01
112        7.705199999999999827e-01
134        7.707399999999999807e-01
21         7.713400000000000256e-01
343        7.713400000000000256e-01
153        7.715800000000000436e-01
214        7.715800000000000436e-01
228        7.718000000000000416e-01
166        7.725199999999999845e-01
303        7.725800000000000445e-01
70         7.727600000000000025e-01
309        7.729800000000000004e-01
84         7.731400000000000494e-01
360        7.731800000000000894e-01
371        7.736000000000000654e-01
231        7.736600000000000144e-01
253        7.739000000000000323e-01
209        7.744600000000000373e-01
302        7.748599999999999932e-01
261        7.753200000000001202e-01
9          7.757600000000000051e-01
173        7.758400000000000851e-01
147        7.760200000000000431e-01
288        7.763799999999999590e-01
122        7.763999999999999790e-01
286        7.763999999999999790e-01
86         7.764400000000000190e-01
33         7.766399999999999970e-01
248        7.766600000000000170e-01
3          7.767200000000000770e-01
240        7.767800000000000260e-01
272        7.768800000000000150e-01
228        7.770200000000000440e-01
323        7.772200000000000220e-01
241        7.775800000000000489e-01
97         7.781200000000000339e-01
305        7.781200000000000339e-01
98         7.782799999999999718e-01
1          7.791200000000000347e-01
343        7.797399999999999887e-01
231        7.798400000000000887e-01
357        7.800200000000000466e-01
289        7.800800000000001067e-01
197        7.803799999999999626e-01
129        7.804400000000000226e-01
183        7.809800000000000075e-01
93         7.812200000000000255e-01
365        7.812400000000000455e-01
387        7.813400000000000345e-01
76         7.813600000000000545e-01
108        7.816000000000000725e-01
6          7.817000000000000615e-01
391        7.817200000000000815e-01
323        7.819200000000000594e-01
258        7.821200000000000374e-01
286        7.823999999999999844e-01
224        7.831200000000000383e-01
3          7.832799999999999763e-01
398        7.833400000000000363e-01
368        7.833799999999999653e-01
347        7.836400000000000032e-01
395        7.838200000000000722e-01
8          7.843999999999999861e-01
312        7.844200000000001172e-01
292        7.844600000000000461e-01
112        7.850000000000000311e-01
270        7.850000000000000311e-01
275        7.852799999999999780e-01
93         7.853400000000000380e-01
222        7.858200000000000740e-01
160        7.860600000000000920e-01
262        7.861200000000000410e-01
212        7.867399999999999949e-01
326        7.868200000000000749e-01
100        7.872000000000000108e-01
108        7.873200000000000198e-01
329        7.873999999999999888e-01
228        7.875400000000000178e-01
366        7.875400000000000178e-01
247        7.876600000000000268e-01
360        7.877000000000000668e-01
267        7.885800000000000587e-01
39         7.890199999999999436e-01
74         7.892000000000000126e-01
10         7.892599999999999616e-01
107        7.892599999999999616e-01
45         7.895199999999999996e-01
243        7.897600000000000176e-01
31         7.898400000000000976e-01
388        7.898800000000000265e-01
392        7.906400000000000095e-01
294        7.907399999999999984e-01
245        7.913600000000000634e-01
35         7.915800000000000614e-01
123        7.918400000000000993e-01
255        7.919000000000000483e-01
81         7.921000000000000263e-01
237        7.921200000000000463e-01
344        7.924600000000000533e-01
101        7.925800000000000622e-01
236        7.926600000000000312e-01
14         7.927800000000000402e-01
272        7.930800000000000072e-01
215        7.934600000000000541e-01
310        7.934600000000000541e-01
109        7.934999999999999831e-01
357        7.937600000000000211e-01
220        7.942799999999999860e-01
36         7.945200000000000040e-01
309        7.946199999999999930e-01
352        7.946199999999999930e-01
224        7.954800000000000759e-01
40         7.958200000000000829e-01
18         7.961599999999999788e-01
328        7.962400000000000588e-01
333        7.963200000000000278e-01
387        7.963999999999999968e-01
233        7.965600000000000458e-01
14         7.972599999999999687e-01
141        7.974800000000000777e-01
105        7.975600000000000467e-01
71         7.976400000000000157e-01
205        7.977600000000000247e-01
367        7.979400000000000936e-01
4          7.980399999999999716e-01
291        7.982200000000000406e-01
331        7.988999999999999435e-01
158        7.990000000000000435e-01
163        7.992400000000000615e-01
60         7.993000000000001215e-01
95         7.998399999999999954e-01
298        8.002000000000000224e-01
13         8.002599999999999714e-01
23         8.004200000000001314e-01
140        8.006600000000000383e-01
235        8.007600000000000273e-01
344        8.010800000000000143e-01
398        8.010800000000000143e-01
341        8.012400000000000633e-01
54         8.014800000000000813e-01
65         8.016800000000000592e-01
139        8.016800000000000592e-01
374        8.017400000000000082e-01
97         8.018000000000000682e-01
61         8.024000000000000021e-01
144        8.031399999999999650e-01
80         8.033400000000000540e-01
217        8.034200000000001340e-01
196        8.034200000000001340e-01
47         8.034600000000000630e-01
206        8.035200000000000120e-01
158        8.038200000000000900e-01
85         8.044000000000000039e-01
389        8.044400000000000439e-01
48         8.045400000000000329e-01
298        8.052000000000000268e-01
156        8.052400000000000668e-01
258        8.054600000000000648e-01
254        8.056599999999999318e-01
272        8.061200000000000587e-01
164        8.064400000000000457e-01
144        8.067799999999999416e-01
125        8.068000000000000727e-01
43         8.072000000000000286e-01
133        8.072400000000000686e-01
282        8.072400000000000686e-01
244        8.072799999999999976e-01
251        8.073799999999999866e-01
34         8.074400000000000466e-01
330        8.074400000000000466e-01
35         8.074800000000000866e-01
231        8.075800000000000756e-01
9          8.077000000000000846e-01
191        8.080800000000000205e-01
379        8.081200000000000605e-01
158        8.083200000000000385e-01
283        8.092200000000000504e-01
229        8.093200000000000394e-01
41         8.103799999999999892e-01
107        8.105800000000000782e-01
292        8.109800000000000342e-01
98         8.114200000000001411e-01
304        8.114800000000000901e-01
374        8.115999999999999881e-01
325        8.117000000000000881e-01
246        8.118999999999999551e-01
380        8.120600000000001151e-01
393        8.121800000000001241e-01
234        8.124799999999999800e-01
392        8.128000000000000780e-01
190        8.129800000000000360e-01
7          8.130000000000000560e-01
83         8.130000000000000560e-01
207        8.130199999999999649e-01
127        8.131800000000001249e-01
347        8.132000000000000339e-01
153        8.132400000000000739e-01
22         8.133000000000001339e-01
165        8.135800000000000809e-01
316        8.147600000000000398e-01
157        8.148600000000000287e-01
69         8.150000000000000577e-01
92         8.154200000000001447e-01
295        8.156800000000000717e-01
312        8.157200000000000006e-01
199        8.157400000000000206e-01
260        8.158400000000000096e-01
335        8.158600000000000296e-01
322        8.166599999999999415e-01
121        8.166800000000000725e-01
7          8.168800000000000505e-01
83         8.170600000000001195e-01
287        8.171000000000000485e-01
66         8.172400000000000775e-01
288        8.175200000000000244e-01
258        8.177200000000000024e-01
355        8.178600000000000314e-01
107        8.181000000000000494e-01
35         8.181800000000001294e-01
397        8.189800000000000413e-01
188        8.191800000000001303e-01
128        8.192000000000000393e-01
57         8.193200000000000482e-01
174        8.193599999999999772e-01
135        8.195200000000000262e-01
370        8.195600000000000662e-01
68         8.197400000000000242e-01
36         8.198600000000000332e-01
113        8.208999999999999631e-01
296        8.212200000000000610e-01
251        8.218200000000001060e-01
53         8.218999999999999639e-01
197        8.218999999999999639e-01
110        8.219800000000000439e-01
381        8.224799999999999889e-01
159        8.225000000000000089e-01
331        8.226200000000000179e-01
100        8.230399999999999938e-01
362        8.230600000000001248e-01
73         8.233200000000000518e-01
287        8.233200000000000518e-01
99         8.235399999999999388e-01
309        8.235800000000000898e-01
286        8.237400000000000277e-01
109        8.238600000000000367e-01
117        8.240399999999999947e-01
261        8.241000000000000547e-01
183        8.241399999999999837e-01
369        8.245200000000000307e-01
293        8.245600000000000707e-01
399        8.247600000000000486e-01
223        8.249400000000001176e-01
176        8.253599999999999826e-01
83         8.254000000000000226e-01
222        8.255200000000000315e-01
353        8.255200000000000315e-01
373        8.258400000000000185e-01
235        8.263000000000000345e-01
303        8.263200000000000545e-01
321        8.265800000000000924e-01
164        8.268200000000001104e-01
168        8.270600000000001284e-01
267        8.277200000000000113e-01
3          8.277799999999999603e-01
323        8.278600000000000403e-01
94         8.280399999999999983e-01
335        8.284000000000000252e-01
344        8.284600000000000852e-01
90         8.286400000000000432e-01
325        8.293599999999999861e-01
255        8.295200000000000351e-01
64         8.295399999999999441e-01
266        8.297200000000000131e-01
392        8.299600000000000311e-01
77         8.301800000000000290e-01
369        8.302800000000000180e-01
75         8.306400000000000450e-01
226        8.306599999999999540e-01
144        8.307400000000000340e-01
324        8.310199999999999809e-01
363        8.311600000000000099e-01
279        8.312200000000000699e-01
125        8.315200000000000369e-01
262        8.318400000000000238e-01
86         8.321800000000000308e-01
376        8.326400000000000468e-01
134        8.330800000000000427e-01
137        8.332000000000000517e-01
344        8.332200000000000717e-01
365        8.336200000000000276e-01
330        8.338600000000000456e-01
128        8.338800000000000656e-01
292        8.338800000000000656e-01
239        8.338999999999999746e-01
88         8.339400000000001256e-01
4          8.342000000000000526e-01
340        8.344000000000000306e-01
372        8.346400000000000485e-01
123        8.349800000000000555e-01
9          8.350600000000000245e-01
89         8.350800000000000445e-01
269        8.351399999999999935e-01
343        8.353400000000000825e-01
241        8.353800000000000114e-01
209        8.355600000000000804e-01
299        8.361199999999999743e-01
136        8.366400000000000503e-01
382        8.367600000000000593e-01
355        8.372000000000000552e-01
195        8.372800000000000242e-01
52         8.373200000000000642e-01
81         8.380400000000000071e-01
139        8.381399999999999961e-01
165        8.382200000000000761e-01
161        8.383800000000000141e-01
398        8.384400000000000741e-01
296        8.385000000000000231e-01
322        8.387799999999999701e-01
278        8.389200000000001101e-01
63         8.389600000000000390e-01
293        8.389600000000000390e-01
203        8.389800000000000590e-01
197        8.396599999999999620e-01
57         8.399800000000000599e-01
69         8.401600000000000179e-01
394        8.404800000000000049e-01
98         8.405800000000001049e-01
157        8.408999999999999808e-01
385        8.412200000000000788e-01
283        8.413400000000000878e-01
26         8.413800000000000168e-01
65         8.415600000000000858e-01
229        8.420199999999999907e-01
93         8.422600000000000087e-01
25         8.424000000000000377e-01
285        8.425000000000000266e-01
269        8.425800000000001067e-01
62         8.427200000000000246e-01
349        8.428200000000000136e-01
33         8.428400000000000336e-01
198        8.428999999999999826e-01
88         8.430400000000000116e-01
343        8.436400000000000565e-01
155        8.436800000000000965e-01
255        8.437400000000000455e-01
6          8.438200000000000145e-01
35         8.439800000000000635e-01
191        8.440400000000000125e-01
94         8.440600000000000325e-01
353        8.440600000000000325e-01
373        8.445000000000000284e-01
38         8.445200000000000484e-01
376        8.453800000000000203e-01
240        8.459600000000000453e-01
354        8.462200000000000832e-01
129        8.465200000000000502e-01
229        8.469600000000000461e-01
67         8.470600000000000351e-01
121        8.471600000000000241e-01
102        8.472200000000000841e-01
315        8.472200000000000841e-01
214        8.472600000000000131e-01
61         8.473600000000000021e-01
164        8.475200000000000511e-01
33         8.477200000000000291e-01
69         8.479800000000000670e-01
271        8.483600000000000030e-01
378        8.487200000000000299e-01
21         8.487400000000000500e-01
163        8.488600000000000589e-01
200        8.489400000000000279e-01
302        8.490800000000000569e-01
332        8.491400000000000059e-01
26         8.493400000000000949e-01
168        8.494600000000001039e-01
91         8.499200000000001198e-01
121        8.507400000000000517e-01
291        8.508200000000000207e-01
171        8.509200000000001207e-01
165        8.509400000000000297e-01
201        8.510600000000000387e-01
161        8.511800000000000477e-01
369        8.511800000000000477e-01
324        8.512800000000000367e-01
130        8.514000000000000457e-01
237        8.516599999999999726e-01
388        8.517400000000000526e-01
319        8.524200000000000665e-01
15         8.524800000000000155e-01
266        8.525399999999999645e-01
370        8.526399999999999535e-01
243        8.527200000000000335e-01
223        8.528999999999999915e-01
104        8.531000000000000805e-01
89         8.532000000000000695e-01
300        8.532000000000000695e-01
185        8.533600000000000074e-01
229        8.533600000000000074e-01
394        8.535600000000000964e-01
52         8.541400000000000103e-01
108        8.544200000000000683e-01
374        8.545600000000000973e-01
269        8.549200000000001243e-01
135        8.554400000000000892e-01
312        8.554800000000000182e-01
369        8.555800000000000072e-01
101        8.559400000000000341e-01
324        8.565800000000000081e-01
393        8.567799999999999860e-01
399        8.568799999999999750e-01
60         8.569600000000000550e-01
259        8.570400000000000240e-01
194        8.572400000000000020e-01
242        8.573000000000000620e-01
92         8.577000000000000179e-01
68         8.578000000000001180e-01
187        8.583999999999999408e-01
339        8.584400000000000919e-01
171        8.587400000000000588e-01
248        8.589200000000001278e-01
231        8.590400000000000258e-01
303        8.590800000000000658e-01
14         8.592800000000000438e-01
367        8.593000000000000638e-01
29         8.593200000000000838e-01
17         8.594400000000000928e-01
173        8.594400000000000928e-01
4          8.595000000000000417e-01
85         8.603600000000000136e-01
55         8.604200000000000736e-01
27         8.605399999999999716e-01
390        8.608000000000001206e-01
391        8.609200000000001296e-01
175        8.611400000000000166e-01
318        8.612600000000000255e-01
145        8.614600000000000035e-01
23         8.615000000000000435e-01
51         8.615199999999999525e-01
189        8.617200000000000415e-01
91         8.620600000000000485e-01
378        8.626200000000000534e-01
376        8.626599999999999824e-01
234        8.627200000000000424e-01
330        8.628000000000001224e-01
311        8.628400000000000514e-01
389        8.631400000000000183e-01
63         8.632000000000000783e-01
68         8.632200000000000983e-01
300        8.634200000000000763e-01
179        8.638200000000000323e-01
169        8.638600000000000723e-01
201        8.644200000000000772e-01
62         8.650600000000000511e-01
332        8.650800000000000711e-01
14         8.655800000000000161e-01
373        8.657400000000000651e-01
302        8.658400000000000540e-01
101        8.658600000000000740e-01
259        8.658600000000000740e-01
355        8.658600000000000740e-01
293        8.659600000000000630e-01
115        8.661200000000000010e-01
104        8.665800000000000169e-01
132        8.665800000000000169e-01
264        8.669200000000001349e-01
221        8.674600000000000088e-01
148        8.675399999999999778e-01
78         8.677000000000000268e-01
246        8.680200000000000138e-01
267        8.683400000000000007e-01
9          8.686000000000000387e-01
49         8.686000000000000387e-01
256        8.689999999999999947e-01
28         8.690600000000000547e-01
196        8.690600000000000547e-01
41         8.692799999999999416e-01
160        8.693000000000000727e-01
323        8.693000000000000727e-01
139        8.693200000000000927e-01
237        8.693999999999999506e-01
313        8.697799999999999976e-01
295        8.700600000000000556e-01
344        8.701800000000000646e-01
265        8.702000000000000846e-01
283        8.703600000000000225e-01
245        8.709000000000000075e-01
307        8.709400000000000475e-01
321        8.709600000000000675e-01
197        8.709800000000000875e-01
227        8.710200000000000164e-01
8          8.716599999999999904e-01
335        8.719999999999999973e-01
373        8.720999999999999863e-01
122        8.722799999999999443e-01
26         8.728200000000000403e-01
191        8.729999999999999982e-01
194        8.732000000000000872e-01
178        8.733000000000000762e-01
59         8.733600000000000252e-01
240        8.733600000000000252e-01
322        8.737200000000000522e-01
98         8.740200000000000191e-01
282        8.740399999999999281e-01
28         8.740600000000000591e-01
22         8.742000000000000881e-01
221        8.743400000000000061e-01
97         8.744400000000001061e-01
309        8.745399999999999840e-01
290        8.751400000000000290e-01
215        8.757800000000000029e-01
315        8.759600000000000719e-01
112        8.763000000000000789e-01
76         8.763600000000000279e-01
251        8.763800000000000479e-01
320        8.765000000000000568e-01
369        8.765600000000001168e-01
162        8.767000000000000348e-01
366        8.768600000000000838e-01
349        8.770800000000000818e-01
199        8.771400000000000308e-01
263        8.774800000000000377e-01
9          8.776000000000000467e-01
236        8.776800000000001267e-01
94         8.784400000000001096e-01
109        8.785199999999999676e-01
158        8.789600000000000746e-01
233        8.791800000000000725e-01
297        8.797400000000000775e-01
321        8.797800000000000065e-01
311        8.798799999999999955e-01
48         8.800200000000000244e-01
198        8.800200000000000244e-01
183        8.801800000000000734e-01
156        8.803400000000000114e-01
343        8.806399999999999784e-01
194        8.807000000000000384e-01
366        8.807400000000000784e-01
79         8.807599999999999874e-01
151        8.808600000000000874e-01
226        8.820399999999999352e-01
195        8.822400000000000242e-01
77         8.825399999999999912e-01
148        8.828000000000001402e-01
34         8.829000000000000181e-01
328        8.829799999999999871e-01
84         8.830600000000000671e-01
307        8.833200000000001051e-01
59         8.835000000000000631e-01
181        8.835000000000000631e-01
192        8.836800000000001321e-01
107        8.838000000000001410e-01
206        8.840999999999999970e-01
309        8.844400000000001150e-01
239        8.844600000000000239e-01
383        8.845199999999999729e-01
238        8.847200000000000619e-01
100        8.847800000000000109e-01
150        8.847800000000000109e-01
358        8.850000000000000089e-01
271        8.850999999999999979e-01
144        8.853600000000000358e-01
115        8.853999999999999648e-01
41         8.856800000000001338e-01
322        8.859000000000000208e-01
275        8.860399999999999388e-01
125        8.863800000000000567e-01
314        8.867399999999999727e-01
152        8.869799999999999907e-01
330        8.873200000000001086e-01
203        8.880399999999999405e-01
176        8.881200000000000205e-01
197        8.883000000000000895e-01
283        8.884400000000001185e-01
289        8.884400000000001185e-01
29         8.886000000000000565e-01
148        8.890399999999999414e-01
172        8.892000000000001014e-01
202        8.892400000000000304e-01
93         8.895199999999999774e-01
287        8.899600000000000843e-01
290        8.902200000000000113e-01
103        8.902600000000000513e-01
387        8.902600000000000513e-01
251        8.903800000000000603e-01
113        8.904200000000001003e-01
344        8.906600000000000072e-01
355        8.906600000000000072e-01
25         8.907399999999999762e-01
169        8.907599999999999962e-01
239        8.908400000000000762e-01
10         8.911800000000000832e-01
297        8.911800000000000832e-01
86         8.912400000000000322e-01
265        8.912400000000000322e-01
315        8.913200000000001122e-01
339        8.917399999999999771e-01
62         8.919799999999999951e-01
105        8.923400000000000221e-01
388        8.929400000000000670e-01
140        8.935400000000000009e-01
327        8.936800000000000299e-01
115        8.937399999999999789e-01
233        8.938000000000000389e-01
37         8.938800000000000079e-01
17         8.939400000000000679e-01
302        8.940000000000000169e-01
144        8.943800000000000638e-01
2          8.943999999999999728e-01
219        8.945199999999999818e-01
261        8.945400000000000018e-01
128        8.946199999999999708e-01
181        8.953400000000000247e-01
208        8.956399999999999917e-01
349        8.956600000000000117e-01
165        8.957800000000000207e-01
148        8.958000000000000407e-01
9          8.958200000000000607e-01
394        8.958400000000000807e-01
33         8.959400000000000697e-01
32         8.964600000000000346e-01
315        8.966199999999999726e-01
48         8.971599999999999575e-01
254        8.971599999999999575e-01
106        8.973800000000000665e-01
250        8.973999999999999755e-01
241        8.976000000000000645e-01
333        8.976600000000000135e-01
118        8.977200000000000735e-01
220        8.979400000000000714e-01
337        8.980600000000000804e-01
130        8.981400000000000494e-01
294        8.983400000000000274e-01
127        8.987000000000000544e-01
336        8.989400000000000723e-01
41         8.990399999999999503e-01
236        8.991200000000000303e-01
310        8.992600000000000593e-01
388        8.993200000000001193e-01
159        9.003000000000001002e-01
42         9.004200000000001092e-01
197        9.005400000000000071e-01
287        9.006199999999999761e-01
298        9.016199999999999770e-01
256        9.016800000000000370e-01
311        9.018599999999999950e-01
389        9.020000000000000240e-01
296        9.024200000000001110e-01
162        9.025199999999999889e-01
249        9.025600000000000289e-01
236        9.026800000000000379e-01
206        9.030600000000000849e-01
222        9.032000000000001139e-01
166        9.032400000000000428e-01
234        9.033000000000001029e-01
247        9.033799999999999608e-01
358        9.034200000000001118e-01
272        9.036800000000000388e-01
328        9.037000000000000588e-01
228        9.038599999999999968e-01
194        9.044200000000001127e-01
323        9.044400000000000217e-01
32         9.044800000000000617e-01
394        9.045800000000000507e-01
318        9.046399999999999997e-01
75         9.047000000000000597e-01
28         9.050000000000000266e-01
64         9.050200000000000466e-01
156        9.051200000000000356e-01
160        9.055199999999999916e-01
151        9.063200000000000145e-01
105        9.063600000000000545e-01
190        9.065400000000000125e-01
99         9.066800000000000415e-01
37         9.067800000000000304e-01
126        9.072400000000000464e-01
98         9.073000000000001064e-01
239        9.073799999999999644e-01
232        9.075400000000000134e-01
14         9.076800000000000423e-01
150        9.082599999999999563e-01
278        9.087000000000000632e-01
297        9.087000000000000632e-01
252        9.087200000000000832e-01
176        9.090600000000000902e-01
127        9.091599999999999682e-01
270        9.094600000000000461e-01
68         9.094800000000000662e-01
261        9.094999999999999751e-01
132        9.096400000000000041e-01
26         9.096600000000000241e-01
234        9.096800000000000441e-01
46         9.097399999999999931e-01
139        9.104200000000001181e-01
195        9.104400000000000270e-01
74         9.104999999999999760e-01
334        9.110600000000000920e-01
197        9.111200000000000410e-01
63         9.111800000000001010e-01
32         9.112000000000000099e-01
272        9.112599999999999589e-01
284        9.112799999999999789e-01
241        9.114600000000000479e-01
283        9.116199999999999859e-01
75         9.119200000000000639e-01
231        9.120000000000000329e-01
1          9.120800000000001129e-01
359        9.123600000000000598e-01
254        9.123999999999999888e-01
17         9.130399999999999627e-01
87         9.136000000000000787e-01
134        9.139400000000000857e-01
34         9.140800000000001146e-01
120        9.141599999999999726e-01
54         9.144999999999999796e-01
160        9.145400000000000196e-01
393        9.145400000000000196e-01
80         9.148000000000000576e-01
3          9.148800000000000265e-01
218        9.149200000000000665e-01
340        9.153200000000000225e-01
316        9.157600000000000184e-01
223        9.158800000000000274e-01
283        9.158800000000000274e-01
68         9.159200000000000674e-01
357        9.164400000000000324e-01
131        9.167200000000000903e-01
242        9.167399999999999993e-01
372        9.170199999999999463e-01
374        9.170600000000000973e-01
219        9.171000000000000263e-01
202        9.171000000000000263e-01
14         9.175200000000000022e-01
318        9.175200000000000022e-01
395        9.175800000000000622e-01
17         9.176600000000000312e-01
19         9.179200000000000692e-01
193        9.181800000000001072e-01
41         9.183799999999999741e-01
309        9.185800000000000631e-01
351        9.193600000000000660e-01
267        9.194800000000000750e-01
115        9.198000000000000620e-01
320        9.198000000000000620e-01
197        9.198800000000000310e-01
285        9.200000000000000400e-01
182        9.200199999999999489e-01
213        9.201599999999999779e-01
190        9.202200000000000379e-01
368        9.204999999999999849e-01
85         9.205200000000000049e-01
35         9.207600000000000229e-01
271        9.208200000000000829e-01
329        9.209200000000000719e-01
107        9.210199999999999498e-01
157        9.212400000000000588e-01
176        9.213400000000000478e-01
188        9.214400000000000368e-01
60         9.220600000000001017e-01
191        9.220600000000001017e-01
77         9.221399999999999597e-01
154        9.226800000000000557e-01
290        9.231800000000001116e-01
379        9.231800000000001116e-01
111        9.237200000000000966e-01
19         9.237600000000000255e-01
383        9.238800000000000345e-01
88         9.239800000000000235e-01
123        9.239800000000000235e-01
327        9.239800000000000235e-01
55         9.243999999999999995e-01
61         9.244800000000000795e-01
49         9.246000000000000885e-01
210        9.246600000000000374e-01
103        9.247600000000000264e-01
72         9.248000000000000664e-01
396        9.249400000000000954e-01
341        9.249800000000000244e-01
146        9.256199999999999983e-01
228        9.260600000000001053e-01
232        9.263000000000001233e-01
397        9.264999999999999902e-01
60         9.267000000000000792e-01
30         9.272200000000000442e-01
242        9.273000000000001242e-01
265        9.273799999999999821e-01
329        9.273799999999999821e-01
71         9.275800000000000711e-01
345        9.276600000000000401e-01
144        9.277200000000001001e-01
151        9.277400000000000091e-01
72         9.282599999999999740e-01
379        9.287200000000001010e-01
254        9.288399999999999990e-01
207        9.290199999999999569e-01
66         9.290800000000000169e-01
380        9.295200000000000129e-01
274        9.296000000000000929e-01
395        9.300000000000000488e-01
85         9.300399999999999778e-01
109        9.300800000000000178e-01
375        9.301599999999999868e-01
123        9.302200000000000468e-01
398        9.304400000000000448e-01
284        9.304600000000000648e-01
259        9.306200000000000028e-01
168        9.309600000000000097e-01
351        9.310600000000001097e-01
134        9.313000000000001277e-01
92         9.315600000000000547e-01
141        9.315800000000000747e-01
190        9.316000000000000947e-01
368        9.316599999999999326e-01
316        9.318200000000000927e-01
236        9.319600000000000106e-01
107        9.320000000000000506e-01
226        9.320600000000001106e-01
327        9.323000000000001286e-01
5          9.323799999999999866e-01
194        9.324800000000000866e-01
252        9.325200000000000156e-01
152        9.329600000000000115e-01
208        9.336599999999999344e-01
245        9.342000000000000304e-01
137        9.343200000000000394e-01
262        9.343799999999999883e-01
279        9.346800000000000663e-01
95         9.347199999999999953e-01
204        9.348000000000000753e-01
53         9.351200000000000623e-01
138        9.354999999999999982e-01
44         9.355200000000000182e-01
295        9.361000000000000432e-01
124        9.364999999999999991e-01
365        9.366800000000000681e-01
211        9.367000000000000881e-01
181        9.367199999999999971e-01
274        9.367199999999999971e-01
2          9.367400000000000171e-01
351        9.368999999999999551e-01
380        9.370199999999999640e-01
12         9.370399999999999840e-01
268        9.370600000000001151e-01
47         9.373799999999999910e-01
199        9.382200000000000539e-01
212        9.383600000000000829e-01
21         9.385600000000000609e-01
209        9.385600000000000609e-01
139        9.385800000000000809e-01
272        9.389800000000000368e-01
16         9.392599999999999838e-01
54         9.392800000000000038e-01
191        9.392800000000000038e-01
53         9.393200000000000438e-01
165        9.393799999999999928e-01
159        9.396400000000000308e-01
55         9.397199999999999998e-01
297        9.401599999999999957e-01
370        9.405200000000000227e-01
147        9.408999999999999586e-01
314        9.411000000000000476e-01
388        9.411399999999999766e-01
81         9.414400000000000546e-01
291        9.417000000000000925e-01
52         9.417400000000000215e-01
221        9.420199999999999685e-01
281        9.421399999999999775e-01
169        9.425399999999999334e-01
102        9.430199999999999694e-01
35         9.430800000000000294e-01
227        9.431399999999999784e-01
363        9.432000000000000384e-01
95         9.434200000000001474e-01
67         9.435600000000000653e-01
352        9.436599999999999433e-01
182        9.437400000000000233e-01
131        9.437600000000000433e-01
218        9.439200000000000923e-01
231        9.440800000000000303e-01
389        9.442400000000000793e-01
103        9.443000000000001393e-01
151        9.445999999999999952e-01
385        9.446200000000000152e-01
243        9.448000000000000842e-01
129        9.452400000000000801e-01
395        9.452599999999999891e-01
115        9.453000000000001402e-01
41         9.455399999999999361e-01
127        9.459400000000001141e-01
147        9.459400000000001141e-01
356        9.460199999999999720e-01
59         9.460600000000001231e-01
248        9.464000000000000190e-01
265        9.464200000000000390e-01
56         9.470800000000000329e-01
131        9.472000000000000419e-01
55         9.472200000000000619e-01
207        9.473200000000000509e-01
327        9.476400000000000379e-01
58         9.476800000000000779e-01
321        9.477600000000000469e-01
138        9.480199999999999738e-01
206        9.481200000000000738e-01
322        9.481600000000000028e-01
81         9.488400000000000167e-01
228        9.493599999999999817e-01
9          9.495800000000000907e-01
10         9.496599999999999486e-01
158        9.496599999999999486e-01
196        9.497400000000000286e-01
214        9.497600000000000486e-01
367        9.498000000000000886e-01
338        9.503599999999999826e-01
276        9.504600000000000826e-01
135        9.507400000000000295e-01
224        9.507600000000000495e-01
341        9.512200000000000655e-01
76         9.513599999999999834e-01
385        9.513800000000000034e-01
283        9.514400000000000635e-01
221        9.517200000000000104e-01
103        9.518200000000001104e-01
65         9.521399999999999864e-01
336        9.528000000000000913e-01
1          9.528800000000000603e-01
249        9.529400000000001203e-01
272        9.534200000000000452e-01
206        9.535000000000000142e-01
131        9.535200000000000342e-01
298        9.539400000000001212e-01
52         9.543599999999999861e-01
55         9.544000000000000261e-01
71         9.544600000000000861e-01
389        9.548000000000000931e-01
75         9.548800000000000621e-01
179        9.550000000000000711e-01
146        9.550800000000000400e-01
284        9.551800000000000290e-01
98         9.552399999999999780e-01
348        9.552399999999999780e-01
283        9.554000000000000270e-01
258        9.555200000000000360e-01
136        9.555600000000000760e-01
324        9.559400000000001230e-01
57         9.559800000000000519e-01
355        9.559800000000000519e-01
9          9.560400000000000009e-01
222        9.566200000000000259e-01
31         9.567600000000000549e-01
214        9.570000000000000728e-01
292        9.570400000000000018e-01
145        9.570800000000000418e-01
8          9.573400000000000798e-01
15         9.574200000000000488e-01
50         9.574200000000000488e-01
247        9.574799999999999978e-01
170        9.575399999999999467e-01
331        9.577600000000000557e-01
102        9.581000000000000627e-01
397        9.585000000000000187e-01
95         9.589600000000000346e-01
118        9.594400000000000706e-01
171        9.596000000000000085e-01
205        9.596800000000000885e-01
0          9.597200000000000175e-01
38         9.601800000000000335e-01
311        9.602000000000000535e-01
398        9.610199999999999854e-01
68         9.611399999999999944e-01
154        9.612200000000000744e-01
178        9.618200000000001193e-01
332        9.618600000000000483e-01
15         9.621000000000000663e-01
5          9.621199999999999752e-01
65         9.623200000000000642e-01
250        9.624200000000000532e-01
366        9.625200000000000422e-01
91         9.626000000000000112e-01
289        9.626200000000000312e-01
78         9.627400000000000402e-01
300        9.628200000000001202e-01
396        9.628200000000001202e-01
277        9.631399999999999961e-01
164        9.634800000000000031e-01
211        9.636200000000000321e-01
254        9.641800000000000370e-01
106        9.642800000000000260e-01
66         9.643000000000000460e-01
17         9.646000000000000130e-01
128        9.648000000000001020e-01
285        9.648000000000001020e-01
293        9.648999999999999799e-01
397        9.649400000000000199e-01
290        9.651199999999999779e-01
220        9.651800000000000379e-01
59         9.658000000000001029e-01
258        9.661600000000000188e-01
135        9.663000000000000478e-01
160        9.663599999999999968e-01
126        9.666000000000000147e-01
178        9.667400000000000437e-01
162        9.668400000000000327e-01
99         9.668600000000000527e-01
87         9.670400000000000107e-01
331        9.671000000000000707e-01
203        9.671399999999999997e-01
267        9.676000000000000156e-01
29         9.681800000000000406e-01
102        9.682200000000000806e-01
227        9.685000000000000275e-01
334        9.685000000000000275e-01
319        9.689999999999999725e-01
307        9.689999999999999725e-01
45         9.691000000000000725e-01
364        9.694600000000000994e-01
330        9.694800000000000084e-01
344        9.695399999999999574e-01
156        9.699600000000000444e-01
256        9.700400000000000134e-01
238        9.701000000000000734e-01
239        9.706800000000000983e-01
81         9.708000000000001073e-01
328        9.708400000000000363e-01
370        9.710199999999999942e-01
10         9.710600000000000342e-01
202        9.713000000000000522e-01
131        9.713800000000000212e-01
99         9.714000000000000412e-01
362        9.719200000000001172e-01
216        9.721199999999999841e-01
106        9.725800000000001111e-01
176        9.726599999999999691e-01
260        9.727400000000000491e-01
358        9.731800000000000450e-01
158        9.732800000000000340e-01
227        9.733000000000000540e-01
196        9.739400000000000279e-01
296        9.739400000000000279e-01
98         9.740400000000000169e-01
280        9.744200000000000639e-01
163        9.745000000000000329e-01
135        9.745399999999999618e-01
324        9.746800000000001019e-01
31         9.747200000000000308e-01
194        9.749999999999999778e-01
162        9.751400000000000068e-01
304        9.751400000000000068e-01
72         9.757000000000000117e-01
186        9.758799999999999697e-01
287        9.763400000000000967e-01
282        9.766000000000000236e-01
144        9.767200000000000326e-01
281        9.767400000000000526e-01
81         9.767799999999999816e-01
60         9.768200000000000216e-01
308        9.770600000000000396e-01
77         9.771000000000000796e-01
44         9.771400000000000086e-01
211        9.773000000000000576e-01
30         9.775399999999999645e-01
246        9.775399999999999645e-01
73         9.778600000000000625e-01
353        9.782600000000000184e-01
32         9.789800000000000724e-01
52         9.790800000000000614e-01
155        9.791800000000000503e-01
6          9.793000000000000593e-01
47         9.793000000000000593e-01
235        9.794200000000000683e-01
9          9.794600000000001083e-01
184        9.796000000000000263e-01
330        9.798000000000001153e-01
162        9.799200000000001243e-01
356        9.802400000000000002e-01
145        9.803400000000001002e-01
34         9.803600000000000092e-01
159        9.803600000000000092e-01
317        9.803800000000000292e-01
113        9.806200000000000472e-01
367        9.807000000000000162e-01
74         9.809800000000000741e-01
10         9.813000000000000611e-01
244        9.814400000000000901e-01
274        9.819600000000000550e-01
301        9.821400000000000130e-01
94         9.823800000000000310e-01
112        9.825399999999999689e-01
294        9.827599999999999669e-01
88         9.828400000000000469e-01
297        9.828600000000000669e-01
343        9.833800000000000319e-01
388        9.838000000000001188e-01
370        9.838799999999999768e-01
95         9.840600000000000458e-01
300        9.847200000000000397e-01
29         9.847400000000000597e-01
122        9.847799999999999887e-01
386        9.849600000000000577e-01
379        9.849800000000000777e-01
158        9.852200000000000957e-01
271        9.856399999999999606e-01
201        9.857200000000000406e-01
278        9.857200000000000406e-01
360        9.857200000000000406e-01
222        9.857599999999999696e-01
250        9.858400000000000496e-01
298        9.860800000000000676e-01
245        9.861400000000000166e-01
217        9.864600000000000035e-01
248        9.866800000000001125e-01
295        9.867799999999999905e-01
143        9.868000000000001215e-01
81         9.868200000000000305e-01
48         9.868799999999999795e-01
371        9.869200000000001305e-01
10         9.872600000000000264e-01
241        9.874800000000000244e-01
256        9.877599999999999714e-01
335        9.882800000000000473e-01
41         9.883200000000000873e-01
7          9.885199999999999543e-01
370        9.887000000000000233e-01
63         9.891199999999999992e-01
226        9.891199999999999992e-01
54         9.894200000000000772e-01
29         9.894800000000000262e-01
17         9.897599999999999731e-01
154        9.898200000000000331e-01
267        9.900200000000000111e-01
15         9.904200000000000781e-01
47         9.905199999999999561e-01
40         9.905800000000000161e-01
375        9.908200000000000340e-01
22         9.910200000000000120e-01
256        9.912600000000000300e-01
122        9.915400000000000880e-01
334        9.918200000000000349e-01
259        9.918600000000000749e-01
347        9.922000000000000819e-01
128        9.923999999999999488e-01
361        9.925000000000000488e-01
51         9.926599999999999868e-01
18         9.927000000000000268e-01
325        9.927200000000000468e-01
224        9.927799999999999958e-01
164        9.928400000000000558e-01
53         9.931400000000000228e-01
13         9.931600000000000428e-01
34         9.934200000000000808e-01
60         9.936000000000000387e-01
261        9.940800000000000747e-01
207        9.943999999999999506e-01
171        9.944600000000000106e-01
349        9.946800000000001196e-01
89         9.947200000000000486e-01
343        9.949000000000000066e-01
294        9.952600000000000335e-01
4          9.953999999999999515e-01
111        9.953999999999999515e-01
180        9.956000000000000405e-01
159        9.959000000000000075e-01
213        9.959800000000000875e-01
40         9.960200000000000164e-01
45         9.962400000000000144e-01
316        9.965400000000000924e-01
247        9.967599999999999794e-01
139        9.967799999999999994e-01
290        9.971800000000000663e-01
99         9.974400000000001043e-01
82         9.974800000000000333e-01
57         9.976399999999999713e-01
158        9.977599999999999802e-01
144        9.978799999999999892e-01
365        9.979400000000000492e-01
260        9.986000000000000432e-01
188        9.986599999999999921e-01
91         9.986800000000001232e-01
177        9.991200000000000081e-01
217        9.995400000000000951e-01
263        9.995400000000000951e-01
63         9.998200000000000420e-01
120        9.998400000000000620e-01
214        9.998400000000000620e-01
261        1.000439999999999996e+00
106        1.000580000000000025e+00
221        1.000580000000000025e+00
262        1.000620000000000065e+00
193        1.000739999999999963e+00
343        1.000860000000000083e+00
45         1.000940000000000163e+00
248        1.001240000000000130e+00
118        1.001360000000000028e+00
345        1.001500000000000057e+00
24         1.001680000000000126e+00
10         1.001920000000000144e+00
180        1.001940000000000053e+00
109        1.002099999999999991e+00
95         1.002220000000000111e+00
146        1.002540000000000209e+00
161        1.002599999999999936e+00
17         1.003120000000000012e+00
241        1.003759999999999986e+00
259        1.004340000000000011e+00
257        1.004560000000000120e+00
141        1.004599999999999937e+00
6          1.005100000000000104e+00
175        1.005180000000000184e+00
196        1.005180000000000184e+00
58         1.005519999999999969e+00
395        1.005519999999999969e+00
218        1.005600000000000049e+00
173        1.005719999999999947e+00
170        1.005759999999999987e+00
120        1.005959999999999965e+00
136        1.005959999999999965e+00
231        1.005959999999999965e+00
96         1.006080000000000085e+00
150        1.006300000000000194e+00
290        1.006340000000000012e+00
182        1.006399999999999961e+00
269        1.006440000000000001e+00
5          1.006520000000000081e+00
294        1.007120000000000015e+00
359        1.007660000000000000e+00
69         1.007759999999999989e+00
353        1.007759999999999989e+00
303        1.008040000000000047e+00
60         1.008280000000000065e+00
316        1.008360000000000145e+00
188        1.008560000000000123e+00
350        1.008680000000000021e+00
68         1.008800000000000141e+00
324        1.008820000000000050e+00
86         1.009319999999999995e+00
191        1.009319999999999995e+00
323        1.009360000000000035e+00
93         1.009460000000000024e+00
56         1.010240000000000027e+00
158        1.010720000000000063e+00
331        1.010899999999999910e+00
258        1.010960000000000081e+00
267        1.011040000000000161e+00
367        1.011060000000000070e+00
12         1.011180000000000190e+00
45         1.011180000000000190e+00
140        1.011619999999999964e+00
334        1.011800000000000033e+00
386        1.011859999999999982e+00
89         1.012100000000000000e+00
25         1.012739999999999974e+00
238        1.013300000000000090e+00
16         1.013540000000000108e+00
217        1.013619999999999965e+00
151        1.013680000000000136e+00
174        1.013700000000000045e+00
335        1.013740000000000085e+00
115        1.013759999999999994e+00
204        1.013859999999999983e+00
233        1.013920000000000154e+00
353        1.013920000000000154e+00
51         1.014199999999999990e+00
389        1.014440000000000008e+00
117        1.014539999999999997e+00
383        1.014760000000000106e+00
282        1.014880000000000004e+00
34         1.015000000000000124e+00
26         1.015060000000000073e+00
243        1.015500000000000069e+00
375        1.015600000000000058e+00
284        1.015940000000000065e+00
17         1.016460000000000141e+00
0          1.016539999999999999e+00
339        1.017239999999999922e+00
235        1.017580000000000151e+00
188        1.017700000000000049e+00
200        1.017740000000000089e+00
331        1.017859999999999987e+00
249        1.017900000000000027e+00
315        1.017940000000000067e+00
377        1.018040000000000056e+00
115        1.018280000000000074e+00
224        1.018299999999999983e+00
207        1.018820000000000059e+00
267        1.018880000000000008e+00
385        1.019160000000000066e+00
79         1.019179999999999975e+00
379        1.019200000000000106e+00
245        1.019519999999999982e+00
216        1.019560000000000022e+00
392        1.019719999999999960e+00
352        1.019940000000000069e+00
358        1.019980000000000109e+00
131        1.020060000000000189e+00
199        1.020180000000000087e+00
302        1.020199999999999996e+00
175        1.020399999999999974e+00
347        1.020460000000000145e+00
13         1.020599999999999952e+00
250        1.021779999999999911e+00
289        1.022440000000000015e+00
189        1.022639999999999993e+00
229        1.022680000000000033e+00
322        1.022700000000000164e+00
220        1.022780000000000022e+00
235        1.022800000000000153e+00
5          1.022839999999999971e+00
218        1.022839999999999971e+00
6          1.023060000000000080e+00
9          1.023239999999999927e+00
323        1.023260000000000058e+00
34         1.023360000000000047e+00
285        1.023400000000000087e+00
104        1.023580000000000156e+00
123        1.024280000000000079e+00
85         1.024499999999999966e+00
154        1.024620000000000086e+00
11         1.024640000000000217e+00
375        1.024780000000000024e+00
171        1.025020000000000042e+00
365        1.025400000000000089e+00
56         1.025620000000000198e+00
244        1.025660000000000016e+00
306        1.025880000000000125e+00
302        1.025959999999999983e+00
107        1.026180000000000092e+00
382        1.026420000000000110e+00
291        1.026640000000000219e+00
247        1.026680000000000037e+00
124        1.026799999999999935e+00
308        1.026860000000000106e+00
177        1.027059999999999862e+00
221        1.027200000000000113e+00
367        1.027200000000000113e+00
146        1.027579999999999938e+00
336        1.027819999999999956e+00
15         1.028059999999999974e+00
310        1.028160000000000185e+00
98         1.028180000000000094e+00
267        1.028200000000000003e+00
228        1.028299999999999992e+00
296        1.028400000000000203e+00
330        1.028420000000000112e+00
60         1.028440000000000021e+00
245        1.028860000000000108e+00
324        1.029880000000000129e+00
68         1.029900000000000038e+00
372        1.030000000000000027e+00
393        1.030259999999999954e+00
312        1.030599999999999961e+00
51         1.030620000000000092e+00
209        1.030799999999999939e+00
303        1.030939999999999968e+00
136        1.031039999999999957e+00
314        1.031339999999999923e+00
298        1.031420000000000003e+00
63         1.031440000000000135e+00
112        1.031560000000000032e+00
230        1.032180000000000097e+00
363        1.032280000000000086e+00
201        1.032400000000000206e+00
126        1.032460000000000155e+00
180        1.032599999999999962e+00
246        1.032799999999999940e+00
368        1.033039999999999958e+00
29         1.033320000000000016e+00
177        1.033460000000000045e+00
34         1.033479999999999954e+00
93         1.033500000000000085e+00
148        1.033900000000000041e+00
68         1.033940000000000081e+00
89         1.034040000000000070e+00
53         1.034160000000000190e+00
206        1.034640000000000226e+00
250        1.034860000000000113e+00
138        1.035220000000000029e+00
290        1.035339999999999927e+00
44         1.035400000000000098e+00
345        1.035460000000000047e+00
263        1.035680000000000156e+00
134        1.035920000000000174e+00
268        1.036059999999999981e+00
292        1.036440000000000028e+00
282        1.036640000000000228e+00
169        1.036700000000000177e+00
199        1.036700000000000177e+00
111        1.036720000000000086e+00
121        1.037020000000000053e+00
219        1.037140000000000173e+00
202        1.037239999999999940e+00
208        1.037440000000000140e+00
185        1.037819999999999965e+00
383        1.037819999999999965e+00
141        1.037940000000000085e+00
357        1.037959999999999994e+00
377        1.038759999999999906e+00
118        1.038860000000000117e+00
221        1.038960000000000106e+00
58         1.039160000000000084e+00
18         1.039500000000000091e+00
303        1.039660000000000029e+00
78         1.039839999999999876e+00
160        1.040340000000000042e+00
121        1.040839999999999987e+00
205        1.040939999999999976e+00
280        1.041039999999999965e+00
315        1.041059999999999874e+00
146        1.041099999999999914e+00
322        1.041260000000000074e+00
61         1.041339999999999932e+00
50         1.041339999999999932e+00
82         1.041360000000000063e+00
156        1.041380000000000194e+00
204        1.041420000000000012e+00
188        1.041740000000000110e+00
107        1.041800000000000059e+00
77         1.042180000000000106e+00
312        1.042180000000000106e+00
199        1.042540000000000022e+00
277        1.042860000000000120e+00
44         1.042920000000000069e+00
209        1.042920000000000069e+00
278        1.042920000000000069e+00
361        1.043920000000000181e+00
274        1.044000000000000039e+00
364        1.044000000000000039e+00
377        1.044040000000000079e+00
79         1.044259999999999966e+00
108        1.044480000000000075e+00
232        1.044900000000000162e+00
383        1.045140000000000180e+00
365        1.045339999999999936e+00
20         1.045560000000000045e+00
126        1.045700000000000074e+00
322        1.045940000000000092e+00
208        1.045980000000000132e+00
80         1.046480000000000077e+00
95         1.046680000000000055e+00
244        1.046799999999999953e+00
360        1.047039999999999971e+00
71         1.047160000000000091e+00
155        1.047180000000000000e+00
353        1.047599999999999865e+00
38         1.047719999999999985e+00
290        1.047839999999999883e+00
119        1.047880000000000145e+00
311        1.047920000000000185e+00
154        1.048360000000000181e+00
169        1.048480000000000079e+00
12         1.048519999999999897e+00
281        1.048839999999999995e+00
116        1.048920000000000075e+00
309        1.049020000000000064e+00
122        1.049120000000000053e+00
287        1.049680000000000168e+00
204        1.049779999999999935e+00
294        1.049880000000000146e+00
61         1.050140000000000073e+00
112        1.050360000000000182e+00
350        1.050360000000000182e+00
185        1.050380000000000091e+00
58         1.050519999999999898e+00
87         1.051160000000000094e+00
358        1.051320000000000032e+00
337        1.051640000000000130e+00
76         1.051660000000000039e+00
231        1.051680000000000170e+00
197        1.051860000000000239e+00
369        1.051940000000000097e+00
45         1.052480000000000082e+00
27         1.052860000000000129e+00
34         1.052980000000000027e+00
19         1.053039999999999976e+00
134        1.053039999999999976e+00
240        1.053039999999999976e+00
115        1.053460000000000063e+00
105        1.053560000000000052e+00
262        1.053680000000000172e+00
301        1.053680000000000172e+00
342        1.053960000000000008e+00
13         1.054160000000000208e+00
366        1.054180000000000117e+00
28         1.054200000000000026e+00
353        1.054459999999999953e+00
35         1.055239999999999956e+00
162        1.055320000000000036e+00
24         1.055339999999999945e+00
29         1.055440000000000156e+00
131        1.055460000000000065e+00
38         1.055599999999999872e+00
95         1.055599999999999872e+00
119        1.055640000000000134e+00
376        1.055640000000000134e+00
142        1.055740000000000123e+00
32         1.055839999999999890e+00
125        1.055940000000000101e+00
203        1.056000000000000050e+00
73         1.056079999999999908e+00
371        1.056300000000000017e+00
253        1.056480000000000086e+00
7          1.056519999999999904e+00
0          1.056599999999999984e+00
336        1.057740000000000125e+00
340        1.057920000000000194e+00
217        1.058000000000000052e+00
220        1.058100000000000041e+00
107        1.058499999999999996e+00
268        1.058519999999999905e+00
58         1.058540000000000036e+00
339        1.058740000000000014e+00
13         1.058759999999999923e+00
204        1.059299999999999908e+00
56         1.059460000000000068e+00
178        1.059660000000000046e+00
369        1.059860000000000246e+00
272        1.059920000000000195e+00
137        1.060380000000000100e+00
389        1.060380000000000100e+00
55         1.060559999999999947e+00
284        1.060680000000000067e+00
169        1.060819999999999874e+00
349        1.060840000000000005e+00
376        1.061039999999999983e+00
207        1.061280000000000001e+00
94         1.061500000000000110e+00
338        1.061500000000000110e+00
31         1.061560000000000059e+00
340        1.061980000000000146e+00
52         1.062000000000000055e+00
235        1.062240000000000073e+00
170        1.062319999999999931e+00
222        1.062380000000000102e+00
234        1.062599999999999989e+00
119        1.063220000000000054e+00
237        1.063520000000000021e+00
326        1.063579999999999970e+00
25         1.063779999999999948e+00
151        1.063940000000000108e+00
24         1.064060000000000006e+00
38         1.064099999999999824e+00
350        1.064339999999999842e+00
28         1.065200000000000147e+00
85         1.065479999999999983e+00
347        1.065920000000000201e+00
163        1.066019999999999968e+00
209        1.066039999999999877e+00
358        1.066120000000000179e+00
45         1.066279999999999895e+00
342        1.066380000000000106e+00
288        1.066459999999999964e+00
49         1.066500000000000004e+00
0          1.066699999999999982e+00
394        1.066880000000000051e+00
27         1.066900000000000182e+00
277        1.066900000000000182e+00
254        1.067180000000000017e+00
238        1.067420000000000035e+00
224        1.067460000000000075e+00
37         1.067500000000000115e+00
303        1.067819999999999991e+00
211        1.067860000000000253e+00
88         1.068079999999999918e+00
345        1.068480000000000096e+00
53         1.068540000000000045e+00
91         1.068620000000000125e+00
72         1.068920000000000092e+00
247        1.069839999999999902e+00
314        1.069960000000000022e+00
167        1.070019999999999971e+00
161        1.070120000000000182e+00
24         1.070240000000000080e+00
221        1.070300000000000029e+00
212        1.070319999999999938e+00
280        1.070380000000000109e+00
172        1.070400000000000018e+00
49         1.070880000000000054e+00
360        1.071180000000000021e+00
155        1.071239999999999970e+00
357        1.071460000000000079e+00
368        1.071539999999999937e+00
364        1.071760000000000046e+00
202        1.071819999999999995e+00
226        1.071940000000000115e+00
19         1.072060000000000013e+00
231        1.072720000000000118e+00
389        1.072780000000000067e+00
232        1.072920000000000096e+00
318        1.073400000000000132e+00
3          1.073420000000000041e+00
195        1.073420000000000041e+00
264        1.073460000000000081e+00
344        1.073460000000000081e+00
394        1.073539999999999939e+00
80         1.073860000000000259e+00
168        1.073919999999999986e+00
187        1.074319999999999942e+00
225        1.074860000000000149e+00
387        1.075059999999999905e+00
153        1.075220000000000065e+00
353        1.075220000000000065e+00
361        1.075400000000000134e+00
285        1.075460000000000083e+00
97         1.075479999999999992e+00
39         1.075579999999999981e+00
189        1.075799999999999867e+00
277        1.075860000000000261e+00
355        1.076319999999999943e+00
78         1.076480000000000103e+00
68         1.076480000000000103e+00
13         1.076799999999999979e+00
6          1.076840000000000019e+00
272        1.076920000000000099e+00
27         1.077080000000000037e+00
267        1.077200000000000157e+00
4          1.077299999999999924e+00
164        1.077299999999999924e+00
124        1.077500000000000124e+00
3          1.077860000000000040e+00
21         1.078880000000000061e+00
117        1.078999999999999959e+00
85         1.079039999999999999e+00
148        1.079120000000000079e+00
288        1.079220000000000068e+00
300        1.079239999999999977e+00
1          1.079260000000000108e+00
188        1.079339999999999966e+00
390        1.079500000000000126e+00
8          1.079880000000000173e+00
143        1.079979999999999940e+00
40         1.080180000000000140e+00
36         1.080279999999999907e+00
244        1.080420000000000158e+00
43         1.080559999999999965e+00
76         1.081140000000000212e+00
161        1.081280000000000019e+00
380        1.081620000000000248e+00
97         1.081760000000000055e+00
382        1.082019999999999982e+00
389        1.082079999999999931e+00
237        1.082260000000000000e+00
284        1.082540000000000058e+00
229        1.082579999999999876e+00
281        1.082579999999999876e+00
187        1.082900000000000196e+00
373        1.083520000000000039e+00
351        1.083599999999999897e+00
205        1.083940000000000126e+00
19         1.084079999999999933e+00
252        1.084120000000000195e+00
268        1.084160000000000013e+00
367        1.084240000000000093e+00
31         1.084260000000000002e+00
5          1.084260000000000002e+00
136        1.084279999999999911e+00
204        1.084720000000000129e+00
38         1.084880000000000067e+00
83         1.085020000000000095e+00
282        1.085040000000000004e+00
12         1.085239999999999982e+00
374        1.085599999999999898e+00
182        1.085620000000000251e+00
218        1.085900000000000087e+00
242        1.085940000000000127e+00
175        1.085960000000000036e+00
213        1.085960000000000036e+00
397        1.086660000000000181e+00
54         1.086780000000000079e+00
124        1.086940000000000017e+00
359        1.087180000000000035e+00
154        1.087339999999999973e+00
206        1.087559999999999860e+00
319        1.087579999999999991e+00
139        1.087779999999999969e+00
126        1.087839999999999918e+00
9          1.087860000000000049e+00
324        1.088019999999999987e+00
138        1.088079999999999936e+00
19         1.088420000000000165e+00
176        1.088680000000000092e+00
302        1.089380000000000237e+00
320        1.089599999999999902e+00
87         1.089660000000000073e+00
257        1.089820000000000011e+00
338        1.089940000000000131e+00
240        1.090039999999999898e+00
388        1.090120000000000200e+00
361        1.090140000000000109e+00
369        1.090360000000000218e+00
185        1.090459999999999985e+00
324        1.090819999999999901e+00
164        1.090880000000000072e+00
276        1.091099999999999959e+00
54         1.091180000000000039e+00
154        1.091620000000000035e+00
23         1.092180000000000151e+00
141        1.092240000000000100e+00
245        1.092480000000000118e+00
334        1.092559999999999976e+00
396        1.092600000000000238e+00
17         1.092799999999999994e+00
11         1.092999999999999972e+00
100        1.092999999999999972e+00
152        1.093400000000000150e+00
387        1.093700000000000117e+00
131        1.093720000000000026e+00
370        1.094300000000000050e+00
68         1.094319999999999959e+00
333        1.094620000000000148e+00
399        1.094780000000000086e+00
242        1.094799999999999995e+00
116        1.094920000000000115e+00
179        1.095160000000000133e+00
355        1.095299999999999940e+00
322        1.095360000000000111e+00
276        1.095860000000000056e+00
29         1.096240000000000103e+00
47         1.096420000000000172e+00
41         1.096720000000000139e+00
314        1.096759999999999957e+00
292        1.096759999999999957e+00
340        1.096759999999999957e+00
193        1.096840000000000037e+00
396        1.097040000000000015e+00
223        1.097100000000000186e+00
224        1.097380000000000022e+00
365        1.097380000000000022e+00
64         1.097539999999999960e+00
377        1.097779999999999978e+00
242        1.097839999999999927e+00
241        1.098039999999999905e+00
175        1.098600000000000243e+00
11         1.098660000000000192e+00
247        1.098740000000000050e+00
17         1.098840000000000039e+00
304        1.098920000000000119e+00
86         1.098980000000000068e+00
222        1.098999999999999977e+00
6          1.099220000000000086e+00
325        1.099280000000000035e+00
398        1.099360000000000115e+00
123        1.099499999999999922e+00
267        1.099679999999999991e+00
319        1.099720000000000031e+00
380        1.099779999999999980e+00
81         1.099799999999999889e+00
65         1.100339999999999874e+00
68         1.100480000000000125e+00
367        1.100579999999999892e+00
129        1.100740000000000052e+00
312        1.100920000000000121e+00
301        1.100999999999999979e+00
167        1.101259999999999906e+00
358        1.101580000000000004e+00
197        1.102260000000000018e+00
177        1.102440000000000087e+00
149        1.102600000000000247e+00
80         1.102640000000000065e+00
67         1.102680000000000105e+00
277        1.102860000000000174e+00
274        1.103420000000000067e+00
362        1.103499999999999925e+00
396        1.103640000000000176e+00
303        1.103880000000000194e+00
150        1.103960000000000052e+00
72         1.104140000000000121e+00
234        1.104480000000000128e+00
14         1.104759999999999964e+00
65         1.104999999999999982e+00
307        1.105020000000000113e+00
298        1.105199999999999960e+00
318        1.105499999999999927e+00
324        1.105620000000000047e+00
245        1.105640000000000178e+00
59         1.105700000000000127e+00
315        1.105960000000000054e+00
137        1.105979999999999963e+00
158        1.106000000000000094e+00
364        1.106180000000000163e+00
334        1.106200000000000072e+00
272        1.106219999999999981e+00
1          1.106579999999999897e+00
344        1.106960000000000166e+00
17         1.107059999999999933e+00
135        1.107180000000000053e+00
247        1.107499999999999929e+00
212        1.107880000000000198e+00
297        1.108020000000000005e+00
241        1.108060000000000045e+00
14         1.108620000000000161e+00
333        1.108720000000000150e+00
286        1.108920000000000128e+00
290        1.109079999999999844e+00
136        1.109220000000000095e+00
380        1.109460000000000113e+00
195        1.109760000000000080e+00
123        1.109880000000000200e+00
183        1.110219999999999985e+00
378        1.110300000000000065e+00
232        1.110420000000000185e+00
306        1.110620000000000163e+00
168        1.110660000000000203e+00
276        1.110880000000000090e+00
35         1.110980000000000079e+00
64         1.111120000000000108e+00
225        1.111120000000000108e+00
47         1.111140000000000017e+00
388        1.111180000000000057e+00
284        1.111600000000000144e+00
370        1.111960000000000059e+00
71         1.112260000000000026e+00
142        1.112819999999999920e+00
366        1.112999999999999989e+00
85         1.113019999999999898e+00
26         1.113160000000000149e+00
93         1.113299999999999956e+00
52         1.113400000000000167e+00
308        1.113480000000000025e+00
19         1.114100000000000090e+00
236        1.114279999999999937e+00
150        1.114380000000000148e+00
332        1.114620000000000166e+00
339        1.114660000000000206e+00
161        1.114839999999999831e+00
113        1.114920000000000133e+00
80         1.114980000000000082e+00
269        1.115079999999999849e+00
313        1.115160000000000151e+00
371        1.115720000000000045e+00
157        1.115739999999999954e+00
124        1.115820000000000034e+00
234        1.116100000000000092e+00
84         1.116579999999999906e+00
83         1.116600000000000259e+00
13         1.117220000000000102e+00
197        1.117220000000000102e+00
103        1.117240000000000011e+00
382        1.117259999999999920e+00
348        1.117299999999999960e+00
214        1.117360000000000131e+00
374        1.117360000000000131e+00
221        1.117380000000000040e+00
396        1.117660000000000098e+00
102        1.118380000000000152e+00
36         1.118500000000000050e+00
285        1.118540000000000090e+00
174        1.118579999999999908e+00
155        1.118759999999999977e+00
19         1.118860000000000188e+00
17         1.118880000000000097e+00
263        1.118999999999999995e+00
242        1.119040000000000035e+00
64         1.119600000000000151e+00
301        1.120060000000000056e+00
283        1.120200000000000085e+00
127        1.120300000000000074e+00
99         1.120300000000000074e+00
23         1.120460000000000012e+00
394        1.120700000000000029e+00
357        1.120959999999999956e+00
21         1.121259999999999923e+00
371        1.121499999999999941e+00
158        1.121620000000000061e+00
178        1.121640000000000192e+00
386        1.121779999999999999e+00
10         1.122100000000000097e+00
312        1.122120000000000228e+00
294        1.122160000000000046e+00
323        1.122180000000000177e+00
146        1.122300000000000075e+00
319        1.122380000000000155e+00
389        1.123120000000000118e+00
347        1.123340000000000005e+00
111        1.123400000000000176e+00
239        1.123760000000000092e+00
298        1.123799999999999910e+00
26         1.123960000000000070e+00
37         1.124120000000000230e+00
24         1.124480000000000146e+00
315        1.124800000000000022e+00
230        1.125520000000000076e+00
88         1.125820000000000043e+00
316        1.125900000000000123e+00
175        1.125920000000000032e+00
366        1.126060000000000061e+00
379        1.126079999999999970e+00
159        1.126100000000000101e+00
148        1.126219999999999999e+00
134        1.126240000000000130e+00
56         1.126300000000000079e+00
130        1.126300000000000079e+00
61         1.126319999999999988e+00
216        1.126360000000000250e+00
268        1.126540000000000097e+00
146        1.126860000000000195e+00
375        1.126860000000000195e+00
51         1.127620000000000067e+00
215        1.128020000000000023e+00
182        1.128180000000000183e+00
200        1.128240000000000132e+00
327        1.128240000000000132e+00
204        1.128680000000000128e+00
369        1.128759999999999986e+00
334        1.129059999999999953e+00
294        1.129120000000000124e+00
321        1.129140000000000033e+00
351        1.129360000000000142e+00
253        1.129380000000000051e+00
96         1.129400000000000182e+00
53         1.129460000000000131e+00
193        1.129860000000000086e+00
10         1.130200000000000093e+00
112        1.130500000000000060e+00
314        1.130680000000000129e+00
47         1.130860000000000198e+00
368        1.130900000000000016e+00
268        1.131019999999999914e+00
129        1.131059999999999954e+00
383        1.131259999999999932e+00
295        1.131499999999999950e+00
269        1.131539999999999990e+00
288        1.132100000000000106e+00
216        1.132200000000000095e+00
153        1.132220000000000004e+00
71         1.132260000000000044e+00
201        1.132279999999999953e+00
66         1.132479999999999931e+00
289        1.132940000000000058e+00
64         1.133100000000000218e+00
161        1.133259999999999934e+00
225        1.133380000000000054e+00
4          1.133420000000000094e+00
345        1.133440000000000003e+00
341        1.133440000000000003e+00
228        1.134319999999999995e+00
120        1.134560000000000013e+00
124        1.134800000000000031e+00
222        1.134819999999999940e+00
213        1.134819999999999940e+00
277        1.134920000000000151e+00
176        1.134959999999999969e+00
316        1.135059999999999958e+00
115        1.135120000000000129e+00
1          1.135240000000000027e+00
282        1.135280000000000067e+00
334        1.135499999999999954e+00
310        1.135780000000000012e+00
377        1.135780000000000012e+00
205        1.136959999999999971e+00
88         1.137160000000000171e+00
175        1.137180000000000080e+00
87         1.137319999999999887e+00
137        1.137340000000000018e+00
12         1.137499999999999956e+00
157        1.137620000000000076e+00
204        1.137700000000000156e+00
60         1.137979999999999992e+00
312        1.138319999999999999e+00
196        1.138500000000000068e+00
130        1.138579999999999925e+00
131        1.138719999999999954e+00
195        1.138719999999999954e+00
212        1.138740000000000085e+00
394        1.138740000000000085e+00
83         1.138880000000000114e+00
55         1.138980000000000103e+00
106        1.139000000000000012e+00
149        1.139299999999999979e+00
217        1.139420000000000099e+00
188        1.139920000000000044e+00
53         1.139940000000000175e+00
263        1.140060000000000073e+00
174        1.140479999999999938e+00
279        1.140500000000000069e+00
170        1.140640000000000098e+00
137        1.140740000000000087e+00
364        1.140740000000000087e+00
126        1.141319999999999890e+00
366        1.141539999999999999e+00
211        1.141960000000000086e+00
300        1.142160000000000064e+00
270        1.142500000000000071e+00
109        1.142700000000000049e+00
251        1.142940000000000067e+00
304        1.143019999999999925e+00
21         1.143280000000000074e+00
201        1.143380000000000063e+00
273        1.143440000000000012e+00
329        1.143460000000000143e+00
215        1.143739999999999979e+00
64         1.143799999999999928e+00
228        1.143799999999999928e+00
296        1.143860000000000099e+00
54         1.144060000000000077e+00
70         1.144140000000000157e+00
151        1.144380000000000175e+00
105        1.144519999999999982e+00
225        1.144719999999999960e+00
184        1.144880000000000120e+00
2          1.145059999999999967e+00
246        1.145140000000000047e+00
354        1.145380000000000065e+00
244        1.145620000000000083e+00
123        1.146140000000000159e+00
269        1.146140000000000159e+00
26         1.146380000000000177e+00
17         1.146460000000000035e+00
22         1.146519999999999984e+00
290        1.146539999999999893e+00
137        1.146560000000000024e+00
242        1.146579999999999933e+00
275        1.147160000000000180e+00
316        1.147240000000000038e+00
292        1.147259999999999946e+00
377        1.147660000000000124e+00
347        1.147680000000000033e+00
196        1.147799999999999931e+00
342        1.147820000000000062e+00
263        1.147940000000000182e+00
94         1.148220000000000018e+00
60         1.148579999999999934e+00
308        1.149420000000000108e+00
238        1.149600000000000177e+00
296        1.149640000000000217e+00
338        1.149680000000000035e+00
56         1.149739999999999984e+00
231        1.149839999999999973e+00
389        1.149980000000000002e+00
329        1.150079999999999991e+00
43         1.150500000000000078e+00
379        1.150519999999999987e+00
141        1.150539999999999896e+00
83         1.150740000000000096e+00
184        1.150819999999999954e+00
363        1.151180000000000092e+00
396        1.151360000000000161e+00
156        1.151460000000000150e+00
287        1.151580000000000048e+00
354        1.152160000000000073e+00
119        1.152279999999999971e+00
127        1.152400000000000091e+00
342        1.152640000000000109e+00
284        1.152760000000000007e+00
258        1.152860000000000218e+00
369        1.152920000000000167e+00
167        1.153019999999999934e+00
321        1.153220000000000134e+00
101        1.153340000000000032e+00
210        1.153380000000000072e+00
319        1.153400000000000203e+00
371        1.153400000000000203e+00
93         1.153559999999999919e+00
388        1.154479999999999951e+00
81         1.154519999999999991e+00
142        1.154539999999999900e+00
76         1.154560000000000031e+00
263        1.154579999999999940e+00
224        1.154600000000000071e+00
131        1.155340000000000034e+00
326        1.155680000000000041e+00
279        1.156059999999999865e+00
303        1.156220000000000026e+00
357        1.156440000000000135e+00
259        1.156519999999999992e+00
268        1.156539999999999901e+00
175        1.156640000000000112e+00
145        1.156660000000000021e+00
382        1.156700000000000061e+00
15         1.156779999999999919e+00
151        1.156779999999999919e+00
47         1.156819999999999959e+00
331        1.156819999999999959e+00
281        1.156860000000000221e+00
340        1.157440000000000024e+00
274        1.157999999999999918e+00
348        1.158339999999999925e+00
216        1.158640000000000114e+00
299        1.159660000000000135e+00
329        1.159660000000000135e+00
25         1.159760000000000124e+00
79         1.159799999999999942e+00
261        1.159839999999999982e+00
76         1.159880000000000244e+00
205        1.159920000000000062e+00
337        1.159939999999999971e+00
63         1.160080000000000000e+00
384        1.160239999999999938e+00
7          1.160260000000000069e+00
379        1.160500000000000087e+00
40         1.160680000000000156e+00
160        1.160760000000000014e+00
101        1.161259999999999959e+00
147        1.161660000000000137e+00
222        1.161720000000000086e+00
224        1.161819999999999853e+00
89         1.161880000000000024e+00
172        1.161900000000000155e+00
141        1.162020000000000053e+00
86         1.162120000000000042e+00
110        1.162120000000000042e+00
245        1.162220000000000031e+00
10         1.162320000000000020e+00
311        1.162500000000000089e+00
271        1.162700000000000067e+00
77         1.162980000000000125e+00
369        1.163680000000000048e+00
18         1.163839999999999986e+00
353        1.163999999999999924e+00
270        1.164020000000000055e+00
98         1.164420000000000011e+00
168        1.164500000000000091e+00
248        1.164500000000000091e+00
179        1.164539999999999909e+00
198        1.164600000000000080e+00
305        1.164660000000000029e+00
361        1.164839999999999876e+00
269        1.164900000000000047e+00
156        1.165140000000000065e+00
276        1.165200000000000014e+00
220        1.165259999999999962e+00
47         1.165499999999999980e+00
191        1.165680000000000049e+00
59         1.165739999999999998e+00
374        1.166140000000000176e+00
326        1.166179999999999994e+00
298        1.166299999999999892e+00
268        1.166520000000000001e+00
152        1.166640000000000121e+00
263        1.166959999999999997e+00
386        1.167019999999999946e+00
9          1.167640000000000233e+00
46         1.167900000000000160e+00
89         1.167920000000000069e+00
398        1.168059999999999876e+00
318        1.168220000000000036e+00
211        1.168320000000000025e+00
205        1.168339999999999934e+00
333        1.168360000000000065e+00
178        1.168440000000000145e+00
50         1.168539999999999912e+00
357        1.168860000000000232e+00
105        1.169079999999999897e+00
349        1.169120000000000159e+00
27         1.169900000000000162e+00
101        1.170020000000000060e+00
24         1.170400000000000107e+00
133        1.170740000000000114e+00
181        1.170860000000000234e+00
321        1.170920000000000183e+00
104        1.171040000000000081e+00
6          1.171220000000000150e+00
36         1.171240000000000059e+00
62         1.171340000000000048e+00
78         1.171380000000000088e+00
344        1.171440000000000037e+00
238        1.171819999999999862e+00
309        1.172080000000000011e+00
267        1.172520000000000007e+00
112        1.172539999999999916e+00
272        1.172640000000000127e+00
53         1.173140000000000072e+00
16         1.173440000000000039e+00
279        1.173559999999999937e+00
397        1.173579999999999846e+00
268        1.173600000000000199e+00
108        1.173699999999999966e+00
145        1.173699999999999966e+00
260        1.173720000000000097e+00
376        1.173720000000000097e+00
122        1.173900000000000166e+00
163        1.174279999999999990e+00
161        1.174299999999999899e+00
19         1.174440000000000150e+00
256        1.174539999999999917e+00
79         1.174660000000000037e+00
304        1.175000000000000044e+00
291        1.175000000000000044e+00
282        1.175059999999999993e+00
275        1.175079999999999902e+00
104        1.175160000000000204e+00
156        1.175380000000000091e+00
180        1.175380000000000091e+00
78         1.175660000000000149e+00
135        1.176539999999999919e+00
3          1.176760000000000028e+00
181        1.177100000000000257e+00
33         1.177819999999999867e+00
271        1.177900000000000169e+00
226        1.177999999999999936e+00
340        1.178160000000000096e+00
397        1.178200000000000136e+00
213        1.178260000000000085e+00
318        1.178539999999999921e+00
289        1.178620000000000223e+00
280        1.178680000000000172e+00
40         1.178940000000000099e+00
350        1.178960000000000008e+00
123        1.179000000000000048e+00
81         1.179499999999999993e+00
373        1.179880000000000040e+00
266        1.179920000000000080e+00
312        1.180080000000000018e+00
359        1.180440000000000156e+00
145        1.180620000000000225e+00
122        1.180719999999999992e+00
4          1.180800000000000072e+00
246        1.181000000000000050e+00
307        1.181019999999999959e+00
220        1.181059999999999999e+00
263        1.181140000000000079e+00
387        1.181160000000000210e+00
384        1.181280000000000108e+00
337        1.181339999999999835e+00
195        1.181360000000000188e+00
67         1.181999999999999940e+00
76         1.182020000000000071e+00
304        1.182260000000000089e+00
58         1.182500000000000107e+00
366        1.182779999999999943e+00
128        1.182860000000000245e+00
1          1.183259999999999978e+00
130        1.183319999999999927e+00
363        1.183319999999999927e+00
27         1.183380000000000098e+00
161        1.183579999999999854e+00
202        1.184059999999999890e+00
110        1.184100000000000152e+00
32         1.184120000000000061e+00
113        1.184339999999999948e+00
138        1.184560000000000057e+00
164        1.184860000000000246e+00
206        1.184980000000000144e+00
231        1.185000000000000053e+00
217        1.185140000000000082e+00
167        1.185300000000000020e+00
288        1.185640000000000027e+00
100        1.185680000000000067e+00
96         1.185740000000000016e+00
294        1.185860000000000136e+00
177        1.185920000000000085e+00
254        1.186239999999999961e+00
43         1.186520000000000019e+00
33         1.186839999999999895e+00
72         1.186900000000000066e+00
156        1.187420000000000142e+00
385        1.187699999999999978e+00
0          1.187780000000000058e+00
76         1.187860000000000138e+00
191        1.187980000000000036e+00
115        1.188239999999999963e+00
346        1.188320000000000043e+00
133        1.188440000000000163e+00
11         1.188500000000000112e+00
266        1.188539999999999930e+00
196        1.188880000000000159e+00
272        1.189200000000000035e+00
260        1.189440000000000053e+00
368        1.189500000000000002e+00
331        1.189819999999999878e+00
326        1.189920000000000089e+00
227        1.189980000000000038e+00
213        1.190239999999999965e+00
374        1.190299999999999914e+00
143        1.190520000000000023e+00
255        1.190539999999999932e+00
223        1.190640000000000143e+00
94         1.190839999999999899e+00
273        1.191240000000000077e+00
254        1.191380000000000106e+00
20         1.191519999999999913e+00
190        1.191720000000000113e+00
278        1.192239999999999966e+00
380        1.192400000000000126e+00
157        1.192500000000000115e+00
84         1.192779999999999951e+00
299        1.192900000000000071e+00
248        1.193100000000000271e+00
291        1.193740000000000023e+00
151        1.193799999999999972e+00
236        1.193799999999999972e+00
359        1.193799999999999972e+00
239        1.193900000000000183e+00
268        1.194039999999999990e+00
322        1.194059999999999899e+00
28         1.194200000000000150e+00
231        1.194220000000000059e+00
163        1.194380000000000219e+00
65         1.195240000000000080e+00
22         1.195360000000000200e+00
162        1.195480000000000098e+00
200        1.195500000000000007e+00
234        1.195519999999999916e+00
261        1.195519999999999916e+00
116        1.195640000000000036e+00
154        1.195860000000000145e+00
304        1.195860000000000145e+00
180        1.195900000000000185e+00
51         1.196120000000000072e+00
349        1.196339999999999959e+00
364        1.196779999999999955e+00
168        1.196979999999999933e+00
398        1.197060000000000013e+00
56         1.197300000000000031e+00
141        1.197500000000000009e+00
193        1.197559999999999958e+00
387        1.197740000000000027e+00
267        1.197980000000000045e+00
38         1.198479999999999990e+00
171        1.198800000000000088e+00
229        1.198819999999999997e+00
185        1.198979999999999935e+00
36         1.199120000000000186e+00
73         1.199120000000000186e+00
268        1.199240000000000084e+00
111        1.199300000000000033e+00
223        1.199319999999999942e+00
30         1.199600000000000222e+00
109        1.199660000000000171e+00
92         1.199720000000000120e+00
77         1.199759999999999938e+00
60         1.200239999999999974e+00
365        1.200440000000000174e+00
175        1.200500000000000123e+00
353        1.200660000000000061e+00
106        1.200700000000000101e+00
126        1.200740000000000141e+00
243        1.200800000000000090e+00
114        1.201060000000000016e+00
146        1.201600000000000223e+00
112        1.201620000000000132e+00
134        1.201940000000000008e+00
57         1.202120000000000077e+00
187        1.202280000000000015e+00
338        1.202320000000000055e+00
96         1.202880000000000171e+00
93         1.203079999999999927e+00
381        1.203079999999999927e+00
346        1.203360000000000207e+00
145        1.203840000000000021e+00
80         1.203999999999999959e+00
268        1.204140000000000210e+00
130        1.204280000000000017e+00
56         1.204360000000000097e+00
286        1.204479999999999995e+00
86         1.204539999999999944e+00
28         1.204600000000000115e+00
87         1.204600000000000115e+00
39         1.204799999999999871e+00
79         1.204940000000000122e+00
8          1.205200000000000049e+00
71         1.205640000000000045e+00
150        1.205819999999999892e+00
18         1.205940000000000012e+00
353        1.206500000000000128e+00
110        1.206820000000000004e+00
118        1.206839999999999913e+00
7          1.206960000000000033e+00
255        1.207000000000000073e+00
170        1.207060000000000022e+00
94         1.207120000000000193e+00
360        1.207660000000000178e+00
378        1.207740000000000036e+00
272        1.207819999999999894e+00
285        1.207860000000000156e+00
214        1.207900000000000196e+00
242        1.207920000000000105e+00
386        1.207920000000000105e+00
160        1.208080000000000043e+00
375        1.208260000000000112e+00
125        1.208380000000000232e+00
269        1.209480000000000111e+00
368        1.209480000000000111e+00
297        1.209759999999999946e+00
389        1.209780000000000078e+00
258        1.209819999999999895e+00
11         1.210040000000000004e+00
116        1.210059999999999913e+00
138        1.210059999999999913e+00
276        1.210260000000000113e+00
59         1.210400000000000142e+00
247        1.210420000000000051e+00
357        1.210440000000000182e+00
187        1.210640000000000160e+00
261        1.210720000000000018e+00
24         1.211240000000000094e+00
295        1.211600000000000232e+00
385        1.211740000000000039e+00
262        1.211759999999999948e+00
114        1.211999999999999966e+00
53         1.212020000000000097e+00
17         1.212299999999999933e+00
73         1.212299999999999933e+00
144        1.213160000000000016e+00
329        1.213219999999999965e+00
131        1.213300000000000045e+00
89         1.213339999999999863e+00
356        1.213339999999999863e+00
360        1.213420000000000165e+00
29         1.213819999999999899e+00
21         1.213900000000000201e+00
308        1.213980000000000059e+00
343        1.214220000000000077e+00
98         1.214420000000000055e+00
101        1.214480000000000004e+00
20         1.215440000000000076e+00
241        1.215579999999999883e+00
157        1.215600000000000236e+00
48         1.215620000000000145e+00
25         1.215700000000000003e+00
214        1.216040000000000010e+00
349        1.216100000000000181e+00
386        1.216120000000000090e+00
105        1.216140000000000221e+00
278        1.216320000000000068e+00
72         1.216679999999999984e+00
154        1.216799999999999882e+00
14         1.217060000000000031e+00
44         1.217079999999999940e+00
173        1.217300000000000049e+00
312        1.217300000000000049e+00
117        1.217360000000000220e+00
29         1.217420000000000169e+00
344        1.217420000000000169e+00
59         1.218059999999999921e+00
9          1.218239999999999990e+00
198        1.218239999999999990e+00
309        1.218320000000000070e+00
392        1.218620000000000037e+00
74         1.218979999999999952e+00
285        1.219160000000000021e+00
356        1.219200000000000061e+00
110        1.219319999999999959e+00
132        1.219400000000000039e+00
21         1.219559999999999977e+00
308        1.220140000000000224e+00
1          1.220180000000000042e+00
49         1.220400000000000151e+00
193        1.220660000000000078e+00
98         1.220700000000000118e+00
256        1.220700000000000118e+00
135        1.220960000000000045e+00
52         1.221060000000000034e+00
371        1.221339999999999870e+00
342        1.221640000000000059e+00
238        1.222080000000000055e+00
127        1.222220000000000084e+00
73         1.222539999999999960e+00
164        1.222539999999999960e+00
329        1.222640000000000171e+00
278        1.222739999999999938e+00
376        1.222739999999999938e+00
48         1.222820000000000018e+00
100        1.222880000000000189e+00
88         1.223160000000000025e+00
95         1.223500000000000032e+00
151        1.223620000000000152e+00
343        1.224120000000000097e+00
273        1.224220000000000086e+00
253        1.224539999999999962e+00
291        1.224559999999999871e+00
80         1.224600000000000133e+00
206        1.224700000000000122e+00
132        1.224799999999999889e+00
198        1.225019999999999998e+00
71         1.225240000000000107e+00
144        1.225700000000000012e+00
29         1.225840000000000041e+00
0          1.225940000000000030e+00
27         1.226040000000000019e+00
167        1.226200000000000179e+00
314        1.226280000000000037e+00
199        1.226299999999999946e+00
259        1.226460000000000106e+00
106        1.226760000000000073e+00
209        1.227540000000000076e+00
115        1.227640000000000065e+00
163        1.227640000000000065e+00
77         1.227660000000000196e+00
371        1.227800000000000002e+00
333        1.227840000000000042e+00
394        1.227880000000000082e+00
230        1.228220000000000089e+00
244        1.228299999999999947e+00
302        1.228339999999999987e+00
361        1.228339999999999987e+00
216        1.228400000000000158e+00
192        1.228400000000000158e+00
164        1.228580000000000005e+00
383        1.228679999999999994e+00
186        1.228940000000000143e+00
4          1.229120000000000212e+00
38         1.229800000000000004e+00
322        1.230160000000000142e+00
30         1.230380000000000029e+00
67         1.230499999999999927e+00
180        1.230559999999999876e+00
254        1.230700000000000127e+00
317        1.230700000000000127e+00
34         1.230839999999999934e+00
169        1.230839999999999934e+00
350        1.231260000000000021e+00
264        1.231620000000000159e+00
5          1.231720000000000148e+00
132        1.231759999999999966e+00
139        1.232059999999999933e+00
263        1.232539999999999969e+00
228        1.232600000000000140e+00
162        1.232820000000000027e+00
205        1.232880000000000198e+00
99         1.232979999999999965e+00
223        1.233020000000000005e+00
321        1.233060000000000045e+00
143        1.233360000000000234e+00
77         1.233759999999999968e+00
29         1.234240000000000004e+00
91         1.234339999999999993e+00
11         1.234360000000000124e+00
265        1.234539999999999971e+00
33         1.235240000000000116e+00
338        1.235260000000000025e+00
208        1.235279999999999934e+00
334        1.235579999999999901e+00
163        1.235780000000000101e+00
226        1.235840000000000050e+00
7          1.236059999999999937e+00
285        1.236220000000000097e+00
371        1.236480000000000024e+00
38         1.236499999999999932e+00
53         1.236720000000000041e+00
242        1.236799999999999899e+00
295        1.237000000000000099e+00
280        1.237020000000000008e+00
380        1.237079999999999957e+00
40         1.237120000000000219e+00
42         1.237219999999999986e+00
235        1.237420000000000186e+00
288        1.237440000000000095e+00
321        1.237440000000000095e+00
187        1.237559999999999993e+00
143        1.237600000000000255e+00
194        1.237600000000000255e+00
381        1.238059999999999938e+00
348        1.238100000000000200e+00
239        1.239600000000000257e+00
374        1.239660000000000206e+00
181        1.239680000000000115e+00
82         1.239780000000000104e+00
35         1.239900000000000224e+00
196        1.239920000000000133e+00
329        1.239980000000000082e+00
337        1.240059999999999940e+00
271        1.240079999999999849e+00
289        1.240240000000000009e+00
250        1.240360000000000129e+00
104        1.240380000000000038e+00
224        1.240460000000000118e+00
194        1.241420000000000190e+00
61         1.241579999999999906e+00
178        1.242019999999999902e+00
370        1.242040000000000033e+00
384        1.242140000000000022e+00
93         1.242400000000000171e+00
145        1.242460000000000120e+00
299        1.242520000000000069e+00
229        1.242600000000000149e+00
326        1.242620000000000058e+00
263        1.242960000000000065e+00
228        1.243000000000000105e+00
29         1.243039999999999923e+00
302        1.243079999999999963e+00
336        1.243260000000000032e+00
393        1.243260000000000032e+00
175        1.243680000000000119e+00
324        1.244040000000000035e+00
254        1.244140000000000024e+00
37         1.244360000000000133e+00
40         1.244400000000000173e+00
73         1.245000000000000107e+00
264        1.245640000000000081e+00
331        1.245660000000000212e+00
95         1.245720000000000161e+00
183        1.245720000000000161e+00
57         1.245740000000000069e+00
123        1.245740000000000069e+00
30         1.245800000000000018e+00
49         1.245800000000000018e+00
25         1.245880000000000098e+00
146        1.245959999999999956e+00
77         1.246480000000000032e+00
168        1.247140000000000137e+00
194        1.247219999999999995e+00
337        1.247720000000000162e+00
366        1.247860000000000191e+00
143        1.247880000000000100e+00
210        1.247920000000000140e+00
267        1.247959999999999958e+00
266        1.247980000000000089e+00
216        1.248100000000000209e+00
109        1.249120000000000230e+00
158        1.249120000000000230e+00
29         1.249279999999999946e+00
265        1.249460000000000015e+00
338        1.249579999999999913e+00
20         1.249600000000000266e+00
247        1.249680000000000124e+00
80         1.249720000000000164e+00
21         1.250040000000000040e+00
185        1.250120000000000120e+00
394        1.250120000000000120e+00
128        1.250539999999999985e+00
83         1.250559999999999894e+00
357        1.250580000000000025e+00
200        1.250660000000000105e+00
60         1.250720000000000054e+00
238        1.250780000000000003e+00
149        1.250900000000000123e+00
33         1.251240000000000130e+00
374        1.251279999999999948e+00
11         1.251319999999999988e+00
141        1.251540000000000097e+00
125        1.251660000000000217e+00
197        1.251700000000000035e+00
387        1.251759999999999984e+00
138        1.251860000000000195e+00
161        1.252340000000000009e+00
325        1.252739999999999965e+00
68         1.253240000000000132e+00
155        1.253420000000000201e+00
323        1.253519999999999968e+00
63         1.253620000000000179e+00
310        1.253740000000000077e+00
348        1.253959999999999964e+00
183        1.254199999999999982e+00
270        1.254319999999999879e+00
44         1.254380000000000051e+00
75         1.255020000000000024e+00
108        1.255100000000000104e+00
300        1.255680000000000129e+00
215        1.255779999999999896e+00
297        1.255880000000000107e+00
378        1.256079999999999863e+00
330        1.256120000000000125e+00
335        1.256240000000000023e+00
86         1.256259999999999932e+00
374        1.256299999999999972e+00
219        1.256400000000000183e+00
52         1.256480000000000041e+00
386        1.256700000000000150e+00
210        1.257180000000000186e+00
383        1.257200000000000095e+00
132        1.257279999999999953e+00
204        1.257339999999999902e+00
91         1.257900000000000018e+00
385        1.257900000000000018e+00
80         1.258000000000000007e+00
223        1.258019999999999916e+00
194        1.258280000000000065e+00
136        1.258420000000000094e+00
303        1.258739999999999970e+00
168        1.258780000000000010e+00
333        1.258880000000000221e+00
331        1.259900000000000020e+00
85         1.260100000000000220e+00
44         1.260140000000000038e+00
260        1.260220000000000118e+00
376        1.260520000000000085e+00
288        1.260680000000000023e+00
71         1.260920000000000041e+00
46         1.260940000000000172e+00
96         1.261060000000000070e+00
175        1.261400000000000077e+00
290        1.261519999999999975e+00
97         1.261880000000000113e+00
113        1.262079999999999869e+00
229        1.262240000000000029e+00
38         1.262259999999999938e+00
56         1.262480000000000047e+00
49         1.262520000000000087e+00
328        1.262600000000000167e+00
218        1.262760000000000105e+00
37         1.262880000000000225e+00
152        1.262900000000000134e+00
382        1.262940000000000174e+00
316        1.263000000000000123e+00
379        1.263060000000000072e+00
86         1.263120000000000243e+00
262        1.263579999999999925e+00
121        1.263620000000000188e+00
210        1.264000000000000012e+00
359        1.264100000000000223e+00
163        1.264259999999999939e+00
11         1.264480000000000048e+00
301        1.265039999999999942e+00
36         1.265180000000000193e+00
173        1.265220000000000011e+00
333        1.265220000000000011e+00
67         1.265260000000000051e+00
303        1.265360000000000262e+00
392        1.265380000000000171e+00
257        1.265419999999999989e+00
66         1.265539999999999887e+00
385        1.265660000000000007e+00
33         1.266299999999999981e+00
98         1.266499999999999959e+00
307        1.267039999999999944e+00
17         1.267500000000000071e+00
56         1.267700000000000049e+00
133        1.267700000000000049e+00
279        1.267779999999999907e+00
281        1.267819999999999947e+00
271        1.267839999999999856e+00
3          1.268040000000000056e+00
244        1.268220000000000125e+00
388        1.268400000000000194e+00
378        1.268700000000000161e+00
242        1.268739999999999979e+00
158        1.269060000000000077e+00
227        1.269240000000000146e+00
303        1.269600000000000062e+00
110        1.269700000000000051e+00
252        1.269940000000000069e+00
294        1.270140000000000047e+00
102        1.270199999999999996e+00
119        1.270259999999999945e+00
70         1.270400000000000196e+00
336        1.270880000000000232e+00
109        1.271200000000000108e+00
395        1.271299999999999875e+00
304        1.271360000000000046e+00
243        1.271440000000000126e+00
140        1.272079999999999878e+00
253        1.272079999999999878e+00
351        1.272100000000000231e+00
283        1.272319999999999895e+00
286        1.272600000000000176e+00
175        1.272680000000000033e+00
152        1.272780000000000022e+00
108        1.273060000000000080e+00
89         1.273200000000000109e+00
195        1.273200000000000109e+00
1          1.273460000000000036e+00
371        1.273660000000000014e+00
158        1.274040000000000061e+00
187        1.274040000000000061e+00
370        1.274839999999999973e+00
282        1.274860000000000104e+00
302        1.275179999999999980e+00
219        1.275260000000000060e+00
99         1.275279999999999969e+00
74         1.275380000000000180e+00
332        1.275380000000000180e+00
174        1.275400000000000089e+00
268        1.275500000000000078e+00
145        1.275579999999999936e+00
333        1.275600000000000067e+00
153        1.275880000000000125e+00
281        1.275980000000000114e+00
49         1.276000000000000023e+00
43         1.276299999999999990e+00
340        1.276319999999999899e+00
118        1.276720000000000077e+00
305        1.276760000000000117e+00
296        1.277220000000000022e+00
0          1.277380000000000182e+00
231        1.277800000000000047e+00
188        1.277819999999999956e+00
380        1.278000000000000025e+00
172        1.278079999999999883e+00
363        1.278360000000000163e+00
166        1.278400000000000203e+00
184        1.278480000000000061e+00
353        1.278499999999999970e+00
334        1.278760000000000119e+00
328        1.278760000000000119e+00
352        1.278920000000000057e+00
396        1.279200000000000115e+00
187        1.279299999999999882e+00
394        1.279400000000000093e+00
337        1.279479999999999951e+00
155        1.279880000000000129e+00
76         1.280360000000000165e+00
364        1.280799999999999939e+00
127        1.280920000000000059e+00
391        1.281020000000000048e+00
49         1.281100000000000128e+00
265        1.281100000000000128e+00
140        1.281160000000000077e+00
360        1.281479999999999952e+00
385        1.281519999999999992e+00
94         1.281660000000000021e+00
207        1.282059999999999977e+00
326        1.282100000000000239e+00
150        1.282120000000000148e+00
230        1.282120000000000148e+00
25         1.282240000000000046e+00
217        1.282360000000000166e+00
189        1.282480000000000064e+00
324        1.282940000000000191e+00
115        1.283039999999999958e+00
156        1.283239999999999936e+00
311        1.283420000000000005e+00
205        1.283440000000000136e+00
352        1.283660000000000023e+00
329        1.283980000000000121e+00
106        1.284360000000000168e+00
13         1.284380000000000077e+00
297        1.284600000000000186e+00
247        1.284700000000000175e+00
102        1.284739999999999993e+00
5          1.284900000000000153e+00
198        1.285059999999999869e+00
135        1.285719999999999974e+00
241        1.285800000000000054e+00
96         1.285900000000000043e+00
354        1.285920000000000174e+00
366        1.286360000000000170e+00
2          1.286520000000000108e+00
145        1.286860000000000115e+00
71         1.287120000000000042e+00
0          1.287579999999999947e+00
192        1.287680000000000158e+00
267        1.287779999999999925e+00
235        1.287980000000000125e+00
250        1.288340000000000041e+00
143        1.288420000000000121e+00
20         1.288480000000000070e+00
326        1.288760000000000128e+00
194        1.288860000000000117e+00
8          1.288939999999999975e+00
199        1.289059999999999873e+00
34         1.289220000000000033e+00
179        1.289980000000000127e+00
150        1.290040000000000076e+00
389        1.290040000000000076e+00
100        1.290079999999999893e+00
341        1.290079999999999893e+00
328        1.290160000000000196e+00
121        1.290220000000000145e+00
268        1.290220000000000145e+00
240        1.290240000000000054e+00
344        1.290259999999999962e+00
289        1.290420000000000122e+00
392        1.290700000000000180e+00
124        1.290780000000000038e+00
42         1.290860000000000118e+00
265        1.290920000000000067e+00
46         1.291020000000000056e+00
78         1.291500000000000092e+00
380        1.291819999999999968e+00
338        1.291860000000000230e+00
372        1.291920000000000179e+00
229        1.291980000000000128e+00
357        1.292000000000000037e+00
363        1.292059999999999986e+00
320        1.292319999999999913e+00
364        1.292520000000000113e+00
0          1.292960000000000109e+00
55         1.293279999999999985e+00
246        1.294120000000000159e+00
202        1.294400000000000217e+00
352        1.294480000000000075e+00
110        1.294559999999999933e+00
123        1.294920000000000071e+00
206        1.295220000000000038e+00
149        1.295299999999999896e+00
264        1.295299999999999896e+00
99         1.295380000000000198e+00
278        1.295400000000000107e+00
399        1.295420000000000016e+00
84         1.295500000000000096e+00
13         1.295579999999999954e+00
133        1.295660000000000034e+00
165        1.295680000000000165e+00
363        1.295880000000000143e+00
42         1.296220000000000150e+00
29         1.296280000000000099e+00
104        1.296440000000000037e+00
187        1.296480000000000077e+00
371        1.296660000000000146e+00
287        1.296880000000000033e+00
328        1.297080000000000011e+00
280        1.297339999999999938e+00
229        1.297779999999999934e+00
81         1.297860000000000236e+00
344        1.298100000000000254e+00
349        1.298340000000000050e+00
172        1.298499999999999988e+00
59         1.298720000000000097e+00
176        1.298920000000000075e+00
102        1.299260000000000081e+00
135        1.299579999999999957e+00
139        1.299839999999999884e+00
100        1.299860000000000237e+00
267        1.299880000000000146e+00
25         1.299960000000000004e+00
297        1.300040000000000084e+00
11         1.300140000000000073e+00
52         1.300160000000000204e+00
359        1.300280000000000102e+00
343        1.300559999999999938e+00
142        1.300799999999999956e+00
71         1.301160000000000094e+00
236        1.301700000000000079e+00
336        1.301760000000000028e+00
7          1.301980000000000137e+00
138        1.302200000000000024e+00
370        1.302440000000000042e+00
273        1.302480000000000082e+00
199        1.302759999999999918e+00
388        1.302880000000000038e+00
179        1.302939999999999987e+00
384        1.302960000000000118e+00
256        1.302999999999999936e+00
378        1.303180000000000005e+00
190        1.303239999999999954e+00
294        1.303320000000000034e+00
243        1.303339999999999943e+00
69         1.303380000000000205e+00
82         1.303500000000000103e+00
219        1.303520000000000012e+00
349        1.303560000000000052e+00
191        1.303760000000000030e+00
310        1.303800000000000070e+00
152        1.304040000000000088e+00
267        1.304040000000000088e+00
63         1.304100000000000259e+00
398        1.304799999999999960e+00
145        1.305260000000000087e+00
81         1.305560000000000054e+00
104        1.305719999999999992e+00
89         1.305860000000000243e+00
284        1.305880000000000152e+00
320        1.306040000000000090e+00
265        1.306100000000000261e+00
74         1.306480000000000086e+00
8          1.306620000000000115e+00
123        1.306720000000000104e+00
366        1.306860000000000133e+00
307        1.307080000000000020e+00
276        1.307299999999999907e+00
84         1.307380000000000209e+00
286        1.307620000000000227e+00
49         1.308140000000000081e+00
230        1.308259999999999978e+00
73         1.308759999999999923e+00
384        1.308920000000000083e+00
209        1.308960000000000123e+00
359        1.309039999999999981e+00
245        1.309200000000000141e+00
327        1.309200000000000141e+00
369        1.309200000000000141e+00
90         1.309299999999999908e+00
316        1.309360000000000079e+00
67         1.309500000000000108e+00
19         1.309520000000000017e+00
161        1.310019999999999962e+00
287        1.310160000000000213e+00
312        1.310319999999999929e+00
263        1.310440000000000049e+00
307        1.310620000000000118e+00
35         1.310720000000000107e+00
311        1.310840000000000005e+00
353        1.311339999999999950e+00
343        1.311539999999999928e+00
138        1.311660000000000048e+00
399        1.312180000000000124e+00
84         1.312380000000000102e+00
174        1.312400000000000011e+00
334        1.312400000000000011e+00
319        1.312699999999999978e+00
107        1.312740000000000018e+00
27         1.312860000000000138e+00
267        1.313380000000000214e+00
264        1.313660000000000050e+00
277        1.313700000000000090e+00
332        1.313900000000000068e+00
370        1.314120000000000177e+00
90         1.314240000000000075e+00
249        1.314279999999999893e+00
385        1.314480000000000093e+00
4          1.314600000000000213e+00
359        1.314600000000000213e+00
232        1.314939999999999998e+00
346        1.314960000000000129e+00
289        1.315059999999999896e+00
75         1.315080000000000027e+00
9          1.315299999999999914e+00
206        1.315320000000000045e+00
351        1.315900000000000070e+00
284        1.315980000000000150e+00
17         1.316400000000000015e+00
2          1.316480000000000095e+00
308        1.316559999999999953e+00
229        1.316600000000000215e+00
386        1.316640000000000033e+00
133        1.316759999999999931e+00
116        1.316799999999999971e+00
312        1.316960000000000131e+00
131        1.316999999999999948e+00
269        1.317779999999999951e+00
209        1.318000000000000060e+00
322        1.318159999999999998e+00
179        1.318219999999999947e+00
204        1.318519999999999914e+00
385        1.318559999999999954e+00
203        1.318600000000000216e+00
190        1.318660000000000165e+00
183        1.318780000000000063e+00
84         1.318920000000000092e+00
240        1.319020000000000081e+00
166        1.319860000000000255e+00
143        1.319900000000000073e+00
279        1.319900000000000073e+00
295        1.319980000000000153e+00
333        1.319980000000000153e+00
316        1.320500000000000007e+00
369        1.320519999999999916e+00
82         1.320660000000000167e+00
394        1.320660000000000167e+00
266        1.321680000000000188e+00
112        1.321760000000000046e+00
60         1.321860000000000257e+00
337        1.321920000000000206e+00
149        1.321960000000000024e+00
321        1.321980000000000155e+00
261        1.322039999999999882e+00
125        1.322140000000000093e+00
259        1.322380000000000111e+00
13         1.322579999999999867e+00
50         1.322699999999999987e+00
237        1.323180000000000023e+00
88         1.323200000000000154e+00
286        1.323260000000000103e+00
212        1.323400000000000132e+00
291        1.323420000000000041e+00
230        1.323479999999999990e+00
190        1.323500000000000121e+00
132        1.323520000000000030e+00
176        1.324000000000000066e+00
384        1.324219999999999953e+00
189        1.324540000000000051e+00
191        1.325360000000000094e+00
233        1.325360000000000094e+00
8          1.325500000000000123e+00
376        1.325700000000000101e+00
220        1.325779999999999959e+00
333        1.325839999999999907e+00
399        1.326219999999999954e+00
256        1.326319999999999943e+00
349        1.326360000000000205e+00
331        1.326360000000000205e+00
76         1.326459999999999972e+00
155        1.326559999999999961e+00
278        1.326640000000000041e+00
65         1.326720000000000121e+00
96         1.326920000000000099e+00
245        1.327020000000000088e+00
385        1.327239999999999975e+00
213        1.327299999999999924e+00
101        1.327339999999999964e+00
144        1.327860000000000262e+00
168        1.328039999999999887e+00
206        1.328039999999999887e+00
158        1.328600000000000225e+00
378        1.329100000000000170e+00
241        1.329200000000000159e+00
13         1.329299999999999926e+00
194        1.329460000000000086e+00
249        1.329500000000000126e+00
202        1.329640000000000155e+00
391        1.329640000000000155e+00
257        1.329680000000000195e+00
23         1.329760000000000053e+00
4          1.329880000000000173e+00
73         1.329919999999999991e+00
325        1.330060000000000020e+00
183        1.330160000000000009e+00
298        1.330160000000000009e+00
58         1.330940000000000012e+00
355        1.331420000000000048e+00
229        1.331640000000000157e+00
112        1.331680000000000197e+00
252        1.331960000000000033e+00
300        1.331979999999999942e+00
48         1.332160000000000011e+00
165        1.332400000000000029e+00
149        1.332459999999999978e+00
232        1.332459999999999978e+00
76         1.332620000000000138e+00
146        1.332740000000000036e+00
141        1.332759999999999945e+00
147        1.332799999999999985e+00
78         1.333200000000000163e+00
168        1.333220000000000072e+00
18         1.333380000000000232e+00
333        1.333440000000000181e+00
67         1.333680000000000199e+00
181        1.333779999999999966e+00
292        1.334339999999999860e+00
335        1.334360000000000213e+00
368        1.334640000000000049e+00
392        1.335360000000000102e+00
142        1.335539999999999949e+00
79         1.335560000000000080e+00
66         1.335979999999999945e+00
183        1.336019999999999985e+00
210        1.336079999999999934e+00
59         1.336160000000000014e+00
331        1.336180000000000145e+00
345        1.336240000000000094e+00
399        1.336699999999999999e+00
130        1.336780000000000079e+00
188        1.336840000000000028e+00
362        1.337020000000000097e+00
46         1.337420000000000053e+00
95         1.337480000000000002e+00
369        1.337520000000000042e+00
215        1.337640000000000162e+00
57         1.337680000000000202e+00
12         1.337760000000000060e+00
319        1.337860000000000049e+00
80         1.338339999999999863e+00
106        1.338440000000000074e+00
134        1.338620000000000143e+00
192        1.339200000000000168e+00
65         1.339520000000000044e+00
176        1.339560000000000084e+00
18         1.339839999999999920e+00
167        1.339860000000000051e+00
121        1.340000000000000080e+00
299        1.340000000000000080e+00
259        1.340019999999999989e+00
232        1.340219999999999967e+00
163        1.340400000000000036e+00
292        1.340540000000000065e+00
58         1.340740000000000043e+00
294        1.341739999999999933e+00
345        1.341739999999999933e+00
361        1.341760000000000064e+00
343        1.341779999999999973e+00
301        1.341820000000000013e+00
392        1.341860000000000053e+00
258        1.341900000000000093e+00
71         1.342160000000000020e+00
310        1.342380000000000129e+00
295        1.342740000000000045e+00
57         1.342920000000000114e+00
207        1.342940000000000023e+00
34         1.343020000000000103e+00
390        1.343100000000000183e+00
394        1.343220000000000081e+00
220        1.343559999999999865e+00
321        1.343839999999999923e+00
319        1.344160000000000021e+00
239        1.344260000000000010e+00
55         1.344319999999999959e+00
363        1.344380000000000130e+00
136        1.344579999999999886e+00
212        1.344799999999999995e+00
77         1.344819999999999904e+00
23         1.344940000000000024e+00
368        1.345120000000000093e+00
200        1.345180000000000042e+00
314        1.345200000000000173e+00
203        1.345280000000000031e+00
293        1.345620000000000038e+00
62         1.345779999999999976e+00
302        1.345960000000000045e+00
162        1.346339999999999870e+00
164        1.346440000000000081e+00
247        1.346519999999999939e+00
380        1.346519999999999939e+00
222        1.346559999999999979e+00
265        1.346620000000000150e+00
287        1.346660000000000190e+00
124        1.346680000000000099e+00
342        1.346740000000000048e+00
12         1.347280000000000033e+00
174        1.347700000000000120e+00
34         1.347880000000000189e+00
388        1.348420000000000174e+00
395        1.348600000000000243e+00
179        1.348680000000000101e+00
397        1.348700000000000010e+00
73         1.348720000000000141e+00
367        1.348780000000000090e+00
328        1.348980000000000068e+00
182        1.349220000000000086e+00
110        1.349520000000000053e+00
40         1.349979999999999958e+00
307        1.350019999999999998e+00
128        1.350240000000000107e+00
314        1.351059999999999928e+00
271        1.351339999999999986e+00
0          1.351380000000000248e+00
250        1.351460000000000106e+00
149        1.351559999999999873e+00
317        1.351640000000000175e+00
13         1.351739999999999942e+00
204        1.351920000000000011e+00
44         1.351940000000000142e+00
296        1.351979999999999960e+00
109        1.352300000000000058e+00
377        1.352380000000000138e+00
111        1.352500000000000036e+00
70         1.352700000000000014e+00
117        1.353260000000000129e+00
8          1.353319999999999856e+00
272        1.353559999999999874e+00
238        1.353640000000000176e+00
166        1.353779999999999983e+00
48         1.353860000000000063e+00
75         1.353860000000000063e+00
190        1.353960000000000052e+00
180        1.354440000000000088e+00
133        1.354459999999999997e+00
385        1.354459999999999997e+00
29         1.354620000000000157e+00
110        1.354740000000000055e+00
276        1.354860000000000175e+00
35         1.355100000000000193e+00
167        1.355380000000000029e+00
218        1.355640000000000178e+00
136        1.355720000000000036e+00
134        1.355839999999999934e+00
259        1.356140000000000123e+00
299        1.356240000000000112e+00
243        1.356540000000000079e+00
366        1.356759999999999966e+00
319        1.356800000000000006e+00
107        1.356840000000000046e+00
38         1.356980000000000075e+00
348        1.357040000000000024e+00
279        1.357120000000000104e+00
332        1.357240000000000002e+00
307        1.357400000000000162e+00
156        1.357460000000000111e+00
314        1.357839999999999936e+00
335        1.358460000000000001e+00
215        1.358600000000000252e+00
75         1.358940000000000037e+00
352        1.359059999999999935e+00
85         1.359100000000000197e+00
163        1.359180000000000055e+00
313        1.359180000000000055e+00
59         1.359319999999999862e+00
147        1.359660000000000091e+00
103        1.360000000000000098e+00
139        1.360279999999999934e+00
128        1.360300000000000065e+00
226        1.360300000000000065e+00
45         1.360720000000000152e+00
296        1.360780000000000101e+00
277        1.360840000000000050e+00
292        1.360960000000000170e+00
266        1.361100000000000199e+00
77         1.361400000000000166e+00
62         1.361600000000000144e+00
321        1.361620000000000053e+00
257        1.362100000000000088e+00
219        1.362319999999999975e+00
150        1.362800000000000011e+00
118        1.362940000000000040e+00
31         1.363360000000000127e+00
17         1.363420000000000076e+00
363        1.363439999999999985e+00
249        1.363480000000000025e+00
79         1.363600000000000145e+00
307        1.364000000000000101e+00
333        1.364079999999999959e+00
154        1.364300000000000068e+00
224        1.364360000000000239e+00
394        1.364519999999999955e+00
24         1.364660000000000206e+00
13         1.364720000000000155e+00
254        1.364860000000000184e+00
21         1.364900000000000224e+00
205        1.365059999999999940e+00
101        1.365079999999999849e+00
100        1.365660000000000096e+00
390        1.365839999999999943e+00
298        1.365900000000000114e+00
252        1.366540000000000088e+00
11         1.366840000000000055e+00
140        1.366920000000000135e+00
115        1.367120000000000113e+00
327        1.367120000000000113e+00
249        1.367259999999999920e+00
379        1.367299999999999960e+00
15         1.367439999999999989e+00
64         1.367439999999999989e+00
247        1.367539999999999978e+00
315        1.367539999999999978e+00
193        1.368140000000000134e+00
263        1.368360000000000243e+00
30         1.368440000000000101e+00
159        1.368940000000000046e+00
287        1.369019999999999904e+00
3          1.369180000000000064e+00
52         1.369199999999999973e+00
261        1.369259999999999922e+00
395        1.369340000000000002e+00
329        1.369520000000000071e+00
188        1.369539999999999980e+00
380        1.369799999999999907e+00
211        1.369880000000000209e+00
306        1.370020000000000016e+00
365        1.370079999999999965e+00
360        1.370140000000000136e+00
216        1.370500000000000052e+00
359        1.370540000000000092e+00
256        1.370880000000000098e+00
25         1.371220000000000105e+00
191        1.371499999999999941e+00
315        1.371700000000000141e+00
333        1.371700000000000141e+00
187        1.371900000000000119e+00
34         1.372000000000000108e+00
170        1.372000000000000108e+00
226        1.372219999999999995e+00
337        1.372819999999999929e+00
386        1.372860000000000191e+00
20         1.372920000000000140e+00
376        1.373100000000000209e+00
42         1.373520000000000074e+00
146        1.373760000000000092e+00
98         1.373839999999999950e+00
129        1.373979999999999979e+00
334        1.374200000000000088e+00
293        1.374380000000000157e+00
82         1.374579999999999913e+00
67         1.374700000000000033e+00
4          1.375079999999999858e+00
247        1.375199999999999978e+00
301        1.375400000000000178e+00
255        1.375460000000000127e+00
353        1.375460000000000127e+00
110        1.375539999999999985e+00
335        1.375620000000000065e+00
0          1.375900000000000123e+00
305        1.376360000000000250e+00
306        1.376380000000000159e+00
313        1.376560000000000006e+00
40         1.376620000000000177e+00
213        1.376640000000000086e+00
381        1.377000000000000002e+00
222        1.377199999999999980e+00
283        1.377499999999999947e+00
370        1.377539999999999987e+00
31         1.377559999999999896e+00
282        1.377780000000000005e+00
269        1.377820000000000045e+00
304        1.378180000000000183e+00
64         1.378420000000000201e+00
166        1.378540000000000099e+00
43         1.378640000000000088e+00
350        1.378860000000000197e+00
73         1.379180000000000073e+00
38         1.379580000000000028e+00
159        1.379799999999999915e+00
374        1.379820000000000046e+00
293        1.379839999999999955e+00
115        1.380020000000000024e+00
49         1.380480000000000151e+00
339        1.380839999999999845e+00
18         1.380880000000000107e+00
81         1.380940000000000056e+00
286        1.381000000000000005e+00
378        1.381220000000000114e+00
251        1.381400000000000183e+00
294        1.381400000000000183e+00
223        1.381420000000000092e+00
309        1.381420000000000092e+00
310        1.381499999999999950e+00
391        1.381920000000000037e+00
282        1.382200000000000095e+00
240        1.382339999999999902e+00
352        1.382440000000000113e+00
207        1.382680000000000131e+00
241        1.382779999999999898e+00
311        1.382839999999999847e+00
112        1.382959999999999967e+00
224        1.383180000000000076e+00
142        1.383280000000000065e+00
330        1.383360000000000145e+00
2          1.383680000000000021e+00
285        1.383680000000000021e+00
329        1.383780000000000010e+00
172        1.384200000000000097e+00
291        1.384220000000000006e+00
268        1.384980000000000100e+00
194        1.385360000000000147e+00
186        1.385680000000000023e+00
153        1.385700000000000154e+00
363        1.385739999999999972e+00
0          1.386180000000000190e+00
104        1.386279999999999957e+00
289        1.386519999999999975e+00
338        1.387000000000000011e+00
272        1.387100000000000222e+00
308        1.387120000000000131e+00
8          1.387220000000000120e+00
184        1.387240000000000029e+00
204        1.387240000000000029e+00
45         1.387319999999999887e+00
299        1.387319999999999887e+00
156        1.387440000000000007e+00
207        1.387460000000000138e+00
331        1.387499999999999956e+00
169        1.388000000000000123e+00
346        1.388100000000000112e+00
208        1.388539999999999885e+00
151        1.389199999999999990e+00
187        1.389600000000000168e+00
298        1.389880000000000226e+00
300        1.389920000000000044e+00
18         1.389960000000000084e+00
126        1.390000000000000124e+00
86         1.390060000000000073e+00
296        1.390060000000000073e+00
217        1.390079999999999982e+00
186        1.390220000000000011e+00
283        1.390320000000000000e+00
75         1.390360000000000262e+00
364        1.390400000000000080e+00
330        1.390719999999999956e+00
357        1.391040000000000054e+00
1          1.391640000000000210e+00
61         1.391640000000000210e+00
83         1.391640000000000210e+00
382        1.391660000000000119e+00
304        1.391820000000000057e+00
25         1.391900000000000137e+00
39         1.392240000000000144e+00
299        1.392740000000000089e+00
286        1.392800000000000038e+00
143        1.392819999999999947e+00
43         1.392980000000000107e+00
113        1.393059999999999965e+00
305        1.393140000000000045e+00
128        1.393480000000000052e+00
36         1.393640000000000212e+00
110        1.393739999999999979e+00
218        1.393839999999999968e+00
266        1.394039999999999946e+00
132        1.394419999999999993e+00
302        1.394719999999999960e+00
399        1.395180000000000087e+00
221        1.395259999999999945e+00
151        1.395720000000000072e+00
103        1.395739999999999981e+00
241        1.395780000000000021e+00
175        1.395979999999999999e+00
41         1.396060000000000079e+00
324        1.396220000000000017e+00
102        1.396419999999999995e+00
326        1.396600000000000064e+00
3          1.396640000000000104e+00
284        1.396779999999999911e+00
59         1.396800000000000042e+00
386        1.397680000000000033e+00
207        1.397739999999999982e+00
188        1.397820000000000062e+00
92         1.398000000000000131e+00
257        1.398000000000000131e+00
31         1.398039999999999949e+00
23         1.398200000000000109e+00
49         1.398220000000000018e+00
100        1.398220000000000018e+00
9          1.398299999999999876e+00
331        1.398320000000000007e+00
333        1.398360000000000047e+00
70         1.398419999999999996e+00
270        1.399000000000000021e+00
96         1.399380000000000068e+00
283        1.399600000000000177e+00
225        1.399799999999999933e+00
150        1.399860000000000104e+00
187        1.400260000000000060e+00
85         1.400560000000000027e+00
5          1.400680000000000147e+00
237        1.400819999999999954e+00
127        1.401040000000000063e+00
122        1.401259999999999950e+00
253        1.401600000000000179e+00
318        1.401839999999999975e+00
157        1.402039999999999953e+00
52         1.402179999999999982e+00
36         1.402539999999999898e+00
396        1.402800000000000047e+00
269        1.402860000000000218e+00
298        1.402880000000000127e+00
275        1.402980000000000116e+00
32         1.403040000000000065e+00
292        1.403120000000000145e+00
102        1.403160000000000185e+00
29         1.403280000000000083e+00
206        1.403460000000000152e+00
307        1.403620000000000090e+00
319        1.404020000000000046e+00
168        1.404500000000000082e+00
120        1.405019999999999936e+00
193        1.405059999999999976e+00
37         1.405120000000000147e+00
219        1.405180000000000096e+00
345        1.405440000000000023e+00
131        1.405640000000000223e+00
85         1.405820000000000070e+00
282        1.405860000000000110e+00
342        1.405880000000000241e+00
274        1.406200000000000117e+00
30         1.406400000000000095e+00
24         1.406519999999999992e+00
233        1.406680000000000152e+00
371        1.406940000000000079e+00
349        1.407140000000000057e+00
66         1.407240000000000046e+00
246        1.407299999999999995e+00
86         1.407420000000000115e+00
32         1.407460000000000155e+00
221        1.407739999999999991e+00
234        1.407839999999999980e+00
164        1.408039999999999958e+00
97         1.408719999999999972e+00
180        1.408719999999999972e+00
150        1.408959999999999990e+00
310        1.409019999999999939e+00
128        1.409240000000000048e+00
94         1.409620000000000095e+00
37         1.409860000000000113e+00
144        1.409999999999999920e+00
294        1.410339999999999927e+00
374        1.410460000000000047e+00
357        1.410560000000000036e+00
129        1.410640000000000116e+00
186        1.410640000000000116e+00
33         1.410719999999999974e+00
113        1.410779999999999923e+00
364        1.410860000000000225e+00
231        1.411380000000000079e+00
302        1.411460000000000159e+00
51         1.411660000000000137e+00
131        1.411760000000000126e+00
326        1.412059999999999871e+00
227        1.412200000000000122e+00
14         1.412360000000000060e+00
195        1.412680000000000158e+00
170        1.412760000000000016e+00
125        1.413220000000000143e+00
67         1.413280000000000092e+00
258        1.413319999999999910e+00
40         1.414059999999999873e+00
365        1.414059999999999873e+00
362        1.414059999999999873e+00
157        1.414460000000000051e+00
60         1.414620000000000211e+00
282        1.414700000000000069e+00
161        1.414860000000000229e+00
8          1.414900000000000047e+00
223        1.415000000000000036e+00
146        1.415120000000000156e+00
120        1.415559999999999929e+00
139        1.415720000000000089e+00
322        1.415720000000000089e+00
3          1.416179999999999994e+00
142        1.416260000000000074e+00
169        1.416660000000000030e+00
181        1.416880000000000139e+00
58         1.417000000000000037e+00
102        1.417000000000000037e+00
346        1.417000000000000037e+00
11         1.417079999999999895e+00
235        1.417280000000000095e+00
373        1.417799999999999949e+00
79         1.418100000000000138e+00
384        1.418339999999999934e+00
371        1.418539999999999912e+00
83         1.418660000000000032e+00
374        1.418680000000000163e+00
22         1.418880000000000141e+00
224        1.419059999999999988e+00
76         1.419120000000000159e+00
304        1.419180000000000108e+00
317        1.419280000000000097e+00
213        1.419360000000000177e+00
118        1.419939999999999980e+00
223        1.419999999999999929e+00
167        1.420500000000000096e+00
189        1.420640000000000125e+00
380        1.420660000000000034e+00
253        1.421000000000000041e+00
256        1.421079999999999899e+00
5          1.421100000000000252e+00
201        1.421100000000000252e+00
295        1.421300000000000008e+00
277        1.421880000000000033e+00
254        1.421980000000000022e+00
289        1.422120000000000051e+00
225        1.422160000000000091e+00
337        1.422360000000000069e+00
251        1.422520000000000007e+00
283        1.422700000000000076e+00
26         1.423000000000000043e+00
329        1.423259999999999970e+00
141        1.423380000000000090e+00
3          1.423420000000000130e+00
171        1.423580000000000068e+00
68         1.423620000000000108e+00
267        1.423860000000000126e+00
394        1.424080000000000013e+00
132        1.424600000000000088e+00
238        1.424620000000000219e+00
354        1.424620000000000219e+00
388        1.424660000000000037e+00
30         1.424760000000000026e+00
163        1.425300000000000011e+00
162        1.425600000000000200e+00
164        1.425660000000000149e+00
181        1.425839999999999996e+00
235        1.426039999999999974e+00
57         1.426160000000000094e+00
194        1.426880000000000148e+00
256        1.426940000000000097e+00
315        1.426960000000000006e+00
395        1.427059999999999995e+00
83         1.427200000000000024e+00
152        1.427579999999999849e+00
82         1.428200000000000136e+00
298        1.428299999999999903e+00
347        1.428299999999999903e+00
121        1.428900000000000059e+00
67         1.428940000000000099e+00
335        1.428980000000000139e+00
365        1.429180000000000117e+00
129        1.429220000000000157e+00
369        1.429259999999999975e+00
239        1.429300000000000015e+00
81         1.429340000000000055e+00
2          1.429420000000000135e+00
176        1.429480000000000084e+00
352        1.429880000000000040e+00
35         1.429939999999999989e+00
206        1.430339999999999945e+00
340        1.430520000000000014e+00
56         1.430620000000000225e+00
99         1.430700000000000083e+00
253        1.430740000000000123e+00
311        1.430980000000000141e+00
268        1.431579999999999853e+00
333        1.432020000000000071e+00
215        1.432200000000000140e+00
286        1.432299999999999907e+00
65         1.432460000000000067e+00
190        1.432500000000000107e+00
230        1.432600000000000096e+00
359        1.432600000000000096e+00
393        1.432819999999999983e+00
5          1.433040000000000092e+00
347        1.433060000000000000e+00
304        1.433100000000000263e+00
321        1.433319999999999927e+00
4          1.433740000000000014e+00
159        1.433880000000000043e+00
211        1.433999999999999941e+00
13         1.434160000000000101e+00
38         1.434180000000000010e+00
335        1.434620000000000228e+00
326        1.435200000000000031e+00
100        1.435280000000000111e+00
173        1.435280000000000111e+00
361        1.435280000000000111e+00
268        1.435420000000000140e+00
354        1.435540000000000038e+00
222        1.435579999999999856e+00
348        1.435680000000000067e+00
292        1.435980000000000034e+00
225        1.436320000000000041e+00
333        1.436740000000000128e+00
338        1.436760000000000037e+00
138        1.436779999999999946e+00
377        1.436900000000000066e+00
315        1.437060000000000004e+00
1          1.437259999999999982e+00
217        1.437519999999999909e+00
320        1.437860000000000138e+00
37         1.438180000000000014e+00
149        1.438200000000000145e+00
210        1.438660000000000050e+00
358        1.438779999999999948e+00
389        1.438819999999999988e+00
28         1.439000000000000057e+00
313        1.439240000000000075e+00
156        1.439300000000000024e+00
114        1.439519999999999911e+00
382        1.439640000000000031e+00
174        1.439880000000000049e+00
254        1.439880000000000049e+00
136        1.439920000000000089e+00
31         1.439939999999999998e+00
379        1.440059999999999896e+00
208        1.440479999999999983e+00
326        1.440620000000000234e+00
390        1.440860000000000252e+00
384        1.440960000000000019e+00
264        1.441220000000000168e+00
38         1.441660000000000164e+00
253        1.441660000000000164e+00
225        1.441819999999999879e+00
143        1.442320000000000046e+00
164        1.442500000000000115e+00
270        1.442539999999999933e+00
121        1.442839999999999900e+00
316        1.443279999999999896e+00
31         1.443319999999999936e+00
331        1.443339999999999845e+00
24         1.443459999999999965e+00
9          1.443459999999999965e+00
309        1.443579999999999863e+00
119        1.443759999999999932e+00
260        1.443759999999999932e+00
124        1.444460000000000077e+00
139        1.444500000000000117e+00
48         1.445480000000000098e+00
297        1.445540000000000047e+00
363        1.445620000000000127e+00
201        1.445759999999999934e+00
62         1.445840000000000014e+00
315        1.445840000000000014e+00
111        1.445860000000000145e+00
105        1.446100000000000163e+00
258        1.446200000000000152e+00
10         1.446520000000000028e+00
14         1.446620000000000239e+00
73         1.446680000000000188e+00
116        1.446960000000000024e+00
51         1.447060000000000013e+00
36         1.447640000000000038e+00
156        1.447740000000000027e+00
152        1.447759999999999936e+00
20         1.447799999999999976e+00
117        1.447799999999999976e+00
60         1.447880000000000056e+00
322        1.448420000000000041e+00
305        1.448880000000000168e+00
168        1.448900000000000077e+00
145        1.449000000000000066e+00
191        1.449019999999999975e+00
164        1.449060000000000015e+00
160        1.449180000000000135e+00
293        1.449480000000000102e+00
203        1.449680000000000080e+00
187        1.450339999999999963e+00
204        1.450520000000000032e+00
310        1.450560000000000072e+00
242        1.450600000000000112e+00
125        1.451279999999999903e+00
313        1.451319999999999943e+00
248        1.451420000000000154e+00
109        1.451459999999999972e+00
58         1.451540000000000052e+00
88         1.451579999999999870e+00
243        1.451579999999999870e+00
44         1.452059999999999906e+00
10         1.452400000000000135e+00
345        1.452539999999999942e+00
35         1.453219999999999956e+00
268        1.453339999999999854e+00
302        1.453579999999999872e+00
322        1.453600000000000225e+00
346        1.453720000000000123e+00
251        1.454059999999999908e+00
52         1.454200000000000159e+00
278        1.454200000000000159e+00
78         1.454260000000000108e+00
43         1.454299999999999926e+00
38         1.454380000000000228e+00
75         1.454380000000000228e+00
168        1.454479999999999995e+00
369        1.454520000000000035e+00
129        1.454579999999999984e+00
388        1.455019999999999980e+00
192        1.455400000000000027e+00
57         1.455500000000000016e+00
316        1.456020000000000092e+00
218        1.456280000000000019e+00
186        1.456500000000000128e+00
36         1.456940000000000124e+00
226        1.456940000000000124e+00
284        1.457000000000000073e+00
44         1.457180000000000142e+00
304        1.457420000000000160e+00
264        1.457480000000000109e+00
199        1.458160000000000123e+00
17         1.458180000000000032e+00
360        1.458200000000000163e+00
229        1.458239999999999981e+00
227        1.458280000000000021e+00
271        1.458299999999999930e+00
160        1.458320000000000061e+00
150        1.458440000000000181e+00
137        1.458940000000000126e+00
68         1.459100000000000064e+00
215        1.459180000000000144e+00
158        1.459400000000000031e+00
140        1.459660000000000180e+00
54         1.459720000000000129e+00
143        1.459799999999999986e+00
7          1.459999999999999964e+00
35         1.460180000000000033e+00
333        1.460220000000000073e+00
337        1.460539999999999949e+00
50         1.460839999999999916e+00
348        1.461380000000000123e+00
0          1.461579999999999879e+00
338        1.461640000000000050e+00
178        1.461699999999999999e+00
130        1.461740000000000039e+00
94         1.461759999999999948e+00
335        1.461819999999999897e+00
41         1.461840000000000028e+00
170        1.461940000000000017e+00
165        1.461940000000000017e+00
107        1.462320000000000064e+00
179        1.463180000000000147e+00
358        1.463319999999999954e+00
185        1.463380000000000125e+00
320        1.463400000000000034e+00
127        1.464120000000000088e+00
340        1.464200000000000168e+00
333        1.464200000000000168e+00
349        1.464360000000000106e+00
67         1.464420000000000055e+00
262        1.464660000000000073e+00
388        1.464940000000000131e+00
21         1.465380000000000127e+00
54         1.465380000000000127e+00
59         1.465920000000000112e+00
192        1.465920000000000112e+00
276        1.466140000000000221e+00
395        1.466620000000000257e+00
99         1.466640000000000166e+00
108        1.466660000000000075e+00
78         1.466820000000000013e+00
68         1.466920000000000002e+00
216        1.466979999999999951e+00
86         1.467319999999999958e+00
365        1.467339999999999867e+00
189        1.467519999999999936e+00
62         1.467860000000000165e+00
379        1.467860000000000165e+00
69         1.467920000000000114e+00
33         1.467999999999999972e+00
141        1.468339999999999979e+00
223        1.468420000000000059e+00
160        1.468440000000000190e+00
98         1.468539999999999957e+00
6          1.468720000000000026e+00
389        1.468960000000000043e+00
169        1.469440000000000079e+00
272        1.469559999999999977e+00
22         1.469680000000000097e+00
267        1.469740000000000046e+00
130        1.470140000000000224e+00
120        1.470180000000000042e+00
115        1.470239999999999991e+00
245        1.470280000000000031e+00
158        1.470320000000000071e+00
284        1.470779999999999976e+00
150        1.471160000000000023e+00
384        1.471600000000000241e+00
44         1.471799999999999997e+00
41         1.471819999999999906e+00
116        1.471900000000000208e+00
300        1.472200000000000175e+00
63         1.472380000000000244e+00
180        1.472460000000000102e+00
281        1.472460000000000102e+00
54         1.472820000000000018e+00
15         1.473039999999999905e+00
146        1.473120000000000207e+00
138        1.473219999999999974e+00
179        1.473300000000000054e+00
108        1.473400000000000043e+00
2          1.473680000000000101e+00
182        1.473759999999999959e+00
66         1.473799999999999999e+00
333        1.473799999999999999e+00
177        1.473900000000000210e+00
331        1.473940000000000028e+00
351        1.474600000000000133e+00
64         1.475180000000000158e+00
322        1.475519999999999943e+00
372        1.475640000000000063e+00
257        1.475740000000000052e+00
390        1.475800000000000001e+00
353        1.475819999999999910e+00
110        1.476720000000000033e+00
272        1.476960000000000051e+00
97         1.477020000000000000e+00
195        1.477020000000000000e+00
36         1.477319999999999967e+00
199        1.477319999999999967e+00
186        1.477339999999999876e+00
148        1.477400000000000047e+00
0          1.477540000000000076e+00
92         1.477559999999999985e+00
329        1.477640000000000065e+00
108        1.478860000000000063e+00
58         1.478940000000000143e+00
317        1.479180000000000161e+00
100        1.479319999999999968e+00
367        1.479319999999999968e+00
155        1.479579999999999895e+00
240        1.479700000000000015e+00
284        1.479800000000000004e+00
353        1.480020000000000113e+00
125        1.480180000000000051e+00
144        1.480260000000000131e+00
185        1.480360000000000120e+00
235        1.480400000000000160e+00
180        1.480820000000000025e+00
249        1.480860000000000065e+00
309        1.480880000000000196e+00
11         1.481700000000000017e+00
338        1.481700000000000017e+00
278        1.481740000000000057e+00
208        1.481840000000000046e+00
92         1.481980000000000075e+00
78         1.481999999999999984e+00
61         1.482120000000000104e+00
33         1.482480000000000020e+00
161        1.482620000000000049e+00
356        1.483300000000000063e+00
23         1.483360000000000234e+00
154        1.483519999999999950e+00
300        1.484559999999999880e+00
37         1.484600000000000142e+00
102        1.484880000000000200e+00
197        1.485120000000000218e+00
94         1.485160000000000036e+00
138        1.485319999999999974e+00
344        1.485620000000000163e+00
125        1.485740000000000061e+00
56         1.485860000000000181e+00
107        1.485920000000000130e+00
266        1.485920000000000130e+00
248        1.485960000000000170e+00
278        1.486020000000000119e+00
289        1.486280000000000046e+00
272        1.486319999999999864e+00
236        1.486339999999999995e+00
228        1.486380000000000035e+00
49         1.487640000000000073e+00
285        1.487860000000000182e+00
322        1.487860000000000182e+00
376        1.487900000000000222e+00
239        1.488020000000000120e+00
47         1.488380000000000036e+00
313        1.488520000000000065e+00
17         1.488539999999999974e+00
95         1.488559999999999883e+00
265        1.488660000000000094e+00
319        1.488720000000000043e+00
135        1.488839999999999941e+00
311        1.489140000000000130e+00
335        1.489319999999999977e+00
108        1.489339999999999886e+00
282        1.489360000000000239e+00
231        1.489579999999999904e+00
208        1.489860000000000184e+00
15         1.490600000000000147e+00
7          1.490760000000000085e+00
361        1.490940000000000154e+00
390        1.491000000000000103e+00
192        1.491579999999999906e+00
388        1.491840000000000055e+00
236        1.491900000000000226e+00
105        1.492079999999999851e+00
55         1.492199999999999971e+00
112        1.492259999999999920e+00
364        1.492779999999999996e+00
323        1.492799999999999905e+00
126        1.493060000000000054e+00
35         1.493180000000000174e+00
313        1.493260000000000032e+00
234        1.493360000000000243e+00
218        1.493420000000000192e+00
348        1.493480000000000141e+00
263        1.493780000000000108e+00
11         1.494059999999999944e+00
225        1.494559999999999889e+00
37         1.494580000000000020e+00
244        1.494600000000000151e+00
294        1.494860000000000078e+00
90         1.495200000000000085e+00
231        1.495200000000000085e+00
355        1.495260000000000034e+00
312        1.495360000000000245e+00
320        1.495440000000000103e+00
165        1.496259999999999923e+00
36         1.496299999999999963e+00
196        1.496779999999999999e+00
207        1.496860000000000079e+00
103        1.497000000000000108e+00
121        1.497020000000000017e+00
208        1.497060000000000057e+00
163        1.497660000000000213e+00
2          1.498259999999999925e+00
147        1.498420000000000085e+00
270        1.498539999999999983e+00
146        1.498600000000000154e+00
318        1.498680000000000012e+00
23         1.498780000000000001e+00
226        1.498860000000000081e+00
243        1.498880000000000212e+00
261        1.499279999999999946e+00
57         1.499380000000000157e+00
370        1.499500000000000055e+00
24         1.499560000000000004e+00
48         1.499579999999999913e+00
67         1.499579999999999913e+00
126        1.499860000000000193e+00
219        1.500160000000000160e+00
95         1.500220000000000109e+00
309        1.500680000000000014e+00
33         1.501120000000000232e+00
70         1.501180000000000181e+00
162        1.501180000000000181e+00
76         1.501620000000000177e+00
16         1.501640000000000086e+00
68         1.501680000000000126e+00
279        1.501880000000000104e+00
306        1.502120000000000122e+00
360        1.502120000000000122e+00
327        1.502180000000000071e+00
1          1.502220000000000111e+00
75         1.502220000000000111e+00
112        1.502360000000000140e+00
364        1.502700000000000147e+00
13         1.503160000000000052e+00
267        1.503480000000000150e+00
304        1.503800000000000026e+00
320        1.504040000000000044e+00
131        1.504319999999999879e+00
14         1.504400000000000182e+00
193        1.504600000000000160e+00
107        1.505020000000000024e+00
67         1.505380000000000162e+00
312        1.505400000000000071e+00
275        1.505480000000000151e+00
224        1.505700000000000038e+00
71         1.505740000000000078e+00
146        1.505779999999999896e+00
148        1.505819999999999936e+00
181        1.506000000000000005e+00
98         1.506259999999999932e+00
135        1.506660000000000110e+00
351        1.506860000000000088e+00
47         1.507300000000000084e+00
317        1.507519999999999971e+00
345        1.507940000000000058e+00
362        1.508100000000000218e+00
154        1.508259999999999934e+00
44         1.508319999999999883e+00
318        1.508559999999999901e+00
355        1.508559999999999901e+00
174        1.508640000000000203e+00
326        1.508640000000000203e+00
169        1.508839999999999959e+00
386        1.509319999999999995e+00
0          1.509400000000000075e+00
267        1.509519999999999973e+00
246        1.509800000000000031e+00
54         1.509880000000000111e+00
296        1.510180000000000078e+00
186        1.510799999999999921e+00
377        1.510920000000000041e+00
140        1.510940000000000172e+00
288        1.511079999999999979e+00
136        1.511120000000000241e+00
73         1.511620000000000186e+00
287        1.511779999999999902e+00
337        1.512019999999999920e+00
163        1.512079999999999869e+00
233        1.512259999999999938e+00
133        1.512620000000000076e+00
300        1.512820000000000054e+00
161        1.513079999999999981e+00
375        1.513319999999999999e+00
42         1.513360000000000261e+00
32         1.513360000000000261e+00
142        1.513460000000000027e+00
219        1.513560000000000016e+00
41         1.513620000000000188e+00
74         1.513719999999999954e+00
79         1.514400000000000190e+00
134        1.514680000000000026e+00
21         1.514799999999999924e+00
194        1.514860000000000095e+00
345        1.515039999999999942e+00
27         1.515200000000000102e+00
107        1.515320000000000000e+00
248        1.515519999999999978e+00
250        1.515560000000000018e+00
95         1.515620000000000189e+00
138        1.515980000000000105e+00
166        1.516319999999999890e+00
0          1.516360000000000152e+00
62         1.516460000000000141e+00
45         1.516660000000000119e+00
257        1.516839999999999966e+00
175        1.517000000000000126e+00
302        1.517120000000000246e+00
18         1.517240000000000144e+00
196        1.518259999999999943e+00
326        1.518580000000000041e+00
357        1.518720000000000070e+00
32         1.518839999999999968e+00
346        1.518960000000000088e+00
200        1.519000000000000128e+00
127        1.519039999999999946e+00
388        1.519039999999999946e+00
386        1.519200000000000106e+00
154        1.519500000000000073e+00
254        1.519539999999999891e+00
325        1.520100000000000229e+00
168        1.520180000000000087e+00
197        1.520259999999999945e+00
182        1.520360000000000156e+00
122        1.520839999999999970e+00
355        1.521100000000000119e+00
144        1.521140000000000159e+00
232        1.522120000000000140e+00
173        1.522280000000000078e+00
20         1.522299999999999986e+00
125        1.522319999999999895e+00
213        1.522760000000000113e+00
77         1.522860000000000102e+00
4          1.522920000000000051e+00
255        1.522960000000000091e+00
273        1.522960000000000091e+00
265        1.523079999999999989e+00
257        1.523100000000000120e+00
115        1.523819999999999952e+00
139        1.524059999999999970e+00
169        1.524360000000000159e+00
217        1.524720000000000075e+00
307        1.524940000000000184e+00
349        1.525000000000000133e+00
122        1.525180000000000202e+00
43         1.525200000000000111e+00
12         1.525660000000000016e+00
42         1.525760000000000005e+00
50         1.525819999999999954e+00
253        1.525880000000000125e+00
168        1.526040000000000063e+00
54         1.526140000000000052e+00
125        1.526280000000000081e+00
341        1.526299999999999990e+00
327        1.526499999999999968e+00
141        1.526600000000000179e+00
109        1.526820000000000066e+00
229        1.527400000000000091e+00
292        1.527460000000000040e+00
212        1.527479999999999949e+00
301        1.527519999999999989e+00
314        1.527880000000000127e+00
93         1.528059999999999974e+00
358        1.528140000000000054e+00
293        1.528700000000000170e+00
342        1.528799999999999937e+00
371        1.529100000000000126e+00
320        1.529320000000000013e+00
134        1.529440000000000133e+00
140        1.529819999999999958e+00
36         1.529860000000000220e+00
330        1.529860000000000220e+00
168        1.530040000000000067e+00
335        1.530079999999999885e+00
153        1.530440000000000023e+00
28         1.530559999999999921e+00
209        1.530920000000000059e+00
86         1.530960000000000099e+00
1          1.531079999999999997e+00
67         1.531140000000000168e+00
114        1.531819999999999959e+00
249        1.531959999999999988e+00
56         1.532780000000000031e+00
384        1.532860000000000111e+00
18         1.532920000000000060e+00
316        1.533079999999999998e+00
222        1.533120000000000260e+00
396        1.533239999999999936e+00
95         1.533260000000000067e+00
78         1.533260000000000067e+00
258        1.533620000000000205e+00
255        1.533680000000000154e+00
107        1.533700000000000063e+00
204        1.533860000000000223e+00
10         1.533980000000000121e+00
174        1.534000000000000030e+00
179        1.534200000000000008e+00
123        1.534900000000000153e+00
104        1.534960000000000102e+00
31         1.535020000000000051e+00
197        1.535179999999999989e+00
144        1.535380000000000189e+00
7          1.535620000000000207e+00
161        1.535980000000000123e+00
171        1.536700000000000177e+00
180        1.536860000000000115e+00
355        1.537279999999999980e+00
340        1.537380000000000191e+00
151        1.537700000000000067e+00
227        1.537779999999999925e+00
366        1.537880000000000136e+00
128        1.537920000000000176e+00
64         1.538059999999999983e+00
259        1.538079999999999892e+00
299        1.538259999999999961e+00
92         1.538280000000000092e+00
201        1.538280000000000092e+00
54         1.538440000000000030e+00
349        1.538680000000000048e+00
170        1.539299999999999891e+00
118        1.539340000000000153e+00
127        1.539360000000000062e+00
168        1.539380000000000193e+00
231        1.539380000000000193e+00
123        1.539520000000000000e+00
47         1.539719999999999978e+00
46         1.539940000000000087e+00
346        1.540340000000000265e+00
68         1.540900000000000158e+00
255        1.541260000000000074e+00
308        1.541700000000000070e+00
113        1.542140000000000066e+00
332        1.542400000000000215e+00
114        1.542420000000000124e+00
58         1.542620000000000102e+00
10         1.542760000000000131e+00
390        1.543239999999999945e+00
47         1.543260000000000076e+00
242        1.543380000000000196e+00
60         1.543500000000000094e+00
219        1.543700000000000072e+00
13         1.543740000000000112e+00
206        1.543779999999999930e+00
216        1.543840000000000101e+00
190        1.543959999999999999e+00
172        1.543959999999999999e+00
225        1.544280000000000097e+00
59         1.544300000000000006e+00
352        1.544440000000000035e+00
106        1.544499999999999984e+00
231        1.545260000000000078e+00
96         1.545340000000000158e+00
279        1.546580000000000066e+00
246        1.546819999999999862e+00
30         1.546939999999999982e+00
139        1.546999999999999931e+00
12         1.547039999999999971e+00
25         1.547059999999999880e+00
211        1.547059999999999880e+00
103        1.547080000000000011e+00
214        1.547080000000000011e+00
357        1.547080000000000011e+00
288        1.547160000000000091e+00
23         1.547180000000000000e+00
318        1.547740000000000116e+00
150        1.547800000000000065e+00
164        1.547800000000000065e+00
113        1.547900000000000054e+00
399        1.547900000000000054e+00
191        1.548380000000000090e+00
180        1.548440000000000039e+00
62         1.548520000000000119e+00
372        1.548960000000000115e+00
335        1.549340000000000162e+00
154        1.549719999999999986e+00
59         1.549800000000000066e+00
79         1.549840000000000106e+00
69         1.549860000000000237e+00
35         1.550059999999999993e+00
368        1.550079999999999902e+00
178        1.550120000000000164e+00
273        1.550819999999999865e+00
107        1.551100000000000145e+00
162        1.551220000000000043e+00
118        1.551860000000000239e+00
204        1.551940000000000097e+00
279        1.552040000000000086e+00
267        1.552340000000000275e+00
28         1.552720000000000100e+00
83         1.552900000000000169e+00
360        1.552960000000000118e+00
93         1.553020000000000067e+00
375        1.553160000000000096e+00
39         1.553299999999999903e+00
358        1.553479999999999972e+00
392        1.553620000000000223e+00
313        1.554240000000000066e+00
46         1.554400000000000226e+00
106        1.554440000000000044e+00
96         1.554440000000000044e+00
98         1.554759999999999920e+00
364        1.554799999999999960e+00
201        1.555380000000000207e+00
99         1.555680000000000174e+00
296        1.555760000000000032e+00
259        1.556000000000000050e+00
366        1.556120000000000170e+00
60         1.556180000000000119e+00
45         1.556240000000000068e+00
56         1.557039999999999980e+00
390        1.557160000000000100e+00
310        1.557380000000000209e+00
353        1.557760000000000034e+00
248        1.557779999999999943e+00
309        1.557800000000000074e+00
181        1.557860000000000245e+00
68         1.558000000000000052e+00
2          1.558240000000000069e+00
113        1.558280000000000109e+00
270        1.558319999999999927e+00
334        1.558480000000000087e+00
40         1.558499999999999996e+00
82         1.558640000000000025e+00
222        1.558640000000000025e+00
344        1.558740000000000014e+00
320        1.558920000000000083e+00
265        1.559120000000000061e+00
289        1.559320000000000039e+00
158        1.560000000000000053e+00
273        1.560019999999999962e+00
308        1.560240000000000071e+00
323        1.560380000000000100e+00
267        1.560420000000000140e+00
236        1.560640000000000027e+00
12         1.560680000000000067e+00
141        1.560759999999999925e+00
63         1.561020000000000074e+00
262        1.561220000000000052e+00
355        1.561360000000000081e+00
319        1.561500000000000110e+00
5          1.562019999999999964e+00
121        1.562120000000000175e+00
122        1.562200000000000033e+00
332        1.562319999999999931e+00
108        1.562480000000000091e+00
365        1.562559999999999949e+00
52         1.562939999999999996e+00
373        1.563059999999999894e+00
68         1.563360000000000083e+00
84         1.563539999999999930e+00
27         1.563760000000000039e+00
235        1.563960000000000017e+00
70         1.564200000000000035e+00
300        1.565180000000000016e+00
360        1.565200000000000147e+00
319        1.565299999999999914e+00
18         1.565500000000000114e+00
291        1.565680000000000183e+00
101        1.566100000000000270e+00
244        1.566360000000000197e+00
302        1.566360000000000197e+00
387        1.566400000000000015e+00
64         1.566459999999999964e+00
194        1.566459999999999964e+00
43         1.566620000000000124e+00
364        1.566680000000000073e+00
201        1.566840000000000233e+00
240        1.567100000000000160e+00
363        1.567400000000000126e+00
25         1.567479999999999984e+00
370        1.567620000000000235e+00
138        1.567640000000000144e+00
345        1.567640000000000144e+00
34         1.567880000000000162e+00
32         1.567920000000000202e+00
117        1.568220000000000169e+00
343        1.568259999999999987e+00
261        1.568279999999999896e+00
267        1.569059999999999899e+00
304        1.569280000000000008e+00
150        1.569380000000000219e+00
174        1.569840000000000124e+00
193        1.570319999999999938e+00
394        1.570600000000000218e+00
237        1.570640000000000036e+00
241        1.571140000000000203e+00
305        1.571140000000000203e+00
389        1.571360000000000090e+00
265        1.571380000000000221e+00
28         1.571420000000000039e+00
205        1.571680000000000188e+00
47         1.571720000000000006e+00
319        1.571800000000000086e+00
263        1.571980000000000155e+00
37         1.572120000000000184e+00
83         1.572400000000000020e+00
327        1.572400000000000020e+00
203        1.572559999999999958e+00
366        1.573340000000000183e+00
158        1.573440000000000172e+00
188        1.573600000000000110e+00
279        1.573700000000000099e+00
50         1.574060000000000015e+00
346        1.574160000000000004e+00
208        1.574180000000000135e+00
396        1.574699999999999989e+00
156        1.574960000000000138e+00
10         1.575140000000000207e+00
189        1.575140000000000207e+00
182        1.575160000000000116e+00
218        1.575200000000000156e+00
176        1.575239999999999974e+00
2          1.575320000000000054e+00
319        1.575340000000000185e+00
37         1.575479999999999992e+00
201        1.575600000000000112e+00
246        1.575720000000000010e+00
77         1.575740000000000141e+00
317        1.575860000000000261e+00
235        1.576120000000000188e+00
325        1.577059999999999906e+00
62         1.577280000000000015e+00
52         1.577440000000000175e+00
12         1.577539999999999942e+00
99         1.577539999999999942e+00
297        1.578120000000000189e+00
392        1.578519999999999923e+00
38         1.578640000000000043e+00
183        1.578680000000000083e+00
180        1.578780000000000072e+00
323        1.579080000000000039e+00
112        1.579280000000000017e+00
251        1.579620000000000246e+00
352        1.579640000000000155e+00
369        1.579720000000000013e+00
154        1.579960000000000031e+00
34         1.580039999999999889e+00
270        1.580039999999999889e+00
220        1.580300000000000038e+00
217        1.580459999999999976e+00
213        1.580900000000000194e+00
153        1.580920000000000103e+00
36         1.580999999999999961e+00
25         1.581040000000000001e+00
149        1.581180000000000030e+00
302        1.581680000000000197e+00
381        1.581860000000000266e+00
74         1.582260000000000000e+00
79         1.582420000000000160e+00
143        1.582559999999999967e+00
20         1.582579999999999876e+00
67         1.582960000000000145e+00
395        1.582999999999999963e+00
350        1.583059999999999912e+00
269        1.583180000000000032e+00
78         1.583239999999999981e+00
246        1.583420000000000050e+00
364        1.583680000000000199e+00
157        1.584200000000000053e+00
214        1.584319999999999951e+00
171        1.584340000000000082e+00
219        1.584540000000000060e+00
284        1.584620000000000140e+00
385        1.584640000000000049e+00
113        1.584699999999999998e+00
134        1.585239999999999982e+00
139        1.585460000000000091e+00
49         1.586360000000000214e+00
227        1.586360000000000214e+00
37         1.586400000000000032e+00
266        1.586420000000000163e+00
28         1.586540000000000061e+00
106        1.586660000000000181e+00
387        1.586660000000000181e+00
131        1.586720000000000130e+00
54         1.587340000000000195e+00
123        1.587480000000000002e+00
50         1.587660000000000071e+00
302        1.587760000000000060e+00
319        1.588219999999999965e+00
39         1.588240000000000096e+00
245        1.588459999999999983e+00
195        1.588559999999999972e+00
26         1.588819999999999899e+00
169        1.589020000000000099e+00
186        1.589400000000000146e+00
312        1.589500000000000135e+00
42         1.589600000000000124e+00
303        1.589620000000000255e+00
34         1.589720000000000022e+00
81         1.589740000000000153e+00
142        1.589860000000000051e+00
185        1.589860000000000051e+00
90         1.589880000000000182e+00
398        1.590160000000000018e+00
152        1.590680000000000094e+00
113        1.590940000000000021e+00
268        1.591059999999999919e+00
382        1.591260000000000119e+00
205        1.591779999999999973e+00
283        1.591820000000000013e+00
214        1.591960000000000042e+00
164        1.592000000000000082e+00
220        1.592039999999999900e+00
245        1.592260000000000009e+00
285        1.592819999999999903e+00
316        1.592999999999999972e+00
261        1.593200000000000172e+00
67         1.593440000000000190e+00
3          1.593600000000000128e+00
68         1.593779999999999974e+00
271        1.593799999999999883e+00
284        1.593920000000000003e+00
168        1.594019999999999992e+00
151        1.594140000000000112e+00
291        1.594180000000000152e+00
47         1.594640000000000057e+00
269        1.594700000000000006e+00
399        1.594740000000000046e+00
57         1.594960000000000155e+00
184        1.594980000000000064e+00
145        1.595280000000000031e+00
215        1.595579999999999998e+00
326        1.595679999999999987e+00
19         1.595779999999999976e+00
245        1.596079999999999943e+00
13         1.596100000000000074e+00
16         1.596200000000000063e+00
48         1.596440000000000081e+00
203        1.596480000000000121e+00
1          1.596500000000000030e+00
237        1.596700000000000008e+00
257        1.596940000000000026e+00
384        1.596999999999999975e+00
102        1.597220000000000084e+00
9          1.597320000000000073e+00
295        1.597820000000000018e+00
3          1.597960000000000047e+00
387        1.597960000000000047e+00
131        1.598400000000000043e+00
30         1.598480000000000123e+00
329        1.598559999999999981e+00
101        1.598600000000000243e+00
214        1.598700000000000010e+00
28         1.598759999999999959e+00
277        1.598819999999999908e+00
173        1.598920000000000119e+00
143        1.599620000000000042e+00
320        1.599660000000000082e+00
52         1.599720000000000031e+00
11         1.599940000000000140e+00
243        1.600319999999999965e+00
103        1.601320000000000077e+00
260        1.601620000000000044e+00
308        1.601779999999999982e+00
271        1.601860000000000062e+00
327        1.601860000000000062e+00
359        1.601920000000000011e+00
124        1.602000000000000091e+00
336        1.602160000000000029e+00
252        1.602260000000000018e+00
268        1.602279999999999927e+00
100        1.602459999999999996e+00
40         1.602500000000000036e+00
279        1.602840000000000265e+00
136        1.603299999999999947e+00
296        1.603299999999999947e+00
132        1.603380000000000249e+00
313        1.603580000000000005e+00
92         1.603620000000000045e+00
269        1.603739999999999943e+00
3          1.603920000000000012e+00
277        1.604200000000000070e+00
18         1.604240000000000110e+00
31         1.604360000000000230e+00
227        1.604880000000000084e+00
59         1.604980000000000073e+00
217        1.605400000000000160e+00
222        1.605499999999999927e+00
162        1.605620000000000047e+00
372        1.605779999999999985e+00
330        1.606219999999999981e+00
334        1.606780000000000097e+00
144        1.606960000000000166e+00
76         1.607160000000000144e+00
176        1.607220000000000093e+00
23         1.607280000000000042e+00
22         1.607319999999999860e+00
51         1.607319999999999860e+00
384        1.607439999999999980e+00
255        1.607580000000000009e+00
230        1.607860000000000067e+00
167        1.608219999999999983e+00
223        1.609160000000000146e+00
207        1.609180000000000055e+00
206        1.609200000000000186e+00
240        1.609240000000000004e+00
179        1.609299999999999953e+00
391        1.609420000000000073e+00
198        1.609460000000000113e+00
242        1.609460000000000113e+00
53         1.609640000000000182e+00
249        1.609760000000000080e+00
381        1.609760000000000080e+00
145        1.610000000000000098e+00
335        1.610160000000000036e+00
111        1.610180000000000167e+00
24         1.610300000000000065e+00
275        1.610340000000000105e+00
82         1.610420000000000185e+00
59         1.610519999999999952e+00
137        1.610700000000000021e+00
81         1.610999999999999988e+00
262        1.611340000000000217e+00
273        1.611360000000000126e+00
320        1.611700000000000133e+00
26         1.612100000000000088e+00
80         1.612500000000000044e+00
48         1.612940000000000040e+00
100        1.613220000000000098e+00
190        1.613280000000000047e+00
352        1.613280000000000047e+00
102        1.613760000000000083e+00
309        1.614020000000000010e+00
325        1.614240000000000119e+00
294        1.614400000000000057e+00
122        1.614420000000000188e+00
394        1.614980000000000082e+00
310        1.615040000000000031e+00
273        1.615059999999999940e+00
240        1.615340000000000220e+00
311        1.615920000000000023e+00
200        1.615979999999999972e+00
116        1.616100000000000092e+00
275        1.616160000000000041e+00
18         1.616260000000000030e+00
186        1.616400000000000059e+00
336        1.616440000000000099e+00
153        1.616780000000000106e+00
313        1.616900000000000226e+00
263        1.617220000000000102e+00
341        1.617340000000000222e+00
146        1.617420000000000080e+00
114        1.617439999999999989e+00
173        1.617620000000000058e+00
48         1.617760000000000087e+00
17         1.617779999999999996e+00
137        1.617799999999999905e+00
233        1.617820000000000036e+00
193        1.618420000000000192e+00
22         1.618579999999999908e+00
134        1.618620000000000170e+00
300        1.618640000000000079e+00
5          1.619520000000000071e+00
35         1.619580000000000020e+00
270        1.619979999999999976e+00
159        1.620100000000000096e+00
272        1.620319999999999983e+00
350        1.620360000000000245e+00
156        1.620600000000000263e+00
247        1.620740000000000069e+00
168        1.620880000000000098e+00
265        1.620940000000000047e+00
228        1.621059999999999945e+00
373        1.621499999999999941e+00
176        1.621520000000000072e+00
286        1.621700000000000141e+00
263        1.622400000000000064e+00
386        1.622519999999999962e+00
280        1.622759999999999980e+00
338        1.622920000000000140e+00
83         1.623079999999999856e+00
99         1.623100000000000209e+00
394        1.623100000000000209e+00
374        1.623140000000000027e+00
218        1.623220000000000107e+00
241        1.623380000000000045e+00
377        1.623520000000000074e+00
243        1.624020000000000019e+00
143        1.624279999999999946e+00
47         1.624380000000000157e+00
388        1.624540000000000095e+00
125        1.624640000000000084e+00
82         1.624720000000000164e+00
217        1.624720000000000164e+00
363        1.624940000000000051e+00
138        1.625499999999999945e+00
154        1.625739999999999963e+00
115        1.625760000000000094e+00
231        1.626100000000000101e+00
165        1.626519999999999966e+00
387        1.626660000000000217e+00
61         1.626880000000000104e+00
359        1.626959999999999962e+00
240        1.627160000000000162e+00
283        1.627480000000000038e+00
234        1.627660000000000107e+00
261        1.628020000000000023e+00
117        1.628060000000000063e+00
177        1.628120000000000234e+00
10         1.628160000000000052e+00
32         1.628260000000000041e+00
167        1.628260000000000041e+00
51         1.628380000000000161e+00
290        1.628560000000000008e+00
285        1.628840000000000288e+00
65         1.629120000000000124e+00
203        1.629280000000000062e+00
252        1.629380000000000051e+00
186        1.629400000000000182e+00
325        1.630060000000000064e+00
78         1.630480000000000151e+00
206        1.630500000000000060e+00
184        1.630620000000000180e+00
363        1.630819999999999936e+00
339        1.630860000000000198e+00
255        1.630959999999999965e+00
385        1.630959999999999965e+00
20         1.631059999999999954e+00
296        1.631520000000000081e+00
218        1.631580000000000030e+00
342        1.631880000000000219e+00
393        1.631920000000000037e+00
112        1.632660000000000222e+00
350        1.632720000000000171e+00
114        1.632840000000000069e+00
273        1.632940000000000058e+00
132        1.633000000000000007e+00
253        1.633079999999999865e+00
116        1.633180000000000076e+00
295        1.633259999999999934e+00
367        1.633259999999999934e+00
390        1.633520000000000083e+00
305        1.633660000000000112e+00
30         1.634260000000000046e+00
209        1.635160000000000169e+00
210        1.635319999999999885e+00
54         1.635499999999999954e+00
182        1.636060000000000070e+00
74         1.636140000000000150e+00
297        1.636319999999999997e+00
335        1.636440000000000117e+00
249        1.636460000000000026e+00
388        1.636579999999999924e+00
291        1.636680000000000135e+00
103        1.637040000000000051e+00
239        1.637100000000000222e+00
387        1.637460000000000138e+00
320        1.637480000000000047e+00
85         1.637539999999999996e+00
264        1.637600000000000167e+00
348        1.637780000000000014e+00
77         1.637960000000000083e+00
255        1.638079999999999981e+00
279        1.638100000000000112e+00
11         1.638120000000000243e+00
79         1.638319999999999999e+00
163        1.638480000000000159e+00
369        1.638540000000000108e+00
53         1.638880000000000114e+00
179        1.638880000000000114e+00
32         1.639100000000000223e+00
354        1.639380000000000059e+00
170        1.639440000000000008e+00
328        1.639760000000000106e+00
351        1.639860000000000095e+00
347        1.639860000000000095e+00
18         1.640700000000000047e+00
171        1.640719999999999956e+00
144        1.641259999999999941e+00
178        1.641680000000000028e+00
235        1.641680000000000028e+00
201        1.641860000000000097e+00
278        1.642180000000000195e+00
85         1.642279999999999962e+00
187        1.642300000000000093e+00
7          1.642360000000000264e+00
381        1.642500000000000071e+00
272        1.642560000000000020e+00
165        1.642700000000000049e+00
295        1.642740000000000089e+00
390        1.642779999999999907e+00
50         1.642860000000000209e+00
65         1.642880000000000118e+00
161        1.642980000000000107e+00
152        1.643440000000000012e+00
280        1.643660000000000121e+00
35         1.644000000000000128e+00
46         1.644140000000000157e+00
266        1.644340000000000135e+00
102        1.644360000000000266e+00
5          1.644440000000000124e+00
271        1.644600000000000062e+00
310        1.644640000000000102e+00
61         1.644680000000000142e+00
369        1.644980000000000109e+00
104        1.645319999999999894e+00
249        1.645340000000000247e+00
386        1.645380000000000065e+00
171        1.645780000000000021e+00
339        1.645780000000000021e+00
68         1.645860000000000101e+00
290        1.646079999999999988e+00
190        1.646180000000000199e+00
264        1.646600000000000064e+00
388        1.646700000000000053e+00
242        1.646980000000000111e+00
274        1.647059999999999969e+00
121        1.647680000000000033e+00
208        1.647880000000000233e+00
109        1.648220000000000018e+00
127        1.648260000000000058e+00
256        1.648600000000000065e+00
295        1.648620000000000196e+00
176        1.648700000000000054e+00
163        1.648779999999999912e+00
78         1.649220000000000130e+00
166        1.649400000000000199e+00
292        1.649820000000000064e+00
25         1.650340000000000140e+00
21         1.650479999999999947e+00
52         1.650600000000000067e+00
191        1.650680000000000147e+00
203        1.650800000000000045e+00
197        1.650860000000000216e+00
190        1.650880000000000125e+00
46         1.650959999999999983e+00
249        1.650980000000000114e+00
314        1.651100000000000234e+00
362        1.651140000000000052e+00
26         1.651180000000000092e+00
331        1.651240000000000041e+00
135        1.651460000000000150e+00
303        1.651860000000000106e+00
264        1.652039999999999953e+00
328        1.652079999999999993e+00
322        1.652240000000000153e+00
240        1.652440000000000131e+00
301        1.652760000000000007e+00
271        1.652779999999999916e+00
145        1.653559999999999919e+00
134        1.653580000000000050e+00
250        1.653980000000000006e+00
199        1.654039999999999955e+00
387        1.654420000000000002e+00
121        1.654539999999999900e+00
258        1.654719999999999969e+00
147        1.654880000000000129e+00
103        1.655160000000000187e+00
282        1.655259999999999954e+00
74         1.655340000000000256e+00
217        1.655380000000000074e+00
261        1.655580000000000052e+00
3          1.655820000000000070e+00
130        1.655920000000000059e+00
335        1.656079999999999997e+00
378        1.656079999999999997e+00
109        1.656120000000000259e+00
383        1.656180000000000208e+00
266        1.656200000000000117e+00
345        1.656299999999999883e+00
242        1.656380000000000186e+00
51         1.656500000000000083e+00
321        1.656740000000000101e+00
44         1.656880000000000130e+00
373        1.657040000000000068e+00
190        1.657520000000000104e+00
210        1.657520000000000104e+00
355        1.657720000000000082e+00
151        1.658100000000000129e+00
250        1.658460000000000045e+00
308        1.659180000000000099e+00
170        1.659460000000000157e+00
142        1.659739999999999993e+00
88         1.659760000000000124e+00
140        1.659760000000000124e+00
274        1.659760000000000124e+00
86         1.660140000000000171e+00
163        1.660360000000000058e+00
68         1.660860000000000225e+00
329        1.661059999999999981e+00
284        1.661240000000000050e+00
236        1.661460000000000159e+00
47         1.661540000000000017e+00
141        1.661540000000000017e+00
371        1.661720000000000086e+00
249        1.662000000000000144e+00
65         1.662160000000000082e+00
7          1.662179999999999991e+00
241        1.662840000000000096e+00
18         1.662920000000000176e+00
391        1.663040000000000074e+00
206        1.663079999999999892e+00
239        1.663100000000000245e+00
213        1.663160000000000194e+00
170        1.663180000000000103e+00
334        1.663860000000000117e+00
127        1.664020000000000055e+00
289        1.664100000000000135e+00
36         1.664320000000000022e+00
266        1.664360000000000062e+00
64         1.664380000000000193e+00
227        1.664420000000000011e+00
151        1.664600000000000080e+00
41         1.664880000000000138e+00
192        1.664980000000000127e+00
123        1.665040000000000076e+00
57         1.665140000000000065e+00
265        1.665240000000000054e+00
153        1.665860000000000118e+00
144        1.665940000000000198e+00
345        1.666039999999999965e+00
214        1.666200000000000125e+00
382        1.666220000000000034e+00
331        1.666819999999999968e+00
326        1.666840000000000099e+00
59         1.666880000000000139e+00
344        1.667360000000000175e+00
385        1.667620000000000102e+00
163        1.667680000000000051e+00
221        1.667740000000000000e+00
161        1.667840000000000211e+00
371        1.667920000000000069e+00
262        1.668220000000000036e+00
253        1.668320000000000025e+00
317        1.668380000000000196e+00
283        1.669100000000000250e+00
247        1.669160000000000199e+00
79         1.669480000000000075e+00
182        1.670039999999999969e+00
322        1.670140000000000180e+00
241        1.670340000000000158e+00
178        1.670520000000000005e+00
254        1.670539999999999914e+00
282        1.670539999999999914e+00
289        1.670600000000000085e+00
77         1.670640000000000125e+00
119        1.670680000000000165e+00
197        1.670940000000000092e+00
295        1.670980000000000132e+00
309        1.671120000000000161e+00
1          1.671220000000000150e+00
185        1.671319999999999917e+00
231        1.671819999999999862e+00
385        1.671860000000000124e+00
358        1.671920000000000073e+00
143        1.672340000000000160e+00
172        1.672900000000000054e+00
49         1.673160000000000203e+00
332        1.673920000000000075e+00
311        1.673980000000000024e+00
229        1.674200000000000133e+00
373        1.674380000000000202e+00
197        1.674420000000000019e+00
183        1.674579999999999957e+00
142        1.674740000000000117e+00
147        1.674760000000000026e+00
194        1.674940000000000095e+00
328        1.675640000000000240e+00
276        1.675860000000000127e+00
288        1.676100000000000145e+00
21         1.676460000000000061e+00
321        1.676600000000000090e+00
19         1.676700000000000079e+00
87         1.676719999999999988e+00
351        1.676740000000000119e+00
90         1.676760000000000028e+00
152        1.676980000000000137e+00
151        1.677440000000000042e+00
141        1.677680000000000060e+00
180        1.677680000000000060e+00
38         1.677819999999999867e+00
1          1.677840000000000220e+00
385        1.677880000000000038e+00
124        1.678020000000000067e+00
312        1.678260000000000085e+00
52         1.678400000000000114e+00
76         1.678600000000000092e+00
285        1.678600000000000092e+00
182        1.678680000000000172e+00
167        1.678700000000000081e+00
237        1.678980000000000139e+00
108        1.679400000000000226e+00
299        1.679999999999999938e+00
186        1.680020000000000069e+00
257        1.680460000000000065e+00
388        1.680579999999999963e+00
141        1.680719999999999992e+00
398        1.680779999999999941e+00
249        1.680900000000000061e+00
59         1.681660000000000155e+00
391        1.682140000000000191e+00
271        1.682239999999999958e+00
175        1.682400000000000118e+00
21         1.682539999999999925e+00
16         1.682620000000000227e+00
307        1.682660000000000045e+00
244        1.682700000000000085e+00
261        1.682700000000000085e+00
259        1.682700000000000085e+00
4          1.682719999999999994e+00
64         1.682779999999999943e+00
195        1.682779999999999943e+00
384        1.682779999999999943e+00
40         1.683200000000000029e+00
155        1.683680000000000065e+00
202        1.683819999999999872e+00
39         1.684020000000000072e+00
26         1.684340000000000170e+00
41         1.684520000000000017e+00
120        1.684800000000000075e+00
196        1.685040000000000093e+00
32         1.685319999999999929e+00
176        1.685440000000000049e+00
347        1.685860000000000136e+00
322        1.685920000000000085e+00
319        1.685960000000000125e+00
191        1.686059999999999892e+00
170        1.686100000000000154e+00
153        1.686200000000000143e+00
0          1.686239999999999961e+00
72         1.686280000000000001e+00
29         1.686740000000000128e+00
143        1.686800000000000077e+00
181        1.687340000000000284e+00
161        1.687400000000000233e+00
240        1.687400000000000233e+00
395        1.687540000000000040e+00
144        1.687840000000000229e+00
146        1.687900000000000178e+00
155        1.688020000000000076e+00
113        1.688160000000000105e+00
194        1.688299999999999912e+00
207        1.688460000000000072e+00
321        1.688880000000000159e+00
388        1.689180000000000126e+00
148        1.689380000000000104e+00
225        1.689500000000000002e+00
380        1.689780000000000060e+00
230        1.689999999999999947e+00
79         1.690020000000000078e+00
201        1.690620000000000234e+00
158        1.690819999999999990e+00
88         1.690860000000000252e+00
302        1.690920000000000201e+00
374        1.691019999999999968e+00
26         1.691100000000000270e+00
110        1.691120000000000179e+00
361        1.691160000000000219e+00
191        1.691440000000000055e+00
181        1.691440000000000055e+00
130        1.691680000000000073e+00
39         1.692160000000000108e+00
306        1.692180000000000017e+00
252        1.692299999999999915e+00
213        1.692380000000000217e+00
145        1.692539999999999933e+00
28         1.692579999999999973e+00
121        1.693019999999999969e+00
329        1.693140000000000089e+00
187        1.693280000000000118e+00
55         1.693340000000000289e+00
42         1.693680000000000074e+00
49         1.693699999999999983e+00
66         1.693819999999999881e+00
185        1.693819999999999881e+00
310        1.694299999999999917e+00
72         1.694560000000000066e+00
186        1.694700000000000095e+00
51         1.694900000000000073e+00
391        1.694980000000000153e+00
75         1.695079999999999920e+00
298        1.695279999999999898e+00
152        1.695600000000000218e+00
270        1.695640000000000036e+00
275        1.695759999999999934e+00
137        1.695980000000000043e+00
196        1.695980000000000043e+00
136        1.696100000000000163e+00
311        1.696600000000000108e+00
369        1.697259999999999991e+00
249        1.697400000000000020e+00
89         1.697600000000000220e+00
354        1.697600000000000220e+00
104        1.697620000000000129e+00
95         1.697660000000000169e+00
55         1.697780000000000067e+00
280        1.698160000000000114e+00
28         1.698680000000000190e+00
159        1.698760000000000048e+00
251        1.698900000000000077e+00
39         1.698940000000000117e+00
153        1.699240000000000084e+00
68         1.699259999999999993e+00
36         1.699300000000000033e+00
290        1.699340000000000073e+00
335        1.700059999999999905e+00
230        1.700239999999999974e+00
223        1.700380000000000225e+00
287        1.700440000000000174e+00
115        1.700800000000000090e+00
155        1.700900000000000079e+00
302        1.701000000000000068e+00
224        1.701120000000000188e+00
9          1.701480000000000103e+00
97         1.701519999999999921e+00
55         1.701559999999999961e+00
316        1.701579999999999870e+00
301        1.701579999999999870e+00
310        1.702180000000000026e+00
40         1.702460000000000084e+00
77         1.702479999999999993e+00
217        1.702560000000000073e+00
1          1.702820000000000000e+00
362        1.702940000000000120e+00
234        1.703040000000000109e+00
233        1.703079999999999927e+00
300        1.703120000000000189e+00
186        1.703440000000000065e+00
140        1.703459999999999974e+00
87         1.703500000000000014e+00
153        1.703540000000000054e+00
368        1.704579999999999984e+00
247        1.704600000000000115e+00
299        1.704600000000000115e+00
17         1.704620000000000246e+00
198        1.704660000000000064e+00
346        1.705019999999999980e+00
116        1.705200000000000049e+00
243        1.705319999999999947e+00
349        1.705340000000000078e+00
83         1.705880000000000063e+00
78         1.706080000000000041e+00
393        1.706140000000000212e+00
222        1.706220000000000070e+00
150        1.706960000000000033e+00
201        1.706980000000000164e+00
365        1.707180000000000142e+00
165        1.707319999999999949e+00
159        1.707500000000000018e+00
277        1.707500000000000018e+00
290        1.707600000000000229e+00
8          1.707680000000000087e+00
10         1.707860000000000156e+00
97         1.707860000000000156e+00
90         1.708080000000000043e+00
171        1.708700000000000108e+00
205        1.708720000000000017e+00
273        1.709140000000000104e+00
68         1.709699999999999998e+00
196        1.709840000000000249e+00
77         1.709860000000000158e+00
384        1.710220000000000073e+00
391        1.710360000000000102e+00
108        1.710400000000000142e+00
178        1.710840000000000138e+00
247        1.710840000000000138e+00
80         1.710860000000000269e+00
206        1.710920000000000218e+00
274        1.711160000000000014e+00
95         1.711200000000000054e+00
134        1.711319999999999952e+00
6          1.711840000000000250e+00
201        1.712340000000000195e+00
132        1.712480000000000002e+00
377        1.712520000000000042e+00
397        1.712520000000000042e+00
87         1.712539999999999951e+00
244        1.712640000000000162e+00
127        1.712760000000000060e+00
47         1.712880000000000180e+00
149        1.712979999999999947e+00
146        1.713279999999999914e+00
327        1.713340000000000085e+00
346        1.713500000000000023e+00
88         1.714539999999999953e+00
347        1.714560000000000084e+00
3          1.714600000000000124e+00
370        1.714600000000000124e+00
267        1.714740000000000153e+00
258        1.714740000000000153e+00
284        1.714860000000000273e+00
212        1.715019999999999989e+00
233        1.716299999999999937e+00
9          1.716360000000000108e+00
354        1.716360000000000108e+00
277        1.716380000000000239e+00
120        1.716539999999999955e+00
151        1.716560000000000086e+00
240        1.716600000000000126e+00
2          1.716799999999999882e+00
312        1.716960000000000042e+00
391        1.717120000000000202e+00
310        1.717200000000000060e+00
334        1.717340000000000089e+00
134        1.717440000000000078e+00
234        1.717480000000000118e+00
328        1.717819999999999903e+00
308        1.718299999999999939e+00
331        1.718400000000000150e+00
137        1.718480000000000008e+00
303        1.718480000000000008e+00
223        1.718539999999999957e+00
141        1.718560000000000088e+00
153        1.718620000000000259e+00
63         1.718640000000000168e+00
398        1.718720000000000026e+00
279        1.718739999999999934e+00
268        1.719019999999999992e+00
301        1.719120000000000203e+00
292        1.719319999999999959e+00
25         1.719559999999999977e+00
45         1.719799999999999995e+00
69         1.720760000000000067e+00
164        1.720799999999999885e+00
19         1.721019999999999994e+00
224        1.721120000000000205e+00
213        1.721400000000000041e+00
362        1.721579999999999888e+00
20         1.721640000000000059e+00
11         1.721960000000000157e+00
52         1.722180000000000044e+00
395        1.722660000000000080e+00
92         1.723240000000000105e+00
106        1.723240000000000105e+00
321        1.723260000000000014e+00
119        1.723279999999999923e+00
370        1.723720000000000141e+00
262        1.723819999999999908e+00
169        1.723860000000000170e+00
47         1.723880000000000079e+00
207        1.724520000000000053e+00
378        1.724720000000000031e+00
300        1.724799999999999889e+00
396        1.725219999999999976e+00
55         1.725360000000000227e+00
338        1.725459999999999994e+00
60         1.725900000000000212e+00
394        1.726100000000000190e+00
249        1.726140000000000230e+00
19         1.726160000000000139e+00
197        1.726160000000000139e+00
176        1.726280000000000037e+00
24         1.726320000000000077e+00
241        1.726320000000000077e+00
54         1.726360000000000117e+00
193        1.726500000000000146e+00
159        1.726739999999999942e+00
10         1.727039999999999909e+00
275        1.727160000000000029e+00
186        1.727559999999999985e+00
64         1.727640000000000065e+00
291        1.727640000000000065e+00
208        1.727660000000000196e+00
196        1.727680000000000105e+00
271        1.728140000000000231e+00
50         1.728739999999999943e+00
367        1.729180000000000161e+00
380        1.729260000000000019e+00
381        1.729980000000000073e+00
214        1.730020000000000113e+00
170        1.730180000000000051e+00
263        1.730280000000000040e+00
138        1.730320000000000080e+00
343        1.730420000000000069e+00
201        1.730480000000000018e+00
213        1.730539999999999967e+00
346        1.730559999999999876e+00
145        1.730840000000000156e+00
344        1.731000000000000094e+00
118        1.731120000000000214e+00
162        1.731260000000000021e+00
187        1.731340000000000101e+00
251        1.731500000000000039e+00
99         1.731519999999999948e+00
167        1.731540000000000079e+00
0          1.731660000000000199e+00
274        1.731999999999999984e+00
202        1.732299999999999951e+00
359        1.732400000000000162e+00
32         1.732420000000000071e+00
291        1.732799999999999896e+00
148        1.733100000000000085e+00
181        1.733999999999999986e+00
91         1.734120000000000106e+00
229        1.734140000000000237e+00
186        1.734200000000000186e+00
36         1.734439999999999982e+00
287        1.734480000000000022e+00
33         1.734600000000000142e+00
29         1.734720000000000040e+00
7          1.735100000000000087e+00
144        1.735200000000000076e+00
259        1.735460000000000003e+00
194        1.735559999999999992e+00
383        1.735579999999999901e+00
381        1.735900000000000221e+00
271        1.735999999999999988e+00
124        1.736100000000000199e+00
8          1.736260000000000137e+00
188        1.736299999999999955e+00
284        1.736480000000000024e+00
342        1.736520000000000064e+00
99         1.736739999999999950e+00
111        1.737300000000000066e+00
256        1.737780000000000102e+00
369        1.737940000000000040e+00
340        1.738080000000000069e+00
128        1.738140000000000240e+00
185        1.738559999999999883e+00
126        1.738880000000000203e+00
136        1.738880000000000203e+00
390        1.738920000000000021e+00
0          1.739579999999999904e+00
397        1.739999999999999991e+00
229        1.740120000000000111e+00
368        1.740299999999999958e+00
212        1.740739999999999954e+00
371        1.740820000000000034e+00
69         1.740860000000000074e+00
134        1.741219999999999990e+00
333        1.741240000000000121e+00
60         1.741279999999999939e+00
33         1.741480000000000139e+00
303        1.741800000000000015e+00
147        1.741900000000000226e+00
313        1.741920000000000135e+00
220        1.742059999999999942e+00
76         1.742120000000000113e+00
203        1.742160000000000153e+00
365        1.742180000000000062e+00
98         1.742220000000000102e+00
324        1.742520000000000069e+00
183        1.742559999999999887e+00
194        1.742760000000000087e+00
309        1.742779999999999996e+00
146        1.743200000000000083e+00
327        1.743420000000000192e+00
112        1.743660000000000210e+00
101        1.743980000000000086e+00
356        1.744020000000000126e+00
176        1.744079999999999853e+00
27         1.744120000000000115e+00
95         1.744220000000000104e+00
292        1.744499999999999940e+00
336        1.744700000000000140e+00
294        1.744739999999999958e+00
166        1.745800000000000018e+00
398        1.745800000000000018e+00
255        1.745960000000000178e+00
232        1.745980000000000087e+00
172        1.746160000000000156e+00
223        1.746180000000000065e+00
59         1.746199999999999974e+00
281        1.746460000000000123e+00
375        1.746580000000000021e+00
311        1.746680000000000010e+00
265        1.746900000000000119e+00
263        1.747060000000000057e+00
378        1.747060000000000057e+00
68         1.747720000000000162e+00
303        1.747740000000000071e+00
118        1.747840000000000282e+00
173        1.747920000000000140e+00
384        1.748340000000000227e+00
33         1.748360000000000136e+00
163        1.748400000000000176e+00
341        1.748420000000000085e+00
186        1.748799999999999910e+00
194        1.748820000000000041e+00
193        1.748860000000000081e+00
117        1.749039999999999928e+00
125        1.749079999999999968e+00
146        1.749720000000000164e+00
115        1.749880000000000102e+00
139        1.749920000000000142e+00
93         1.750460000000000127e+00
331        1.750840000000000174e+00
216        1.750920000000000032e+00
300        1.751120000000000232e+00
325        1.751200000000000090e+00
212        1.751219999999999999e+00
98         1.751340000000000119e+00
197        1.751640000000000086e+00
388        1.751660000000000217e+00
315        1.751700000000000035e+00
330        1.751880000000000104e+00
26         1.752220000000000111e+00
199        1.752439999999999998e+00
289        1.752600000000000158e+00
72         1.753220000000000001e+00
22         1.753540000000000099e+00
345        1.753780000000000117e+00
399        1.754019999999999913e+00
252        1.754079999999999862e+00
257        1.754299999999999971e+00
7          1.754380000000000051e+00
256        1.754420000000000091e+00
139        1.754480000000000040e+00
358        1.754480000000000040e+00
75         1.754680000000000017e+00
366        1.754860000000000086e+00
337        1.754960000000000075e+00
148        1.755160000000000053e+00
278        1.755319999999999991e+00
300        1.755460000000000020e+00
222        1.755500000000000060e+00
378        1.755860000000000198e+00
272        1.756880000000000219e+00
330        1.756940000000000168e+00
393        1.757000000000000117e+00
232        1.757260000000000044e+00
203        1.757360000000000255e+00
274        1.757440000000000113e+00
194        1.757480000000000153e+00
2          1.758059999999999956e+00
351        1.758140000000000036e+00
147        1.758700000000000152e+00
124        1.758739999999999970e+00
54         1.759060000000000068e+00
27         1.759160000000000057e+00
213        1.759279999999999955e+00
71         1.759300000000000086e+00
346        1.759840000000000293e+00
92         1.759860000000000202e+00
392        1.759980000000000100e+00
72         1.760100000000000220e+00
82         1.760299999999999976e+00
386        1.760720000000000063e+00
79         1.760880000000000223e+00
321        1.761140000000000150e+00
198        1.761240000000000139e+00
16         1.761260000000000048e+00
51         1.761279999999999957e+00
299        1.761279999999999957e+00
216        1.761420000000000208e+00
273        1.761560000000000015e+00
113        1.761579999999999924e+00
173        1.762019999999999920e+00
63         1.762280000000000069e+00
28         1.762299999999999978e+00
115        1.762760000000000105e+00
360        1.762840000000000185e+00
30         1.763039999999999941e+00
281        1.763140000000000152e+00
142        1.763300000000000090e+00
390        1.763360000000000261e+00
166        1.763400000000000079e+00
245        1.763460000000000027e+00
232        1.763579999999999925e+00
351        1.764220000000000121e+00
205        1.764240000000000030e+00
22         1.764559999999999906e+00
297        1.765200000000000102e+00
330        1.765320000000000000e+00
42         1.765480000000000160e+00
284        1.765560000000000018e+00
90         1.765700000000000047e+00
181        1.766299999999999981e+00
151        1.766460000000000141e+00
270        1.766580000000000039e+00
86         1.766720000000000068e+00
352        1.766860000000000097e+00
182        1.767020000000000035e+00
263        1.767039999999999944e+00
108        1.767060000000000075e+00
375        1.767519999999999980e+00
166        1.767700000000000049e+00
315        1.768299999999999983e+00
361        1.768299999999999983e+00
304        1.768319999999999892e+00
244        1.768640000000000212e+00
211        1.768860000000000099e+00
58         1.768979999999999997e+00
11         1.769079999999999986e+00
62         1.769320000000000004e+00
42         1.769640000000000102e+00
131        1.769900000000000029e+00
284        1.770059999999999967e+00
193        1.770120000000000138e+00
134        1.770160000000000178e+00
292        1.770180000000000087e+00
124        1.770460000000000145e+00
334        1.770780000000000021e+00
63         1.770880000000000232e+00
226        1.770880000000000232e+00
102        1.771240000000000148e+00
35         1.771400000000000086e+00
159        1.771460000000000035e+00
268        1.772000000000000020e+00
74         1.772079999999999878e+00
341        1.772220000000000129e+00
218        1.772240000000000038e+00
290        1.772259999999999946e+00
333        1.772460000000000147e+00
51         1.773020000000000040e+00
237        1.773220000000000018e+00
91         1.773300000000000098e+00
180        1.773579999999999934e+00
206        1.773880000000000123e+00
320        1.773940000000000072e+00
260        1.773959999999999981e+00
263        1.774280000000000079e+00
189        1.775180000000000202e+00
351        1.775360000000000271e+00
16         1.775579999999999936e+00
159        1.775680000000000147e+00
297        1.775680000000000147e+00
148        1.775760000000000005e+00
392        1.775860000000000216e+00
229        1.775880000000000125e+00
83         1.776140000000000052e+00
397        1.776420000000000110e+00
336        1.776540000000000008e+00
399        1.776880000000000237e+00
285        1.776940000000000186e+00
57         1.777260000000000062e+00
239        1.777320000000000011e+00
180        1.777460000000000040e+00
200        1.777539999999999898e+00
222        1.777600000000000069e+00
323        1.777600000000000069e+00
56         1.777719999999999967e+00
273        1.777819999999999956e+00
318        1.777860000000000218e+00
73         1.777959999999999985e+00
107        1.778340000000000254e+00
110        1.778860000000000108e+00
378        1.779260000000000064e+00
328        1.779460000000000042e+00
103        1.780360000000000165e+00
18         1.780760000000000121e+00
321        1.781120000000000259e+00
19         1.781180000000000208e+00
76         1.781220000000000026e+00
186        1.781260000000000066e+00
316        1.781400000000000095e+00
269        1.781460000000000043e+00
377        1.781560000000000032e+00
61         1.781760000000000010e+00
317        1.781840000000000090e+00
197        1.782019999999999937e+00
355        1.782019999999999937e+00
50         1.782520000000000104e+00
111        1.782540000000000013e+00
142        1.782540000000000013e+00
98         1.782799999999999940e+00
204        1.782980000000000009e+00
382        1.783060000000000089e+00
24         1.783160000000000078e+00
106        1.783220000000000027e+00
178        1.783360000000000056e+00
282        1.783760000000000012e+00
91         1.783800000000000052e+00
103        1.784100000000000241e+00
242        1.784160000000000190e+00
227        1.785719999999999974e+00
344        1.785719999999999974e+00
380        1.785959999999999992e+00
45         1.786079999999999890e+00
135        1.786079999999999890e+00
314        1.786120000000000152e+00
334        1.786120000000000152e+00
165        1.786280000000000090e+00
5          1.786900000000000155e+00
118        1.787000000000000144e+00
355        1.787340000000000151e+00
61         1.787400000000000100e+00
378        1.787400000000000100e+00
303        1.787519999999999998e+00
223        1.787560000000000038e+00
63         1.787600000000000078e+00
21         1.787660000000000027e+00
192        1.787860000000000227e+00
104        1.788440000000000030e+00
174        1.788540000000000019e+00
317        1.788580000000000059e+00
52         1.788620000000000099e+00
164        1.788900000000000157e+00
331        1.789120000000000266e+00
270        1.790120000000000156e+00
352        1.790440000000000031e+00
171        1.790520000000000111e+00
267        1.790600000000000191e+00
278        1.790739999999999998e+00
313        1.790780000000000038e+00
288        1.790920000000000067e+00
294        1.790980000000000016e+00
75         1.791020000000000056e+00
169        1.791140000000000176e+00
224        1.791660000000000030e+00
280        1.792079999999999895e+00
362        1.792100000000000248e+00
227        1.792200000000000015e+00
98         1.792340000000000266e+00
72         1.792460000000000164e+00
14         1.792740000000000000e+00
70         1.792900000000000160e+00
291        1.793420000000000014e+00
104        1.793620000000000214e+00
138        1.793620000000000214e+00
174        1.793719999999999981e+00
309        1.794280000000000097e+00
112        1.794499999999999984e+00
326        1.794860000000000122e+00
389        1.795100000000000140e+00
380        1.795200000000000129e+00
6          1.795239999999999947e+00
263        1.795260000000000078e+00
10         1.795320000000000027e+00
194        1.795420000000000016e+00
277        1.795500000000000096e+00
242        1.795560000000000045e+00
363        1.795579999999999954e+00
40         1.795620000000000216e+00
8          1.796300000000000008e+00
293        1.796460000000000168e+00
166        1.796559999999999935e+00
96         1.796900000000000164e+00
287        1.797239999999999949e+00
59         1.797440000000000149e+00
276        1.797460000000000058e+00
282        1.797520000000000007e+00
154        1.797640000000000127e+00
5          1.797700000000000076e+00
53         1.798140000000000072e+00
390        1.798259999999999970e+00
186        1.798280000000000101e+00
102        1.798960000000000115e+00
385        1.799220000000000041e+00
54         1.799420000000000019e+00
175        1.799420000000000019e+00
362        1.799460000000000059e+00
301        1.799940000000000095e+00
258        1.799960000000000004e+00
245        1.800240000000000062e+00
227        1.800760000000000138e+00
62         1.800900000000000167e+00
393        1.801020000000000065e+00
27         1.801059999999999883e+00
205        1.801260000000000083e+00
392        1.802240000000000064e+00
334        1.802259999999999973e+00
139        1.802280000000000104e+00
371        1.802319999999999922e+00
283        1.802620000000000111e+00
354        1.803059999999999885e+00
373        1.803140000000000187e+00
73         1.803400000000000114e+00
149        1.803460000000000063e+00
282        1.803920000000000190e+00
348        1.803960000000000008e+00
2          1.804140000000000077e+00
273        1.804460000000000175e+00
219        1.804520000000000124e+00
189        1.804540000000000033e+00
38         1.804680000000000062e+00
29         1.804759999999999920e+00
98         1.804840000000000222e+00
22         1.805140000000000189e+00
124        1.805140000000000189e+00
133        1.805940000000000101e+00
395        1.805960000000000010e+00
383        1.806220000000000159e+00
58         1.806799999999999962e+00
326        1.806819999999999871e+00
129        1.807039999999999980e+00
338        1.807140000000000191e+00
268        1.807380000000000209e+00
11         1.807740000000000125e+00
366        1.808040000000000092e+00
337        1.808100000000000263e+00
300        1.808319999999999927e+00
152        1.808380000000000098e+00
43         1.808880000000000043e+00
87         1.808960000000000123e+00
261        1.809340000000000170e+00
286        1.809440000000000159e+00
259        1.809500000000000108e+00
265        1.809800000000000075e+00
148        1.809860000000000246e+00
24         1.810100000000000264e+00
32         1.810280000000000111e+00
34         1.810340000000000282e+00
199        1.810440000000000049e+00
47         1.810499999999999998e+00
397        1.810499999999999998e+00
92         1.810579999999999856e+00
350        1.811020000000000074e+00
139        1.811180000000000012e+00
382        1.811180000000000012e+00
342        1.811840000000000117e+00
314        1.811900000000000066e+00
329        1.812019999999999964e+00
250        1.812060000000000004e+00
51         1.812460000000000182e+00
16         1.812600000000000211e+00
58         1.812860000000000138e+00
128        1.812860000000000138e+00
168        1.812880000000000047e+00
17         1.812980000000000036e+00
394        1.813100000000000156e+00
399        1.813220000000000054e+00
40         1.813819999999999988e+00
347        1.814160000000000217e+00
300        1.814319999999999933e+00
298        1.814500000000000002e+00
135        1.814640000000000031e+00
14         1.814880000000000049e+00
19         1.815039999999999987e+00
137        1.815039999999999987e+00
242        1.815380000000000216e+00
200        1.815440000000000165e+00
226        1.815800000000000081e+00
216        1.816680000000000073e+00
56         1.816900000000000182e+00
339        1.817380000000000217e+00
194        1.817660000000000053e+00
385        1.817660000000000053e+00
148        1.817680000000000184e+00
48         1.817740000000000133e+00
112        1.817740000000000133e+00
34         1.817800000000000082e+00
276        1.817840000000000122e+00
47         1.817920000000000202e+00
28         1.817940000000000111e+00
17         1.817940000000000111e+00
165        1.817980000000000151e+00
353        1.818220000000000169e+00
89         1.818519999999999914e+00
399        1.818880000000000052e+00
219        1.819220000000000059e+00
333        1.819400000000000128e+00
271        1.819560000000000066e+00
123        1.820799999999999974e+00
191        1.820840000000000236e+00
58         1.820880000000000054e+00
286        1.820920000000000094e+00
105        1.821120000000000072e+00
282        1.821140000000000203e+00
264        1.821520000000000028e+00
255        1.821740000000000137e+00
92         1.822440000000000060e+00
227        1.822579999999999867e+00
177        1.823020000000000085e+00
259        1.823080000000000034e+00
193        1.823120000000000074e+00
301        1.823160000000000114e+00
141        1.823280000000000012e+00
47         1.823400000000000132e+00
231        1.823520000000000030e+00
107        1.823660000000000059e+00
260        1.823740000000000139e+00
14         1.824120000000000186e+00
211        1.824240000000000084e+00
388        1.824540000000000051e+00
70         1.824559999999999960e+00
34         1.824620000000000131e+00
232        1.824819999999999887e+00
275        1.825080000000000036e+00
361        1.825280000000000014e+00
230        1.826459999999999972e+00
106        1.826579999999999870e+00
320        1.826640000000000041e+00
209        1.826980000000000048e+00
250        1.827140000000000208e+00
339        1.827200000000000157e+00
352        1.827260000000000106e+00
368        1.827420000000000044e+00
62         1.827440000000000175e+00
63         1.827620000000000244e+00
125        1.827620000000000244e+00
266        1.827960000000000029e+00
306        1.828120000000000189e+00
188        1.828480000000000105e+00
17         1.828519999999999923e+00
53         1.828699999999999992e+00
47         1.829299999999999926e+00
136        1.829840000000000133e+00
323        1.829940000000000122e+00
167        1.830019999999999980e+00
184        1.830180000000000140e+00
113        1.830200000000000049e+00
35         1.830279999999999907e+00
382        1.830300000000000038e+00
78         1.830360000000000209e+00
161        1.830620000000000136e+00
88         1.830799999999999983e+00
250        1.830840000000000245e+00
97         1.830860000000000154e+00
43         1.831760000000000055e+00
379        1.831920000000000215e+00
176        1.832019999999999982e+00
284        1.832120000000000193e+00
25         1.832300000000000040e+00
196        1.832440000000000069e+00
61         1.832819999999999894e+00
396        1.832940000000000014e+00
305        1.833200000000000163e+00
221        1.833820000000000006e+00
49         1.833880000000000177e+00
263        1.834079999999999933e+00
306        1.834240000000000093e+00
285        1.834319999999999951e+00
395        1.834480000000000111e+00
230        1.834540000000000060e+00
373        1.834620000000000140e+00
361        1.835059999999999913e+00
183        1.835100000000000176e+00
276        1.835239999999999982e+00
254        1.835460000000000091e+00
303        1.835460000000000091e+00
7          1.835520000000000040e+00
51         1.836019999999999985e+00
245        1.836920000000000108e+00
174        1.836960000000000148e+00
190        1.837260000000000115e+00
14         1.837340000000000195e+00
381        1.837400000000000144e+00
6          1.837600000000000122e+00
98         1.837779999999999969e+00
176        1.837900000000000089e+00
76         1.837920000000000220e+00
99         1.838160000000000016e+00
237        1.838620000000000143e+00
251        1.838660000000000183e+00
116        1.838920000000000110e+00
18         1.839299999999999935e+00
139        1.839400000000000146e+00
304        1.839480000000000004e+00
160        1.839560000000000084e+00
42         1.839860000000000273e+00
183        1.840240000000000098e+00
224        1.840340000000000087e+00
305        1.840740000000000043e+00
129        1.840759999999999952e+00
88         1.840840000000000254e+00
156        1.840940000000000021e+00
140        1.841020000000000101e+00
226        1.841220000000000079e+00
306        1.841360000000000108e+00
53         1.841840000000000144e+00
8          1.842519999999999936e+00
383        1.842559999999999976e+00
200        1.842860000000000165e+00
158        1.842940000000000023e+00
378        1.842980000000000063e+00
181        1.843480000000000008e+00
281        1.843660000000000077e+00
239        1.843760000000000066e+00
331        1.843820000000000014e+00
103        1.843860000000000277e+00
95         1.843979999999999952e+00
123        1.844100000000000072e+00
297        1.844180000000000152e+00
206        1.844300000000000050e+00
279        1.844519999999999937e+00
176        1.844579999999999886e+00
90         1.844740000000000046e+00
87         1.844759999999999955e+00
276        1.845239999999999991e+00
105        1.845260000000000122e+00
219        1.845299999999999940e+00
50         1.845400000000000151e+00
198        1.846380000000000132e+00
283        1.846700000000000008e+00
55         1.846920000000000117e+00
92         1.846940000000000026e+00
388        1.847239999999999993e+00
22         1.847420000000000062e+00
231        1.847440000000000193e+00
375        1.847520000000000051e+00
95         1.848319999999999963e+00
37         1.848420000000000174e+00
372        1.848799999999999999e+00
363        1.848799999999999999e+00
306        1.849100000000000188e+00
348        1.849180000000000046e+00
143        1.849280000000000035e+00
238        1.849720000000000031e+00
145        1.849820000000000020e+00
268        1.849860000000000060e+00
272        1.849920000000000009e+00
29         1.850420000000000176e+00
362        1.850700000000000012e+00
46         1.850740000000000052e+00
92         1.850740000000000052e+00
129        1.850740000000000052e+00
349        1.850740000000000052e+00
151        1.851820000000000022e+00
374        1.851820000000000022e+00
128        1.852120000000000211e+00
356        1.852459999999999996e+00
239        1.852559999999999985e+00
180        1.852800000000000002e+00
165        1.852999999999999980e+00
51         1.853100000000000191e+00
218        1.853320000000000078e+00
31         1.853600000000000136e+00
275        1.853620000000000267e+00
225        1.853640000000000176e+00
187        1.853660000000000085e+00
62         1.853720000000000034e+00
141        1.853860000000000063e+00
309        1.853900000000000103e+00
38         1.854020000000000001e+00
341        1.854459999999999997e+00
337        1.854720000000000146e+00
253        1.854819999999999913e+00
324        1.855160000000000142e+00
170        1.855220000000000091e+00
132        1.855260000000000131e+00
213        1.855460000000000109e+00
236        1.855460000000000109e+00
289        1.855820000000000025e+00
178        1.855920000000000014e+00
14         1.856579999999999897e+00
318        1.856800000000000006e+00
360        1.857280000000000042e+00
1          1.857340000000000213e+00
212        1.857340000000000213e+00
94         1.857499999999999929e+00
211        1.857600000000000140e+00
181        1.857739999999999947e+00
232        1.857799999999999896e+00
296        1.857840000000000158e+00
270        1.858180000000000165e+00
195        1.858519999999999950e+00
151        1.858660000000000201e+00
129        1.858800000000000008e+00
102        1.858900000000000219e+00
332        1.859299999999999953e+00
135        1.859420000000000073e+00
328        1.859600000000000142e+00
253        1.859680000000000000e+00
40         1.859760000000000080e+00
66         1.860200000000000076e+00
23         1.860219999999999985e+00
108        1.860219999999999985e+00
33         1.860540000000000083e+00
306        1.860579999999999901e+00
392        1.860880000000000090e+00
140        1.861240000000000006e+00
200        1.861240000000000006e+00
139        1.861400000000000166e+00
334        1.861499999999999932e+00
318        1.861600000000000144e+00
122        1.862000000000000099e+00
49         1.862400000000000055e+00
34         1.862579999999999902e+00
335        1.863380000000000258e+00
363        1.863799999999999901e+00
246        1.863940000000000152e+00
236        1.864060000000000050e+00
116        1.864079999999999959e+00
12         1.864200000000000079e+00
243        1.864319999999999977e+00
50         1.864360000000000239e+00
291        1.864380000000000148e+00
318        1.864800000000000013e+00
22         1.864940000000000042e+00
377        1.864999999999999991e+00
370        1.864999999999999991e+00
240        1.865120000000000111e+00
141        1.865539999999999976e+00
385        1.865700000000000136e+00
199        1.865760000000000085e+00
2          1.866000000000000103e+00
207        1.866300000000000070e+00
135        1.866519999999999957e+00
195        1.867400000000000171e+00
122        1.867720000000000047e+00
218        1.867820000000000036e+00
77         1.867840000000000167e+00
47         1.867860000000000076e+00
223        1.867880000000000207e+00
98         1.867960000000000065e+00
49         1.868020000000000014e+00
332        1.868079999999999963e+00
252        1.868980000000000086e+00
172        1.869480000000000031e+00
270        1.869480000000000031e+00
192        1.869520000000000071e+00
243        1.869520000000000071e+00
253        1.869539999999999980e+00
279        1.869539999999999980e+00
114        1.869860000000000078e+00
271        1.869920000000000027e+00
73         1.870000000000000107e+00
343        1.870200000000000085e+00
359        1.871059999999999945e+00
396        1.871280000000000054e+00
110        1.871779999999999999e+00
310        1.871779999999999999e+00
167        1.872079999999999966e+00
179        1.872240000000000126e+00
294        1.872240000000000126e+00
181        1.872380000000000155e+00
199        1.872400000000000064e+00
217        1.872780000000000111e+00
8          1.872819999999999929e+00
147        1.872920000000000140e+00
4          1.872999999999999998e+00
336        1.873380000000000045e+00
360        1.873420000000000085e+00
304        1.873979999999999979e+00
219        1.874759999999999982e+00
205        1.874759999999999982e+00
214        1.874819999999999931e+00
333        1.875120000000000120e+00
293        1.875360000000000138e+00
177        1.875600000000000156e+00
348        1.875860000000000083e+00
312        1.876039999999999930e+00
285        1.876120000000000232e+00
385        1.876240000000000130e+00
201        1.876279999999999948e+00
324        1.876380000000000159e+00
318        1.876540000000000097e+00
235        1.876740000000000075e+00
111        1.876759999999999984e+00
215        1.876759999999999984e+00
222        1.876780000000000115e+00
192        1.876880000000000104e+00
165        1.877059999999999951e+00
303        1.877079999999999860e+00
135        1.877120000000000122e+00
23         1.877180000000000071e+00
365        1.877220000000000111e+00
51         1.877900000000000125e+00
5          1.878340000000000121e+00
335        1.878560000000000008e+00
377        1.879040000000000044e+00
347        1.879580000000000028e+00
246        1.879640000000000200e+00
114        1.879739999999999966e+00
223        1.880319999999999991e+00
69         1.880880000000000107e+00
55         1.881120000000000125e+00
382        1.881280000000000063e+00
45         1.881299999999999972e+00
398        1.881420000000000092e+00
107        1.881440000000000001e+00
77         1.881600000000000161e+00
61         1.881799999999999917e+00
172        1.882319999999999993e+00
20         1.882360000000000255e+00
166        1.882360000000000255e+00
328        1.882519999999999971e+00
309        1.883079999999999865e+00
331        1.883180000000000076e+00
135        1.883299999999999974e+00
139        1.883580000000000032e+00
64         1.883600000000000163e+00
261        1.883620000000000072e+00
295        1.883620000000000072e+00
47         1.884700000000000042e+00
356        1.884720000000000173e+00
156        1.884740000000000082e+00
40         1.884759999999999991e+00
248        1.884840000000000293e+00
349        1.885380000000000056e+00
361        1.885620000000000074e+00
328        1.885760000000000103e+00
338        1.885960000000000081e+00
321        1.886079999999999979e+00
193        1.886100000000000110e+00
263        1.886160000000000059e+00
258        1.886300000000000088e+00
4          1.886500000000000066e+00
11         1.886579999999999924e+00
240        1.887440000000000007e+00
183        1.887460000000000138e+00
383        1.887940000000000174e+00
132        1.887960000000000083e+00
335        1.888480000000000159e+00
52         1.888720000000000176e+00
246        1.888720000000000176e+00
137        1.888779999999999903e+00
379        1.888880000000000114e+00
260        1.889220000000000121e+00
54         1.889319999999999888e+00
395        1.889340000000000241e+00
329        1.889760000000000106e+00
296        1.889900000000000135e+00
386        1.890020000000000033e+00
234        1.890400000000000080e+00
264        1.890600000000000280e+00
70         1.890880000000000116e+00
201        1.891380000000000061e+00
88         1.891700000000000159e+00
22         1.891900000000000137e+00
391        1.891920000000000046e+00
387        1.892060000000000075e+00
270        1.892079999999999984e+00
342        1.892180000000000195e+00
212        1.892500000000000071e+00
294        1.892500000000000071e+00
6          1.892640000000000100e+00
321        1.892640000000000100e+00
231        1.892660000000000231e+00
168        1.892900000000000027e+00
246        1.893059999999999965e+00
256        1.893299999999999983e+00
202        1.893840000000000190e+00
118        1.893900000000000139e+00
116        1.894260000000000055e+00
283        1.894560000000000022e+00
170        1.894640000000000102e+00
214        1.894719999999999960e+00
291        1.894819999999999949e+00
365        1.895100000000000229e+00
391        1.895900000000000141e+00
6          1.896440000000000126e+00
259        1.896959999999999980e+00
272        1.897100000000000231e+00
4          1.897120000000000140e+00
348        1.897220000000000129e+00
293        1.897319999999999895e+00
350        1.897319999999999895e+00
213        1.897520000000000095e+00
277        1.897820000000000062e+00
2          1.897940000000000182e+00
319        1.897980000000000000e+00
251        1.898200000000000109e+00
13         1.898460000000000036e+00
266        1.899199999999999999e+00
28         1.899460000000000148e+00
326        1.899559999999999915e+00
151        1.899580000000000046e+00
309        1.899700000000000166e+00
157        1.899760000000000115e+00
324        1.899880000000000235e+00
325        1.899900000000000144e+00
23         1.900060000000000082e+00
364        1.900079999999999991e+00
382        1.900100000000000122e+00
292        1.900220000000000020e+00
355        1.900400000000000089e+00
167        1.900500000000000078e+00
256        1.900560000000000027e+00
99         1.901840000000000197e+00
344        1.901880000000000237e+00
73         1.901980000000000004e+00
323        1.902760000000000007e+00
375        1.903280000000000083e+00
293        1.903400000000000203e+00
52         1.903520000000000101e+00
126        1.903520000000000101e+00
395        1.903620000000000090e+00
310        1.903680000000000039e+00
332        1.903700000000000170e+00
169        1.903840000000000199e+00
209        1.904620000000000202e+00
372        1.904640000000000111e+00
161        1.904819999999999958e+00
379        1.904959999999999987e+00
357        1.905140000000000056e+00
374        1.905440000000000023e+00
67         1.905960000000000099e+00
92         1.906060000000000088e+00
99         1.906079999999999997e+00
336        1.906220000000000026e+00
135        1.906380000000000186e+00
277        1.906779999999999919e+00
20         1.907120000000000148e+00
272        1.907140000000000057e+00
271        1.907240000000000046e+00
33         1.907540000000000013e+00
365        1.907739999999999991e+00
324        1.908000000000000140e+00
165        1.908060000000000089e+00
4          1.908120000000000260e+00
230        1.908279999999999976e+00
179        1.908360000000000056e+00
206        1.908380000000000187e+00
273        1.908819999999999961e+00
347        1.908959999999999990e+00
28         1.909520000000000106e+00
194        1.909640000000000226e+00
399        1.909640000000000226e+00
159        1.909799999999999942e+00
307        1.910460000000000047e+00
329        1.910539999999999905e+00
308        1.910579999999999945e+00
398        1.910660000000000025e+00
247        1.910680000000000156e+00
259        1.910680000000000156e+00
123        1.910760000000000014e+00
8          1.911640000000000228e+00
314        1.911680000000000046e+00
237        1.911920000000000064e+00
179        1.912260000000000071e+00
397        1.912299999999999889e+00
145        1.912400000000000100e+00
14         1.912680000000000158e+00
284        1.912719999999999976e+00
52         1.913140000000000063e+00
276        1.913720000000000088e+00
349        1.913720000000000088e+00
362        1.914380000000000193e+00
233        1.914500000000000091e+00
51         1.914560000000000040e+00
139        1.914620000000000211e+00
333        1.915259999999999962e+00
292        1.915340000000000265e+00
385        1.915559999999999929e+00
113        1.915900000000000158e+00
389        1.916000000000000147e+00
35         1.916039999999999965e+00
166        1.916039999999999965e+00
371        1.916039999999999965e+00
318        1.916059999999999874e+00
74         1.916080000000000005e+00
350        1.916220000000000034e+00
284        1.916260000000000074e+00
64         1.917200000000000015e+00
202        1.917340000000000266e+00
135        1.917460000000000164e+00
196        1.917880000000000251e+00
157        1.918440000000000145e+00
98         1.918640000000000123e+00
305        1.918719999999999981e+00
395        1.918800000000000061e+00
334        1.918959999999999999e+00
244        1.918980000000000130e+00
129        1.919059999999999988e+00
149        1.919160000000000199e+00
199        1.919559999999999933e+00
99         1.919660000000000144e+00
252        1.919700000000000184e+00
27         1.919799999999999951e+00
117        1.919880000000000253e+00
201        1.919920000000000071e+00
279        1.919920000000000071e+00
259        1.920080000000000009e+00
349        1.920460000000000056e+00
286        1.920880000000000143e+00
294        1.921280000000000099e+00
103        1.921420000000000128e+00
368        1.921420000000000128e+00
297        1.921820000000000084e+00
83         1.921940000000000204e+00
196        1.922239999999999949e+00
128        1.922279999999999989e+00
255        1.922320000000000029e+00
59         1.922360000000000069e+00
359        1.922440000000000149e+00
113        1.923000000000000043e+00
277        1.923319999999999919e+00
96         1.923440000000000039e+00
308        1.923440000000000039e+00
284        1.924640000000000128e+00
71         1.924660000000000037e+00
233        1.924680000000000168e+00
93         1.924900000000000055e+00
345        1.924940000000000095e+00
112        1.925040000000000084e+00
349        1.925480000000000080e+00
253        1.925559999999999938e+00
376        1.925640000000000240e+00
223        1.925900000000000167e+00
292        1.926160000000000094e+00
0          1.926200000000000134e+00
393        1.926200000000000134e+00
222        1.926440000000000152e+00
316        1.926539999999999919e+00
141        1.926900000000000057e+00
303        1.926900000000000057e+00
158        1.927059999999999995e+00
339        1.927160000000000206e+00
41         1.927860000000000129e+00
190        1.928279999999999994e+00
83         1.928640000000000132e+00
30         1.928760000000000030e+00
377        1.928779999999999939e+00
134        1.928819999999999979e+00
193        1.929280000000000106e+00
256        1.929540000000000033e+00
335        1.929580000000000073e+00
156        1.929799999999999960e+00
37         1.929880000000000040e+00
106        1.930039999999999978e+00
314        1.930279999999999996e+00
125        1.930460000000000065e+00
149        1.930520000000000014e+00
48         1.930539999999999923e+00
342        1.931259999999999977e+00
259        1.931300000000000017e+00
384        1.931420000000000137e+00
215        1.931499999999999995e+00
332        1.931520000000000126e+00
234        1.931860000000000133e+00
356        1.931880000000000042e+00
56         1.931980000000000031e+00
301        1.932180000000000009e+00
98         1.932719999999999994e+00
168        1.932880000000000154e+00
310        1.932960000000000012e+00
383        1.933480000000000087e+00
326        1.934080000000000021e+00
13         1.934180000000000010e+00
30         1.934200000000000141e+00
70         1.934239999999999959e+00
104        1.934260000000000090e+00
333        1.934260000000000090e+00
366        1.934380000000000210e+00
305        1.934800000000000075e+00
65         1.935000000000000053e+00
261        1.935079999999999911e+00
215        1.935920000000000085e+00
243        1.935920000000000085e+00
166        1.936239999999999961e+00
278        1.936320000000000041e+00
299        1.936620000000000230e+00
68         1.936800000000000077e+00
169        1.936860000000000248e+00
216        1.936960000000000015e+00
12         1.937160000000000215e+00
124        1.937259999999999982e+00
368        1.937300000000000022e+00
2          1.937520000000000131e+00
385        1.937640000000000251e+00
15         1.937660000000000160e+00
236        1.937660000000000160e+00
150        1.937680000000000069e+00
281        1.938420000000000032e+00
340        1.938560000000000061e+00
212        1.938760000000000039e+00
310        1.938779999999999948e+00
0          1.939280000000000115e+00
367        1.939460000000000184e+00
388        1.939819999999999878e+00
81         1.939900000000000180e+00
264        1.940239999999999965e+00
162        1.940400000000000125e+00
189        1.940579999999999972e+00
205        1.940579999999999972e+00
362        1.940579999999999972e+00
106        1.940680000000000183e+00
117        1.940779999999999950e+00
350        1.942039999999999988e+00
288        1.942500000000000115e+00
197        1.942520000000000024e+00
266        1.942800000000000082e+00
77         1.942980000000000151e+00
185        1.942980000000000151e+00
237        1.943079999999999918e+00
97         1.943200000000000038e+00
209        1.943360000000000198e+00
336        1.943360000000000198e+00
86         1.943380000000000107e+00
207        1.943640000000000034e+00
328        1.944200000000000150e+00
226        1.944620000000000237e+00
283        1.944660000000000055e+00
396        1.944840000000000124e+00
189        1.944900000000000073e+00
269        1.944920000000000204e+00
108        1.945060000000000011e+00
362        1.945079999999999920e+00
135        1.945160000000000222e+00
166        1.945180000000000131e+00
57         1.945420000000000149e+00
383        1.945480000000000098e+00
248        1.946080000000000032e+00
93         1.946100000000000163e+00
68         1.946440000000000170e+00
178        1.947200000000000042e+00
174        1.947200000000000042e+00
284        1.947620000000000129e+00
130        1.947840000000000238e+00
76         1.948140000000000205e+00
119        1.948500000000000121e+00
162        1.948560000000000070e+00
297        1.948560000000000070e+00
244        1.948640000000000150e+00
327        1.948720000000000008e+00
275        1.949600000000000222e+00
363        1.949860000000000149e+00
18         1.949960000000000138e+00
230        1.950120000000000076e+00
107        1.950220000000000065e+00
344        1.950340000000000185e+00
67         1.950380000000000225e+00
25         1.950520000000000032e+00
98         1.950800000000000090e+00
311        1.950920000000000210e+00
84         1.951040000000000108e+00
58         1.951420000000000154e+00
376        1.951440000000000063e+00
90         1.951480000000000103e+00
188        1.951880000000000059e+00
41         1.952080000000000037e+00
77         1.952080000000000037e+00
133        1.952400000000000135e+00
250        1.952420000000000044e+00
266        1.952600000000000113e+00
149        1.953040000000000109e+00
2          1.953100000000000280e+00
256        1.953660000000000174e+00
399        1.953660000000000174e+00
365        1.954220000000000068e+00
4          1.954420000000000046e+00
356        1.954720000000000013e+00
115        1.954740000000000144e+00
181        1.954800000000000093e+00
59         1.955219999999999958e+00
111        1.955279999999999907e+00
129        1.955400000000000027e+00
23         1.955540000000000056e+00
107        1.955680000000000085e+00
155        1.955680000000000085e+00
275        1.955900000000000194e+00
67         1.955920000000000103e+00
128        1.955940000000000012e+00
354        1.956299999999999928e+00
106        1.956440000000000179e+00
314        1.957060000000000022e+00
287        1.957380000000000120e+00
162        1.957980000000000054e+00
382        1.958360000000000101e+00
343        1.958460000000000090e+00
399        1.958479999999999999e+00
278        1.958800000000000097e+00
113        1.958820000000000006e+00
64         1.958940000000000126e+00
5          1.959019999999999984e+00
172        1.959120000000000195e+00
259        1.959240000000000093e+00
124        1.959799999999999986e+00
186        1.959999999999999964e+00
298        1.960120000000000084e+00
69         1.960220000000000073e+00
177        1.960700000000000109e+00
293        1.961039999999999894e+00
185        1.961140000000000105e+00
167        1.961160000000000014e+00
398        1.961540000000000061e+00
45         1.961660000000000181e+00
357        1.961940000000000017e+00
363        1.962059999999999915e+00
311        1.962140000000000217e+00
350        1.962180000000000035e+00
392        1.962180000000000035e+00
18         1.962320000000000064e+00
146        1.962320000000000064e+00
262        1.962920000000000220e+00
15         1.963039999999999896e+00
178        1.963240000000000096e+00
368        1.963380000000000125e+00
38         1.963519999999999932e+00
62         1.963559999999999972e+00
152        1.963579999999999881e+00
264        1.963860000000000161e+00
191        1.963980000000000059e+00
118        1.964480000000000004e+00
390        1.964500000000000135e+00
303        1.964740000000000153e+00
310        1.965039999999999898e+00
289        1.965579999999999883e+00
165        1.966020000000000101e+00
394        1.966140000000000221e+00
362        1.966180000000000039e+00
145        1.966380000000000239e+00
295        1.966400000000000148e+00
354        1.966460000000000097e+00
316        1.966680000000000206e+00
301        1.966779999999999973e+00
76         1.966820000000000013e+00
45         1.967039999999999900e+00
317        1.967200000000000060e+00
37         1.967240000000000100e+00
251        1.968299999999999939e+00
18         1.968340000000000201e+00
87         1.968400000000000150e+00
107        1.969400000000000039e+00
293        1.969580000000000108e+00
387        1.969580000000000108e+00
99         1.969700000000000006e+00
347        1.970080000000000275e+00
269        1.970220000000000082e+00
10         1.970340000000000202e+00
47         1.970360000000000111e+00
165        1.970420000000000060e+00
271        1.970900000000000096e+00
356        1.970920000000000005e+00
209        1.970960000000000045e+00
131        1.970979999999999954e+00
177        1.970979999999999954e+00
268        1.971080000000000165e+00
125        1.971100000000000074e+00
273        1.971100000000000074e+00
345        1.971100000000000074e+00
207        1.971120000000000205e+00
244        1.971680000000000099e+00
379        1.971759999999999957e+00
308        1.971980000000000066e+00
190        1.972799999999999887e+00
226        1.972880000000000189e+00
258        1.973400000000000043e+00
58         1.973740000000000050e+00
251        1.973960000000000159e+00
342        1.974180000000000046e+00
278        1.974239999999999995e+00
322        1.974380000000000246e+00
38         1.974460000000000104e+00
398        1.974520000000000053e+00
198        1.974580000000000224e+00
233        1.974600000000000133e+00
217        1.974720000000000031e+00
146        1.974739999999999940e+00
317        1.974920000000000009e+00
237        1.975000000000000089e+00
296        1.975219999999999976e+00
336        1.975279999999999925e+00
175        1.975340000000000096e+00
40         1.975780000000000092e+00
228        1.976460000000000106e+00
128        1.976880000000000193e+00
397        1.976880000000000193e+00
168        1.976900000000000102e+00
17         1.976920000000000011e+00
162        1.977440000000000087e+00
191        1.977480000000000127e+00
34         1.977580000000000116e+00
349        1.977700000000000014e+00
208        1.978100000000000191e+00
23         1.978239999999999998e+00
244        1.978539999999999965e+00
351        1.978600000000000136e+00
120        1.978620000000000267e+00
364        1.978640000000000176e+00
383        1.979020000000000001e+00
337        1.979080000000000172e+00
5          1.979219999999999979e+00
184        1.979400000000000048e+00
197        1.979700000000000015e+00
368        1.979940000000000033e+00
310        1.980080000000000284e+00
309        1.980120000000000102e+00
265        1.980280000000000040e+00
226        1.980620000000000269e+00
360        1.981039999999999912e+00
32         1.981340000000000101e+00
151        1.982460000000000111e+00
182        1.982480000000000020e+00
109        1.982580000000000231e+00
130        1.982580000000000231e+00
369        1.982580000000000231e+00
92         1.982640000000000180e+00
237        1.982660000000000089e+00
27         1.982760000000000078e+00
45         1.982979999999999965e+00
79         1.983340000000000103e+00
255        1.983360000000000234e+00
167        1.983400000000000052e+00
289        1.983460000000000001e+00
300        1.983500000000000041e+00
244        1.983559999999999990e+00
124        1.983759999999999968e+00
228        1.984299999999999953e+00
89         1.984559999999999880e+00
290        1.984820000000000029e+00
19         1.985279999999999934e+00
370        1.985340000000000105e+00
90         1.985360000000000236e+00
368        1.985400000000000054e+00
48         1.985460000000000003e+00
15         1.985480000000000134e+00
184        1.985580000000000123e+00
58         1.986080000000000290e+00
166        1.986140000000000239e+00
236        1.986200000000000188e+00
59         1.986480000000000024e+00
371        1.987039999999999917e+00
224        1.987680000000000113e+00
225        1.987740000000000062e+00
73         1.987759999999999971e+00
250        1.987800000000000011e+00
29         1.987840000000000273e+00
150        1.987840000000000273e+00
279        1.987860000000000182e+00
276        1.987880000000000091e+00
50         1.987920000000000131e+00
171        1.987920000000000131e+00
187        1.988460000000000116e+00
168        1.988760000000000083e+00
45         1.988900000000000112e+00
374        1.990280000000000049e+00
269        1.990319999999999867e+00
61         1.990460000000000118e+00
262        1.990480000000000027e+00
275        1.990559999999999885e+00
228        1.990580000000000238e+00
100        1.990680000000000005e+00
325        1.990979999999999972e+00
32         1.991020000000000012e+00
162        1.991260000000000030e+00
126        1.991999999999999993e+00
102        1.991999999999999993e+00
235        1.992020000000000124e+00
80         1.992080000000000295e+00
248        1.992200000000000193e+00
242        1.992200000000000193e+00
178        1.992240000000000011e+00
323        1.992420000000000080e+00
221        1.992720000000000047e+00
197        1.992979999999999974e+00
103        1.993020000000000014e+00
284        1.993039999999999923e+00
156        1.994059999999999944e+00
192        1.994160000000000155e+00
161        1.994400000000000173e+00
147        1.994499999999999940e+00
174        1.994520000000000071e+00
310        1.995279999999999943e+00
148        1.995460000000000012e+00
190        1.995480000000000143e+00
180        1.995560000000000000e+00
251        1.995560000000000000e+00
144        1.995880000000000098e+00
45         1.995900000000000230e+00
6          1.996140000000000247e+00
219        1.996200000000000196e+00
206        1.996620000000000061e+00
151        1.996720000000000050e+00
160        1.996960000000000068e+00
74         1.996979999999999977e+00
302        1.997000000000000108e+00
150        1.997060000000000057e+00
229        1.997279999999999944e+00
35         1.997400000000000064e+00
276        1.998640000000000194e+00
85         1.998920000000000030e+00
332        1.998920000000000030e+00
272        1.998940000000000161e+00
348        1.999000000000000110e+00
197        1.999060000000000059e+00
119        1.999180000000000179e+00
277        1.999180000000000179e+00
30         1.999440000000000106e+00
223        1.999960000000000182e+00
