# Neuron   Time (s)                 
732        2.620000000000000367e-03
308        3.080000000000000272e-03
1288       3.720000000000000216e-03
1468       3.879999999999999769e-03
877        3.939999999999999926e-03
693        3.959999999999999978e-03
675        3.980000000000000031e-03
1071       4.480000000000000475e-03
575        4.720000000000000237e-03
225        4.740000000000000289e-03
1198       4.820000000000000499e-03
503        4.879999999999999789e-03
1274       5.259999999999999919e-03
1503       5.480000000000000496e-03
730        5.539999999999999786e-03
315        5.640000000000000048e-03
71         5.900000000000000730e-03
717        6.140000000000000492e-03
1048       6.579999999999999911e-03
68         6.600000000000000831e-03
1328       6.780000000000000436e-03
770        8.400000000000001216e-03
604        8.660000000000001030e-03
648        9.020000000000000240e-03
163        1.043999999999999963e-02
861        1.107999999999999957e-02
155        1.114000000000000060e-02
525        1.123999999999999999e-02
286        1.132000000000000020e-02
574        1.148000000000000062e-02
207        1.172000000000000125e-02
1565       1.192000000000000004e-02
437        1.209999999999999964e-02
722        1.216000000000000067e-02
936        1.294000000000000011e-02
356        1.348000000000000066e-02
411        1.400000000000000029e-02
864        1.406000000000000132e-02
1149       1.406000000000000132e-02
1234       1.446000000000000063e-02
502        1.458000000000000095e-02
1334       1.476000000000000055e-02
503        1.546000000000000152e-02
436        1.582000000000000073e-02
374        1.617999999999999994e-02
602        1.740000000000000227e-02
494        1.766000000000000208e-02
1150       1.836000000000000132e-02
995        1.844000000000000153e-02
907        1.851999999999999827e-02
116        1.878000000000000155e-02
282        1.878000000000000155e-02
703        1.912000000000000158e-02
1524       1.948000000000000079e-02
93         1.971999999999999795e-02
493        2.016000000000000084e-02
125        2.046000000000000249e-02
809        2.168000000000000135e-02
687        2.231999999999999956e-02
997        2.276000000000000245e-02
554        2.282000000000000001e-02
870        2.299999999999999961e-02
440        2.351999999999999924e-02
1469       2.421999999999999847e-02
1479       2.477999999999999994e-02
904        2.514000000000000262e-02
417        2.520000000000000018e-02
690        2.524000000000000202e-02
367        2.618000000000000188e-02
1013       2.648000000000000007e-02
568        2.733999999999999972e-02
821        2.750000000000000014e-02
531        2.756000000000000116e-02
1580       2.762000000000000219e-02
573        2.766000000000000056e-02
941        2.780000000000000179e-02
754        2.848000000000000184e-02
2          2.924000000000000210e-02
48         3.072000000000000078e-02
1171       3.083999999999999936e-02
400        3.085999999999999854e-02
917        3.103999999999999815e-02
776        3.126000000000000306e-02
1164       3.210000000000000353e-02
655        3.220000000000000639e-02
1019       3.307999999999999829e-02
195        3.329999999999999627e-02
91         3.346000000000000363e-02
563        3.352000000000000118e-02
1367       3.559999999999999970e-02
351        3.588000000000000217e-02
998        3.604000000000000259e-02
1262       3.610000000000000014e-02
432        3.630000000000000587e-02
310        3.685999999999999693e-02
469        3.726000000000000145e-02
842        3.756000000000000311e-02
135        3.771999999999999659e-02
1051       3.796000000000000069e-02
607        3.810000000000000192e-02
1015       3.885999999999999871e-02
943        3.892000000000000320e-02
700        3.948000000000000814e-02
83         3.956000000000000488e-02
1186       3.956000000000000488e-02
1194       3.957999999999999713e-02
1129       4.061999999999999639e-02
298        4.086000000000000049e-02
708        4.148000000000000298e-02
350        4.228000000000000508e-02
846        4.270000000000000184e-02
1586       4.358000000000000068e-02
349        4.456000000000000238e-02
1117       4.578000000000000125e-02
473        4.667999999999999927e-02
105        4.680000000000000826e-02
1504       4.684000000000000663e-02
216        4.735999999999999932e-02
178        4.748000000000000831e-02
260        4.764000000000000179e-02
1040       4.766000000000000791e-02
940        4.857999999999999818e-02
1458       4.860000000000000431e-02
155        4.898000000000000270e-02
633        4.942000000000000559e-02
1059       4.955999999999999989e-02
508        4.966000000000000275e-02
1091       4.998000000000000359e-02
75         5.366000000000000630e-02
587        5.376000000000000223e-02
606        5.414000000000000062e-02
970        5.444000000000000228e-02
1288       5.464000000000000107e-02
1448       5.480000000000000843e-02
1223       5.498000000000000803e-02
725        5.514000000000000151e-02
439        5.525999999999999662e-02
67         5.593999999999999667e-02
420        5.725999999999999840e-02
488        5.830000000000000460e-02
533        5.974000000000000143e-02
1042       6.026000000000000106e-02
580        6.098000000000000642e-02
1581       6.131999999999999951e-02
1106       6.170000000000000484e-02
723        6.232000000000000040e-02
1391       6.289999999999999758e-02
515        6.325999999999999679e-02
151        6.338000000000000578e-02
623        6.339999999999999802e-02
708        6.407999999999999807e-02
1409       6.429999999999999605e-02
889        6.546000000000000429e-02
1567       6.590000000000000024e-02
864        6.618000000000000271e-02
508        6.773999999999999466e-02
1379       6.797999999999999876e-02
1035       6.908000000000000251e-02
309        6.914000000000000701e-02
444        6.948000000000000009e-02
962        6.958000000000000296e-02
104        7.004000000000000503e-02
1400       7.028000000000000913e-02
547        7.048000000000000098e-02
1263       7.112000000000000266e-02
134        7.182000000000000883e-02
1089       7.310000000000001219e-02
760        7.349999999999999589e-02
871        7.384000000000000286e-02
210        7.385999999999999510e-02
468        7.410000000000001308e-02
30         7.438000000000000167e-02
240        7.512000000000000621e-02
1052       7.526000000000000745e-02
1204       7.621999999999999609e-02
1153       7.651999999999999080e-02
1389       7.665999999999999204e-02
949        7.696000000000001451e-02
1341       7.718000000000001248e-02
209        7.773999999999998967e-02
1185       7.815999999999999337e-02
836        7.921999999999999875e-02
111        8.001999999999999391e-02
972        8.054000000000001436e-02
434        8.062000000000001110e-02
417        8.082000000000000295e-02
769        8.086000000000000132e-02
247        8.110000000000000542e-02
976        8.112000000000001154e-02
91         8.190000000000000058e-02
384        8.240000000000000102e-02
1364       8.264000000000000512e-02
1222       8.273999999999999411e-02
260        8.365999999999999825e-02
258        8.396000000000000685e-02
954        8.494000000000000161e-02
829        8.528000000000000858e-02
588        8.546000000000000818e-02
1014       8.564000000000000778e-02
299        8.566000000000000003e-02
340        8.594000000000000250e-02
458        8.696000000000000951e-02
1550       8.705999999999999850e-02
1171       8.736000000000000709e-02
1099       8.754000000000000670e-02
1061       8.996000000000001218e-02
702        9.026000000000000689e-02
631        9.120000000000000329e-02
1252       9.270000000000000462e-02
839        9.370000000000000551e-02
586        9.387999999999999123e-02
981        9.434000000000000719e-02
41         9.460000000000001741e-02
5          9.470000000000000639e-02
651        9.515999999999999459e-02
1273       9.526000000000001133e-02
1263       9.550000000000000155e-02
1024       9.584000000000000852e-02
1248       9.620000000000000773e-02
1478       9.626000000000001222e-02
929        9.640000000000001346e-02
535        9.668000000000000205e-02
1544       9.706000000000000738e-02
344        9.750000000000000333e-02
1490       9.950000000000000511e-02
923        9.976000000000000145e-02
494        1.001800000000000052e-01
679        1.006000000000000089e-01
448        1.014200000000000101e-01
90         1.015199999999999991e-01
435        1.016600000000000004e-01
226        1.018600000000000061e-01
322        1.020400000000000057e-01
634        1.020400000000000057e-01
1086       1.021800000000000069e-01
630        1.028200000000000086e-01
958        1.029800000000000021e-01
402        1.032200000000000062e-01
1546       1.034000000000000058e-01
906        1.034400000000000042e-01
849        1.035400000000000070e-01
631        1.035800000000000054e-01
1167       1.037200000000000066e-01
743        1.037600000000000050e-01
247        1.041000000000000120e-01
205        1.041399999999999965e-01
1403       1.042000000000000010e-01
857        1.045400000000000079e-01
422        1.048599999999999949e-01
278        1.049600000000000116e-01
1339       1.049999999999999961e-01
1549       1.049999999999999961e-01
1047       1.057600000000000068e-01
40         1.057799999999999990e-01
70         1.058200000000000113e-01
753        1.059600000000000125e-01
6          1.060200000000000031e-01
866        1.063200000000000117e-01
253        1.063599999999999962e-01
1062       1.066600000000000048e-01
1224       1.071200000000000069e-01
189        1.073800000000000032e-01
1595       1.075799999999999951e-01
1308       1.077800000000000008e-01
4          1.079399999999999943e-01
1200       1.090799999999999964e-01
124        1.095000000000000001e-01
581        1.097600000000000103e-01
26         1.099800000000000083e-01
885        1.099800000000000083e-01
113        1.101800000000000140e-01
1425       1.105400000000000132e-01
733        1.106000000000000177e-01
1573       1.109600000000000170e-01
5          1.112000000000000072e-01
163        1.113600000000000007e-01
257        1.116599999999999954e-01
1362       1.120000000000000023e-01
914        1.121200000000000113e-01
388        1.126000000000000056e-01
284        1.129399999999999987e-01
1540       1.130400000000000155e-01
569        1.131599999999999967e-01
568        1.132999999999999979e-01
1085       1.133799999999999947e-01
817        1.138799999999999951e-01
68         1.142400000000000082e-01
659        1.149600000000000066e-01
353        1.150600000000000095e-01
1365       1.158799999999999969e-01
954        1.160600000000000104e-01
872        1.161200000000000010e-01
430        1.164800000000000002e-01
1070       1.165800000000000031e-01
831        1.171999999999999986e-01
945        1.172200000000000047e-01
483        1.176200000000000023e-01
874        1.181000000000000105e-01
64         1.181400000000000089e-01
105        1.185599999999999987e-01
1562       1.192400000000000126e-01
760        1.192799999999999971e-01
651        1.198000000000000037e-01
349        1.201600000000000029e-01
585        1.202000000000000013e-01
749        1.202000000000000013e-01
290        1.208599999999999952e-01
855        1.209199999999999997e-01
208        1.215600000000000014e-01
1345       1.223800000000000027e-01
693        1.230600000000000027e-01
1394       1.230600000000000027e-01
890        1.230799999999999950e-01
829        1.232600000000000084e-01
1482       1.234600000000000142e-01
1114       1.235400000000000109e-01
486        1.235799999999999954e-01
675        1.236399999999999999e-01
242        1.238599999999999979e-01
1205       1.243400000000000061e-01
153        1.243800000000000183e-01
1088       1.244600000000000151e-01
735        1.249800000000000078e-01
225        1.257800000000000029e-01
956        1.262800000000000034e-01
192        1.271200000000000108e-01
1332       1.275199999999999945e-01
786        1.277999999999999969e-01
69         1.279200000000000059e-01
724        1.291800000000000170e-01
9          1.294000000000000150e-01
819        1.294600000000000195e-01
848        1.294600000000000195e-01
1095       1.299200000000000077e-01
1428       1.301200000000000134e-01
152        1.301599999999999979e-01
1051       1.304600000000000204e-01
1532       1.308799999999999963e-01
754        1.313000000000000278e-01
424        1.317200000000000037e-01
247        1.322400000000000242e-01
62         1.325399999999999912e-01
489        1.326600000000000001e-01
403        1.337400000000000255e-01
768        1.356600000000000028e-01
1351       1.360600000000000143e-01
136        1.367200000000000082e-01
1478       1.379400000000000071e-01
812        1.382200000000000095e-01
525        1.388999999999999957e-01
1382       1.388999999999999957e-01
1587       1.389600000000000002e-01
833        1.390200000000000047e-01
362        1.390399999999999969e-01
862        1.392800000000000149e-01
580        1.396799999999999986e-01
618        1.397400000000000031e-01
305        1.402200000000000113e-01
281        1.405600000000000183e-01
1379       1.415200000000000069e-01
505        1.422400000000000053e-01
985        1.431000000000000050e-01
515        1.439600000000000046e-01
407        1.452400000000000080e-01
180        1.454600000000000060e-01
1107       1.459400000000000142e-01
715        1.461600000000000121e-01
239        1.464799999999999991e-01
142        1.472600000000000020e-01
983        1.474200000000000232e-01
704        1.475200000000000122e-01
550        1.476600000000000135e-01
809        1.477400000000000102e-01
1422       1.480400000000000049e-01
1072       1.481200000000000017e-01
1475       1.484600000000000086e-01
1569       1.486800000000000066e-01
92         1.489000000000000046e-01
1081       1.489000000000000046e-01
1460       1.490200000000000136e-01
1450       1.492400000000000115e-01
1399       1.494200000000000250e-01
234        1.495599999999999985e-01
1055       1.498000000000000165e-01
776        1.502000000000000279e-01
1355       1.503400000000000014e-01
951        1.505599999999999994e-01
467        1.506200000000000039e-01
567        1.506599999999999884e-01
1482       1.508000000000000174e-01
471        1.512400000000000133e-01
497        1.514399999999999913e-01
603        1.518400000000000027e-01
121        1.524399999999999922e-01
1240       1.524399999999999922e-01
824        1.525200000000000167e-01
138        1.527199999999999946e-01
1470       1.529999999999999971e-01
939        1.531800000000000106e-01
288        1.538199999999999845e-01
1336       1.540600000000000025e-01
153        1.541200000000000070e-01
1067       1.541400000000000270e-01
938        1.543600000000000250e-01
791        1.552400000000000169e-01
570        1.554799999999999793e-01
566        1.555600000000000038e-01
1473       1.557599999999999818e-01
504        1.558000000000000218e-01
79         1.562599999999999822e-01
608        1.573000000000000231e-01
984        1.573000000000000231e-01
856        1.574200000000000321e-01
629        1.580800000000000261e-01
693        1.580999999999999905e-01
1412       1.582000000000000073e-01
638        1.590200000000000224e-01
568        1.593000000000000249e-01
217        1.599399999999999988e-01
1297       1.608000000000000262e-01
298        1.609799999999999842e-01
828        1.611200000000000132e-01
793        1.611400000000000055e-01
145        1.615200000000000247e-01
501        1.622400000000000231e-01
1403       1.626400000000000068e-01
878        1.629600000000000215e-01
247        1.634200000000000097e-01
428        1.635600000000000109e-01
1381       1.635800000000000032e-01
971        1.636200000000000154e-01
414        1.636800000000000199e-01
1036       1.637599999999999889e-01
920        1.639000000000000179e-01
59         1.643000000000000016e-01
1378       1.644600000000000228e-01
1342       1.644799999999999873e-01
1196       1.649400000000000033e-01
1018       1.649799999999999878e-01
1206       1.659000000000000197e-01
1116       1.659799999999999887e-01
103        1.663199999999999956e-01
963        1.667000000000000148e-01
373        1.671800000000000230e-01
153        1.673199999999999965e-01
934        1.676600000000000035e-01
283        1.678800000000000014e-01
531        1.680600000000000149e-01
70         1.681200000000000194e-01
1592       1.686600000000000044e-01
410        1.689599999999999991e-01
36         1.690200000000000036e-01
1488       1.690200000000000036e-01
648        1.690600000000000158e-01
241        1.692400000000000015e-01
470        1.695800000000000085e-01
481        1.698600000000000110e-01
1583       1.700200000000000045e-01
250        1.701000000000000012e-01
1452       1.701799999999999979e-01
140        1.705200000000000049e-01
115        1.707000000000000184e-01
260        1.711400000000000143e-01
1414       1.712400000000000033e-01
1113       1.718200000000000005e-01
1275       1.727599999999999969e-01
310        1.728999999999999981e-01
1547       1.729400000000000104e-01
861        1.738000000000000100e-01
597        1.741800000000000015e-01
1424       1.742200000000000137e-01
296        1.744799999999999962e-01
1207       1.748600000000000154e-01
1408       1.750200000000000089e-01
196        1.758200000000000041e-01
62         1.761199999999999988e-01
1240       1.762400000000000078e-01
459        1.770400000000000029e-01
1091       1.773399999999999976e-01
145        1.782799999999999940e-01
540        1.784400000000000153e-01
1533       1.785800000000000165e-01
523        1.787600000000000022e-01
167        1.795599999999999974e-01
391        1.807199999999999918e-01
454        1.809800000000000020e-01
1057       1.815200000000000147e-01
455        1.821599999999999886e-01
739        1.825400000000000078e-01
1221       1.829999999999999960e-01
387        1.830400000000000083e-01
1569       1.831400000000000250e-01
662        1.837000000000000299e-01
804        1.837600000000000067e-01
1509       1.842600000000000071e-01
395        1.847199999999999953e-01
1599       1.857400000000000162e-01
290        1.858799999999999897e-01
1471       1.860600000000000032e-01
181        1.863000000000000211e-01
969        1.863799999999999901e-01
1039       1.877199999999999980e-01
376        1.879399999999999959e-01
985        1.882400000000000184e-01
1312       1.885999999999999899e-01
725        1.887599999999999834e-01
1055       1.897000000000000075e-01
125        1.904399999999999982e-01
960        1.904799999999999827e-01
1108       1.905200000000000227e-01
675        1.910600000000000076e-01
1066       1.912599999999999856e-01
96         1.912800000000000056e-01
1430       1.913199999999999901e-01
304        1.915600000000000080e-01
99         1.915800000000000280e-01
745        1.917800000000000060e-01
1405       1.917800000000000060e-01
46         1.920600000000000085e-01
1492       1.920999999999999930e-01
1513       1.921200000000000130e-01
1012       1.922599999999999865e-01
910        1.924600000000000199e-01
274        1.925600000000000089e-01
519        1.927599999999999869e-01
695        1.930600000000000094e-01
742        1.931800000000000184e-01
458        1.933000000000000274e-01
837        1.937400000000000233e-01
1242       1.942800000000000082e-01
573        1.943600000000000050e-01
139        1.945399999999999907e-01
1156       1.949200000000000099e-01
1595       1.955200000000000271e-01
301        1.957800000000000096e-01
1442       1.962000000000000133e-01
1046       1.965000000000000080e-01
1374       1.969600000000000239e-01
106        1.971400000000000097e-01
131        1.972599999999999909e-01
102        1.973199999999999954e-01
457        1.978600000000000081e-01
823        1.982200000000000073e-01
1467       1.982800000000000118e-01
693        1.985999999999999988e-01
181        1.986200000000000188e-01
1407       1.988199999999999967e-01
1172       1.989400000000000057e-01
701        1.990000000000000102e-01
1580       1.990999999999999992e-01
821        1.995399999999999952e-01
1370       1.995399999999999952e-01
904        1.998600000000000099e-01
257        1.998800000000000021e-01
1142       1.999200000000000144e-01
1169       1.999599999999999989e-01
1529       2.005000000000000115e-01
48         2.008199999999999985e-01
1365       2.008199999999999985e-01
963        2.011600000000000055e-01
21         2.011799999999999977e-01
1567       2.014400000000000079e-01
365        2.020800000000000096e-01
1278       2.021600000000000064e-01
46         2.023600000000000121e-01
1350       2.023999999999999966e-01
1514       2.035800000000000110e-01
263        2.044800000000000229e-01
333        2.048000000000000098e-01
1458       2.051000000000000045e-01
1137       2.056800000000000017e-01
1228       2.065000000000000169e-01
1096       2.066400000000000181e-01
784        2.069600000000000051e-01
1276       2.072200000000000153e-01
485        2.073800000000000088e-01
1243       2.076400000000000190e-01
293        2.083399999999999974e-01
610        2.088399999999999979e-01
1414       2.088399999999999979e-01
938        2.088600000000000179e-01
1334       2.089400000000000146e-01
214        2.089800000000000268e-01
1550       2.091200000000000003e-01
1150       2.092200000000000171e-01
1488       2.092200000000000171e-01
640        2.094600000000000073e-01
191        2.095800000000000163e-01
309        2.096200000000000008e-01
303        2.096800000000000053e-01
1416       2.096800000000000053e-01
324        2.099200000000000232e-01
390        2.102000000000000257e-01
359        2.104800000000000282e-01
439        2.111000000000000099e-01
966        2.116000000000000103e-01
370        2.116200000000000025e-01
1317       2.120599999999999985e-01
1051       2.121800000000000075e-01
1112       2.126200000000000034e-01
120        2.128000000000000169e-01
584        2.128200000000000092e-01
1197       2.129000000000000059e-01
1551       2.129399999999999904e-01
1466       2.129800000000000304e-01
520        2.139800000000000313e-01
200        2.145400000000000085e-01
337        2.154999999999999971e-01
861        2.168799999999999895e-01
415        2.172800000000000009e-01
1124       2.175800000000000234e-01
1479       2.175800000000000234e-01
1003       2.178400000000000059e-01
316        2.179000000000000103e-01
590        2.182000000000000328e-01
432        2.187400000000000178e-01
151        2.188400000000000067e-01
1373       2.189200000000000312e-01
284        2.191400000000000292e-01
592        2.193400000000000072e-01
109        2.194600000000000162e-01
1199       2.195600000000000052e-01
1046       2.195800000000000252e-01
357        2.200600000000000056e-01
1499       2.206400000000000305e-01
1511       2.207599999999999840e-01
1554       2.218400000000000094e-01
1065       2.224800000000000111e-01
785        2.225200000000000233e-01
700        2.228199999999999903e-01
148        2.232200000000000017e-01
1231       2.237800000000000067e-01
54         2.239800000000000124e-01
532        2.240600000000000092e-01
210        2.247400000000000231e-01
1008       2.260399999999999909e-01
1271       2.261800000000000199e-01
755        2.263000000000000289e-01
1169       2.265399999999999914e-01
1119       2.265800000000000036e-01
106        2.266600000000000004e-01
107        2.270600000000000118e-01
342        2.272400000000000253e-01
956        2.274200000000000110e-01
90         2.275000000000000078e-01
1260       2.275399999999999923e-01
355        2.275600000000000123e-01
1412       2.283799999999999997e-01
1144       2.284600000000000242e-01
1404       2.284800000000000164e-01
851        2.287000000000000144e-01
1112       2.288000000000000034e-01
1418       2.290000000000000091e-01
399        2.290999999999999981e-01
33         2.294600000000000251e-01
856        2.295200000000000018e-01
1598       2.296800000000000230e-01
1472       2.298199999999999965e-01
1207       2.298400000000000165e-01
203        2.298600000000000088e-01
1274       2.300600000000000145e-01
458        2.300800000000000067e-01
949        2.302000000000000157e-01
1092       2.302400000000000002e-01
642        2.307800000000000129e-01
1437       2.309400000000000064e-01
328        2.314800000000000191e-01
1481       2.322599999999999942e-01
1293       2.326600000000000057e-01
1446       2.328400000000000192e-01
350        2.329800000000000204e-01
508        2.330200000000000049e-01
53         2.331200000000000216e-01
1379       2.331600000000000061e-01
1222       2.334200000000000164e-01
1212       2.336799999999999988e-01
1176       2.338800000000000046e-01
861        2.340600000000000180e-01
1485       2.346799999999999997e-01
1594       2.350399999999999989e-01
598        2.355399999999999994e-01
1503       2.358000000000000096e-01
1019       2.359400000000000108e-01
439        2.359600000000000031e-01
1463       2.363000000000000100e-01
480        2.365600000000000203e-01
1298       2.368000000000000105e-01
596        2.370000000000000162e-01
14         2.373600000000000154e-01
1113       2.374200000000000199e-01
595        2.376199999999999979e-01
796        2.378800000000000081e-01
572        2.387600000000000000e-01
1542       2.389000000000000012e-01
61         2.393800000000000094e-01
289        2.393800000000000094e-01
513        2.394600000000000062e-01
101        2.397000000000000242e-01
485        2.399000000000000021e-01
767        2.399999999999999911e-01
237        2.400400000000000034e-01
642        2.402000000000000246e-01
1532       2.403399999999999981e-01
616        2.406000000000000083e-01
1497       2.406800000000000050e-01
753        2.408800000000000108e-01
1504       2.413000000000000145e-01
115        2.416400000000000214e-01
682        2.417400000000000104e-01
1214       2.417600000000000027e-01
1341       2.423200000000000076e-01
953        2.423600000000000199e-01
814        2.427400000000000113e-01
628        2.429200000000000248e-01
775        2.432799999999999963e-01
1383       2.441000000000000114e-01
872        2.442799999999999971e-01
1392       2.446400000000000241e-01
1546       2.447600000000000053e-01
1436       2.448800000000000143e-01
406        2.450200000000000156e-01
161        2.451400000000000245e-01
1234       2.452799999999999980e-01
674        2.454399999999999915e-01
1040       2.454600000000000115e-01
912        2.455800000000000205e-01
755        2.459800000000000320e-01
582        2.463200000000000112e-01
1369       2.463799999999999879e-01
219        2.467400000000000149e-01
1211       2.472400000000000153e-01
66         2.475800000000000223e-01
332        2.476599999999999913e-01
906        2.477600000000000358e-01
446        2.480999999999999872e-01
1599       2.483199999999999852e-01
655        2.484200000000000297e-01
831        2.485600000000000032e-01
278        2.491800000000000126e-01
260        2.492199999999999971e-01
12         2.494600000000000151e-01
302        2.496400000000000285e-01
1189       2.497000000000000330e-01
208        2.500600000000000045e-01
1589       2.501599999999999935e-01
1393       2.503600000000000270e-01
385        2.504200000000000315e-01
541        2.506800000000000139e-01
670        2.508000000000000229e-01
1409       2.508400000000000074e-01
1556       2.513199999999999878e-01
1490       2.520999999999999908e-01
1242       2.522600000000000398e-01
1348       2.527800000000000047e-01
902        2.528000000000000247e-01
640        2.530600000000000072e-01
1433       2.533600000000000296e-01
1325       2.540399999999999880e-01
1468       2.541599999999999970e-01
1159       2.543400000000000105e-01
173        2.545800000000000285e-01
1336       2.546800000000000175e-01
221        2.547400000000000220e-01
1495       2.548799999999999955e-01
175        2.549000000000000155e-01
1043       2.549200000000000355e-01
1411       2.553199999999999914e-01
506        2.554000000000000159e-01
669        2.555200000000000249e-01
56         2.559600000000000208e-01
701        2.559800000000000408e-01
1085       2.560600000000000098e-01
769        2.565000000000000058e-01
576        2.565600000000000103e-01
1191       2.566200000000000148e-01
428        2.571999999999999842e-01
442        2.576000000000000512e-01
220        2.576999999999999846e-01
1281       2.579200000000000381e-01
1477       2.588000000000000300e-01
129        2.594200000000000395e-01
1578       2.595600000000000129e-01
504        2.596399999999999819e-01
587        2.596600000000000574e-01
1276       2.601999999999999869e-01
856        2.604599999999999693e-01
782        2.605400000000000493e-01
855        2.609400000000000053e-01
677        2.611000000000000543e-01
295        2.613199999999999967e-01
248        2.615400000000000502e-01
1144       2.615799999999999792e-01
449        2.617400000000000282e-01
1131       2.618000000000000327e-01
992        2.619200000000000417e-01
1372       2.619400000000000062e-01
1481       2.620600000000000152e-01
76         2.621000000000000552e-01
1138       2.622400000000000286e-01
178        2.623000000000000331e-01
238        2.628199999999999981e-01
672        2.630400000000000515e-01
893        2.636200000000000210e-01
437        2.642599999999999949e-01
643        2.643999999999999684e-01
1084       2.647599999999999953e-01
50         2.653200000000000003e-01
452        2.653999999999999693e-01
706        2.670399999999999996e-01
97         2.672599999999999976e-01
1121       2.675199999999999800e-01
783        2.685199999999999809e-01
185        2.686800000000000299e-01
1255       2.690400000000000014e-01
314        2.692400000000000349e-01
811        2.692599999999999993e-01
21         2.694200000000000483e-01
473        2.700199999999999823e-01
212        2.700600000000000223e-01
594        2.713800000000000101e-01
1055       2.717800000000000216e-01
1561       2.718999999999999750e-01
14         2.720799999999999885e-01
1138       2.726000000000000090e-01
1504       2.726800000000000335e-01
263        2.729400000000000159e-01
1021       2.730000000000000204e-01
32         2.731999999999999984e-01
122        2.733599999999999919e-01
649        2.735199999999999854e-01
915        2.735199999999999854e-01
492        2.736000000000000099e-01
385        2.738000000000000433e-01
1236       2.748800000000000132e-01
282        2.755400000000000071e-01
64         2.760600000000000276e-01
419        2.764000000000000346e-01
561        2.767200000000000215e-01
1549       2.767200000000000215e-01
400        2.767400000000000415e-01
1416       2.768200000000000105e-01
880        2.769199999999999995e-01
26         2.770199999999999885e-01
667        2.775199999999999889e-01
1090       2.777000000000000024e-01
1472       2.777999999999999914e-01
1256       2.778200000000000114e-01
329        2.780000000000000249e-01
1451       2.780000000000000249e-01
1076       2.780199999999999894e-01
835        2.783200000000000118e-01
339        2.783400000000000318e-01
624        2.783400000000000318e-01
990        2.785000000000000253e-01
276        2.785400000000000098e-01
0          2.787399999999999878e-01
337        2.791200000000000347e-01
189        2.791399999999999992e-01
775        2.792600000000000082e-01
1339       2.796000000000000152e-01
1323       2.796800000000000397e-01
306        2.797600000000000087e-01
1133       2.798599999999999977e-01
252        2.799599999999999866e-01
933        2.800799999999999956e-01
542        2.801800000000000401e-01
982        2.805199999999999916e-01
1037       2.806600000000000206e-01
1338       2.807200000000000251e-01
679        2.812999999999999945e-01
383        2.813400000000000345e-01
766        2.813599999999999990e-01
1454       2.813599999999999990e-01
264        2.817600000000000104e-01
285        2.820400000000000129e-01
129        2.820799999999999974e-01
1378       2.822600000000000109e-01
201        2.823800000000000199e-01
551        2.823800000000000199e-01
1328       2.828600000000000003e-01
790        2.829599999999999893e-01
815        2.830000000000000293e-01
1319       2.830799999999999983e-01
993        2.837800000000000322e-01
1049       2.837999999999999967e-01
219        2.840199999999999947e-01
303        2.841600000000000237e-01
1370       2.847800000000000331e-01
566        2.850000000000000311e-01
508        2.852399999999999936e-01
741        2.852399999999999936e-01
141        2.855599999999999805e-01
158        2.856799999999999895e-01
1427       2.859400000000000275e-01
676        2.861199999999999855e-01
204        2.863600000000000034e-01
900        2.864599999999999924e-01
962        2.866600000000000259e-01
1581       2.866799999999999904e-01
1384       2.867000000000000104e-01
832        2.869000000000000439e-01
1409       2.869599999999999929e-01
413        2.871199999999999863e-01
607        2.878200000000000203e-01
882        2.878400000000000403e-01
273        2.880400000000000182e-01
428        2.881000000000000227e-01
1350       2.884800000000000142e-01
190        2.885199999999999987e-01
463        2.885400000000000187e-01
125        2.885599999999999832e-01
1165       2.886000000000000232e-01
1207       2.890800000000000036e-01
1547       2.891199999999999881e-01
923        2.894000000000000461e-01
514        2.894599999999999951e-01
1196       2.896400000000000086e-01
1586       2.896400000000000086e-01
1411       2.897000000000000131e-01
170        2.898000000000000020e-01
758        2.898200000000000220e-01
878        2.899000000000000465e-01
887        2.899599999999999955e-01
234        2.902200000000000335e-01
736        2.904599999999999960e-01
794        2.906600000000000295e-01
1553       2.909200000000000119e-01
1462       2.912600000000000189e-01
775        2.913800000000000279e-01
1166       2.918800000000000283e-01
1094       2.924800000000000177e-01
719        2.928800000000000292e-01
1599       2.932600000000000207e-01
552        2.942600000000000215e-01
1162       2.942600000000000215e-01
160        2.943400000000000460e-01
546        2.945400000000000240e-01
71         2.947800000000000420e-01
818        2.948600000000000110e-01
1217       2.954200000000000159e-01
1301       2.956000000000000294e-01
989        2.956199999999999939e-01
568        2.957400000000000029e-01
970        2.958600000000000119e-01
778        2.969000000000000528e-01
527        2.969200000000000172e-01
1447       2.971799999999999997e-01
806        2.974800000000000222e-01
90         2.975400000000000267e-01
951        2.980200000000000071e-01
466        2.988799999999999790e-01
292        2.996800000000000019e-01
203        2.997400000000000064e-01
380        2.999600000000000044e-01
516        3.002800000000000469e-01
223        3.011400000000000188e-01
209        3.014000000000000568e-01
105        3.014800000000000257e-01
80         3.016999999999999682e-01
1024       3.019800000000000262e-01
248        3.019999999999999907e-01
513        3.025800000000000156e-01
484        3.026800000000000046e-01
1158       3.026999999999999691e-01
560        3.029200000000000226e-01
746        3.031000000000000361e-01
625        3.032599999999999740e-01
352        3.036600000000000410e-01
821        3.036600000000000410e-01
1140       3.040200000000000125e-01
1555       3.041200000000000014e-01
1061       3.044600000000000084e-01
826        3.044999999999999929e-01
1335       3.048199999999999799e-01
844        3.048600000000000199e-01
862        3.049200000000000244e-01
787        3.049800000000000288e-01
1104       3.049800000000000288e-01
48         3.053199999999999803e-01
768        3.056000000000000383e-01
1474       3.056600000000000428e-01
371        3.056999999999999718e-01
1390       3.057400000000000118e-01
850        3.058400000000000563e-01
1023       3.059800000000000297e-01
1138       3.062599999999999767e-01
1005       3.063400000000000567e-01
39         3.064399999999999902e-01
1296       3.065799999999999637e-01
783        3.076200000000000045e-01
1343       3.080400000000000360e-01
455        3.080799999999999650e-01
881        3.081600000000000450e-01
182        3.088000000000000189e-01
230        3.092400000000000149e-01
1092       3.101200000000000068e-01
1084       3.101600000000000468e-01
916        3.107599999999999807e-01
953        3.108000000000000207e-01
475        3.116200000000000081e-01
446        3.121399999999999730e-01
428        3.138400000000000634e-01
1045       3.139599999999999613e-01
1550       3.148199999999999887e-01
1216       3.152400000000000202e-01
1552       3.152400000000000202e-01
1126       3.152599999999999847e-01
302        3.154599999999999627e-01
46         3.163199999999999901e-01
1058       3.163600000000000301e-01
1029       3.163799999999999946e-01
570        3.165799999999999725e-01
32         3.166200000000000125e-01
1328       3.171800000000000175e-01
481        3.172200000000000575e-01
1063       3.173400000000000110e-01
1071       3.175199999999999689e-01
1381       3.177599999999999869e-01
37         3.178199999999999914e-01
260        3.178400000000000114e-01
243        3.187200000000000588e-01
721        3.189200000000000368e-01
654        3.192599999999999882e-01
638        3.194800000000000417e-01
1526       3.194800000000000417e-01
990        3.212800000000000100e-01
1383       3.214800000000000435e-01
1036       3.217400000000000260e-01
28         3.221399999999999819e-01
340        3.225600000000000134e-01
713        3.234000000000000208e-01
868        3.234400000000000053e-01
1393       3.247200000000000086e-01
1558       3.255799999999999805e-01
620        3.274599999999999733e-01
1447       3.277599999999999958e-01
160        3.288200000000000012e-01
613        3.288600000000000412e-01
679        3.288600000000000412e-01
215        3.293200000000000016e-01
1127       3.294599999999999751e-01
1457       3.295799999999999841e-01
971        3.305000000000000160e-01
455        3.307200000000000140e-01
1208       3.310000000000000164e-01
1383       3.321800000000000308e-01
927        3.324400000000000133e-01
655        3.329000000000000292e-01
1531       3.332200000000000162e-01
1121       3.333400000000000252e-01
732        3.334599999999999786e-01
1411       3.334799999999999986e-01
806        3.335400000000000031e-01
1017       3.344400000000000150e-01
1102       3.345000000000000195e-01
1240       3.345000000000000195e-01
997        3.345600000000000240e-01
1023       3.346999999999999975e-01
258        3.355199999999999849e-01
1499       3.358600000000000474e-01
1303       3.359800000000000009e-01
200        3.364400000000000168e-01
429        3.367200000000000193e-01
1545       3.367400000000000393e-01
1361       3.372400000000000397e-01
438        3.376800000000000357e-01
1060       3.377600000000000047e-01
330        3.379000000000000337e-01
1137       3.379199999999999982e-01
1112       3.382400000000000406e-01
563        3.382800000000000251e-01
1146       3.385199999999999876e-01
1250       3.387000000000000011e-01
932        3.388200000000000101e-01
1401       3.392000000000000015e-01
261        3.394400000000000195e-01
638        3.395400000000000085e-01
439        3.396000000000000130e-01
1353       3.396000000000000130e-01
488        3.396600000000000175e-01
814        3.398800000000000154e-01
504        3.399599999999999844e-01
1283       3.402000000000000024e-01
323        3.405400000000000094e-01
1293       3.406000000000000139e-01
217        3.410400000000000098e-01
762        3.422399999999999887e-01
1396       3.423200000000000132e-01
880        3.428599999999999981e-01
1423       3.432800000000000296e-01
1506       3.437999999999999945e-01
371        3.439000000000000390e-01
1528       3.441600000000000215e-01
602        3.442600000000000104e-01
1425       3.446000000000000174e-01
1126       3.449000000000000399e-01
825        3.450199999999999934e-01
800        3.454400000000000248e-01
920        3.456400000000000028e-01
739        3.456600000000000228e-01
981        3.456799999999999873e-01
651        3.458600000000000008e-01
702        3.459000000000000408e-01
745        3.460600000000000342e-01
277        3.462399999999999922e-01
1165       3.462600000000000122e-01
611        3.466200000000000392e-01
36         3.466400000000000037e-01
170        3.467800000000000327e-01
460        3.471000000000000196e-01
1521       3.472200000000000286e-01
1284       3.478800000000000225e-01
1354       3.479400000000000270e-01
473        3.479599999999999915e-01
742        3.480000000000000315e-01
15         3.484400000000000275e-01
1513       3.492399999999999949e-01
548        3.494200000000000084e-01
963        3.494599999999999929e-01
253        3.497200000000000308e-01
776        3.503400000000000403e-01
177        3.506799999999999917e-01
271        3.507200000000000317e-01
121        3.510599999999999832e-01
202        3.512200000000000322e-01
911        3.514800000000000146e-01
770        3.515199999999999991e-01
855        3.515599999999999836e-01
887        3.515599999999999836e-01
881        3.517600000000000171e-01
669        3.519000000000000461e-01
117        3.524599999999999955e-01
14         3.526400000000000090e-01
384        3.530800000000000050e-01
1567       3.532399999999999984e-01
1          3.534400000000000319e-01
1086       3.534599999999999964e-01
223        3.534999999999999809e-01
603        3.539000000000000479e-01
508        3.539800000000000169e-01
760        3.544599999999999973e-01
631        3.544800000000000173e-01
1111       3.544800000000000173e-01
876        3.545599999999999863e-01
574        3.552800000000000402e-01
1437       3.553400000000000447e-01
630        3.553600000000000092e-01
743        3.553600000000000092e-01
1357       3.554000000000000492e-01
1058       3.556400000000000117e-01
43         3.560800000000000076e-01
551        3.562200000000000366e-01
1310       3.562800000000000411e-01
345        3.565599999999999881e-01
1541       3.567200000000000371e-01
1129       3.568600000000000105e-01
1479       3.568600000000000105e-01
475        3.569399999999999795e-01
66         3.569599999999999995e-01
93         3.570400000000000240e-01
111        3.572200000000000375e-01
1456       3.573400000000000465e-01
899        3.574399999999999800e-01
518        3.574600000000000000e-01
696        3.575400000000000245e-01
199        3.577600000000000224e-01
1218       3.578799999999999759e-01
1185       3.580599999999999894e-01
981        3.586199999999999943e-01
813        3.588000000000000078e-01
847        3.589800000000000213e-01
124        3.592000000000000193e-01
867        3.594399999999999817e-01
865        3.594800000000000217e-01
1337       3.594800000000000217e-01
667        3.594999999999999862e-01
1121       3.594999999999999862e-01
690        3.595200000000000062e-01
446        3.600800000000000112e-01
527        3.605800000000000116e-01
642        3.610400000000000276e-01
1075       3.611400000000000166e-01
1344       3.615800000000000125e-01
363        3.620400000000000285e-01
998        3.621000000000000330e-01
173        3.623000000000000109e-01
614        3.632800000000000473e-01
266        3.633199999999999763e-01
1445       3.634399999999999853e-01
699        3.634800000000000253e-01
1113       3.649200000000000221e-01
1209       3.654000000000000581e-01
114        3.659600000000000075e-01
1416       3.662400000000000100e-01
218        3.663000000000000145e-01
160        3.664200000000000235e-01
1103       3.664200000000000235e-01
131        3.666000000000000369e-01
1535       3.666000000000000369e-01
1173       3.667400000000000104e-01
358        3.669000000000000594e-01
281        3.673400000000000554e-01
268        3.673600000000000199e-01
403        3.674000000000000599e-01
1098       3.674200000000000244e-01
1492       3.675400000000000333e-01
739        3.677200000000000468e-01
1163       3.679600000000000093e-01
1435       3.688199999999999812e-01
1181       3.693199999999999816e-01
732        3.701399999999999690e-01
661        3.711399999999999699e-01
1135       3.719200000000000284e-01
283        3.723400000000000598e-01
1175       3.729999999999999982e-01
1035       3.741399999999999726e-01
564        3.741600000000000481e-01
127        3.741999999999999771e-01
601        3.745400000000000396e-01
553        3.752400000000000180e-01
68         3.753199999999999870e-01
869        3.755000000000000004e-01
345        3.756399999999999739e-01
323        3.756399999999999739e-01
209        3.757800000000000584e-01
440        3.758199999999999874e-01
840        3.758600000000000274e-01
1252       3.760600000000000054e-01
356        3.761399999999999744e-01
141        3.764399999999999968e-01
371        3.766200000000000103e-01
400        3.773000000000000242e-01
51         3.773799999999999932e-01
357        3.791200000000000125e-01
1424       3.791999999999999815e-01
939        3.792800000000000615e-01
1108       3.793199999999999905e-01
1047       3.794000000000000150e-01
343        3.798600000000000310e-01
192        3.807800000000000629e-01
477        3.815799999999999748e-01
466        3.815799999999999748e-01
1441       3.818400000000000127e-01
1397       3.819200000000000372e-01
1270       3.819599999999999662e-01
1255       3.826200000000000156e-01
1231       3.828199999999999936e-01
719        3.830400000000000471e-01
38         3.831999999999999851e-01
243        3.835000000000000075e-01
144        3.837400000000000255e-01
85         3.842200000000000615e-01
545        3.848199999999999954e-01
1136       3.858199999999999963e-01
275        3.862599999999999922e-01
706        3.868800000000000017e-01
953        3.876999999999999891e-01
215        3.877599999999999936e-01
300        3.878199999999999981e-01
985        3.880199999999999760e-01
592        3.880400000000000515e-01
1054       3.886399999999999855e-01
853        3.890799999999999814e-01
1261       3.893199999999999994e-01
505        3.893800000000000039e-01
46         3.895199999999999774e-01
254        3.897599999999999953e-01
386        3.898199999999999998e-01
310        3.898600000000000398e-01
284        3.899000000000000243e-01
778        3.901600000000000068e-01
346        3.902599999999999958e-01
1063       3.903000000000000358e-01
973        3.904000000000000248e-01
972        3.904800000000000493e-01
335        3.906399999999999872e-01
404        3.910199999999999787e-01
1406       3.930600000000000205e-01
608        3.937200000000000144e-01
1116       3.944400000000000128e-01
123        3.945799999999999863e-01
1089       3.948600000000000443e-01
1111       3.950600000000000223e-01
1157       3.954600000000000337e-01
868        3.958200000000000052e-01
96         3.963200000000000056e-01
99         3.965600000000000236e-01
1250       3.969799999999999995e-01
529        3.978000000000000425e-01
1062       3.984200000000000519e-01
808        3.985199999999999854e-01
693        3.990799999999999903e-01
689        3.991200000000000303e-01
297        3.993600000000000483e-01
111        3.995000000000000218e-01
794        4.000400000000000067e-01
763        4.004000000000000337e-01
250        4.011600000000000166e-01
1199       4.013599999999999945e-01
1015       4.014600000000000390e-01
1071       4.019800000000000040e-01
464        4.027800000000000269e-01
1590       4.029000000000000359e-01
873        4.031399999999999983e-01
196        4.033000000000000473e-01
592        4.034200000000000008e-01
810        4.035600000000000298e-01
858        4.036200000000000343e-01
754        4.039400000000000213e-01
346        4.040400000000000102e-01
1469       4.042800000000000282e-01
552        4.044600000000000417e-01
1363       4.050400000000000111e-01
834        4.057999999999999940e-01
249        4.065000000000000280e-01
230        4.071200000000000374e-01
1266       4.071400000000000019e-01
844        4.073599999999999999e-01
437        4.073800000000000199e-01
64         4.079600000000000448e-01
1367       4.090400000000000147e-01
848        4.102600000000000136e-01
1399       4.103400000000000380e-01
667        4.104400000000000270e-01
1122       4.106799999999999895e-01
1243       4.109200000000000075e-01
1095       4.111000000000000210e-01
45         4.115800000000000014e-01
721        4.119400000000000284e-01
641        4.129000000000000448e-01
164        4.129200000000000093e-01
297        4.135000000000000342e-01
865        4.137399999999999967e-01
198        4.140000000000000346e-01
42         4.141600000000000281e-01
1333       4.145599999999999841e-01
300        4.148400000000000420e-01
1208       4.148800000000000265e-01
696        4.149000000000000465e-01
224        4.151799999999999935e-01
1435       4.152399999999999980e-01
1505       4.154000000000000470e-01
676        4.154200000000000115e-01
193        4.156400000000000095e-01
263        4.166400000000000103e-01
706        4.169200000000000128e-01
1289       4.171400000000000108e-01
812        4.172200000000000353e-01
801        4.172600000000000198e-01
27         4.176799999999999957e-01
502        4.177000000000000157e-01
211        4.178200000000000247e-01
973        4.179000000000000492e-01
593        4.182600000000000207e-01
690        4.184600000000000541e-01
824        4.188000000000000056e-01
443        4.188600000000000101e-01
672        4.192200000000000371e-01
308        4.193400000000000460e-01
1184       4.199000000000000510e-01
1398       4.199000000000000510e-01
411        4.213400000000000478e-01
510        4.217600000000000238e-01
60         4.217800000000000438e-01
450        4.224200000000000177e-01
650        4.228400000000000492e-01
950        4.228400000000000492e-01
1153       4.229600000000000581e-01
567        4.230400000000000271e-01
1059       4.245599999999999929e-01
771        4.248799999999999799e-01
1465       4.249200000000000199e-01
1577       4.249200000000000199e-01
1508       4.249800000000000244e-01
691        4.251000000000000334e-01
474        4.254399999999999848e-01
489        4.255200000000000093e-01
1328       4.255200000000000093e-01
527        4.257400000000000073e-01
285        4.257600000000000273e-01
1090       4.261000000000000343e-01
488        4.262200000000000433e-01
1414       4.270400000000000307e-01
164        4.273199999999999776e-01
25         4.273799999999999821e-01
897        4.277599999999999736e-01
909        4.279800000000000271e-01
159        4.281600000000000406e-01
1305       4.281600000000000406e-01
102        4.281800000000000050e-01
409        4.282599999999999740e-01
800        4.284600000000000630e-01
1323       4.286800000000000055e-01
1120       4.288199999999999790e-01
1571       4.290800000000000169e-01
839        4.291800000000000059e-01
96         4.292599999999999749e-01
1251       4.292599999999999749e-01
514        4.298199999999999799e-01
977        4.305599999999999983e-01
922        4.308799999999999852e-01
1083       4.309999999999999942e-01
157        4.328400000000000580e-01
116        4.335799999999999654e-01
626        4.337400000000000144e-01
1102       4.347200000000000508e-01
14         4.348000000000000198e-01
46         4.349200000000000288e-01
209        4.349800000000000333e-01
453        4.352800000000000558e-01
1587       4.352800000000000558e-01
265        4.354000000000000647e-01
190        4.355400000000000382e-01
861        4.359600000000000697e-01
1231       4.359600000000000697e-01
992        4.359800000000000342e-01
607        4.361000000000000432e-01
1538       4.363000000000000211e-01
53         4.364000000000000656e-01
1461       4.366999999999999771e-01
1261       4.367800000000000571e-01
1426       4.369999999999999996e-01
1007       4.372400000000000175e-01
211        4.373199999999999865e-01
1027       4.379399999999999959e-01
1470       4.380400000000000404e-01
81         4.382800000000000584e-01
299        4.384399999999999964e-01
584        4.388600000000000279e-01
795        4.393199999999999883e-01
241        4.394200000000000328e-01
334        4.395799999999999708e-01
570        4.397400000000000198e-01
273        4.397599999999999842e-01
596        4.400000000000000022e-01
409        4.401800000000000157e-01
651        4.402200000000000557e-01
1048       4.403199999999999892e-01
1148       4.403799999999999937e-01
1560       4.404399999999999982e-01
919        4.405000000000000027e-01
1040       4.406999999999999806e-01
1315       4.410000000000000031e-01
631        4.410199999999999676e-01
1596       4.411600000000000521e-01
1006       4.413000000000000256e-01
92         4.417599999999999860e-01
1075       4.418400000000000660e-01
237        4.419200000000000350e-01
1452       4.421399999999999775e-01
694        4.427200000000000579e-01
688        4.435600000000000098e-01
1424       4.437400000000000233e-01
931        4.452400000000000246e-01
1597       4.458600000000000341e-01
76         4.462599999999999900e-01
810        4.468400000000000150e-01
946        4.473199999999999954e-01
256        4.474200000000000399e-01
1520       4.474800000000000444e-01
82         4.478800000000000003e-01
962        4.479000000000000203e-01
841        4.481200000000000183e-01
847        4.493600000000000372e-01
1590       4.500400000000000511e-01
1349       4.508199999999999985e-01
756        4.510000000000000120e-01
941        4.510600000000000165e-01
1445       4.513600000000000390e-01
1385       4.513800000000000034e-01
394        4.515400000000000524e-01
922        4.523199999999999998e-01
776        4.524800000000000488e-01
336        4.532599999999999962e-01
943        4.537400000000000322e-01
1418       4.537400000000000322e-01
1425       4.537599999999999967e-01
1186       4.543000000000000371e-01
960        4.544200000000000461e-01
1017       4.546999999999999931e-01
666        4.549600000000000311e-01
1248       4.555400000000000560e-01
985        4.559800000000000519e-01
496        4.560600000000000209e-01
398        4.562800000000000189e-01
904        4.563000000000000389e-01
1103       4.565000000000000169e-01
45         4.565799999999999859e-01
838        4.566800000000000304e-01
1194       4.571999999999999953e-01
235        4.574400000000000133e-01
1443       4.578000000000000402e-01
820        4.580799999999999872e-01
587        4.588200000000000056e-01
1482       4.590000000000000191e-01
605        4.596399999999999930e-01
1407       4.596399999999999930e-01
284        4.596800000000000330e-01
672        4.597400000000000375e-01
842        4.597800000000000220e-01
389        4.601200000000000290e-01
31         4.601399999999999935e-01
834        4.603600000000000469e-01
239        4.603800000000000114e-01
1120       4.603800000000000114e-01
1222       4.604600000000000359e-01
1256       4.605799999999999894e-01
1155       4.607400000000000384e-01
1392       4.608000000000000429e-01
677        4.610199999999999854e-01
1221       4.611800000000000344e-01
200        4.612400000000000388e-01
84         4.614200000000000523e-01
488        4.617400000000000393e-01
1327       4.617400000000000393e-01
97         4.629400000000000182e-01
6          4.635000000000000231e-01
358        4.635199999999999876e-01
1054       4.636600000000000166e-01
785        4.637400000000000411e-01
149        4.638800000000000145e-01
943        4.640600000000000280e-01
191        4.642400000000000415e-01
987        4.642800000000000260e-01
1328       4.643800000000000150e-01
1017       4.652800000000000269e-01
26         4.654200000000000004e-01
663        4.657600000000000073e-01
103        4.664400000000000213e-01
1199       4.667200000000000237e-01
1298       4.668599999999999972e-01
1053       4.673800000000000177e-01
167        4.679800000000000071e-01
829        4.689400000000000235e-01
1233       4.693599999999999994e-01
1472       4.696600000000000219e-01
972        4.697400000000000464e-01
1545       4.699800000000000089e-01
363        4.704000000000000403e-01
346        4.705000000000000293e-01
503        4.708600000000000008e-01
1229       4.708600000000000008e-01
513        4.710000000000000298e-01
432        4.714400000000000257e-01
1054       4.715799999999999992e-01
1274       4.722399999999999931e-01
1481       4.722999999999999976e-01
107        4.725000000000000311e-01
1428       4.726000000000000201e-01
1498       4.729200000000000070e-01
1389       4.730600000000000360e-01
378        4.734000000000000430e-01
905        4.738800000000000234e-01
1430       4.738800000000000234e-01
222        4.739000000000000434e-01
658        4.740800000000000014e-01
1036       4.747200000000000308e-01
325        4.747399999999999953e-01
339        4.747800000000000353e-01
1451       4.748400000000000398e-01
1563       4.752399999999999958e-01
1592       4.752800000000000358e-01
1414       4.754400000000000293e-01
82         4.757600000000000162e-01
1013       4.762800000000000367e-01
359        4.764800000000000146e-01
622        4.764800000000000146e-01
1196       4.765199999999999991e-01
919        4.766400000000000081e-01
779        4.767399999999999971e-01
1404       4.783600000000000074e-01
877        4.788000000000000034e-01
887        4.801400000000000112e-01
857        4.803000000000000047e-01
998        4.803600000000000092e-01
531        4.808400000000000452e-01
37         4.809000000000000496e-01
1187       4.813200000000000256e-01
1365       4.817400000000000015e-01
342        4.820599999999999885e-01
883        4.823200000000000265e-01
347        4.825599999999999890e-01
580        4.827800000000000424e-01
52         4.829399999999999804e-01
739        4.832000000000000184e-01
1422       4.832800000000000429e-01
1578       4.832800000000000429e-01
920        4.833800000000000319e-01
942        4.836000000000000298e-01
629        4.839000000000000523e-01
233        4.843800000000000328e-01
375        4.853200000000000292e-01
595        4.864200000000000190e-01
1258       4.867600000000000260e-01
1326       4.873400000000000509e-01
1027       4.886400000000000188e-01
1069       4.888400000000000523e-01
1593       4.889600000000000612e-01
847        4.889999999999999902e-01
598        4.892200000000000437e-01
1176       4.894000000000000572e-01
409        4.896800000000000042e-01
100        4.898199999999999776e-01
411        4.898199999999999776e-01
195        4.899000000000000576e-01
719        4.899999999999999911e-01
459        4.902000000000000246e-01
769        4.903400000000000536e-01
798        4.904600000000000626e-01
1318       4.904999999999999916e-01
1080       4.906600000000000406e-01
1473       4.907000000000000250e-01
209        4.907800000000000495e-01
1194       4.907800000000000495e-01
497        4.908000000000000140e-01
1073       4.910599999999999965e-01
229        4.913199999999999790e-01
18         4.919800000000000284e-01
527        4.921000000000000374e-01
185        4.922200000000000464e-01
907        4.922200000000000464e-01
1505       4.923400000000000554e-01
533        4.924399999999999888e-01
1078       4.925200000000000689e-01
832        4.926200000000000023e-01
1181       4.926200000000000023e-01
245        4.926800000000000068e-01
207        4.927800000000000513e-01
469        4.929200000000000248e-01
1395       4.929800000000000293e-01
655        4.940599999999999992e-01
691        4.945200000000000706e-01
1108       4.946400000000000241e-01
1165       4.946999999999999731e-01
662        4.964800000000000324e-01
609        4.968400000000000594e-01
1383       4.976000000000000423e-01
1199       4.976800000000000113e-01
663        4.977200000000000513e-01
1430       4.977400000000000158e-01
165        4.989999999999999991e-01
742        4.991600000000000481e-01
428        4.998600000000000265e-01
626        5.000400000000000400e-01
1477       5.004199999999999759e-01
1177       5.005000000000000560e-01
436        5.005600000000000049e-01
1487       5.006399999999999739e-01
743        5.008599999999999719e-01
1450       5.008799999999999919e-01
1464       5.009799999999999809e-01
1079       5.010799999999999699e-01
758        5.013199999999999878e-01
103        5.015200000000000768e-01
948        5.017800000000000038e-01
449        5.018799999999999928e-01
749        5.019600000000000728e-01
234        5.027599999999999847e-01
1309       5.030400000000000427e-01
467        5.031200000000000117e-01
813        5.031800000000000717e-01
1148       5.034600000000000186e-01
35         5.036800000000000166e-01
1501       5.038200000000000456e-01
768        5.039200000000000346e-01
1320       5.040200000000000236e-01
378        5.046800000000000175e-01
62         5.051200000000000134e-01
311        5.056599999999999984e-01
907        5.057599999999999874e-01
584        5.060600000000000653e-01
1393       5.063800000000000523e-01
914        5.065000000000000613e-01
1424       5.069200000000000372e-01
1521       5.069799999999999862e-01
360        5.071799999999999642e-01
772        5.081799999999999651e-01
1015       5.082600000000000451e-01
654        5.088400000000000700e-01
537        5.090000000000000080e-01
556        5.095000000000000639e-01
106        5.096800000000000219e-01
1171       5.103600000000000358e-01
1433       5.103600000000000358e-01
373        5.108000000000000318e-01
1447       5.110799999999999788e-01
1257       5.117800000000000127e-01
1437       5.120200000000000307e-01
967        5.120999999999999996e-01
1190       5.123800000000000576e-01
1254       5.125399999999999956e-01
1540       5.129600000000000826e-01
1255       5.131200000000000205e-01
911        5.139199999999999324e-01
883        5.139600000000000835e-01
1416       5.140000000000000124e-01
573        5.143400000000000194e-01
1519       5.150200000000000333e-01
1165       5.151599999999999513e-01
1441       5.154199999999999893e-01
1337       5.157399999999999762e-01
1263       5.158599999999999852e-01
1203       5.161599999999999522e-01
435        5.164800000000000502e-01
1517       5.167000000000000481e-01
341        5.168599999999999861e-01
1502       5.168599999999999861e-01
1248       5.168800000000000061e-01
1078       5.172600000000000531e-01
194        5.176600000000000090e-01
1282       5.177800000000000180e-01
988        5.187800000000000189e-01
1443       5.188599999999999879e-01
156        5.191800000000000859e-01
519        5.192200000000000149e-01
181        5.194999999999999618e-01
1463       5.195800000000000418e-01
783        5.204600000000000337e-01
1547       5.204800000000000537e-01
1391       5.209600000000000897e-01
320        5.210200000000000387e-01
184        5.210399999999999476e-01
1459       5.211000000000000076e-01
1234       5.212400000000000366e-01
377        5.219199999999999395e-01
1148       5.226800000000000335e-01
1524       5.227200000000000735e-01
88         5.227399999999999824e-01
1175       5.230000000000000204e-01
199        5.230800000000001004e-01
1564       5.232000000000001094e-01
189        5.232400000000000384e-01
1397       5.232599999999999474e-01
357        5.235800000000000454e-01
1277       5.238200000000000633e-01
1162       5.238599999999999923e-01
1365       5.240399999999999503e-01
549        5.243200000000000083e-01
95         5.244999999999999662e-01
1191       5.244999999999999662e-01
1304       5.245800000000000463e-01
1457       5.246000000000000663e-01
521        5.250399999999999512e-01
1066       5.255400000000000071e-01
1155       5.257800000000000251e-01
137        5.259199999999999431e-01
257        5.259400000000000741e-01
401        5.264600000000000390e-01
687        5.265199999999999880e-01
622        5.266600000000000170e-01
575        5.266800000000000370e-01
19         5.267200000000000770e-01
1444       5.267200000000000770e-01
1284       5.271200000000000330e-01
1160       5.271399999999999419e-01
681        5.273799999999999599e-01
1400       5.273799999999999599e-01
828        5.274600000000000399e-01
1297       5.275800000000000489e-01
130        5.276399999999999979e-01
1430       5.278200000000000669e-01
1452       5.279800000000000049e-01
330        5.280000000000000249e-01
370        5.280800000000001049e-01
339        5.281599999999999628e-01
1455       5.284600000000000408e-01
952        5.284800000000000608e-01
1317       5.286800000000000388e-01
1012       5.287600000000000078e-01
895        5.287999999999999368e-01
892        5.289800000000000058e-01
917        5.292400000000000437e-01
911        5.297600000000000087e-01
1384       5.299600000000000977e-01
492        5.300200000000000466e-01
1403       5.304200000000000026e-01
1202       5.308200000000000696e-01
1525       5.311800000000000965e-01
1561       5.317000000000000615e-01
559        5.317200000000000815e-01
838        5.320600000000000884e-01
1114       5.327200000000000824e-01
922        5.331800000000000983e-01
1574       5.332400000000000473e-01
431        5.336800000000000432e-01
940        5.337000000000000632e-01
97         5.338400000000000922e-01
1161       5.341399999999999482e-01
323        5.342200000000000282e-01
1053       5.343200000000000172e-01
1508       5.343600000000000572e-01
869        5.348600000000000021e-01
1176       5.350800000000000001e-01
510        5.357600000000000140e-01
28         5.361399999999999499e-01
368        5.367200000000000859e-01
1412       5.367800000000000349e-01
1526       5.371800000000001019e-01
67         5.372200000000000308e-01
1094       5.372799999999999798e-01
195        5.376600000000000268e-01
606        5.384400000000000297e-01
1581       5.386000000000000787e-01
532        5.387200000000000877e-01
107        5.390800000000000036e-01
1519       5.394400000000000306e-01
1313       5.394800000000000706e-01
242        5.396600000000000286e-01
391        5.400399999999999645e-01
1456       5.402200000000000335e-01
936        5.403400000000000425e-01
363        5.405400000000000205e-01
731        5.405400000000000205e-01
1343       5.405800000000000605e-01
317        5.407999999999999474e-01
466        5.409400000000000874e-01
1124       5.414600000000000524e-01
138        5.414800000000000724e-01
39         5.416600000000000303e-01
475        5.417999999999999483e-01
12         5.418200000000000793e-01
901        5.418200000000000793e-01
1222       5.418999999999999373e-01
240        5.420399999999999663e-01
1266       5.422799999999999843e-01
1123       5.427400000000000002e-01
1421       5.431800000000001072e-01
552        5.438399999999999901e-01
1352       5.443400000000000460e-01
1034       5.444800000000000750e-01
1308       5.445800000000000640e-01
546        5.447799999999999310e-01
412        5.448800000000000310e-01
1145       5.448800000000000310e-01
519        5.448999999999999400e-01
1002       5.450000000000000400e-01
1327       5.458200000000000829e-01
1292       5.458399999999999919e-01
1280       5.462400000000000588e-01
1584       5.463999999999999968e-01
860        5.464200000000000168e-01
1141       5.468800000000000328e-01
1028       5.470000000000000417e-01
130        5.471200000000000507e-01
512        5.478000000000000647e-01
1311       5.486599999999999255e-01
250        5.486800000000000566e-01
956        5.488000000000000655e-01
1158       5.497199999999999864e-01
1061       5.497799999999999354e-01
267        5.498000000000000664e-01
1208       5.498999999999999444e-01
474        5.499199999999999644e-01
1365       5.500199999999999534e-01
68         5.500399999999999734e-01
1189       5.500399999999999734e-01
401        5.502200000000000424e-01
1573       5.502200000000000424e-01
319        5.502400000000000624e-01
1262       5.504999999999999893e-01
315        5.506599999999999273e-01
1390       5.511399999999999633e-01
1514       5.512200000000000433e-01
797        5.512400000000000633e-01
1394       5.512599999999999723e-01
10         5.514000000000000012e-01
1597       5.514000000000000012e-01
1279       5.514400000000000412e-01
1232       5.515600000000000502e-01
435        5.515800000000000702e-01
1374       5.517400000000000082e-01
618        5.521599999999999842e-01
1144       5.521599999999999842e-01
1162       5.521599999999999842e-01
338        5.522200000000000442e-01
1107       5.523600000000000732e-01
1020       5.524999999999999911e-01
1330       5.525999999999999801e-01
1206       5.527000000000000801e-01
1332       5.528399999999999981e-01
354        5.530600000000001071e-01
1195       5.531800000000001161e-01
74         5.536400000000000210e-01
1583       5.536400000000000210e-01
933        5.538200000000000900e-01
500        5.542599999999999749e-01
1557       5.545399999999999219e-01
1411       5.548800000000000399e-01
1345       5.549199999999999688e-01
1521       5.549400000000000999e-01
819        5.551200000000000578e-01
26         5.554000000000000048e-01
1023       5.556599999999999318e-01
607        5.558200000000000918e-01
608        5.560800000000000187e-01
857        5.561800000000001187e-01
1046       5.563000000000001277e-01
94         5.563400000000000567e-01
791        5.566200000000000037e-01
524        5.566599999999999326e-01
916        5.566599999999999326e-01
1523       5.572799999999999976e-01
1331       5.577000000000000846e-01
1501       5.577400000000000135e-01
485        5.578200000000000935e-01
330        5.580800000000000205e-01
1477       5.581000000000000405e-01
1297       5.585800000000000765e-01
1133       5.589199999999999724e-01
654        5.592000000000000304e-01
1157       5.592799999999999994e-01
1528       5.593200000000000394e-01
321        5.596599999999999353e-01
1472       5.600199999999999623e-01
555        5.601200000000000623e-01
632        5.601399999999999713e-01
1183       5.601599999999999913e-01
1462       5.604400000000000492e-01
961        5.606200000000000072e-01
1524       5.606200000000000072e-01
522        5.606400000000000272e-01
1113       5.610600000000001142e-01
516        5.620399999999999840e-01
154        5.620600000000001151e-01
1489       5.625600000000000600e-01
161        5.626800000000000690e-01
1087       5.627799999999999470e-01
136        5.633000000000001339e-01
571        5.633799999999999919e-01
241        5.634799999999999809e-01
187        5.635600000000000609e-01
1525       5.638200000000000989e-01
464        5.638600000000000279e-01
323        5.639800000000000368e-01
1389       5.640000000000000568e-01
102        5.640199999999999658e-01
1202       5.640600000000001168e-01
252        5.641599999999999948e-01
411        5.641599999999999948e-01
32         5.642200000000000548e-01
1563       5.644600000000000728e-01
1554       5.644600000000000728e-01
1106       5.647799999999999487e-01
18         5.649199999999999777e-01
704        5.649800000000000377e-01
1205       5.650000000000000577e-01
173        5.651200000000000667e-01
1530       5.655000000000000027e-01
1184       5.655600000000000627e-01
279        5.655999999999999917e-01
558        5.656599999999999406e-01
1134       5.656800000000000717e-01
63         5.657600000000000406e-01
511        5.657799999999999496e-01
689        5.660399999999999876e-01
1551       5.660399999999999876e-01
176        5.662399999999999656e-01
1044       5.664000000000000146e-01
822        5.673799999999999955e-01
569        5.674199999999999244e-01
298        5.675999999999999934e-01
236        5.676400000000000334e-01
124        5.676800000000000734e-01
300        5.677000000000000934e-01
1332       5.683000000000000274e-01
382        5.683599999999999763e-01
455        5.686800000000000743e-01
392        5.689800000000000413e-01
825        5.698000000000000842e-01
59         5.700800000000000312e-01
70         5.701200000000000712e-01
199        5.710800000000000320e-01
74         5.714600000000000790e-01
1291       5.715600000000000680e-01
973        5.718999999999999639e-01
1221       5.719600000000000239e-01
245        5.721399999999999819e-01
213        5.722399999999999709e-01
1365       5.725200000000000289e-01
1380       5.729400000000001159e-01
692        5.731800000000000228e-01
1050       5.736800000000000788e-01
405        5.737000000000000988e-01
1229       5.744600000000000817e-01
1596       5.746400000000000396e-01
1187       5.747600000000000486e-01
1119       5.747799999999999576e-01
923        5.751000000000000556e-01
1176       5.751800000000000246e-01
767        5.752200000000000646e-01
1171       5.752800000000000136e-01
338        5.753200000000000536e-01
957        5.754199999999999315e-01
710        5.755600000000000716e-01
221        5.758200000000001095e-01
183        5.758999999999999675e-01
396        5.760399999999999965e-01
891        5.765600000000000724e-01
514        5.766000000000000014e-01
1212       5.766200000000000214e-01
844        5.769999999999999574e-01
26         5.770800000000000374e-01
1564       5.772599999999999953e-01
1552       5.776200000000000223e-01
1368       5.777200000000000113e-01
786        5.777600000000000513e-01
1335       5.779199999999999893e-01
1313       5.780399999999999983e-01
1162       5.780800000000000383e-01
1338       5.781800000000000272e-01
139        5.797200000000000131e-01
1357       5.797200000000000131e-01
992        5.797400000000000331e-01
778        5.799600000000000311e-01
898        5.800199999999999800e-01
476        5.800400000000000000e-01
1190       5.801199999999999690e-01
606        5.802000000000000490e-01
1120       5.805200000000000360e-01
1294       5.806800000000000850e-01
223        5.807400000000000340e-01
133        5.810199999999999809e-01
1141       5.811600000000000099e-01
1005       5.811800000000000299e-01
525        5.812399999999999789e-01
1074       5.814199999999999369e-01
194        5.817799999999999638e-01
961        5.822000000000000508e-01
1195       5.824000000000000288e-01
287        5.827200000000000157e-01
372        5.827799999999999647e-01
424        5.828400000000000247e-01
868        5.835000000000000187e-01
418        5.835200000000000387e-01
1134       5.837600000000000566e-01
1355       5.838200000000001166e-01
590        5.842200000000000726e-01
1262       5.842600000000000016e-01
277        5.843200000000000616e-01
479        5.844000000000000306e-01
1152       5.845800000000000995e-01
230        5.848799999999999555e-01
1038       5.850600000000000245e-01
1477       5.850600000000000245e-01
597        5.851399999999999935e-01
1204       5.853400000000000825e-01
271        5.853599999999999914e-01
1583       5.853800000000000114e-01
738        5.857799999999999674e-01
861        5.861199999999999743e-01
519        5.865000000000000213e-01
183        5.882000000000000561e-01
646        5.882600000000000051e-01
835        5.885399999999999521e-01
1123       5.885600000000000831e-01
1242       5.887599999999999500e-01
854        5.888000000000001011e-01
588        5.889999999999999680e-01
583        5.890199999999999880e-01
694        5.890400000000000080e-01
1268       5.892000000000000570e-01
1194       5.892800000000000260e-01
752        5.893400000000000860e-01
641        5.895200000000000440e-01
141        5.896400000000000530e-01
106        5.900600000000000289e-01
998        5.900600000000000289e-01
15         5.901399999999999979e-01
275        5.901800000000000379e-01
1216       5.902399999999999869e-01
1169       5.902800000000000269e-01
1472       5.903400000000000869e-01
406        5.905000000000000249e-01
1117       5.907200000000000228e-01
1314       5.909800000000000608e-01
1381       5.911199999999999788e-01
343        5.911399999999999988e-01
1001       5.913000000000000478e-01
1213       5.913000000000000478e-01
566        5.914000000000000368e-01
884        5.915399999999999547e-01
1466       5.916000000000000147e-01
1297       5.917799999999999727e-01
1312       5.917799999999999727e-01
1309       5.920199999999999907e-01
1359       5.920800000000000507e-01
151        5.923599999999999977e-01
310        5.929400000000000226e-01
759        5.930400000000000116e-01
1222       5.933599999999999985e-01
852        5.933800000000000185e-01
758        5.934000000000000385e-01
1402       5.935600000000000875e-01
1212       5.938799999999999635e-01
580        5.938999999999999835e-01
710        5.939400000000000235e-01
1556       5.946399999999999464e-01
1114       5.948000000000001064e-01
1533       5.949400000000000244e-01
198        5.951199999999999823e-01
1215       5.952000000000000624e-01
339        5.953400000000000913e-01
519        5.954400000000000803e-01
582        5.955399999999999583e-01
740        5.958000000000001073e-01
242        5.963400000000000922e-01
593        5.963600000000000012e-01
618        5.963600000000000012e-01
1239       5.964800000000000102e-01
859        5.965600000000000902e-01
1083       5.965600000000000902e-01
1047       5.966800000000000992e-01
1014       5.972600000000000131e-01
662        5.974199999999999511e-01
1227       5.975399999999999601e-01
344        5.977200000000000291e-01
1560       5.981400000000000050e-01
590        5.989200000000000079e-01
1137       5.994199999999999529e-01
288        5.995399999999999618e-01
669        5.995600000000000929e-01
730        5.995600000000000929e-01
62         5.996200000000000419e-01
785        5.997000000000000108e-01
631        5.999400000000000288e-01
1572       6.001400000000000068e-01
1300       6.003000000000000558e-01
1275       6.005800000000000027e-01
522        6.008200000000000207e-01
1202       6.008200000000000207e-01
1567       6.008200000000000207e-01
672        6.008600000000000607e-01
1594       6.008999999999999897e-01
323        6.009800000000000697e-01
1474       6.011600000000000277e-01
1335       6.011800000000000477e-01
1344       6.012200000000000877e-01
442        6.012800000000000367e-01
390        6.013000000000000567e-01
915        6.016000000000000236e-01
515        6.017599999999999616e-01
300        6.018000000000001126e-01
407        6.019400000000000306e-01
1102       6.020199999999999996e-01
1410       6.020800000000000596e-01
336        6.023000000000000576e-01
1337       6.023000000000000576e-01
212        6.031600000000000295e-01
721        6.031600000000000295e-01
1351       6.031600000000000295e-01
276        6.032800000000000384e-01
1035       6.033000000000000584e-01
132        6.034599999999999964e-01
1277       6.037000000000000144e-01
1331       6.037000000000000144e-01
928        6.038999999999999924e-01
1457       6.042600000000000193e-01
1072       6.046200000000000463e-01
751        6.046599999999999753e-01
1341       6.049800000000000733e-01
1332       6.051199999999999912e-01
1386       6.052200000000000912e-01
124        6.057200000000000362e-01
335        6.057200000000000362e-01
996        6.061600000000000321e-01
1418       6.062200000000000921e-01
783        6.062600000000000211e-01
1125       6.062600000000000211e-01
367        6.063000000000000611e-01
1059       6.066599999999999770e-01
405        6.067799999999999860e-01
554        6.070800000000000640e-01
810        6.077799999999999869e-01
784        6.078000000000001180e-01
433        6.081000000000000849e-01
72         6.082400000000000029e-01
1148       6.084199999999999608e-01
1549       6.084800000000000209e-01
1486       6.088000000000001188e-01
747        6.088200000000000278e-01
1475       6.090600000000000458e-01
666        6.092000000000000748e-01
1030       6.094600000000000017e-01
913        6.095199999999999507e-01
774        6.095800000000000107e-01
1249       6.098799999999999777e-01
796        6.099999999999999867e-01
1155       6.102000000000000757e-01
1357       6.102199999999999847e-01
224        6.103000000000000647e-01
1067       6.103000000000000647e-01
1018       6.103200000000000847e-01
186        6.104199999999999626e-01
1063       6.105399999999999716e-01
1334       6.106399999999999606e-01
675        6.106599999999999806e-01
429        6.111400000000000166e-01
1217       6.113200000000000855e-01
33         6.114600000000000035e-01
293        6.118000000000001215e-01
1051       6.123999999999999444e-01
1565       6.125000000000000444e-01
820        6.126200000000000534e-01
558        6.127400000000000624e-01
1094       6.127400000000000624e-01
1024       6.128400000000000514e-01
281        6.129000000000000004e-01
264        6.130800000000000693e-01
1352       6.131199999999999983e-01
1058       6.132400000000000073e-01
637        6.134600000000000053e-01
753        6.135800000000000143e-01
722        6.136000000000000343e-01
467        6.136399999999999633e-01
75         6.137599999999999723e-01
260        6.138799999999999812e-01
973        6.139200000000000212e-01
1333       6.139800000000000813e-01
528        6.141000000000000902e-01
1206       6.141400000000000192e-01
386        6.142199999999999882e-01
83         6.142799999999999372e-01
1160       6.143399999999999972e-01
1348       6.145800000000000152e-01
177        6.147799999999999931e-01
717        6.149400000000000421e-01
1325       6.150600000000000511e-01
879        6.150999999999999801e-01
270        6.152799999999999381e-01
1500       6.153000000000000691e-01
939        6.153999999999999471e-01
989        6.155800000000000161e-01
1467       6.155800000000000161e-01
463        6.157599999999999740e-01
1296       6.158200000000000340e-01
73         6.160399999999999210e-01
66         6.164400000000000990e-01
410        6.165800000000000169e-01
1324       6.167000000000000259e-01
1026       6.170200000000000129e-01
976        6.170999999999999819e-01
1012       6.170999999999999819e-01
461        6.173000000000000709e-01
478        6.177599999999999758e-01
1280       6.177599999999999758e-01
1507       6.182000000000000828e-01
1239       6.182400000000000118e-01
1210       6.187400000000000677e-01
735        6.190999999999999837e-01
1354       6.192199999999999926e-01
851        6.193200000000000927e-01
449        6.193999999999999506e-01
1249       6.195000000000000506e-01
1409       6.195199999999999596e-01
658        6.195600000000001106e-01
933        6.195800000000000196e-01
1169       6.199000000000000066e-01
89         6.199600000000000666e-01
1276       6.199800000000000866e-01
891        6.200999999999999845e-01
507        6.202000000000000846e-01
93         6.202400000000000135e-01
218        6.202600000000000335e-01
1258       6.203999999999999515e-01
1480       6.206200000000000605e-01
1196       6.206399999999999695e-01
1373       6.208799999999999875e-01
210        6.210399999999999254e-01
347        6.211200000000000054e-01
583        6.211200000000000054e-01
830        6.211400000000000254e-01
1406       6.211800000000000654e-01
192        6.213400000000000034e-01
1298       6.214600000000000124e-01
26         6.215199999999999614e-01
1243       6.216200000000000614e-01
728        6.216800000000001214e-01
448        6.218000000000001304e-01
1555       6.218000000000001304e-01
707        6.219600000000000684e-01
1193       6.221800000000000663e-01
1285       6.226200000000000623e-01
1246       6.228200000000000403e-01
468        6.228400000000000603e-01
1499       6.233400000000000052e-01
1386       6.234400000000001052e-01
400        6.234600000000000142e-01
5          6.235399999999999832e-01
610        6.239000000000000101e-01
1120       6.239199999999999191e-01
1351       6.239799999999999791e-01
591        6.241599999999999371e-01
1302       6.243999999999999551e-01
937        6.245000000000000551e-01
523        6.248200000000000420e-01
1336       6.250200000000000200e-01
1552       6.251200000000000090e-01
1236       6.254600000000000160e-01
138        6.258200000000000429e-01
1549       6.260600000000000609e-01
1315       6.261200000000000099e-01
1301       6.264800000000000368e-01
390        6.267400000000000748e-01
1187       6.268200000000000438e-01
156        6.268799999999999928e-01
1340       6.269799999999999818e-01
1505       6.270999999999999908e-01
1255       6.273000000000000798e-01
1069       6.274400000000001087e-01
1166       6.277200000000000557e-01
1361       6.277599999999999847e-01
211        6.278400000000000647e-01
1088       6.280200000000000227e-01
1070       6.282000000000000917e-01
1320       6.282000000000000917e-01
489        6.282400000000000206e-01
1159       6.283000000000000806e-01
598        6.283600000000000296e-01
718        6.283999999999999586e-01
1141       6.284199999999999786e-01
1306       6.287599999999999856e-01
13         6.288000000000001366e-01
741        6.289600000000000746e-01
1282       6.290000000000000036e-01
688        6.291200000000000125e-01
1356       6.291400000000000325e-01
774        6.292600000000000415e-01
1583       6.293000000000000815e-01
1102       6.293800000000000505e-01
181        6.293999999999999595e-01
1218       6.294800000000000395e-01
1310       6.299400000000000555e-01
1160       6.300200000000000244e-01
832        6.302799999999999514e-01
596        6.305600000000001204e-01
1214       6.305600000000001204e-01
1169       6.306000000000000494e-01
1133       6.309600000000000763e-01
1252       6.309600000000000763e-01
1362       6.310399999999999343e-01
1237       6.312400000000000233e-01
494        6.313400000000000123e-01
184        6.316000000000000503e-01
1209       6.317599999999999882e-01
1413       6.319799999999999862e-01
351        6.323200000000001042e-01
101        6.323800000000000532e-01
1331       6.324199999999999822e-01
1531       6.324800000000000422e-01
538        6.326000000000000512e-01
1300       6.326200000000000712e-01
16         6.329000000000000181e-01
508        6.331200000000000161e-01
1174       6.331200000000000161e-01
1211       6.331400000000000361e-01
1317       6.331599999999999451e-01
1153       6.332000000000000961e-01
906        6.333600000000000341e-01
1121       6.336200000000000720e-01
986        6.338000000000000300e-01
1108       6.341200000000000170e-01
208        6.341400000000000370e-01
1046       6.341800000000000770e-01
169        6.342400000000000260e-01
968        6.342600000000000460e-01
1104       6.344400000000001150e-01
1161       6.345399999999999929e-01
321        6.349600000000000799e-01
367        6.349799999999999889e-01
945        6.350000000000000089e-01
161        6.350600000000000689e-01
257        6.353000000000000869e-01
1065       6.354199999999999848e-01
1171       6.354600000000000248e-01
699        6.355000000000000648e-01
960        6.355000000000000648e-01
859        6.355800000000000338e-01
1247       6.356000000000000538e-01
843        6.357599999999999918e-01
836        6.360800000000000898e-01
287        6.360999999999999988e-01
1595       6.362200000000000077e-01
1562       6.362600000000000477e-01
745        6.362799999999999567e-01
1192       6.362799999999999567e-01
1358       6.364600000000000257e-01
1369       6.365000000000000657e-01
913        6.366199999999999637e-01
350        6.369799999999999907e-01
1246       6.374199999999999866e-01
1150       6.377000000000000446e-01
139        6.379000000000000226e-01
1456       6.390600000000000724e-01
136        6.402799999999999603e-01
920        6.403400000000000203e-01
1343       6.409600000000000852e-01
51         6.413200000000001122e-01
374        6.421000000000000041e-01
336        6.421400000000000441e-01
1239       6.423200000000001131e-01
1301       6.423400000000000221e-01
1110       6.423600000000000421e-01
1332       6.424999999999999600e-01
828        6.425199999999999800e-01
557        6.425400000000000000e-01
500        6.427000000000000490e-01
36         6.427200000000000690e-01
1185       6.428200000000000580e-01
857        6.428800000000000070e-01
928        6.432000000000001050e-01
11         6.432200000000000140e-01
395        6.432799999999999629e-01
1501       6.434199999999999919e-01
891        6.436399999999999899e-01
154        6.436600000000000099e-01
736        6.437599999999999989e-01
1471       6.438000000000000389e-01
924        6.438400000000000789e-01
545        6.439000000000000279e-01
831        6.439400000000000679e-01
502        6.439600000000000879e-01
476        6.440200000000000369e-01
1160       6.440200000000000369e-01
1220       6.440800000000000969e-01
1154       6.443000000000000949e-01
111        6.448800000000000088e-01
1137       6.449000000000000288e-01
782        6.457200000000000717e-01
204        6.457399999999999807e-01
1124       6.459600000000000897e-01
13         6.460399999999999476e-01
1302       6.460399999999999476e-01
1498       6.462400000000000366e-01
1341       6.464600000000000346e-01
668        6.466000000000000636e-01
375        6.468200000000000616e-01
504        6.470200000000000395e-01
30         6.471599999999999575e-01
77         6.474600000000000355e-01
270        6.476199999999999735e-01
1004       6.479400000000000714e-01
1282       6.482000000000001094e-01
1252       6.483200000000001184e-01
96         6.483999999999999764e-01
1177       6.484800000000000564e-01
1111       6.488000000000000433e-01
339        6.488200000000000633e-01
1401       6.489000000000000323e-01
749        6.489800000000000013e-01
1248       6.490000000000000213e-01
912        6.490800000000001013e-01
1541       6.490800000000001013e-01
42         6.492000000000001103e-01
1070       6.492200000000000193e-01
101        6.493999999999999773e-01
495        6.494199999999999973e-01
1497       6.495199999999999863e-01
1509       6.495400000000000063e-01
93         6.496000000000000663e-01
1109       6.496199999999999752e-01
1560       6.498800000000000132e-01
1198       6.500600000000000822e-01
464        6.502599999999999492e-01
822        6.503600000000000492e-01
183        6.503999999999999782e-01
387        6.507200000000000761e-01
1357       6.507600000000000051e-01
194        6.509000000000000341e-01
1462       6.511000000000000121e-01
328        6.511200000000000321e-01
648        6.511800000000000921e-01
1351       6.520200000000000440e-01
1558       6.522400000000000420e-01
1331       6.523799999999999599e-01
694        6.525400000000000089e-01
811        6.525400000000000089e-01
1225       6.525600000000000289e-01
329        6.530000000000000249e-01
641        6.530000000000000249e-01
1314       6.530200000000000449e-01
1475       6.530399999999999539e-01
1325       6.531800000000000939e-01
1321       6.533400000000000318e-01
540        6.536399999999999988e-01
1204       6.537800000000000278e-01
584        6.539400000000000768e-01
438        6.541400000000000547e-01
1123       6.542200000000000237e-01
1422       6.543799999999999617e-01
823        6.546800000000000397e-01
843        6.550200000000000466e-01
171        6.551200000000000356e-01
688        6.552599999999999536e-01
1370       6.554400000000000226e-01
1429       6.556400000000000006e-01
432        6.557200000000000806e-01
1300       6.557800000000000296e-01
821        6.559199999999999475e-01
1165       6.559199999999999475e-01
332        6.560600000000000875e-01
1217       6.562200000000000255e-01
1445       6.562599999999999545e-01
1349       6.566400000000000015e-01
751        6.569800000000000084e-01
1493       6.570600000000000884e-01
611        6.571200000000000374e-01
1215       6.572400000000000464e-01
577        6.577800000000000313e-01
1218       6.582000000000000073e-01
1304       6.588200000000000722e-01
316        6.588800000000000212e-01
159        6.591000000000000192e-01
1249       6.591800000000000992e-01
150        6.593200000000000172e-01
441        6.593600000000000572e-01
531        6.594600000000000461e-01
158        6.595600000000000351e-01
1511       6.599400000000000821e-01
81         6.600000000000000311e-01
1495       6.605199999999999960e-01
1256       6.609199999999999520e-01
310        6.609400000000000830e-01
599        6.610800000000000010e-01
961        6.610800000000000010e-01
484        6.612000000000000099e-01
227        6.612599999999999589e-01
34         6.614600000000000479e-01
1158       6.619600000000001039e-01
1547       6.620399999999999618e-01
755        6.627000000000000668e-01
149        6.631000000000000227e-01
212        6.633000000000001117e-01
1270       6.635400000000000187e-01
900        6.641000000000000236e-01
538        6.644999999999999796e-01
580        6.646400000000000086e-01
25         6.648400000000000976e-01
902        6.649000000000000465e-01
1161       6.655800000000000605e-01
1415       6.659599999999999964e-01
1094       6.662000000000000144e-01
1263       6.662400000000000544e-01
1480       6.663600000000000634e-01
1402       6.664600000000000524e-01
10         6.666199999999999903e-01
144        6.668600000000000083e-01
849        6.676400000000000112e-01
1559       6.677000000000000712e-01
1125       6.682000000000000162e-01
969        6.683799999999999741e-01
1157       6.693000000000001171e-01
211        6.698600000000000110e-01
453        6.698800000000000310e-01
1389       6.700000000000000400e-01
1275       6.706199999999999939e-01
285        6.708399999999999919e-01
1388       6.709800000000000209e-01
1180       6.716800000000000548e-01
1403       6.720399999999999707e-01
624        6.725600000000000467e-01
1417       6.730600000000001026e-01
1272       6.737200000000000966e-01
1093       6.737600000000000255e-01
1200       6.738999999999999435e-01
292        6.741599999999999815e-01
1143       6.748000000000000664e-01
736        6.749800000000000244e-01
40         6.751200000000000534e-01
663        6.752200000000000424e-01
731        6.753400000000000514e-01
1258       6.753600000000000714e-01
1345       6.753600000000000714e-01
391        6.755200000000000093e-01
425        6.756800000000000583e-01
1069       6.758399999999999963e-01
1286       6.759199999999999653e-01
446        6.760600000000001053e-01
1120       6.762000000000000233e-01
1348       6.764400000000000412e-01
1343       6.770600000000001062e-01
482        6.770800000000000152e-01
1139       6.771800000000001152e-01
1260       6.771800000000001152e-01
776        6.780600000000001071e-01
989        6.783600000000000740e-01
763        6.783799999999999830e-01
1170       6.786000000000000920e-01
1298       6.787000000000000810e-01
949        6.791599999999999859e-01
738        6.791800000000001170e-01
773        6.793000000000001259e-01
1152       6.801599999999999868e-01
1289       6.802599999999999758e-01
1464       6.805200000000000138e-01
427        6.806599999999999318e-01
1176       6.806599999999999318e-01
334        6.807000000000000828e-01
644        6.807000000000000828e-01
765        6.808000000000000718e-01
1449       6.808999999999999497e-01
1324       6.809199999999999697e-01
1319       6.809600000000000097e-01
555        6.812000000000000277e-01
1477       6.812400000000000677e-01
1251       6.814400000000000457e-01
986        6.817000000000000837e-01
28         6.818800000000000416e-01
36         6.821599999999999886e-01
376        6.823000000000001286e-01
1245       6.830000000000000515e-01
348        6.830600000000001115e-01
69         6.831000000000000405e-01
1427       6.833799999999999875e-01
1433       6.836200000000000054e-01
57         6.839800000000000324e-01
504        6.840000000000000524e-01
725        6.842400000000000704e-01
1531       6.843400000000000594e-01
1263       6.844799999999999773e-01
1193       6.847799999999999443e-01
642        6.850399999999999823e-01
875        6.852400000000000713e-01
701        6.854400000000000492e-01
655        6.857600000000000362e-01
770        6.859400000000001052e-01
815        6.859800000000000342e-01
1108       6.864000000000000101e-01
974        6.865200000000000191e-01
490        6.865600000000000591e-01
914        6.870199999999999640e-01
1019       6.871599999999999930e-01
499        6.872400000000000730e-01
1199       6.872599999999999820e-01
39         6.875000000000000000e-01
1304       6.876599999999999380e-01
724        6.878600000000000270e-01
1128       6.881000000000000449e-01
1188       6.881000000000000449e-01
1406       6.881000000000000449e-01
1267       6.882000000000000339e-01
1370       6.883000000000001339e-01
1294       6.884600000000000719e-01
1270       6.885000000000000009e-01
704        6.886800000000000699e-01
731        6.888600000000000279e-01
1401       6.888800000000000479e-01
861        6.889400000000001079e-01
846        6.890399999999999858e-01
484        6.891200000000000658e-01
835        6.891200000000000658e-01
1535       6.894799999999999818e-01
1216       6.895800000000000818e-01
200        6.905399999999999316e-01
697        6.918400000000000105e-01
1275       6.925999999999999934e-01
1136       6.931200000000000694e-01
718        6.931399999999999784e-01
1035       6.931599999999999984e-01
897        6.932599999999999874e-01
1016       6.932599999999999874e-01
1408       6.932599999999999874e-01
412        6.933400000000000674e-01
1355       6.933400000000000674e-01
1295       6.934799999999999853e-01
1162       6.935000000000000053e-01
1253       6.935999999999999943e-01
806        6.936400000000000343e-01
85         6.937400000000000233e-01
478        6.941800000000001303e-01
1058       6.945800000000000862e-01
1302       6.947200000000000042e-01
67         6.947600000000000442e-01
108        6.948999999999999622e-01
1375       6.949400000000001132e-01
1407       6.949400000000001132e-01
1416       6.951200000000000712e-01
394        6.953799999999999981e-01
1301       6.955600000000000671e-01
1012       6.963400000000000700e-01
995        6.964000000000000190e-01
1195       6.966200000000000170e-01
874        6.977600000000000469e-01
1180       6.978800000000000558e-01
703        6.979400000000001159e-01
1123       6.979600000000000248e-01
367        6.980000000000000648e-01
1166       6.981399999999999828e-01
1378       6.982599999999999918e-01
142        6.983400000000000718e-01
176        6.988000000000000878e-01
463        6.988000000000000878e-01
1331       6.991800000000000237e-01
331        6.993200000000000527e-01
1154       6.994000000000000217e-01
1242       6.994000000000000217e-01
1207       6.994400000000000617e-01
1317       6.997200000000000086e-01
644        6.997600000000000486e-01
1125       6.999800000000000466e-01
579        7.000600000000001266e-01
1196       7.001199999999999646e-01
1315       7.001399999999999846e-01
1325       7.001600000000000046e-01
105        7.003800000000000026e-01
775        7.004600000000000826e-01
1557       7.004799999999999915e-01
1015       7.007200000000000095e-01
150        7.008400000000000185e-01
1096       7.008400000000000185e-01
1191       7.008400000000000185e-01
1181       7.009199999999999875e-01
612        7.013599999999999834e-01
1316       7.014199999999999324e-01
1222       7.016200000000000214e-01
1571       7.019199999999999884e-01
1130       7.020199999999999774e-01
977        7.021399999999999864e-01
1137       7.030000000000000693e-01
393        7.030800000000000383e-01
921        7.031600000000000072e-01
1249       7.031600000000000072e-01
733        7.032000000000000473e-01
1533       7.032800000000000162e-01
1085       7.035000000000000142e-01
1227       7.035800000000000942e-01
1320       7.036200000000000232e-01
1312       7.036599999999999522e-01
1209       7.037400000000000322e-01
1238       7.037799999999999612e-01
925        7.038400000000000212e-01
181        7.038800000000000612e-01
1185       7.040600000000000191e-01
1168       7.040800000000000392e-01
1291       7.041399999999999881e-01
1330       7.042000000000000481e-01
1292       7.042200000000000681e-01
1269       7.042800000000000171e-01
372        7.044199999999999351e-01
1163       7.044600000000000861e-01
112        7.045000000000000151e-01
1307       7.045399999999999441e-01
480        7.047799999999999621e-01
1203       7.047799999999999621e-01
783        7.049600000000000311e-01
735        7.052000000000000490e-01
1382       7.053200000000000580e-01
1318       7.053599999999999870e-01
1294       7.054600000000000870e-01
1387       7.054600000000000870e-01
818        7.055200000000000360e-01
509        7.056800000000000850e-01
1244       7.063599999999999879e-01
1313       7.063599999999999879e-01
386        7.063800000000000079e-01
1206       7.067400000000000349e-01
416        7.068400000000000238e-01
641        7.069400000000001238e-01
1470       7.069600000000000328e-01
1314       7.069999999999999618e-01
653        7.072200000000000708e-01
1524       7.075000000000000178e-01
31         7.077400000000000357e-01
828        7.079800000000000537e-01
540        7.081600000000000117e-01
441        7.083200000000000607e-01
26         7.083400000000000807e-01
380        7.083599999999999897e-01
1264       7.087000000000001076e-01
1335       7.089199999999999946e-01
819        7.089600000000000346e-01
1136       7.090400000000000036e-01
1303       7.090600000000000236e-01
994        7.091399999999999926e-01
991        7.092000000000000526e-01
807        7.092600000000000016e-01
1274       7.094199999999999395e-01
455        7.097799999999999665e-01
878        7.098200000000001175e-01
1426       7.100600000000000245e-01
83         7.101000000000000645e-01
972        7.102800000000000225e-01
178        7.103800000000000114e-01
309        7.104400000000000714e-01
1145       7.104400000000000714e-01
976        7.104800000000000004e-01
699        7.105600000000000804e-01
1025       7.105800000000001004e-01
824        7.106800000000000894e-01
1299       7.106800000000000894e-01
1138       7.109199999999999964e-01
97         7.110199999999999854e-01
492        7.114600000000000923e-01
1290       7.115800000000001013e-01
1413       7.116599999999999593e-01
890        7.117799999999999683e-01
1161       7.118600000000000483e-01
1153       7.119600000000000373e-01
158        7.122000000000000552e-01
1038       7.122200000000000752e-01
1120       7.122200000000000752e-01
28         7.122600000000000042e-01
487        7.123000000000000442e-01
1323       7.124199999999999422e-01
474        7.124400000000000732e-01
57         7.125000000000000222e-01
399        7.125399999999999512e-01
1261       7.126400000000000512e-01
485        7.127600000000000602e-01
285        7.127799999999999692e-01
183        7.129199999999999982e-01
1337       7.129400000000000182e-01
1154       7.130400000000000071e-01
1092       7.132600000000000051e-01
1287       7.133000000000000451e-01
1139       7.135000000000000231e-01
1330       7.135399999999999521e-01
1419       7.136599999999999611e-01
310        7.138999999999999790e-01
531        7.139800000000000590e-01
1454       7.139800000000000590e-01
253        7.139999999999999680e-01
1345       7.145000000000000240e-01
263        7.148000000000001020e-01
300        7.151399999999999979e-01
607        7.156200000000000339e-01
940        7.156200000000000339e-01
993        7.161000000000000698e-01
1108       7.163800000000000168e-01
917        7.165200000000000458e-01
1097       7.165399999999999547e-01
560        7.165800000000001058e-01
1005       7.166800000000000948e-01
113        7.167200000000000237e-01
50         7.170199999999999907e-01
1471       7.171000000000000707e-01
82         7.171199999999999797e-01
17         7.172399999999999887e-01
64         7.173599999999999977e-01
170        7.176599999999999646e-01
868        7.177400000000000446e-01
1409       7.182200000000000806e-01
1328       7.182399999999999896e-01
919        7.182600000000000096e-01
625        7.185200000000000475e-01
678        7.186400000000000565e-01
1203       7.188999999999999835e-01
852        7.191600000000000215e-01
1528       7.195200000000000484e-01
779        7.195800000000001084e-01
25         7.196800000000000974e-01
827        7.199600000000000444e-01
520        7.200600000000000334e-01
1163       7.205200000000000493e-01
1325       7.205399999999999583e-01
205        7.207200000000000273e-01
1279       7.208799999999999653e-01
1185       7.209999999999999742e-01
1564       7.210600000000000342e-01
1250       7.211199999999999832e-01
1269       7.213200000000000722e-01
416        7.213600000000000012e-01
1104       7.215200000000000502e-01
476        7.215600000000000902e-01
1331       7.217400000000000482e-01
1529       7.218200000000000172e-01
898        7.218799999999999661e-01
1150       7.220400000000000151e-01
1255       7.226200000000000401e-01
1228       7.227599999999999580e-01
1302       7.228400000000000380e-01
1340       7.229200000000000070e-01
407        7.230400000000000160e-01
573        7.230600000000000360e-01
786        7.232200000000000850e-01
1504       7.233600000000000030e-01
1445       7.236399999999999499e-01
284        7.236599999999999699e-01
657        7.237000000000000099e-01
1247       7.238799999999999679e-01
72         7.239400000000000279e-01
1216       7.241600000000000259e-01
278        7.241800000000000459e-01
117        7.242200000000000859e-01
950        7.242200000000000859e-01
1135       7.243600000000000039e-01
942        7.244199999999999529e-01
417        7.244400000000000839e-01
1178       7.245399999999999618e-01
1346       7.246800000000001019e-01
1599       7.248799999999999688e-01
1383       7.250800000000000578e-01
1407       7.258200000000000207e-01
1124       7.258600000000000607e-01
1319       7.260199999999999987e-01
1491       7.263600000000000056e-01
301        7.268200000000000216e-01
1569       7.272600000000000176e-01
627        7.278799999999999715e-01
1440       7.278799999999999715e-01
802        7.280200000000000005e-01
810        7.282600000000000184e-01
644        7.286800000000001054e-01
830        7.287400000000000544e-01
951        7.289400000000000324e-01
1140       7.291400000000000103e-01
1222       7.292399999999999993e-01
1146       7.292800000000000393e-01
557        7.293400000000000993e-01
664        7.293800000000000283e-01
1476       7.293999999999999373e-01
258        7.296000000000000263e-01
1338       7.296000000000000263e-01
1595       7.296200000000000463e-01
1217       7.297599999999999643e-01
1326       7.300800000000000622e-01
1237       7.301600000000000312e-01
1223       7.302800000000000402e-01
583        7.303000000000000602e-01
700        7.306200000000000472e-01
1149       7.306399999999999562e-01
888        7.309400000000000341e-01
1488       7.310200000000000031e-01
738        7.310400000000000231e-01
904        7.310400000000000231e-01
1100       7.311800000000000521e-01
1369       7.314599999999999991e-01
204        7.315199999999999481e-01
480        7.316200000000000481e-01
1312       7.316399999999999570e-01
431        7.318200000000000260e-01
1552       7.319800000000000750e-01
1289       7.320600000000000440e-01
509        7.321199999999999930e-01
429        7.321800000000000530e-01
609        7.322200000000000930e-01
683        7.322200000000000930e-01
955        7.323000000000000620e-01
1141       7.323200000000000820e-01
989        7.325199999999999489e-01
1253       7.326200000000000490e-01
13         7.326800000000001090e-01
499        7.326800000000001090e-01
263        7.327799999999999869e-01
1376       7.329400000000000359e-01
1558       7.329400000000000359e-01
1232       7.329800000000000759e-01
1519       7.329800000000000759e-01
1191       7.329999999999999849e-01
391        7.331199999999999939e-01
1235       7.331199999999999939e-01
1430       7.331199999999999939e-01
952        7.331800000000000539e-01
1201       7.333600000000000119e-01
911        7.335399999999999698e-01
1134       7.335399999999999698e-01
1035       7.335800000000000098e-01
1129       7.336000000000000298e-01
1508       7.337200000000000388e-01
865        7.337400000000000588e-01
687        7.337799999999999878e-01
1176       7.337799999999999878e-01
475        7.338400000000000478e-01
1072       7.339600000000000568e-01
165        7.340200000000000058e-01
742        7.341199999999999948e-01
1402       7.341199999999999948e-01
1300       7.341800000000000548e-01
731        7.342400000000000038e-01
1069       7.342600000000000238e-01
486        7.343000000000000638e-01
1180       7.345199999999999507e-01
1321       7.347799999999999887e-01
1216       7.348200000000000287e-01
1410       7.348799999999999777e-01
277        7.351000000000000867e-01
125        7.351199999999999957e-01
147        7.351400000000000157e-01
1318       7.351400000000000157e-01
1358       7.352400000000000047e-01
706        7.352600000000000247e-01
442        7.353000000000000647e-01
1416       7.353200000000000847e-01
1197       7.353800000000000336e-01
1352       7.355000000000000426e-01
1152       7.355399999999999716e-01
83         7.356200000000000516e-01
818        7.358799999999999786e-01
1329       7.363800000000000345e-01
1159       7.364400000000000945e-01
314        7.366200000000000525e-01
294        7.371400000000000174e-01
335        7.373600000000000154e-01
1276       7.374400000000000954e-01
1227       7.376599999999999824e-01
261        7.377000000000000224e-01
926        7.377000000000000224e-01
1309       7.377599999999999714e-01
1319       7.380600000000000493e-01
563        7.381199999999999983e-01
1274       7.381800000000000583e-01
463        7.382199999999999873e-01
732        7.383600000000000163e-01
1092       7.383600000000000163e-01
1160       7.383600000000000163e-01
914        7.388000000000001233e-01
1158       7.388600000000000723e-01
169        7.389200000000000212e-01
809        7.393200000000000882e-01
1145       7.395199999999999552e-01
712        7.399400000000000421e-01
710        7.406200000000000561e-01
1356       7.407400000000000651e-01
321        7.407599999999999740e-01
1445       7.407599999999999740e-01
1055       7.408600000000000740e-01
782        7.410800000000000720e-01
1389       7.413000000000000700e-01
1185       7.417200000000000459e-01
482        7.418000000000001259e-01
96         7.418799999999999839e-01
415        7.420800000000000729e-01
1147       7.421000000000000929e-01
1189       7.422000000000000819e-01
899        7.422799999999999399e-01
1473       7.423399999999999999e-01
129        7.423600000000000199e-01
1260       7.423999999999999488e-01
772        7.427000000000000268e-01
1325       7.427799999999999958e-01
827        7.431599999999999318e-01
1545       7.432000000000000828e-01
1292       7.433000000000000718e-01
727        7.433200000000000918e-01
1132       7.434199999999999697e-01
1065       7.438000000000001277e-01
1248       7.439999999999999947e-01
1188       7.440399999999999237e-01
1297       7.441599999999999326e-01
764        7.444199999999999706e-01
1208       7.446599999999999886e-01
639        7.448400000000000576e-01
1599       7.448799999999999866e-01
1207       7.449400000000000466e-01
769        7.449999999999999956e-01
603        7.450399999999999245e-01
204        7.451400000000000245e-01
90         7.453000000000000735e-01
302        7.453200000000000935e-01
794        7.454600000000000115e-01
1322       7.455199999999999605e-01
499        7.458000000000001295e-01
518        7.458400000000000585e-01
753        7.460200000000000164e-01
82         7.460399999999999254e-01
1270       7.460600000000000565e-01
1167       7.464199999999999724e-01
1264       7.464800000000000324e-01
1359       7.465000000000000524e-01
756        7.465199999999999614e-01
233        7.466399999999999704e-01
1220       7.468200000000000394e-01
245        7.469600000000000684e-01
629        7.469800000000000884e-01
736        7.470999999999999863e-01
808        7.471599999999999353e-01
450        7.473200000000000953e-01
1238       7.475000000000000533e-01
1097       7.477200000000000513e-01
104        7.482799999999999452e-01
1239       7.485600000000001142e-01
1262       7.489799999999999791e-01
1216       7.491800000000000681e-01
1357       7.503600000000000270e-01
1585       7.508000000000001339e-01
1199       7.509600000000000719e-01
168        7.513600000000000279e-01
272        7.513800000000000479e-01
1543       7.517599999999999838e-01
528        7.518200000000000438e-01
1131       7.519199999999999218e-01
201        7.521599999999999397e-01
1305       7.522199999999999998e-01
126        7.523600000000000287e-01
203        7.523800000000000487e-01
1234       7.523999999999999577e-01
1225       7.524600000000000177e-01
1312       7.525000000000000577e-01
455        7.526000000000000467e-01
730        7.526599999999999957e-01
1256       7.526800000000001267e-01
1592       7.527000000000000357e-01
375        7.527599999999999847e-01
1590       7.529000000000000137e-01
1266       7.529400000000000537e-01
1560       7.529400000000000537e-01
1281       7.530200000000000227e-01
1144       7.530800000000000827e-01
35         7.532000000000000917e-01
757        7.532400000000000206e-01
389        7.533200000000001006e-01
1175       7.533600000000000296e-01
205        7.534600000000000186e-01
1289       7.537800000000000056e-01
1333       7.540000000000000036e-01
1577       7.540800000000000836e-01
1200       7.542400000000000215e-01
1542       7.543400000000000105e-01
581        7.544400000000001105e-01
170        7.545199999999999685e-01
874        7.547599999999999865e-01
325        7.548000000000001375e-01
1033       7.552799999999999514e-01
1          7.554600000000000204e-01
535        7.554600000000000204e-01
634        7.555399999999999894e-01
1429       7.556000000000000494e-01
1273       7.559000000000000163e-01
78         7.563800000000000523e-01
453        7.563999999999999613e-01
1294       7.565199999999999703e-01
1315       7.565199999999999703e-01
1171       7.565399999999999903e-01
13         7.567599999999999882e-01
1255       7.568400000000000682e-01
1249       7.569199999999999262e-01
230        7.569400000000000572e-01
1142       7.576399999999999801e-01
1323       7.576399999999999801e-01
1338       7.576800000000001312e-01
1069       7.580600000000000671e-01
1475       7.581800000000000761e-01
471        7.582000000000000961e-01
424        7.582400000000000251e-01
57         7.583600000000000341e-01
1432       7.584199999999999831e-01
312        7.584800000000000431e-01
940        7.585199999999999720e-01
520        7.586000000000000520e-01
459        7.589799999999999880e-01
1325       7.589799999999999880e-01
1244       7.591400000000000370e-01
585        7.592600000000000460e-01
1276       7.592600000000000460e-01
582        7.593999999999999639e-01
1014       7.593999999999999639e-01
1250       7.596800000000001329e-01
202        7.598000000000000309e-01
605        7.598799999999999999e-01
1452       7.598799999999999999e-01
902        7.600399999999999379e-01
833        7.600600000000000689e-01
314        7.601599999999999469e-01
1316       7.601599999999999469e-01
1363       7.603000000000000869e-01
1430       7.604199999999999848e-01
1013       7.605399999999999938e-01
1324       7.605800000000000338e-01
1431       7.606200000000000738e-01
1344       7.607399999999999718e-01
1062       7.607800000000000118e-01
1166       7.607800000000000118e-01
1239       7.610399999999999388e-01
1453       7.610600000000000698e-01
1193       7.611200000000000188e-01
1330       7.624199999999999866e-01
593        7.628599999999999826e-01
652        7.629199999999999315e-01
1091       7.632400000000000295e-01
1217       7.637200000000000655e-01
844        7.638599999999999834e-01
720        7.639600000000000835e-01
1348       7.640600000000000724e-01
1183       7.641000000000000014e-01
223        7.650399999999999423e-01
12         7.653600000000000403e-01
1525       7.653800000000000603e-01
1307       7.654600000000000293e-01
877        7.654800000000000493e-01
456        7.657599999999999962e-01
321        7.657800000000000162e-01
1191       7.658400000000000762e-01
919        7.659200000000000452e-01
1221       7.659200000000000452e-01
1550       7.659200000000000452e-01
1186       7.661000000000000032e-01
1390       7.661800000000000832e-01
511        7.662200000000000122e-01
1092       7.662200000000000122e-01
225        7.665000000000000702e-01
388        7.665199999999999791e-01
1243       7.665199999999999791e-01
99         7.666399999999999881e-01
1206       7.666399999999999881e-01
1353       7.666399999999999881e-01
1479       7.667399999999999771e-01
371        7.667599999999999971e-01
425        7.668200000000000571e-01
1337       7.668599999999999861e-01
364        7.669000000000000261e-01
1478       7.669200000000000461e-01
1032       7.669600000000000861e-01
373        7.670600000000000751e-01
1116       7.670800000000000951e-01
1202       7.671800000000000841e-01
1145       7.672200000000000131e-01
1317       7.672600000000000531e-01
1216       7.675000000000000711e-01
78         7.676800000000000290e-01
799        7.680600000000000760e-01
1154       7.680800000000000960e-01
227        7.682000000000001050e-01
94         7.682799999999999629e-01
140        7.683600000000000430e-01
752        7.683999999999999719e-01
314        7.686800000000000299e-01
8          7.689200000000000479e-01
1232       7.689600000000000879e-01
1515       7.690800000000000969e-01
502        7.691000000000000059e-01
1027       7.693200000000001149e-01
1340       7.694800000000000528e-01
1357       7.694800000000000528e-01
188        7.695199999999999818e-01
1274       7.697800000000000198e-01
637        7.700600000000000778e-01
193        7.702000000000001068e-01
973        7.707000000000000517e-01
737        7.707600000000000007e-01
1261       7.708400000000000807e-01
68         7.710000000000000187e-01
1079       7.710399999999999476e-01
692        7.711599999999999566e-01
965        7.712600000000000566e-01
717        7.713400000000000256e-01
1316       7.716000000000000636e-01
588        7.717200000000000726e-01
1447       7.717200000000000726e-01
1308       7.717800000000000216e-01
1185       7.722600000000000575e-01
453        7.723200000000001175e-01
1323       7.723800000000000665e-01
563        7.727399999999999824e-01
14         7.727800000000000225e-01
1585       7.730399999999999494e-01
356        7.733200000000001184e-01
1124       7.736000000000000654e-01
1298       7.736000000000000654e-01
1084       7.737399999999999833e-01
1346       7.737800000000000233e-01
937        7.738200000000000633e-01
2          7.739600000000000923e-01
1305       7.739600000000000923e-01
336        7.744400000000000173e-01
1436       7.745800000000000463e-01
1122       7.746000000000000663e-01
1228       7.746199999999999752e-01
1524       7.747200000000000752e-01
1223       7.748000000000000442e-01
571        7.748599999999999932e-01
1314       7.749000000000000332e-01
202        7.753000000000001002e-01
319        7.753200000000001202e-01
443        7.753600000000000492e-01
1259       7.753999999999999782e-01
1102       7.754999999999999671e-01
1141       7.755600000000000271e-01
915        7.757399999999999851e-01
236        7.758200000000000651e-01
1311       7.759000000000000341e-01
75         7.759200000000000541e-01
1288       7.760600000000000831e-01
1271       7.760800000000001031e-01
458        7.761000000000000121e-01
880        7.761000000000000121e-01
1328       7.761200000000000321e-01
411        7.762000000000001121e-01
520        7.762200000000000211e-01
1192       7.763999999999999790e-01
923        7.764400000000000190e-01
930        7.766000000000000680e-01
843        7.767399999999999860e-01
1338       7.767800000000000260e-01
642        7.768000000000000460e-01
41         7.768800000000000150e-01
863        7.769800000000000040e-01
1334       7.775199999999999889e-01
17         7.777000000000000579e-01
1306       7.780200000000000449e-01
506        7.780399999999999539e-01
1246       7.782200000000000228e-01
771        7.783200000000000118e-01
241        7.784200000000001118e-01
1140       7.787000000000000588e-01
1517       7.790399999999999547e-01
542        7.791200000000000347e-01
15         7.791800000000000948e-01
1171       7.792599999999999527e-01
658        7.794200000000001127e-01
779        7.794800000000000617e-01
1299       7.797000000000000597e-01
1279       7.797200000000000797e-01
1289       7.798200000000000687e-01
938        7.798800000000000177e-01
65         7.799800000000000066e-01
1156       7.800200000000000466e-01
1348       7.801200000000000356e-01
1176       7.801400000000000556e-01
1165       7.802000000000001156e-01
982        7.802400000000000446e-01
804        7.802599999999999536e-01
1474       7.802799999999999736e-01
1281       7.803000000000001046e-01
46         7.805400000000000116e-01
1372       7.806199999999999806e-01
20         7.806400000000000006e-01
1157       7.806800000000000406e-01
995        7.809400000000000786e-01
720        7.809600000000000986e-01
44         7.810000000000000275e-01
1229       7.810399999999999565e-01
1331       7.812400000000000455e-01
1127       7.813200000000000145e-01
1595       7.813200000000000145e-01
1337       7.813400000000000345e-01
1166       7.813600000000000545e-01
1352       7.813799999999999635e-01
678        7.814400000000000235e-01
1357       7.814400000000000235e-01
1283       7.814600000000000435e-01
1546       7.814800000000000635e-01
1356       7.814999999999999725e-01
1178       7.815199999999999925e-01
1425       7.816199999999999815e-01
1556       7.816199999999999815e-01
485        7.816400000000000015e-01
415        7.818800000000000194e-01
981        7.821599999999999664e-01
1477       7.824400000000000244e-01
630        7.828200000000000713e-01
1123       7.829400000000000803e-01
441        7.830600000000000893e-01
423        7.830800000000001093e-01
1325       7.830800000000001093e-01
1332       7.833600000000000563e-01
532        7.833799999999999653e-01
228        7.834800000000000653e-01
1182       7.834800000000000653e-01
425        7.841000000000000192e-01
250        7.841399999999999482e-01
1121       7.842799999999999772e-01
1545       7.843200000000000172e-01
830        7.843600000000000572e-01
1506       7.843999999999999861e-01
1329       7.844600000000000461e-01
111        7.845199999999999951e-01
201        7.845400000000000151e-01
1100       7.845400000000000151e-01
404        7.845600000000000351e-01
73         7.846199999999999841e-01
974        7.848200000000000731e-01
1589       7.848400000000000931e-01
1535       7.850399999999999601e-01
1203       7.851200000000000401e-01
1207       7.853600000000000581e-01
1548       7.853799999999999670e-01
1131       7.856800000000000450e-01
809        7.858400000000000940e-01
1539       7.860399999999999610e-01
1515       7.861399999999999499e-01
367        7.862400000000000500e-01
1336       7.862799999999999789e-01
358        7.864999999999999769e-01
636        7.865199999999999969e-01
1180       7.865199999999999969e-01
1492       7.867600000000000149e-01
478        7.868000000000000549e-01
1010       7.868000000000000549e-01
533        7.868400000000000949e-01
1242       7.868800000000000239e-01
988        7.869200000000000639e-01
546        7.869600000000001039e-01
1210       7.874200000000001198e-01
1359       7.874999999999999778e-01
1132       7.876199999999999868e-01
825        7.878600000000000048e-01
947        7.879600000000001048e-01
1519       7.880199999999999427e-01
1227       7.881000000000000227e-01
96         7.887800000000000367e-01
406        7.888200000000000767e-01
986        7.888200000000000767e-01
1006       7.888400000000000967e-01
990        7.889200000000000657e-01
1315       7.891200000000000436e-01
1225       7.891399999999999526e-01
1457       7.891599999999999726e-01
1138       7.892000000000000126e-01
1041       7.893000000000001126e-01
22         7.893799999999999706e-01
50         7.895600000000000396e-01
1284       7.897800000000000376e-01
1247       7.898200000000000776e-01
697        7.898600000000000065e-01
1295       7.898800000000000265e-01
1222       7.901000000000000245e-01
1253       7.904600000000000515e-01
115        7.906199999999999894e-01
975        7.906800000000000495e-01
1250       7.908800000000000274e-01
1148       7.909200000000000674e-01
1322       7.911000000000000254e-01
584        7.912000000000000144e-01
1116       7.912200000000000344e-01
957        7.916000000000000814e-01
1380       7.916199999999999903e-01
1234       7.917800000000000393e-01
1189       7.918000000000000593e-01
20         7.919600000000001083e-01
1311       7.920000000000000373e-01
1081       7.921000000000000263e-01
1343       7.921000000000000263e-01
853        7.922599999999999643e-01
1244       7.923000000000001153e-01
1290       7.923400000000000443e-01
1071       7.923600000000000643e-01
1245       7.924200000000001243e-01
1181       7.924400000000000333e-01
1273       7.925800000000000622e-01
1268       7.925800000000000622e-01
1079       7.926400000000000112e-01
442        7.927400000000000002e-01
1216       7.927800000000000402e-01
1178       7.928000000000000602e-01
95         7.929000000000000492e-01
426        7.929800000000000182e-01
182        7.933600000000000652e-01
1360       7.951000000000000290e-01
56         7.951200000000000490e-01
1346       7.952200000000000379e-01
1248       7.952599999999999669e-01
1258       7.952799999999999869e-01
684        7.953400000000000469e-01
1319       7.955800000000000649e-01
1212       7.957000000000000739e-01
1489       7.958200000000000829e-01
1332       7.958800000000000319e-01
1557       7.959800000000000209e-01
1475       7.960199999999999498e-01
998        7.960399999999999698e-01
1314       7.963799999999999768e-01
1498       7.963999999999999968e-01
1339       7.964400000000000368e-01
1599       7.966400000000000148e-01
937        7.968999999999999417e-01
1257       7.970199999999999507e-01
176        7.972400000000000597e-01
653        7.972599999999999687e-01
1549       7.973999999999999977e-01
364        7.974999999999999867e-01
240        7.975400000000000267e-01
1296       7.977200000000000957e-01
780        7.978000000000000647e-01
1141       7.982200000000000406e-01
1334       7.987000000000000766e-01
366        7.987200000000000966e-01
558        7.987799999999999345e-01
1496       7.988200000000000855e-01
1237       7.990000000000000435e-01
664        7.991000000000000325e-01
83         7.992200000000000415e-01
80         7.992200000000000415e-01
1353       7.992599999999999705e-01
1502       7.993400000000000505e-01
1199       7.994800000000000795e-01
981        7.994999999999999885e-01
514        7.996199999999999974e-01
1354       7.996400000000000174e-01
593        7.997400000000000064e-01
365        7.998999999999999444e-01
909        7.998999999999999444e-01
402        7.999400000000000954e-01
620        7.999600000000000044e-01
654        8.000600000000001044e-01
1460       8.000600000000001044e-01
1130       8.001399999999999624e-01
726        8.004600000000000604e-01
1307       8.005200000000000093e-01
913        8.006199999999999983e-01
834        8.006400000000000183e-01
1029       8.007000000000000783e-01
1242       8.007000000000000783e-01
499        8.008000000000000673e-01
1356       8.009200000000000763e-01
614        8.009600000000000053e-01
1223       8.010199999999999543e-01
107        8.011399999999999633e-01
1272       8.012400000000000633e-01
1525       8.013200000000000323e-01
598        8.014000000000000012e-01
663        8.014600000000000612e-01
1163       8.015600000000000502e-01
457        8.018200000000000882e-01
148        8.021200000000000552e-01
715        8.023400000000000531e-01
360        8.025600000000000511e-01
1208       8.026800000000000601e-01
1182       8.027799999999999381e-01
1259       8.028000000000000691e-01
1534       8.029400000000000981e-01
513        8.029800000000000271e-01
1531       8.030399999999999761e-01
1344       8.030800000000000161e-01
840        8.031200000000000561e-01
1478       8.033200000000000340e-01
685        8.033400000000000540e-01
1068       8.034000000000000030e-01
1269       8.034999999999999920e-01
1243       8.035200000000000120e-01
918        8.037400000000000100e-01
482        8.038000000000000700e-01
818        8.038399999999999990e-01
1316       8.038399999999999990e-01
1253       8.038600000000000190e-01
97         8.038999999999999480e-01
1186       8.040399999999999769e-01
1284       8.040800000000000169e-01
1262       8.041599999999999859e-01
1270       8.042200000000000459e-01
1560       8.044400000000000439e-01
1233       8.046400000000000219e-01
1225       8.046800000000000619e-01
1552       8.048600000000000199e-01
1309       8.049800000000000288e-01
1050       8.050600000000001089e-01
1591       8.050600000000001089e-01
1280       8.053200000000000358e-01
121        8.053600000000000758e-01
439        8.054000000000000048e-01
1281       8.054200000000001358e-01
348        8.054800000000000848e-01
1327       8.054999999999999938e-01
1221       8.057199999999999918e-01
561        8.057400000000000118e-01
1239       8.057799999999999407e-01
1178       8.059400000000001008e-01
1220       8.060199999999999587e-01
1392       8.061800000000001187e-01
1074       8.062799999999999967e-01
1442       8.063200000000000367e-01
1005       8.066000000000000947e-01
1203       8.066599999999999326e-01
418        8.067199999999999926e-01
1567       8.068400000000000016e-01
1254       8.068999999999999506e-01
562        8.069200000000000816e-01
1266       8.069400000000001016e-01
222        8.069800000000000306e-01
1173       8.070800000000000196e-01
1574       8.070800000000000196e-01
1234       8.072200000000000486e-01
947        8.073600000000000776e-01
942        8.073600000000000776e-01
589        8.075200000000000156e-01
1435       8.075200000000000156e-01
935        8.075600000000000556e-01
1224       8.078600000000000225e-01
1019       8.080000000000000515e-01
1245       8.080600000000001115e-01
1512       8.081000000000000405e-01
1320       8.083600000000000785e-01
1263       8.092000000000000304e-01
1127       8.097600000000000353e-01
1311       8.098800000000000443e-01
155        8.099400000000001043e-01
257        8.099400000000001043e-01
761        8.104600000000000692e-01
952        8.104600000000000692e-01
1479       8.104600000000000692e-01
885        8.105399999999999272e-01
613        8.105800000000000782e-01
1323       8.108400000000000052e-01
1459       8.108999999999999542e-01
883        8.109600000000000142e-01
706        8.110600000000001142e-01
316        8.110800000000000232e-01
1059       8.111000000000000432e-01
391        8.112599999999999811e-01
720        8.113799999999999901e-01
1329       8.115399999999999281e-01
291        8.115999999999999881e-01
1454       8.115999999999999881e-01
740        8.116800000000000681e-01
239        8.117000000000000881e-01
272        8.118200000000000971e-01
1231       8.118600000000000261e-01
1377       8.118999999999999551e-01
1169       8.120199999999999640e-01
420        8.121399999999999730e-01
1122       8.123400000000000620e-01
184        8.123600000000000820e-01
1571       8.124799999999999800e-01
754        8.125000000000000000e-01
927        8.125000000000000000e-01
1159       8.125999999999999890e-01
1021       8.126200000000000090e-01
828        8.126800000000000690e-01
904        8.127199999999999980e-01
1111       8.129200000000000870e-01
1167       8.129800000000000360e-01
1150       8.130800000000000249e-01
1325       8.132000000000000339e-01
1345       8.132200000000000539e-01
153        8.133600000000000829e-01
256        8.134000000000000119e-01
1174       8.135999999999999899e-01
1319       8.136200000000000099e-01
1566       8.137199999999999989e-01
1026       8.139600000000000168e-01
1478       8.140199999999999658e-01
113        8.141200000000000658e-01
1358       8.144200000000001438e-01
1252       8.146400000000000308e-01
718        8.146800000000000708e-01
820        8.146800000000000708e-01
1347       8.148800000000000487e-01
200        8.148999999999999577e-01
1038       8.149400000000001087e-01
1136       8.150600000000001177e-01
1309       8.152200000000000557e-01
1378       8.153200000000000447e-01
842        8.153600000000000847e-01
1318       8.154200000000001447e-01
822        8.155000000000000027e-01
1297       8.155999999999999917e-01
1348       8.156400000000000317e-01
888        8.156599999999999406e-01
1154       8.156599999999999406e-01
1204       8.157000000000000917e-01
22         8.157600000000000406e-01
124        8.157799999999999496e-01
452        8.161200000000000676e-01
432        8.162200000000000566e-01
847        8.162400000000000766e-01
1265       8.163400000000000656e-01
115        8.164600000000000746e-01
686        8.165999999999999925e-01
1399       8.165999999999999925e-01
1376       8.166400000000000325e-01
1280       8.169400000000001105e-01
254        8.170800000000000285e-01
1216       8.170800000000000285e-01
1286       8.171200000000000685e-01
868        8.171599999999999975e-01
382        8.175600000000000644e-01
819        8.176400000000000334e-01
1285       8.176599999999999424e-01
1310       8.178999999999999604e-01
491        8.180399999999999894e-01
997        8.181000000000000494e-01
616        8.182400000000000784e-01
1210       8.183000000000001384e-01
937        8.183200000000000474e-01
1128       8.184000000000000163e-01
773        8.187400000000000233e-01
1196       8.188000000000000833e-01
48         8.188600000000000323e-01
683        8.188600000000000323e-01
1041       8.188600000000000323e-01
103        8.189400000000001123e-01
1321       8.190399999999999903e-01
1350       8.191000000000000503e-01
1184       8.193000000000001393e-01
1292       8.193200000000000482e-01
1332       8.193200000000000482e-01
1031       8.194200000000000372e-01
1162       8.196800000000000752e-01
1351       8.197400000000000242e-01
1288       8.198999999999999622e-01
1116       8.204000000000000181e-01
636        8.204200000000000381e-01
1198       8.204600000000000781e-01
1120       8.205999999999999961e-01
1246       8.207400000000000251e-01
1316       8.208200000000001051e-01
1298       8.209800000000000431e-01
1294       8.210199999999999720e-01
1133       8.210600000000001231e-01
837        8.212000000000000410e-01
558        8.212599999999999900e-01
801        8.212800000000000100e-01
1293       8.212800000000000100e-01
1129       8.213599999999999790e-01
648        8.214200000000000390e-01
1306       8.215600000000000680e-01
1580       8.215800000000000880e-01
851        8.217200000000000060e-01
274        8.218400000000000150e-01
1237       8.219600000000000239e-01
687        8.219800000000000439e-01
855        8.219800000000000439e-01
221        8.222200000000000619e-01
1236       8.222200000000000619e-01
1295       8.223000000000000309e-01
586        8.224400000000000599e-01
552        8.225800000000000889e-01
968        8.226599999999999469e-01
651        8.227799999999999558e-01
133        8.228600000000000358e-01
1317       8.230000000000000648e-01
295        8.230600000000001248e-01
1326       8.230800000000000338e-01
742        8.231399999999999828e-01
167        8.233200000000000518e-01
1172       8.233200000000000518e-01
743        8.234000000000000208e-01
1234       8.234400000000000608e-01
914        8.235200000000000298e-01
1171       8.235200000000000298e-01
116        8.235800000000000898e-01
1227       8.235800000000000898e-01
40         8.235999999999999988e-01
1173       8.237600000000000477e-01
151        8.237799999999999567e-01
580        8.239600000000000257e-01
1473       8.239600000000000257e-01
1303       8.241200000000000747e-01
534        8.241600000000000037e-01
1315       8.242399999999999727e-01
156        8.242800000000000127e-01
92         8.243400000000000727e-01
304        8.243400000000000727e-01
1584       8.243400000000000727e-01
472        8.244799999999999907e-01
1195       8.245000000000000107e-01
1205       8.245200000000000307e-01
1319       8.246200000000000196e-01
122        8.246800000000000797e-01
1331       8.246800000000000797e-01
365        8.247000000000000997e-01
1272       8.247000000000000997e-01
675        8.248999999999999666e-01
981        8.249800000000000466e-01
1064       8.252200000000000646e-01
99         8.252399999999999736e-01
1253       8.255000000000000115e-01
1001       8.255399999999999405e-01
1299       8.255800000000000916e-01
782        8.256400000000000405e-01
1485       8.259400000000001185e-01
1223       8.259600000000000275e-01
1229       8.263000000000000345e-01
1016       8.266400000000000414e-01
46         8.268200000000001104e-01
1341       8.270000000000000684e-01
608        8.270800000000000374e-01
1346       8.272399999999999753e-01
1359       8.275399999999999423e-01
1121       8.276000000000000023e-01
502        8.281199999999999672e-01
1281       8.284799999999999942e-01
1206       8.287000000000001032e-01
1355       8.288999999999999702e-01
1166       8.290000000000000702e-01
267        8.292800000000000171e-01
1232       8.292800000000000171e-01
119        8.294000000000000261e-01
1046       8.294000000000000261e-01
1214       8.294600000000000861e-01
664        8.295399999999999441e-01
1248       8.296200000000000241e-01
1126       8.297000000000001041e-01
201        8.297600000000000531e-01
1291       8.298600000000000421e-01
431        8.299800000000000511e-01
1139       8.299800000000000511e-01
1165       8.300000000000000711e-01
915        8.301000000000000600e-01
1302       8.301199999999999690e-01
313        8.301399999999999890e-01
1412       8.302399999999999780e-01
310        8.302800000000000180e-01
1177       8.303200000000000580e-01
1505       8.303800000000000070e-01
713        8.304400000000000670e-01
218        8.305800000000000960e-01
735        8.306400000000000450e-01
1081       8.310199999999999809e-01
652        8.310600000000000209e-01
839        8.311000000000000609e-01
1116       8.311399999999999899e-01
723        8.311800000000000299e-01
767        8.312399999999999789e-01
1132       8.312399999999999789e-01
676        8.315000000000000169e-01
1308       8.316400000000000459e-01
329        8.317200000000000149e-01
1335       8.318400000000000238e-01
471        8.319800000000000528e-01
106        8.321000000000000618e-01
385        8.322599999999999998e-01
238        8.324200000000000488e-01
1175       8.325800000000000978e-01
911        8.326000000000000068e-01
1427       8.326400000000000468e-01
1212       8.326599999999999557e-01
1495       8.326599999999999557e-01
1225       8.327000000000001068e-01
1203       8.327200000000000157e-01
261        8.328000000000000957e-01
285        8.328200000000001157e-01
64         8.329200000000001047e-01
1266       8.329600000000000337e-01
1055       8.329800000000000537e-01
1107       8.330600000000000227e-01
1301       8.330600000000000227e-01
967        8.331399999999999917e-01
1102       8.331399999999999917e-01
1190       8.331399999999999917e-01
1036       8.331800000000000317e-01
1221       8.332200000000000717e-01
1191       8.332399999999999807e-01
236        8.333200000000000607e-01
1152       8.333200000000000607e-01
139        8.333400000000000807e-01
10         8.334400000000000697e-01
679        8.334400000000000697e-01
1466       8.334400000000000697e-01
467        8.335200000000000387e-01
1358       8.335399999999999476e-01
1375       8.335800000000000987e-01
1356       8.335800000000000987e-01
45         8.336599999999999566e-01
790        8.336800000000000876e-01
1142       8.337200000000000166e-01
1211       8.337200000000000166e-01
196        8.338600000000000456e-01
48         8.338800000000000656e-01
561        8.341000000000000636e-01
1342       8.342200000000000726e-01
517        8.343400000000000816e-01
233        8.346400000000000485e-01
1146       8.347600000000000575e-01
1543       8.348200000000001175e-01
1540       8.350400000000000045e-01
172        8.350600000000000245e-01
632        8.353400000000000825e-01
576        8.354400000000000714e-01
1231       8.355000000000000204e-01
745        8.360199999999999854e-01
1526       8.360400000000000054e-01
1160       8.360600000000000254e-01
526        8.362600000000000033e-01
1242       8.365200000000000413e-01
85         8.366800000000000903e-01
1285       8.369600000000000373e-01
1148       8.371000000000000663e-01
551        8.371600000000000152e-01
1514       8.373200000000000642e-01
537        8.374000000000000332e-01
1151       8.374800000000000022e-01
957        8.375399999999999512e-01
1355       8.375800000000001022e-01
1558       8.375800000000001022e-01
891        8.378999999999999782e-01
761        8.379400000000000182e-01
1307       8.380600000000000271e-01
1354       8.380800000000000471e-01
890        8.381199999999999761e-01
763        8.381399999999999961e-01
1198       8.381800000000000361e-01
1300       8.382600000000000051e-01
1199       8.382800000000000251e-01
43         8.383000000000000451e-01
1339       8.383000000000000451e-01
37         8.383599999999999941e-01
107        8.383599999999999941e-01
533        8.385399999999999521e-01
1487       8.385800000000001031e-01
372        8.386000000000000121e-01
1208       8.388200000000001211e-01
1111       8.389600000000000390e-01
1497       8.390800000000000480e-01
1430       8.391199999999999770e-01
1441       8.391600000000000170e-01
1193       8.392800000000000260e-01
996        8.395000000000000240e-01
715        8.395200000000000440e-01
1183       8.399200000000001110e-01
1294       8.399200000000001110e-01
413        8.399400000000000199e-01
1273       8.399800000000000599e-01
388        8.403599999999999959e-01
1230       8.403599999999999959e-01
935        8.405000000000000249e-01
616        8.406800000000000939e-01
1122       8.406800000000000939e-01
792        8.407000000000001139e-01
1228       8.407200000000000228e-01
1127       8.408400000000000318e-01
1149       8.408600000000000518e-01
1523       8.409400000000000208e-01
64         8.409999999999999698e-01
1316       8.409999999999999698e-01
1047       8.413400000000000878e-01
1570       8.413400000000000878e-01
40         8.413800000000000168e-01
209        8.414200000000000568e-01
1493       8.414200000000000568e-01
251        8.414400000000000768e-01
1158       8.415399999999999547e-01
1326       8.415600000000000858e-01
1179       8.415800000000001058e-01
1343       8.415800000000001058e-01
1134       8.416800000000000948e-01
150        8.417200000000000237e-01
1138       8.417200000000000237e-01
595        8.419999999999999707e-01
1340       8.419999999999999707e-01
1224       8.421000000000000707e-01
1562       8.421000000000000707e-01
1195       8.421600000000000197e-01
1403       8.422200000000000797e-01
1189       8.422800000000000287e-01
1255       8.422800000000000287e-01
887        8.423400000000000887e-01
1348       8.423599999999999977e-01
181        8.424000000000000377e-01
593        8.425000000000000266e-01
1245       8.425000000000000266e-01
1170       8.425200000000000466e-01
1552       8.425200000000000466e-01
13         8.427599999999999536e-01
1345       8.428400000000000336e-01
434        8.429200000000001136e-01
1282       8.429600000000000426e-01
813        8.430199999999999916e-01
427        8.430400000000000116e-01
1352       8.432800000000000296e-01
1334       8.433200000000000696e-01
631        8.435200000000000475e-01
1414       8.436400000000000565e-01
1137       8.438600000000000545e-01
711        8.439200000000001145e-01
1219       8.442000000000000615e-01
1333       8.442000000000000615e-01
1338       8.444800000000000084e-01
477        8.445200000000000484e-01
1133       8.446200000000000374e-01
1232       8.446800000000000974e-01
129        8.448999999999999844e-01
1311       8.450199999999999934e-01
1221       8.452000000000000624e-01
200        8.453600000000000003e-01
1533       8.454200000000000603e-01
611        8.455000000000000293e-01
585        8.458000000000001073e-01
1173       8.458799999999999653e-01
1281       8.458799999999999653e-01
102        8.460400000000000142e-01
432        8.460400000000000142e-01
1157       8.461400000000000032e-01
1187       8.461400000000000032e-01
560        8.461800000000000432e-01
1278       8.462200000000000832e-01
1200       8.462399999999999922e-01
1369       8.464000000000000412e-01
1213       8.464400000000000812e-01
1442       8.467799999999999772e-01
877        8.468200000000000172e-01
1271       8.469200000000001172e-01
1017       8.469600000000000461e-01
1556       8.470199999999999951e-01
1000       8.471000000000000751e-01
1314       8.471400000000000041e-01
829        8.473400000000000931e-01
1261       8.473800000000000221e-01
1266       8.474000000000000421e-01
594        8.474200000000000621e-01
1080       8.474800000000000111e-01
964        8.475800000000001111e-01
1296       8.477000000000000091e-01
418        8.477599999999999580e-01
1246       8.478600000000000581e-01
723        8.479200000000001181e-01
1330       8.479999999999999760e-01
597        8.481800000000000450e-01
1242       8.481800000000000450e-01
968        8.483400000000000940e-01
374        8.485399999999999610e-01
70         8.485600000000000920e-01
1399       8.486399999999999499e-01
1027       8.489200000000001189e-01
510        8.489400000000000279e-01
1318       8.490400000000000169e-01
454        8.490600000000000369e-01
1543       8.490800000000000569e-01
1227       8.491000000000000769e-01
176        8.491600000000000259e-01
1359       8.492000000000000659e-01
1131       8.492600000000000149e-01
1243       8.492600000000000149e-01
1185       8.494000000000000439e-01
1210       8.494800000000000129e-01
1152       8.495399999999999618e-01
1365       8.496399999999999508e-01
1190       8.496800000000001019e-01
156        8.497200000000000308e-01
1069       8.500800000000000578e-01
1103       8.502200000000000868e-01
1585       8.502800000000000358e-01
1055       8.504600000000001048e-01
567        8.504800000000000137e-01
670        8.504800000000000137e-01
786        8.504800000000000137e-01
1226       8.504800000000000137e-01
1263       8.504800000000000137e-01
496        8.505399999999999627e-01
1168       8.506200000000000427e-01
707        8.507200000000000317e-01
1217       8.507200000000000317e-01
602        8.507400000000000517e-01
816        8.507599999999999607e-01
1155       8.507599999999999607e-01
252        8.508200000000000207e-01
372        8.508400000000000407e-01
1205       8.508400000000000407e-01
1117       8.508799999999999697e-01
1355       8.508999999999999897e-01
1310       8.509200000000001207e-01
881        8.509400000000000297e-01
1307       8.509600000000000497e-01
1215       8.510199999999999987e-01
845        8.510600000000000387e-01
285        8.510800000000000587e-01
1176       8.511199999999999877e-01
848        8.511800000000000477e-01
516        8.514600000000001057e-01
1150       8.514800000000000146e-01
151        8.515000000000000346e-01
1245       8.515399999999999636e-01
1248       8.515399999999999636e-01
1151       8.518200000000000216e-01
783        8.519200000000001216e-01
355        8.519400000000000306e-01
115        8.521400000000000086e-01
1555       8.521600000000000286e-01
1128       8.522800000000000376e-01
1321       8.524200000000000665e-01
187        8.524400000000000865e-01
1134       8.525600000000000955e-01
1265       8.525600000000000955e-01
1313       8.526599999999999735e-01
206        8.527000000000000135e-01
1597       8.527000000000000135e-01
1224       8.527200000000000335e-01
677        8.527400000000000535e-01
10         8.528200000000000225e-01
1145       8.529200000000001225e-01
1202       8.529999999999999805e-01
72         8.530200000000000005e-01
764        8.531000000000000805e-01
810        8.532399999999999984e-01
1182       8.532600000000000184e-01
1262       8.536800000000001054e-01
431        8.540800000000000614e-01
902        8.544200000000000683e-01
1014       8.548200000000000243e-01
1211       8.548799999999999732e-01
1322       8.549400000000000333e-01
1408       8.549999999999999822e-01
444        8.551199999999999912e-01
1581       8.552000000000000712e-01
1258       8.555000000000000382e-01
1120       8.555399999999999672e-01
1414       8.555600000000000982e-01
207        8.557599999999999651e-01
928        8.558799999999999741e-01
1274       8.559800000000000741e-01
172        8.561199999999999921e-01
794        8.562400000000000011e-01
1288       8.563800000000000301e-01
1562       8.563800000000000301e-01
418        8.564599999999999991e-01
1319       8.565199999999999481e-01
1520       8.566599999999999770e-01
261        8.567200000000000371e-01
1577       8.567200000000000371e-01
50         8.569200000000001261e-01
1160       8.572000000000000730e-01
1244       8.573999999999999400e-01
712        8.574200000000000710e-01
1251       8.574400000000000910e-01
1345       8.574400000000000910e-01
1501       8.576800000000001090e-01
1139       8.578400000000000469e-01
1115       8.579400000000000359e-01
1091       8.580600000000000449e-01
1315       8.582800000000000429e-01
426        8.583600000000000119e-01
1162       8.583600000000000119e-01
1356       8.583999999999999408e-01
1508       8.585199999999999498e-01
1239       8.585399999999999698e-01
1167       8.585800000000000098e-01
1156       8.586200000000000498e-01
1325       8.586599999999999788e-01
1327       8.587000000000000188e-01
346        8.587200000000000388e-01
341        8.587400000000000588e-01
152        8.587599999999999678e-01
1580       8.587599999999999678e-01
1185       8.587799999999999878e-01
1191       8.588000000000001188e-01
1357       8.588799999999999768e-01
416        8.589999999999999858e-01
1280       8.591199999999999948e-01
0          8.591400000000000148e-01
1188       8.594200000000000728e-01
1324       8.594200000000000728e-01
1126       8.594400000000000928e-01
174        8.594800000000000217e-01
1108       8.594800000000000217e-01
1234       8.595199999999999507e-01
39         8.595600000000001017e-01
1147       8.596599999999999797e-01
872        8.599800000000000777e-01
606        8.600600000000000467e-01
867        8.601000000000000867e-01
391        8.602000000000000757e-01
1578       8.603000000000000647e-01
1277       8.604400000000000936e-01
370        8.604800000000000226e-01
88         8.605399999999999716e-01
1174       8.605600000000001026e-01
498        8.606800000000001116e-01
1269       8.607400000000000606e-01
1130       8.608400000000000496e-01
991        8.608600000000000696e-01
1316       8.608600000000000696e-01
99         8.608999999999999986e-01
1474       8.609600000000000586e-01
830        8.609800000000000786e-01
990        8.610400000000000276e-01
1198       8.611600000000000366e-01
950        8.612400000000000055e-01
1237       8.612600000000000255e-01
104        8.612800000000000455e-01
1133       8.613399999999999945e-01
1241       8.613999999999999435e-01
1291       8.615000000000000435e-01
1040       8.615199999999999525e-01
1231       8.615399999999999725e-01
1314       8.615800000000000125e-01
207        8.618999999999999995e-01
325        8.619400000000000395e-01
633        8.620600000000000485e-01
95         8.621400000000000174e-01
1178       8.622600000000000264e-01
774        8.624200000000000754e-01
1192       8.624800000000000244e-01
689        8.625399999999999734e-01
1462       8.627200000000000424e-01
1131       8.631800000000000583e-01
965        8.633000000000000673e-01
1543       8.633999999999999453e-01
316        8.634400000000000963e-01
308        8.635399999999999743e-01
1340       8.636200000000000543e-01
1317       8.637799999999999923e-01
836        8.639200000000001323e-01
1137       8.641600000000000392e-01
1088       8.642000000000000792e-01
1132       8.645800000000000152e-01
1304       8.645800000000000152e-01
854        8.646200000000000552e-01
1329       8.648400000000000531e-01
1166       8.649800000000000821e-01
279        8.649999999999999911e-01
1295       8.652000000000000801e-01
1169       8.652200000000001001e-01
1170       8.653600000000000181e-01
750        8.654400000000000981e-01
1146       8.654600000000000071e-01
1235       8.655199999999999561e-01
868        8.655399999999999761e-01
840        8.656000000000000361e-01
824        8.656599999999999850e-01
196        8.657200000000000450e-01
1386       8.657400000000000651e-01
1214       8.658400000000000540e-01
887        8.660400000000000320e-01
460        8.662199999999999900e-01
947        8.663200000000000900e-01
864        8.663999999999999480e-01
1224       8.664600000000000080e-01
82         8.667200000000000459e-01
694        8.668400000000000549e-01
1165       8.669400000000000439e-01
1293       8.669600000000000639e-01
1220       8.670200000000000129e-01
376        8.670800000000000729e-01
1140       8.671000000000000929e-01
1180       8.674800000000000288e-01
1191       8.675199999999999578e-01
1155       8.675800000000000178e-01
1160       8.676000000000000378e-01
1320       8.676200000000000578e-01
389        8.677400000000000668e-01
338        8.677799999999999958e-01
1287       8.678799999999999848e-01
1135       8.679000000000000048e-01
590        8.680600000000000538e-01
256        8.681400000000000228e-01
1255       8.681400000000000228e-01
1209       8.682000000000000828e-01
744        8.682199999999999918e-01
1518       8.683999999999999497e-01
1050       8.687599999999999767e-01
1310       8.687799999999999967e-01
160        8.688400000000000567e-01
259        8.688400000000000567e-01
1164       8.688400000000000567e-01
1246       8.688400000000000567e-01
142        8.689200000000001367e-01
1270       8.690600000000000547e-01
1267       8.692799999999999416e-01
1228       8.693200000000000927e-01
1161       8.694800000000000306e-01
1289       8.695000000000000506e-01
171        8.696000000000000396e-01
1134       8.696599999999999886e-01
1380       8.698600000000000776e-01
603        8.699400000000000466e-01
1346       8.699400000000000466e-01
124        8.700800000000000756e-01
1355       8.701200000000000045e-01
1162       8.702000000000000846e-01
1141       8.703999999999999515e-01
1231       8.704400000000001025e-01
1190       8.705800000000000205e-01
272        8.706399999999999695e-01
1201       8.708000000000001295e-01
983        8.708400000000000585e-01
1245       8.711800000000000654e-01
900        8.713400000000000034e-01
356        8.716800000000001214e-01
924        8.719200000000001394e-01
1262       8.720200000000000173e-01
692        8.721800000000000663e-01
1343       8.721800000000000663e-01
679        8.722400000000000153e-01
435        8.722600000000000353e-01
1219       8.722799999999999443e-01
1149       8.725199999999999623e-01
1148       8.727000000000000313e-01
1519       8.728600000000000803e-01
1198       8.730399999999999272e-01
594        8.730600000000000582e-01
1202       8.731200000000000072e-01
1177       8.731400000000000272e-01
1309       8.731400000000000272e-01
896        8.732000000000000872e-01
1257       8.733800000000000452e-01
297        8.733999999999999542e-01
1531       8.734400000000001052e-01
1240       8.736599999999999921e-01
535        8.737599999999999811e-01
1582       8.741200000000000081e-01
1127       8.741400000000000281e-01
1195       8.743000000000000771e-01
1564       8.753600000000000270e-01
1347       8.756399999999999739e-01
1557       8.756599999999999939e-01
1367       8.758600000000000829e-01
636        8.760000000000000009e-01
1350       8.760800000000000809e-01
1188       8.761400000000000299e-01
1203       8.763200000000000989e-01
1594       8.764800000000000368e-01
619        8.769000000000000128e-01
101        8.769200000000001438e-01
921        8.770999999999999908e-01
1402       8.775399999999999867e-01
1157       8.776200000000000667e-01
1155       8.776800000000001267e-01
1142       8.779200000000001447e-01
1186       8.780399999999999316e-01
1404       8.784800000000000386e-01
841        8.785199999999999676e-01
1104       8.788200000000000456e-01
908        8.788799999999999946e-01
1135       8.788799999999999946e-01
1235       8.789200000000001456e-01
19         8.789600000000000746e-01
802        8.789600000000000746e-01
925        8.789799999999999836e-01
909        8.791200000000000125e-01
1333       8.791599999999999415e-01
959        8.793600000000000305e-01
1163       8.796000000000000485e-01
760        8.796399999999999775e-01
904        8.797000000000000375e-01
436        8.797400000000000775e-01
1447       8.798200000000000465e-01
1218       8.798600000000000865e-01
1147       8.799400000000000555e-01
1226       8.800600000000000644e-01
1275       8.800600000000000644e-01
1231       8.800800000000000844e-01
179        8.803000000000000824e-01
938        8.803400000000000114e-01
1168       8.803600000000000314e-01
454        8.805800000000000294e-01
693        8.807400000000000784e-01
169        8.810200000000000253e-01
1250       8.813400000000000123e-01
896        8.814600000000000213e-01
623        8.815399999999999903e-01
489        8.815800000000000303e-01
1015       8.816000000000000503e-01
332        8.818599999999999772e-01
1528       8.818599999999999772e-01
1545       8.819400000000000572e-01
175        8.822200000000000042e-01
1241       8.823999999999999622e-01
1300       8.824600000000000222e-01
497        8.826200000000000712e-01
1111       8.826800000000001312e-01
1252       8.827000000000000401e-01
706        8.827599999999999891e-01
1534       8.827800000000000091e-01
1134       8.828599999999999781e-01
593        8.829000000000000181e-01
1249       8.829000000000000181e-01
1139       8.829400000000000581e-01
1179       8.829400000000000581e-01
529        8.829600000000000781e-01
1319       8.829600000000000781e-01
1246       8.832400000000000251e-01
110        8.832799999999999541e-01
1159       8.832799999999999541e-01
863        8.833000000000000851e-01
1274       8.834600000000000231e-01
1555       8.834800000000000431e-01
167        8.835199999999999720e-01
1224       8.835800000000000320e-01
1123       8.836600000000000010e-01
1232       8.836800000000001321e-01
170        8.837000000000000410e-01
1264       8.837599999999999900e-01
846        8.839000000000000190e-01
1242       8.839400000000000590e-01
1321       8.839400000000000590e-01
697        8.840200000000000280e-01
726        8.840399999999999370e-01
1156       8.840399999999999370e-01
105        8.843000000000000860e-01
1283       8.843600000000000350e-01
1108       8.843800000000000550e-01
1551       8.845399999999999929e-01
418        8.845800000000000329e-01
1160       8.846399999999999819e-01
1323       8.846399999999999819e-01
939        8.847200000000000619e-01
1359       8.847400000000000819e-01
306        8.847599999999999909e-01
220        8.848200000000000509e-01
1245       8.849200000000000399e-01
686        8.850999999999999979e-01
1149       8.854200000000000959e-01
284        8.856600000000000028e-01
590        8.856600000000000028e-01
771        8.858000000000000318e-01
1515       8.858400000000000718e-01
1298       8.860800000000000898e-01
1247       8.862799999999999567e-01
351        8.865000000000000657e-01
1220       8.865199999999999747e-01
853        8.865399999999999947e-01
1296       8.870000000000000107e-01
1348       8.870600000000000707e-01
362        8.870800000000000907e-01
1292       8.870800000000000907e-01
1190       8.871200000000000196e-01
41         8.871599999999999486e-01
1349       8.872000000000000997e-01
1136       8.872799999999999576e-01
133        8.873800000000000576e-01
1199       8.874200000000000976e-01
1146       8.875600000000001266e-01
1308       8.875600000000001266e-01
334        8.876000000000000556e-01
1395       8.876000000000000556e-01
1248       8.876399999999999846e-01
1425       8.876399999999999846e-01
173        8.877000000000000446e-01
1328       8.878000000000000336e-01
1151       8.878200000000000536e-01
269        8.879600000000000826e-01
58         8.880600000000000716e-01
1189       8.880600000000000716e-01
1122       8.882000000000001005e-01
599        8.882200000000000095e-01
1007       8.884200000000000985e-01
1332       8.884400000000001185e-01
1145       8.885800000000000365e-01
1219       8.885800000000000365e-01
1119       8.886200000000000765e-01
1310       8.886399999999999855e-01
1341       8.887000000000000455e-01
1058       8.888000000000000345e-01
936        8.888800000000000034e-01
1177       8.889400000000000635e-01
639        8.889600000000000835e-01
24         8.891599999999999504e-01
1233       8.892400000000000304e-01
838        8.892600000000000504e-01
1266       8.892799999999999594e-01
1593       8.893400000000000194e-01
1221       8.893600000000000394e-01
1318       8.895199999999999774e-01
1352       8.895600000000001284e-01
870        8.896399999999999864e-01
1180       8.896800000000001374e-01
988        8.897000000000000464e-01
1111       8.897000000000000464e-01
195        8.897200000000000664e-01
1126       8.897200000000000664e-01
1338       8.897800000000000153e-01
257        8.898200000000000554e-01
1121       8.898599999999999843e-01
877        8.898800000000000043e-01
1287       8.898800000000000043e-01
1337       8.899000000000000243e-01
1511       8.899000000000000243e-01
1249       8.899600000000000843e-01
1167       8.900800000000000933e-01
1439       8.900800000000000933e-01
53         8.901200000000000223e-01
1449       8.901800000000000823e-01
196        8.902000000000001023e-01
1206       8.902000000000001023e-01
1255       8.902600000000000513e-01
1286       8.903600000000000403e-01
62         8.903800000000000603e-01
560        8.903999999999999693e-01
115        8.904200000000001003e-01
1320       8.904400000000001203e-01
1314       8.905000000000000693e-01
1267       8.905399999999999983e-01
818        8.905800000000000383e-01
808        8.906200000000000783e-01
660        8.906600000000000072e-01
1313       8.907800000000000162e-01
1169       8.908200000000000562e-01
72         8.909200000000000452e-01
672        8.909400000000000652e-01
1125       8.909600000000000852e-01
1282       8.910800000000000942e-01
1371       8.911599999999999522e-01
1211       8.914200000000001012e-01
1120       8.914400000000001212e-01
118        8.920000000000000151e-01
1354       8.920000000000000151e-01
1257       8.920800000000000951e-01
1175       8.922799999999999621e-01
23         8.923000000000000931e-01
1358       8.923800000000000621e-01
1170       8.925199999999999800e-01
956        8.927000000000000490e-01
22         8.927399999999999780e-01
713        8.928000000000000380e-01
1234       8.928200000000000580e-01
324        8.928400000000000780e-01
1173       8.928800000000000070e-01
1299       8.928800000000000070e-01
814        8.929000000000000270e-01
919        8.929000000000000270e-01
1309       8.929000000000000270e-01
1406       8.929000000000000270e-01
1200       8.932200000000000140e-01
1346       8.932200000000000140e-01
1291       8.932799999999999629e-01
224        8.933000000000000940e-01
1302       8.934800000000000519e-01
13         8.935000000000000719e-01
1523       8.936199999999999699e-01
403        8.936800000000000299e-01
976        8.937800000000000189e-01
947        8.938000000000000389e-01
680        8.938200000000000589e-01
1228       8.938400000000000789e-01
1345       8.939200000000000479e-01
1191       8.939600000000000879e-01
1133       8.939799999999999969e-01
407        8.940800000000000969e-01
1278       8.941000000000000059e-01
222        8.941200000000000259e-01
1162       8.942400000000000349e-01
1198       8.942400000000000349e-01
1342       8.942600000000000549e-01
1322       8.943200000000001149e-01
1237       8.943999999999999728e-01
734        8.944200000000001038e-01
1159       8.948200000000000598e-01
299        8.948400000000000798e-01
206        8.949200000000000488e-01
207        8.951400000000000468e-01
1350       8.952200000000000157e-01
1214       8.954200000000001047e-01
303        8.954800000000000537e-01
1129       8.954800000000000537e-01
1156       8.955600000000000227e-01
427        8.955800000000000427e-01
395        8.956199999999999717e-01
1289       8.956199999999999717e-01
1130       8.956800000000000317e-01
1355       8.956800000000000317e-01
801        8.957800000000000207e-01
847        8.959000000000000297e-01
1158       8.959200000000000497e-01
1184       8.959600000000000897e-01
1223       8.959799999999999986e-01
388        8.960200000000000387e-01
1176       8.961800000000000876e-01
1344       8.963400000000000256e-01
1277       8.963600000000000456e-01
1369       8.964999999999999636e-01
1199       8.965199999999999836e-01
1186       8.965600000000000236e-01
1105       8.967200000000000726e-01
614        8.967800000000000216e-01
1241       8.967800000000000216e-01
900        8.968400000000000816e-01
1131       8.969799999999999995e-01
239        8.972000000000001085e-01
197        8.972799999999999665e-01
1071       8.973200000000001175e-01
1153       8.975400000000000045e-01
1197       8.975400000000000045e-01
574        8.975600000000000245e-01
1311       8.976399999999999935e-01
1207       8.978400000000000825e-01
1246       8.978800000000000114e-01
341        8.979400000000000714e-01
1067       8.981200000000000294e-01
1319       8.984200000000001074e-01
1261       8.984400000000001274e-01
1125       8.984600000000000364e-01
482        8.984999999999999654e-01
79         8.985199999999999854e-01
1127       8.985400000000000054e-01
418        8.988000000000000433e-01
18         8.988400000000000833e-01
102        8.989800000000000013e-01
1359       8.990600000000000813e-01
627        8.993400000000000283e-01
1458       8.996199999999999752e-01
658        8.999800000000000022e-01
1117       9.000600000000000822e-01
227        9.005600000000000271e-01
325        9.005600000000000271e-01
171        9.006000000000000671e-01
1101       9.007399999999999851e-01
1152       9.009000000000000341e-01
552        9.009200000000000541e-01
1194       9.010800000000001031e-01
523        9.011599999999999611e-01
150        9.011800000000000921e-01
286        9.012000000000001121e-01
779        9.017000000000000570e-01
470        9.017600000000000060e-01
1139       9.018400000000000860e-01
264        9.018599999999999950e-01
569        9.019400000000000750e-01
938        9.019400000000000750e-01
695        9.021800000000000930e-01
1157       9.022400000000000420e-01
1330       9.022400000000000420e-01
648        9.022600000000000620e-01
1281       9.023000000000001020e-01
525        9.023600000000000509e-01
1178       9.024999999999999689e-01
1323       9.026800000000000379e-01
1166       9.027000000000000579e-01
755        9.027200000000000779e-01
1163       9.027200000000000779e-01
192        9.027600000000000069e-01
1599       9.028400000000000869e-01
1343       9.029000000000000359e-01
1276       9.029200000000000559e-01
292        9.029800000000000049e-01
1335       9.029800000000000049e-01
196        9.030000000000000249e-01
1597       9.030000000000000249e-01
1168       9.030200000000000449e-01
1172       9.030399999999999539e-01
1162       9.032400000000000428e-01
1391       9.033400000000000318e-01
714        9.033600000000000518e-01
994        9.033600000000000518e-01
865        9.033999999999999808e-01
783        9.034600000000000408e-01
1254       9.034600000000000408e-01
492        9.034999999999999698e-01
1262       9.035600000000000298e-01
752        9.036399999999999988e-01
1274       9.037800000000000278e-01
1318       9.038000000000000478e-01
1271       9.038800000000000168e-01
215        9.039400000000000768e-01
1132       9.040000000000000258e-01
838        9.040399999999999547e-01
1349       9.040600000000000858e-01
1489       9.040600000000000858e-01
1165       9.041000000000000147e-01
1336       9.042200000000000237e-01
442        9.043200000000001237e-01
1182       9.043799999999999617e-01
461        9.044600000000000417e-01
1205       9.045199999999999907e-01
1587       9.045199999999999907e-01
1179       9.046399999999999997e-01
458        9.046600000000000197e-01
1201       9.046600000000000197e-01
765        9.046800000000000397e-01
1217       9.047399999999999887e-01
1180       9.048599999999999977e-01
1234       9.049000000000000377e-01
1164       9.049800000000000066e-01
696        9.050200000000000466e-01
390        9.051000000000000156e-01
1341       9.052600000000000646e-01
1242       9.054400000000000226e-01
864        9.056000000000000716e-01
1249       9.061000000000000165e-01
1467       9.061800000000000965e-01
1338       9.064800000000000635e-01
11         9.064999999999999725e-01
860        9.064999999999999725e-01
1230       9.066400000000000015e-01
1231       9.067000000000000615e-01
1305       9.069600000000000994e-01
245        9.071200000000000374e-01
887        9.071400000000000574e-01
789        9.071599999999999664e-01
1200       9.072000000000001174e-01
1310       9.072599999999999554e-01
1141       9.072799999999999754e-01
1226       9.073000000000001064e-01
1269       9.073400000000000354e-01
1280       9.073400000000000354e-01
930        9.073600000000000554e-01
1218       9.073799999999999644e-01
1268       9.073999999999999844e-01
1321       9.075400000000000134e-01
1279       9.075800000000000534e-01
578        9.077600000000000113e-01
1106       9.077600000000000113e-01
1211       9.079200000000000603e-01
910        9.079800000000000093e-01
1134       9.080200000000000493e-01
1073       9.080800000000001093e-01
1224       9.080800000000001093e-01
499        9.082400000000000473e-01
289        9.082799999999999763e-01
1317       9.084400000000000253e-01
1293       9.085400000000000142e-01
903        9.085800000000000542e-01
946        9.086199999999999832e-01
1191       9.086199999999999832e-01
468        9.086800000000000432e-01
1186       9.087000000000000632e-01
1149       9.087800000000000322e-01
1424       9.087800000000000322e-01
1167       9.088600000000000012e-01
466        9.090800000000001102e-01
547        9.091000000000000192e-01
1198       9.091000000000000192e-01
1255       9.092599999999999572e-01
1189       9.092799999999999772e-01
1292       9.093600000000000572e-01
1229       9.093999999999999861e-01
1161       9.094800000000000662e-01
1319       9.096400000000000041e-01
1275       9.097000000000000641e-01
1337       9.097200000000000841e-01
1482       9.097200000000000841e-01
594        9.099200000000000621e-01
139        9.100200000000000511e-01
1059       9.101400000000000601e-01
1535       9.101400000000000601e-01
1265       9.102799999999999780e-01
1190       9.103999999999999870e-01
1322       9.104800000000000670e-01
1143       9.104999999999999760e-01
1173       9.106000000000000760e-01
1343       9.106199999999999850e-01
317        9.106400000000000050e-01
1332       9.107000000000000650e-01
1213       9.107200000000000850e-01
83         9.108000000000000540e-01
416        9.108800000000000230e-01
1312       9.110200000000000520e-01
1181       9.110399999999999610e-01
1184       9.110399999999999610e-01
1351       9.111800000000001010e-01
1309       9.112799999999999789e-01
751        9.113600000000000589e-01
1261       9.115199999999999969e-01
995        9.116199999999999859e-01
1355       9.117200000000000859e-01
1352       9.118600000000000039e-01
879        9.122000000000000108e-01
1286       9.122799999999999798e-01
1228       9.129400000000000848e-01
1423       9.130800000000001138e-01
1250       9.132599999999999607e-01
1306       9.133400000000000407e-01
369        9.135600000000000387e-01
670        9.136400000000000077e-01
1342       9.137000000000000677e-01
1499       9.138200000000000767e-01
1235       9.138400000000000967e-01
1339       9.138400000000000967e-01
1151       9.138600000000000056e-01
1238       9.139800000000000146e-01
116        9.140399999999999636e-01
1236       9.140399999999999636e-01
1267       9.141200000000000436e-01
836        9.142599999999999616e-01
1055       9.143000000000001126e-01
1350       9.143999999999999906e-01
1129       9.144200000000001216e-01
1233       9.144400000000000306e-01
318        9.144999999999999796e-01
170        9.145800000000000596e-01
1204       9.146600000000000286e-01
493        9.146800000000000486e-01
1234       9.147000000000000686e-01
1498       9.147800000000000376e-01
747        9.148000000000000576e-01
1185       9.149000000000000465e-01
1021       9.149200000000000665e-01
809        9.150399999999999645e-01
962        9.151000000000000245e-01
1473       9.151200000000000445e-01
1154       9.151399999999999535e-01
1227       9.151599999999999735e-01
424        9.151800000000001045e-01
598        9.152000000000000135e-01
81         9.152400000000000535e-01
616        9.153200000000000225e-01
1165       9.154400000000000315e-01
1079       9.154600000000000515e-01
1025       9.155800000000000605e-01
1221       9.156400000000000095e-01
89         9.156800000000000495e-01
90         9.157200000000000895e-01
1243       9.157399999999999984e-01
1214       9.159800000000000164e-01
1206       9.160600000000000964e-01
487        9.161399999999999544e-01
923        9.161599999999999744e-01
1223       9.162599999999999634e-01
1005       9.164600000000000524e-01
343        9.164800000000000724e-01
753        9.164999999999999813e-01
1357       9.165200000000000014e-01
173        9.165600000000000414e-01
463        9.166000000000000814e-01
1112       9.166400000000000103e-01
1101       9.166800000000000503e-01
219        9.167000000000000703e-01
212        9.167000000000000703e-01
5          9.167600000000000193e-01
1172       9.167800000000000393e-01
1459       9.168600000000000083e-01
1555       9.169400000000000883e-01
1128       9.170600000000000973e-01
756        9.170800000000000063e-01
1124       9.173200000000000243e-01
1241       9.173600000000000643e-01
484        9.173999999999999932e-01
398        9.175600000000000422e-01
1327       9.178400000000001002e-01
798        9.178800000000000292e-01
527        9.179000000000000492e-01
1434       9.179800000000000182e-01
1334       9.180800000000000072e-01
1282       9.181800000000001072e-01
1248       9.182200000000000362e-01
311        9.183200000000000252e-01
1210       9.183200000000000252e-01
1196       9.184200000000001252e-01
1552       9.184600000000000541e-01
1216       9.184800000000000741e-01
1108       9.185200000000000031e-01
766        9.185800000000000631e-01
1155       9.187800000000000411e-01
771        9.189200000000000701e-01
1284       9.189200000000000701e-01
1156       9.189800000000000191e-01
1255       9.190000000000000391e-01
734        9.190600000000000991e-01
965        9.190600000000000991e-01
1274       9.192000000000000171e-01
1277       9.192200000000000371e-01
1035       9.192599999999999660e-01
1287       9.193400000000000460e-01
1192       9.194400000000000350e-01
88         9.194999999999999840e-01
1102       9.195200000000000040e-01
849        9.195400000000000240e-01
1231       9.196199999999999930e-01
342        9.196800000000000530e-01
1215       9.196800000000000530e-01
634        9.198200000000000820e-01
16         9.199000000000000510e-01
906        9.199000000000000510e-01
664        9.200600000000001000e-01
1313       9.200600000000001000e-01
845        9.201000000000000290e-01
1292       9.201200000000000490e-01
1317       9.203000000000001180e-01
1130       9.203600000000000669e-01
1002       9.204200000000001269e-01
1039       9.204200000000001269e-01
1087       9.204400000000000359e-01
1264       9.206199999999999939e-01
1333       9.206800000000000539e-01
1359       9.207400000000000029e-01
1121       9.210000000000000409e-01
1226       9.210000000000000409e-01
1246       9.211599999999999788e-01
1137       9.212200000000000388e-01
377        9.215400000000000258e-01
1194       9.215400000000000258e-01
1279       9.222000000000000197e-01
1324       9.222200000000000397e-01
1141       9.223400000000000487e-01
1322       9.224800000000000777e-01
1285       9.227200000000000957e-01
1151       9.228400000000001047e-01
1272       9.229400000000000936e-01
1581       9.229400000000000936e-01
1207       9.229600000000000026e-01
1325       9.232400000000000606e-01
188        9.232599999999999696e-01
1280       9.232599999999999696e-01
1323       9.234400000000000386e-01
1170       9.234999999999999876e-01
1180       9.235200000000000076e-01
1528       9.235600000000000476e-01
1081       9.236600000000000366e-01
86         9.237200000000000966e-01
1197       9.237800000000000455e-01
1157       9.238800000000000345e-01
494        9.238999999999999435e-01
1135       9.240000000000000435e-01
1133       9.240199999999999525e-01
855        9.243799999999999795e-01
1479       9.244200000000001305e-01
1408       9.244999999999999885e-01
1201       9.245200000000000085e-01
1183       9.245600000000000485e-01
1179       9.245600000000000485e-01
622        9.246000000000000885e-01
796        9.246000000000000885e-01
1094       9.246199999999999974e-01
695        9.248999999999999444e-01
1346       9.249400000000000954e-01
303        9.250199999999999534e-01
719        9.251599999999999824e-01
1409       9.252200000000000424e-01
1132       9.252599999999999714e-01
1164       9.255600000000000493e-01
1306       9.257200000000000983e-01
529        9.259400000000000963e-01
1146       9.259400000000000963e-01
1161       9.259400000000000963e-01
1148       9.261000000000000343e-01
1263       9.262599999999999723e-01
1218       9.262799999999999923e-01
534        9.265200000000000102e-01
1360       9.265600000000000502e-01
1225       9.266400000000000192e-01
1266       9.266600000000000392e-01
1344       9.267799999999999372e-01
1421       9.267799999999999372e-01
1318       9.269200000000000772e-01
1309       9.271599999999999842e-01
288        9.272000000000000242e-01
856        9.272000000000000242e-01
1203       9.272000000000000242e-01
1311       9.272400000000000642e-01
1299       9.272599999999999731e-01
1335       9.272599999999999731e-01
420        9.272799999999999931e-01
1296       9.273000000000001242e-01
337        9.273400000000000531e-01
109        9.274999999999999911e-01
901        9.274999999999999911e-01
1145       9.274999999999999911e-01
1038       9.275400000000000311e-01
255        9.275600000000000511e-01
1160       9.276600000000000401e-01
470        9.277000000000000801e-01
460        9.278000000000000691e-01
514        9.278000000000000691e-01
1349       9.279200000000000781e-01
15         9.286800000000000610e-01
1154       9.287200000000001010e-01
273        9.287600000000000300e-01
377        9.288800000000000390e-01
1220       9.288999999999999480e-01
1484       9.291200000000000570e-01
1127       9.293000000000001259e-01
1176       9.294800000000000839e-01
1224       9.295600000000000529e-01
590        9.296000000000000929e-01
298        9.296400000000000219e-01
1217       9.297000000000000819e-01
120        9.297400000000000109e-01
1174       9.299400000000000999e-01
1310       9.300199999999999578e-01
1195       9.300600000000001089e-01
1314       9.300800000000000178e-01
1304       9.301200000000000578e-01
197        9.301399999999999668e-01
1450       9.301399999999999668e-01
1153       9.301599999999999868e-01
1329       9.301599999999999868e-01
995        9.301800000000001178e-01
783        9.302200000000000468e-01
1134       9.302200000000000468e-01
1320       9.302200000000000468e-01
678        9.303400000000000558e-01
1210       9.303400000000000558e-01
1138       9.303600000000000758e-01
1152       9.303600000000000758e-01
41         9.304200000000001358e-01
1223       9.304600000000000648e-01
4          9.304999999999999938e-01
1121       9.304999999999999938e-01
1380       9.304999999999999938e-01
1437       9.304999999999999938e-01
1298       9.305400000000000338e-01
70         9.305600000000000538e-01
1332       9.307199999999999918e-01
982        9.307600000000000318e-01
954        9.307799999999999407e-01
1583       9.311399999999999677e-01
1319       9.311800000000001187e-01
268        9.312200000000000477e-01
1262       9.313400000000000567e-01
768        9.313600000000000767e-01
1273       9.314200000000001367e-01
476        9.314600000000000657e-01
1167       9.318200000000000927e-01
1181       9.318600000000000216e-01
1209       9.319400000000001016e-01
1300       9.322000000000000286e-01
60         9.322599999999999776e-01
849        9.323200000000000376e-01
1326       9.325400000000000356e-01
234        9.326000000000000956e-01
1339       9.327199999999999935e-01
525        9.327600000000000335e-01
1238       9.329600000000000115e-01
1243       9.330000000000000515e-01
281        9.334400000000000475e-01
862        9.334999999999999964e-01
1109       9.336200000000000054e-01
1158       9.336200000000000054e-01
1189       9.336200000000000054e-01
1334       9.337799999999999434e-01
422        9.338400000000000034e-01
1240       9.345800000000000773e-01
1288       9.347000000000000863e-01
1354       9.347799999999999443e-01
1338       9.348200000000000953e-01
1281       9.349400000000001043e-01
1234       9.350000000000000533e-01
1233       9.350600000000001133e-01
410        9.354600000000000692e-01
457        9.354999999999999982e-01
1256       9.355600000000000582e-01
332        9.357600000000000362e-01
1279       9.359800000000000342e-01
1301       9.360399999999999832e-01
557        9.360600000000001142e-01
990        9.360800000000000232e-01
1144       9.361399999999999721e-01
1276       9.362000000000000322e-01
1355       9.362000000000000322e-01
36         9.362200000000000522e-01
80         9.362800000000000011e-01
154        9.362800000000000011e-01
1350       9.363200000000000411e-01
1547       9.363400000000000611e-01
1235       9.364600000000000701e-01
1211       9.365999999999999881e-01
1154       9.368400000000000061e-01
167        9.368600000000000261e-01
1323       9.368800000000000461e-01
625        9.368999999999999551e-01
577        9.370199999999999640e-01
609        9.375999999999999890e-01
841        9.376400000000000290e-01
747        9.377000000000000890e-01
946        9.378600000000000270e-01
85         9.378800000000000470e-01
432        9.379400000000001070e-01
1352       9.381000000000000449e-01
805        9.381399999999999739e-01
1327       9.381800000000001249e-01
243        9.383600000000000829e-01
1147       9.383600000000000829e-01
1357       9.384800000000000919e-01
1129       9.386400000000000299e-01
580        9.386599999999999389e-01
1299       9.387199999999999989e-01
1247       9.387400000000000189e-01
1269       9.387799999999999478e-01
1330       9.388000000000000789e-01
1184       9.389400000000001079e-01
274        9.390399999999999858e-01
483        9.391599999999999948e-01
1239       9.391800000000001258e-01
1173       9.392200000000000548e-01
119        9.393200000000000438e-01
1156       9.393200000000000438e-01
226        9.393400000000000638e-01
1208       9.394200000000001438e-01
513        9.394600000000000728e-01
1268       9.394800000000000928e-01
1285       9.395399999999999308e-01
190        9.396800000000000708e-01
1356       9.398600000000000287e-01
1226       9.402000000000000357e-01
1171       9.402800000000000047e-01
755        9.404400000000000537e-01
1261       9.404400000000000537e-01
1229       9.405200000000000227e-01
162        9.406599999999999406e-01
1225       9.407600000000000406e-01
523        9.407799999999999496e-01
1340       9.409800000000000386e-01
1308       9.410399999999999876e-01
271        9.411800000000001276e-01
889        9.412400000000000766e-01
866        9.412400000000000766e-01
420        9.413600000000000856e-01
1348       9.414799999999999836e-01
640        9.415399999999999325e-01
649        9.416800000000000725e-01
1231       9.417000000000000925e-01
1215       9.417799999999999505e-01
555        9.418600000000000305e-01
619        9.418600000000000305e-01
1137       9.419400000000001105e-01
1282       9.420000000000000595e-01
1151       9.422200000000000575e-01
1314       9.422400000000000775e-01
752        9.423000000000001375e-01
1300       9.423200000000000465e-01
1125       9.423600000000000865e-01
1220       9.423600000000000865e-01
1163       9.424000000000000155e-01
724        9.426599999999999424e-01
1270       9.426599999999999424e-01
1252       9.427400000000000224e-01
86         9.427799999999999514e-01
151        9.428000000000000824e-01
1213       9.429200000000000914e-01
1192       9.429200000000000914e-01
1159       9.429400000000001114e-01
1319       9.429600000000000204e-01
1572       9.429600000000000204e-01
1174       9.430199999999999694e-01
900        9.431399999999999784e-01
1262       9.432000000000000384e-01
772        9.432599999999999874e-01
176        9.433799999999999963e-01
886        9.434200000000001474e-01
1278       9.434200000000001474e-01
112        9.434400000000000563e-01
1203       9.434400000000000563e-01
1175       9.436200000000000143e-01
1126       9.437799999999999523e-01
821        9.438000000000000833e-01
1227       9.438400000000000123e-01
14         9.439600000000000213e-01
949        9.439600000000000213e-01
1221       9.440000000000000613e-01
1472       9.441200000000000703e-01
1412       9.442200000000000593e-01
1310       9.442400000000000793e-01
256        9.442599999999999882e-01
1242       9.444200000000000372e-01
1312       9.445399999999999352e-01
1272       9.445999999999999952e-01
1331       9.447200000000000042e-01
1260       9.447799999999999532e-01
1244       9.448000000000000842e-01
1236       9.448800000000000532e-01
1108       9.449600000000000222e-01
945        9.449800000000000422e-01
748        9.451200000000000712e-01
1309       9.452400000000000801e-01
986        9.452599999999999891e-01
985        9.452800000000000091e-01
1241       9.453000000000001402e-01
928        9.453799999999999981e-01
1353       9.455200000000000271e-01
1539       9.456599999999999451e-01
15         9.457600000000000451e-01
1245       9.459800000000000431e-01
439        9.460600000000001231e-01
1143       9.463599999999999790e-01
1332       9.463599999999999790e-01
686        9.465000000000000080e-01
1135       9.465200000000000280e-01
1170       9.466599999999999460e-01
1202       9.471800000000001329e-01
978        9.474200000000000399e-01
753        9.476200000000000179e-01
1291       9.477000000000000979e-01
611        9.478999999999999648e-01
88         9.479400000000001159e-01
270        9.479600000000000248e-01
1124       9.480199999999999738e-01
1179       9.480600000000001248e-01
501        9.483400000000000718e-01
1205       9.485800000000000898e-01
1199       9.486599999999999477e-01
1120       9.488000000000000878e-01
1298       9.488000000000000878e-01
1122       9.488999999999999657e-01
330        9.489800000000000457e-01
1342       9.490199999999999747e-01
907        9.490800000000000347e-01
1316       9.490800000000000347e-01
717        9.493400000000000727e-01
1177       9.495200000000000307e-01
373        9.495399999999999396e-01
994        9.496800000000000797e-01
1317       9.496800000000000797e-01
1138       9.497000000000000997e-01
614        9.497799999999999576e-01
1321       9.498000000000000886e-01
321        9.498400000000000176e-01
683        9.498800000000000576e-01
1371       9.498999999999999666e-01
1322       9.499400000000001176e-01
1077       9.499600000000000266e-01
1370       9.502200000000000646e-01
408        9.504600000000000826e-01
777        9.504799999999999915e-01
1067       9.505399999999999405e-01
394        9.505800000000000916e-01
721        9.505800000000000916e-01
1313       9.506800000000000805e-01
3          9.507600000000000495e-01
1231       9.508200000000001095e-01
617        9.508600000000000385e-01
567        9.508800000000000585e-01
1021       9.511399999999999855e-01
724        9.514799999999999924e-01
1186       9.516599999999999504e-01
1557       9.517200000000000104e-01
769        9.518400000000000194e-01
1228       9.518800000000000594e-01
1335       9.520000000000000684e-01
1524       9.521800000000001374e-01
1263       9.524600000000000843e-01
213        9.525399999999999423e-01
480        9.525399999999999423e-01
608        9.526800000000000823e-01
1256       9.527000000000001023e-01
508        9.527600000000000513e-01
1154       9.527799999999999603e-01
1257       9.527799999999999603e-01
1238       9.528000000000000913e-01
1334       9.528200000000001113e-01
522        9.530199999999999783e-01
409        9.531399999999999872e-01
517        9.531800000000001383e-01
337        9.533599999999999852e-01
416        9.535399999999999432e-01
867        9.535800000000000942e-01
1155       9.537000000000001032e-01
1430       9.537400000000000322e-01
354        9.539200000000001012e-01
802        9.539200000000001012e-01
1219       9.539200000000001012e-01
590        9.539800000000000502e-01
1325       9.539800000000000502e-01
584        9.541200000000000792e-01
1302       9.541200000000000792e-01
1133       9.541600000000000081e-01
327        9.542800000000000171e-01
766        9.543200000000000571e-01
525        9.544200000000000461e-01
267        9.544600000000000861e-01
316        9.544600000000000861e-01
1249       9.545000000000000151e-01
744        9.545399999999999441e-01
89         9.545600000000000751e-01
529        9.545800000000000951e-01
1165       9.546000000000000041e-01
869        9.546599999999999531e-01
1235       9.547200000000000131e-01
1207       9.548000000000000931e-01
899        9.548400000000000221e-01
893        9.548999999999999710e-01
1139       9.549200000000001021e-01
411        9.549600000000000311e-01
833        9.549800000000000511e-01
1236       9.550199999999999800e-01
1190       9.550600000000001311e-01
1491       9.551399999999999890e-01
1110       9.552000000000000490e-01
549        9.552200000000000690e-01
1345       9.552200000000000690e-01
1275       9.552399999999999780e-01
83         9.553200000000000580e-01
1324       9.553200000000000580e-01
464        9.553400000000000780e-01
615        9.553599999999999870e-01
507        9.555600000000000760e-01
764        9.555600000000000760e-01
914        9.560000000000000719e-01
1230       9.560400000000000009e-01
1158       9.561000000000000609e-01
1340       9.561000000000000609e-01
190        9.561399999999999899e-01
1127       9.562200000000000699e-01
1189       9.563200000000000589e-01
1129       9.563800000000000079e-01
1271       9.563800000000000079e-01
162        9.564200000000000479e-01
1589       9.566599999999999548e-01
1268       9.568600000000000438e-01
1274       9.569200000000001038e-01
1148       9.570000000000000728e-01
1323       9.571199999999999708e-01
1226       9.573599999999999888e-01
1180       9.575000000000000178e-01
1264       9.579200000000001047e-01
1209       9.591800000000000326e-01
1160       9.592399999999999816e-01
1348       9.598200000000001175e-01
1343       9.601399999999999935e-01
585        9.602200000000000735e-01
603        9.605600000000000804e-01
1234       9.606000000000000094e-01
442        9.607600000000000584e-01
1140       9.608000000000000984e-01
1154       9.611000000000000654e-01
533        9.612399999999999833e-01
1298       9.613200000000000633e-01
934        9.614200000000000523e-01
1288       9.614400000000000723e-01
303        9.614600000000000923e-01
104        9.614800000000000013e-01
1242       9.616400000000000503e-01
1292       9.616400000000000503e-01
1229       9.617000000000001103e-01
646        9.617200000000000193e-01
561        9.619200000000001083e-01
1210       9.619200000000001083e-01
1024       9.620199999999999863e-01
1337       9.620199999999999863e-01
255        9.620400000000000063e-01
278        9.620800000000000463e-01
1287       9.621399999999999952e-01
383        9.622200000000000752e-01
1414       9.622399999999999842e-01
1168       9.622800000000000242e-01
1361       9.623800000000000132e-01
1258       9.624800000000000022e-01
1289       9.625000000000000222e-01
1179       9.625800000000001022e-01
972        9.626200000000000312e-01
1449       9.626400000000000512e-01
883        9.626599999999999602e-01
1199       9.627200000000000202e-01
835        9.627400000000000402e-01
680        9.628000000000001002e-01
1193       9.629200000000001092e-01
1282       9.630199999999999871e-01
643        9.633599999999999941e-01
1290       9.633599999999999941e-01
1201       9.634000000000000341e-01
1208       9.635800000000001031e-01
1248       9.636200000000000321e-01
73         9.636400000000000521e-01
1320       9.638000000000001011e-01
418        9.638999999999999790e-01
1173       9.638999999999999790e-01
1280       9.638999999999999790e-01
198        9.640199999999999880e-01
1103       9.641600000000000170e-01
1014       9.641800000000000370e-01
756        9.642200000000000770e-01
91         9.643400000000000860e-01
1341       9.644400000000000750e-01
1109       9.645200000000000440e-01
1146       9.645200000000000440e-01
1206       9.645200000000000440e-01
598        9.645600000000000840e-01
543        9.647400000000000420e-01
1542       9.648200000000001220e-01
727        9.648999999999999799e-01
279        9.650400000000000089e-01
1023       9.650400000000000089e-01
1205       9.651800000000000379e-01
1218       9.654800000000000049e-01
1036       9.658799999999999608e-01
1293       9.659800000000000608e-01
1121       9.660800000000000498e-01
1238       9.660800000000000498e-01
691        9.662200000000000788e-01
1239       9.663000000000000478e-01
1253       9.664000000000000368e-01
294        9.664400000000000768e-01
1276       9.666000000000000147e-01
353        9.667000000000001148e-01
1100       9.667600000000000637e-01
1330       9.668000000000001037e-01
1358       9.668799999999999617e-01
1169       9.671800000000000397e-01
584        9.674600000000000977e-01
1262       9.675600000000000867e-01
1581       9.676000000000000156e-01
82         9.676400000000000556e-01
745        9.676599999999999646e-01
1347       9.677600000000000646e-01
664        9.677799999999999736e-01
896        9.681800000000000406e-01
1296       9.681800000000000406e-01
334        9.683200000000000696e-01
1143       9.684000000000000385e-01
459        9.685399999999999565e-01
1319       9.687200000000000255e-01
1327       9.687400000000000455e-01
1222       9.688999999999999835e-01
1015       9.689200000000001145e-01
1182       9.689400000000000235e-01
881        9.689600000000000435e-01
454        9.689999999999999725e-01
571        9.690600000000000325e-01
1561       9.691600000000000215e-01
1020       9.693000000000000504e-01
958        9.694400000000000794e-01
1219       9.696000000000000174e-01
1092       9.697000000000001174e-01
1181       9.698600000000000554e-01
1250       9.701400000000000023e-01
1313       9.702399999999999913e-01
1104       9.703000000000000513e-01
1282       9.703400000000000913e-01
1373       9.704600000000001003e-01
1237       9.706000000000000183e-01
636        9.707400000000000473e-01
786        9.707400000000000473e-01
1284       9.709400000000000253e-01
1167       9.710800000000000542e-01
876        9.711400000000000032e-01
1025       9.711400000000000032e-01
1202       9.713000000000000522e-01
861        9.713800000000000212e-01
1081       9.713800000000000212e-01
985        9.715200000000000502e-01
1501       9.715399999999999592e-01
1301       9.718600000000000572e-01
1168       9.719600000000000461e-01
1176       9.720400000000000151e-01
306        9.721000000000000751e-01
178        9.721400000000000041e-01
921        9.722200000000000841e-01
1204       9.723200000000000731e-01
1129       9.723600000000000021e-01
1334       9.724000000000000421e-01
1567       9.724600000000001021e-01
941        9.725399999999999601e-01
1160       9.725800000000001111e-01
854        9.726000000000000201e-01
1354       9.726200000000000401e-01
1225       9.727599999999999580e-01
1197       9.728799999999999670e-01
1125       9.730199999999999960e-01
1240       9.730199999999999960e-01
1339       9.731000000000000760e-01
1166       9.732399999999999940e-01
1416       9.732600000000000140e-01
1310       9.732800000000000340e-01
1286       9.733400000000000940e-01
1137       9.733600000000000030e-01
170        9.733800000000000230e-01
1314       9.734000000000000430e-01
1138       9.734200000000000630e-01
1465       9.734200000000000630e-01
841        9.734400000000000830e-01
150        9.736599999999999699e-01
1131       9.736800000000001010e-01
1154       9.736800000000001010e-01
1350       9.737799999999999789e-01
1032       9.738200000000000189e-01
63         9.739600000000000479e-01
1144       9.739800000000000679e-01
696        9.740199999999999969e-01
1353       9.740600000000000369e-01
1263       9.741199999999999859e-01
68         9.742200000000000859e-01
344        9.742200000000000859e-01
1232       9.743400000000000949e-01
1120       9.744000000000000439e-01
1357       9.744000000000000439e-01
1210       9.744400000000000839e-01
1251       9.744600000000001039e-01
1180       9.745000000000000329e-01
1307       9.745399999999999618e-01
1274       9.746200000000000419e-01
1270       9.746800000000001019e-01
1345       9.746800000000001019e-01
1255       9.747599999999999598e-01
1346       9.747599999999999598e-01
1216       9.748400000000000398e-01
321        9.748999999999999888e-01
1324       9.749200000000001198e-01
347        9.750600000000000378e-01
820        9.751199999999999868e-01
875        9.752399999999999958e-01
1130       9.754400000000000848e-01
219        9.754800000000000137e-01
356        9.754800000000000137e-01
1280       9.755000000000000338e-01
1330       9.755399999999999627e-01
1073       9.756599999999999717e-01
1245       9.757000000000000117e-01
1254       9.757000000000000117e-01
838        9.757400000000000517e-01
1172       9.757599999999999607e-01
1187       9.758200000000000207e-01
1231       9.758200000000000207e-01
1147       9.758999999999999897e-01
1033       9.759800000000000697e-01
338        9.761600000000000277e-01
1273       9.762000000000000677e-01
1188       9.762600000000000167e-01
1184       9.763200000000000767e-01
1344       9.764000000000000457e-01
1206       9.764600000000001057e-01
1114       9.764800000000000146e-01
911        9.765000000000000346e-01
1200       9.765000000000000346e-01
1338       9.765399999999999636e-01
1238       9.765600000000000946e-01
10         9.766000000000000236e-01
1223       9.766399999999999526e-01
1385       9.766399999999999526e-01
89         9.766599999999999726e-01
1258       9.767200000000000326e-01
1215       9.768999999999999906e-01
1207       9.769200000000001216e-01
1142       9.771400000000000086e-01
1336       9.771800000000000486e-01
699        9.773600000000000065e-01
1212       9.773600000000000065e-01
1421       9.776399999999999535e-01
1364       9.778799999999999715e-01
871        9.779999999999999805e-01
83         9.780600000000000405e-01
1341       9.782000000000000695e-01
1320       9.783000000000000584e-01
43         9.783800000000000274e-01
1510       9.784200000000000674e-01
236        9.784600000000001074e-01
799        9.785600000000000964e-01
969        9.785800000000001164e-01
1247       9.785800000000001164e-01
1321       9.786599999999999744e-01
1164       9.787200000000000344e-01
931        9.787599999999999634e-01
417        9.789400000000000324e-01
1214       9.789999999999999813e-01
1281       9.789999999999999813e-01
460        9.790400000000000214e-01
1213       9.790400000000000214e-01
214        9.792000000000000703e-01
1145       9.792600000000000193e-01
134        9.793600000000000083e-01
1524       9.793600000000000083e-01
1347       9.793800000000000283e-01
1318       9.794000000000000483e-01
1127       9.794400000000000883e-01
667        9.795000000000000373e-01
1332       9.795000000000000373e-01
1267       9.795200000000000573e-01
932        9.795600000000000973e-01
1143       9.796200000000000463e-01
1191       9.796399999999999553e-01
1565       9.797599999999999643e-01
1161       9.798200000000000243e-01
1111       9.798400000000000443e-01
1271       9.798600000000000643e-01
1241       9.798799999999999732e-01
754        9.802600000000000202e-01
1140       9.804600000000001092e-01
1126       9.805199999999999472e-01
1220       9.808600000000000652e-01
1224       9.810600000000000431e-01
1159       9.814800000000000191e-01
1185       9.815199999999999481e-01
343        9.817599999999999660e-01
1162       9.818600000000000660e-01
154        9.819200000000001261e-01
1261       9.819200000000001261e-01
254        9.821199999999999930e-01
1171       9.821199999999999930e-01
209        9.822800000000000420e-01
447        9.822800000000000420e-01
887        9.822800000000000420e-01
534        9.823800000000000310e-01
1014       9.825000000000000400e-01
72         9.826599999999999779e-01
463        9.827000000000000179e-01
1205       9.827000000000000179e-01
1211       9.827599999999999669e-01
298        9.830800000000000649e-01
1129       9.830800000000000649e-01
1229       9.831199999999999939e-01
1284       9.831400000000000139e-01
1026       9.832200000000000939e-01
1588       9.832200000000000939e-01
1266       9.834800000000000209e-01
1253       9.835400000000000809e-01
718        9.836000000000000298e-01
477        9.836399999999999588e-01
981        9.838200000000000278e-01
1246       9.838200000000000278e-01
869        9.838600000000000678e-01
1132       9.841600000000000348e-01
1218       9.841600000000000348e-01
125        9.842200000000000948e-01
1405       9.842200000000000948e-01
56         9.843800000000000328e-01
1050       9.844000000000000528e-01
411        9.844400000000000928e-01
1327       9.844400000000000928e-01
1195       9.844600000000000017e-01
1137       9.845199999999999507e-01
1268       9.845600000000001017e-01
728        9.846200000000000507e-01
1356       9.846200000000000507e-01
401        9.846599999999999797e-01
1276       9.846599999999999797e-01
566        9.848200000000000287e-01
555        9.849200000000001287e-01
987        9.849200000000001287e-01
666        9.849400000000000377e-01
1349       9.850800000000000667e-01
1279       9.851199999999999957e-01
1292       9.851800000000000557e-01
1286       9.852000000000000757e-01
750        9.852600000000000247e-01
1150       9.852600000000000247e-01
1157       9.852800000000000447e-01
607        9.853000000000000647e-01
1315       9.853999999999999426e-01
1407       9.853999999999999426e-01
1167       9.855800000000000116e-01
1527       9.855800000000000116e-01
1134       9.856200000000000516e-01
431        9.856399999999999606e-01
1265       9.856599999999999806e-01
1124       9.857599999999999696e-01
608        9.857799999999999896e-01
1212       9.858600000000000696e-01
1394       9.859200000000001296e-01
1549       9.859400000000000386e-01
1128       9.859600000000000586e-01
1302       9.861199999999999966e-01
809        9.861600000000000366e-01
740        9.863800000000000345e-01
1312       9.865400000000000835e-01
287        9.867000000000000215e-01
1386       9.868400000000000505e-01
1244       9.868799999999999795e-01
396        9.868999999999999995e-01
359        9.871600000000000374e-01
1258       9.872800000000000464e-01
246        9.873800000000000354e-01
353        9.873999999999999444e-01
481        9.879000000000000004e-01
1197       9.879800000000000804e-01
1113       9.880200000000000093e-01
1194       9.880600000000000493e-01
163        9.882200000000000983e-01
1228       9.882200000000000983e-01
864        9.883000000000000673e-01
1263       9.883200000000000873e-01
1170       9.883600000000000163e-01
1139       9.886000000000000343e-01
165        9.886599999999999833e-01
1217       9.891000000000000902e-01
1334       9.891199999999999992e-01
1148       9.892000000000000792e-01
1135       9.892000000000000792e-01
597        9.892600000000000282e-01
808        9.893200000000000882e-01
1543       9.893800000000000372e-01
1328       9.900200000000000111e-01
1420       9.900400000000001421e-01
142        9.901400000000000201e-01
1290       9.901400000000000201e-01
1242       9.901800000000000601e-01
1235       9.902400000000000091e-01
1146       9.903999999999999471e-01
653        9.904800000000000271e-01
1190       9.905000000000000471e-01
1358       9.905000000000000471e-01
1051       9.906000000000000361e-01
1214       9.907200000000000450e-01
1297       9.908799999999999830e-01
1087       9.910600000000000520e-01
1165       9.910600000000000520e-01
70         9.911000000000000920e-01
633        9.911600000000000410e-01
1354       9.911600000000000410e-01
1296       9.913200000000000900e-01
1280       9.913399999999999990e-01
1346       9.916000000000000369e-01
1048       9.916399999999999659e-01
1378       9.916599999999999859e-01
1168       9.918000000000001259e-01
1305       9.918200000000000349e-01
570        9.921600000000000419e-01
1304       9.922200000000001019e-01
1224       9.922600000000000309e-01
1189       9.923800000000000399e-01
592        9.924200000000000799e-01
1418       9.924200000000000799e-01
1329       9.924400000000000999e-01
706        9.924600000000000088e-01
833        9.925000000000000488e-01
940        9.925199999999999578e-01
34         9.926000000000000378e-01
1179       9.926399999999999668e-01
1232       9.926399999999999668e-01
19         9.926599999999999868e-01
1183       9.927400000000000668e-01
1169       9.929200000000001358e-01
1348       9.930600000000000538e-01
1359       9.930800000000000738e-01
520        9.932200000000001028e-01
1318       9.932400000000000118e-01
1309       9.933400000000000007e-01
1095       9.935600000000001097e-01
1188       9.935800000000000187e-01
1248       9.936399999999999677e-01
1142       9.940400000000001457e-01
1227       9.940400000000001457e-01
761        9.940600000000000547e-01
1154       9.941200000000000037e-01
1322       9.942799999999999416e-01
466        9.943999999999999506e-01
1350       9.944800000000000306e-01
407        9.946200000000000596e-01
346        9.947200000000000486e-01
1598       9.947200000000000486e-01
1292       9.949400000000000466e-01
1268       9.954200000000000825e-01
1187       9.955000000000000515e-01
155        9.957799999999999985e-01
1288       9.957799999999999985e-01
1274       9.958400000000000585e-01
1121       9.958600000000000785e-01
535        9.959000000000000075e-01
329        9.960600000000000565e-01
1131       9.961200000000000054e-01
1203       9.964200000000000834e-01
1145       9.964800000000000324e-01
1228       9.965800000000000214e-01
1289       9.966000000000000414e-01
1138       9.967799999999999994e-01
1219       9.968000000000001304e-01
1243       9.970200000000000173e-01
1287       9.970200000000000173e-01
1285       9.970200000000000173e-01
1094       9.970800000000000773e-01
1352       9.971200000000000063e-01
1077       9.971400000000000263e-01
1486       9.971400000000000263e-01
601        9.974200000000000843e-01
1311       9.975000000000000533e-01
1180       9.975400000000000933e-01
946        9.975600000000001133e-01
1143       9.975800000000000223e-01
1234       9.975800000000000223e-01
1220       9.976200000000000623e-01
1265       9.976399999999999713e-01
1340       9.977400000000000713e-01
678        9.978200000000000403e-01
713        9.981200000000000072e-01
1316       9.981200000000000072e-01
7          9.982600000000000362e-01
1120       9.984200000000000852e-01
1222       9.984400000000001052e-01
4          9.985000000000000542e-01
1173       9.985199999999999632e-01
612        9.985800000000000232e-01
1204       9.987200000000000522e-01
1331       9.987599999999999811e-01
1422       9.989000000000000101e-01
1333       9.990600000000000591e-01
1079       9.990999999999999881e-01
1313       9.992600000000000371e-01
1153       9.993000000000000771e-01
1199       9.996200000000000641e-01
593        9.997000000000000330e-01
1306       9.999000000000000110e-01
1068       9.999200000000001420e-01
272        9.999400000000000510e-01
1225       9.999600000000000710e-01
123        1.000060000000000171e+00
495        1.000099999999999989e+00
499        1.000140000000000029e+00
1588       1.000140000000000029e+00
1300       1.000199999999999978e+00
1168       1.000280000000000058e+00
48         1.000380000000000047e+00
1250       1.000439999999999996e+00
1298       1.000620000000000065e+00
1144       1.000680000000000014e+00
1245       1.000700000000000145e+00
1319       1.000720000000000054e+00
951        1.001040000000000152e+00
277        1.001100000000000101e+00
1307       1.001139999999999919e+00
438        1.001219999999999999e+00
1594       1.001319999999999988e+00
1359       1.001480000000000148e+00
1357       1.001519999999999966e+00
1141       1.001680000000000126e+00
1195       1.001719999999999944e+00
1130       1.001740000000000075e+00
1172       1.001740000000000075e+00
1299       1.001779999999999893e+00
639        1.001800000000000024e+00
1135       1.002220000000000111e+00
1280       1.002220000000000111e+00
1301       1.002399999999999958e+00
1267       1.002520000000000078e+00
240        1.003020000000000023e+00
907        1.003040000000000154e+00
1177       1.003480000000000150e+00
303        1.003840000000000066e+00
1133       1.003859999999999975e+00
1226       1.004080000000000084e+00
1508       1.004180000000000073e+00
317        1.004320000000000102e+00
804        1.004320000000000102e+00
1341       1.004420000000000091e+00
1322       1.004420000000000091e+00
1318       1.004420000000000091e+00
1294       1.004460000000000131e+00
1196       1.004480000000000040e+00
1165       1.004520000000000080e+00
1125       1.004539999999999988e+00
1148       1.004659999999999886e+00
1254       1.004739999999999966e+00
1246       1.004760000000000097e+00
1274       1.004760000000000097e+00
788        1.004780000000000006e+00
670        1.004860000000000086e+00
1347       1.004960000000000075e+00
1310       1.005020000000000024e+00
1261       1.005139999999999922e+00
882        1.005180000000000184e+00
1232       1.005180000000000184e+00
1156       1.005279999999999951e+00
1371       1.005279999999999951e+00
855        1.005360000000000031e+00
311        1.005400000000000071e+00
1132       1.005460000000000020e+00
1129       1.005479999999999929e+00
1155       1.005479999999999929e+00
1218       1.005479999999999929e+00
1291       1.005479999999999929e+00
1114       1.005560000000000009e+00
1275       1.005659999999999998e+00
1249       1.005680000000000129e+00
783        1.005700000000000038e+00
1124       1.005700000000000038e+00
1239       1.005719999999999947e+00
1197       1.005800000000000027e+00
246        1.005840000000000067e+00
1336       1.005859999999999976e+00
1355       1.005859999999999976e+00
1304       1.006019999999999914e+00
1167       1.006220000000000114e+00
1231       1.006240000000000023e+00
5          1.006259999999999932e+00
1217       1.006259999999999932e+00
1431       1.006320000000000103e+00
1354       1.006460000000000132e+00
1277       1.006539999999999990e+00
1287       1.006659999999999888e+00
1289       1.006680000000000019e+00
297        1.006700000000000150e+00
541        1.007079999999999975e+00
1219       1.007220000000000004e+00
1185       1.007379999999999942e+00
1247       1.007420000000000204e+00
1152       1.007479999999999931e+00
1201       1.007519999999999971e+00
1342       1.007619999999999960e+00
1320       1.007700000000000040e+00
121        1.007759999999999989e+00
486        1.007940000000000058e+00
731        1.007959999999999967e+00
811        1.007959999999999967e+00
1161       1.008000000000000007e+00
1343       1.008180000000000076e+00
299        1.008300000000000196e+00
1214       1.008340000000000014e+00
1188       1.008340000000000014e+00
1374       1.008520000000000083e+00
1134       1.008659999999999890e+00
422        1.008680000000000021e+00
1332       1.009139999999999926e+00
1359       1.009160000000000057e+00
1120       1.009419999999999984e+00
335        1.009640000000000093e+00
1326       1.009680000000000133e+00
1305       1.009719999999999951e+00
1263       1.009740000000000082e+00
1131       1.010320000000000107e+00
1306       1.010380000000000056e+00
478        1.010440000000000005e+00
1290       1.010440000000000005e+00
1270       1.010520000000000085e+00
1297       1.010560000000000125e+00
1295       1.010580000000000034e+00
1163       1.010599999999999943e+00
1590       1.010620000000000074e+00
1220       1.010639999999999983e+00
600        1.010720000000000063e+00
1529       1.010820000000000052e+00
569        1.010960000000000081e+00
940        1.011020000000000030e+00
1216       1.011139999999999928e+00
1139       1.011180000000000190e+00
1323       1.011379999999999946e+00
1271       1.011419999999999986e+00
1208       1.011460000000000026e+00
1164       1.011600000000000055e+00
1337       1.011700000000000044e+00
1251       1.011920000000000153e+00
1194       1.012180000000000080e+00
1160       1.012280000000000069e+00
987        1.012399999999999967e+00
1269       1.012499999999999956e+00
1102       1.012680000000000025e+00
1173       1.012780000000000014e+00
738        1.012800000000000145e+00
1138       1.012880000000000003e+00
409        1.012940000000000174e+00
381        1.012960000000000083e+00
986        1.012979999999999992e+00
26         1.013020000000000032e+00
264        1.013040000000000163e+00
1303       1.013100000000000112e+00
1356       1.013139999999999930e+00
862        1.013160000000000061e+00
1145       1.013220000000000010e+00
1200       1.013220000000000010e+00
655        1.013260000000000050e+00
1222       1.013419999999999987e+00
1349       1.013440000000000119e+00
1283       1.013540000000000108e+00
1210       1.013560000000000016e+00
1030       1.013640000000000096e+00
1348       1.013680000000000136e+00
44         1.013700000000000045e+00
1204       1.013740000000000085e+00
1268       1.013759999999999994e+00
1182       1.013820000000000165e+00
1333       1.013859999999999983e+00
49         1.013980000000000103e+00
1280       1.013980000000000103e+00
38         1.014040000000000052e+00
43         1.014080000000000092e+00
1137       1.014280000000000070e+00
1451       1.014299999999999979e+00
1169       1.014320000000000110e+00
387        1.014420000000000099e+00
1536       1.014480000000000048e+00
1311       1.014499999999999957e+00
1144       1.014599999999999946e+00
309        1.015040000000000164e+00
1334       1.015239999999999920e+00
1339       1.015320000000000000e+00
908        1.015600000000000058e+00
1177       1.015840000000000076e+00
1166       1.016100000000000003e+00
889        1.016499999999999959e+00
878        1.016499999999999959e+00
1213       1.016580000000000039e+00
1299       1.016580000000000039e+00
1157       1.016680000000000028e+00
292        1.016720000000000068e+00
1175       1.016839999999999966e+00
1211       1.016839999999999966e+00
1141       1.016880000000000006e+00
1159       1.016920000000000046e+00
1313       1.016960000000000086e+00
1308       1.016979999999999995e+00
1319       1.016979999999999995e+00
1302       1.017180000000000195e+00
1531       1.017200000000000104e+00
1285       1.017220000000000013e+00
1180       1.017239999999999922e+00
1146       1.017360000000000042e+00
1122       1.017360000000000042e+00
893        1.017379999999999951e+00
123        1.017519999999999980e+00
320        1.017580000000000151e+00
1112       1.017580000000000151e+00
1133       1.017600000000000060e+00
509        1.017680000000000140e+00
1260       1.017820000000000169e+00
1241       1.017840000000000078e+00
1165       1.017880000000000118e+00
1253       1.017880000000000118e+00
1189       1.017900000000000027e+00
1335       1.017959999999999976e+00
1113       1.018019999999999925e+00
1345       1.018019999999999925e+00
1360       1.018080000000000096e+00
1275       1.018159999999999954e+00
1225       1.018199999999999994e+00
1309       1.018199999999999994e+00
1582       1.018259999999999943e+00
1162       1.018359999999999932e+00
1206       1.018359999999999932e+00
491        1.018499999999999961e+00
607        1.018499999999999961e+00
1537       1.018580000000000041e+00
1316       1.018659999999999899e+00
1382       1.018760000000000110e+00
1245       1.018800000000000150e+00
1171       1.018820000000000059e+00
1121       1.018860000000000099e+00
1318       1.018860000000000099e+00
396        1.018940000000000179e+00
1522       1.018960000000000088e+00
207        1.019000000000000128e+00
1340       1.019079999999999986e+00
1317       1.019120000000000026e+00
1310       1.019220000000000015e+00
771        1.019320000000000004e+00
1324       1.019320000000000004e+00
1154       1.019519999999999982e+00
1179       1.019560000000000022e+00
1294       1.019600000000000062e+00
1346       1.019600000000000062e+00
363        1.019800000000000040e+00
1359       1.019800000000000040e+00
1219       1.019900000000000029e+00
1224       1.019940000000000069e+00
1156       1.020180000000000087e+00
1149       1.020240000000000036e+00
1351       1.020359999999999934e+00
1187       1.020520000000000094e+00
1186       1.020820000000000061e+00
265        1.020979999999999999e+00
1259       1.021000000000000130e+00
1314       1.021100000000000119e+00
569        1.021220000000000017e+00
751        1.021379999999999955e+00
1330       1.021460000000000035e+00
1265       1.021540000000000115e+00
1248       1.021560000000000024e+00
1347       1.021600000000000064e+00
749        1.021700000000000053e+00
1207       1.021760000000000002e+00
841        1.021779999999999911e+00
1074       1.021779999999999911e+00
1072       1.021859999999999991e+00
1204       1.021859999999999991e+00
935        1.021940000000000071e+00
1281       1.021940000000000071e+00
1357       1.021940000000000071e+00
601        1.022080000000000100e+00
1350       1.022080000000000100e+00
459        1.022140000000000049e+00
1209       1.022180000000000089e+00
1474       1.022180000000000089e+00
789        1.022320000000000118e+00
1212       1.022340000000000027e+00
1124       1.022359999999999935e+00
1238       1.022380000000000067e+00
1298       1.022380000000000067e+00
1353       1.022399999999999975e+00
1274       1.022440000000000015e+00
979        1.022460000000000147e+00
1236       1.022480000000000055e+00
1178       1.022520000000000095e+00
1329       1.022520000000000095e+00
53         1.022540000000000004e+00
166        1.022560000000000136e+00
1348       1.022580000000000044e+00
483        1.022639999999999993e+00
1228       1.022639999999999993e+00
559        1.022659999999999902e+00
713        1.022659999999999902e+00
82         1.022680000000000033e+00
524        1.022680000000000033e+00
76         1.022720000000000073e+00
1519       1.022739999999999982e+00
1192       1.022780000000000022e+00
1258       1.022820000000000062e+00
1193       1.022960000000000091e+00
1276       1.023040000000000171e+00
1255       1.023040000000000171e+00
1328       1.023220000000000018e+00
1273       1.023239999999999927e+00
1087       1.023279999999999967e+00
1250       1.023300000000000098e+00
1284       1.023340000000000138e+00
669        1.023360000000000047e+00
1293       1.023400000000000087e+00
1132       1.023419999999999996e+00
1167       1.023419999999999996e+00
406        1.023440000000000127e+00
116        1.023519999999999985e+00
1237       1.023540000000000116e+00
1305       1.023660000000000014e+00
1218       1.023719999999999963e+00
374        1.023820000000000174e+00
707        1.024000000000000021e+00
1516       1.024100000000000010e+00
1338       1.024140000000000050e+00
1176       1.024199999999999999e+00
1354       1.024220000000000130e+00
1142       1.024280000000000079e+00
1230       1.024340000000000028e+00
1226       1.024380000000000068e+00
218        1.024400000000000199e+00
1297       1.024520000000000097e+00
1278       1.024559999999999915e+00
515        1.024660000000000126e+00
1282       1.024760000000000115e+00
1344       1.024760000000000115e+00
851        1.024860000000000104e+00
1151       1.024860000000000104e+00
1251       1.024900000000000144e+00
453        1.024920000000000053e+00
1257       1.024999999999999911e+00
1558       1.024999999999999911e+00
1168       1.025039999999999951e+00
1182       1.025200000000000111e+00
1343       1.025200000000000111e+00
1216       1.025539999999999896e+00
339        1.025579999999999936e+00
818        1.025579999999999936e+00
1127       1.025620000000000198e+00
1205       1.025660000000000016e+00
1126       1.025680000000000147e+00
1291       1.025700000000000056e+00
1267       1.025779999999999914e+00
859        1.025880000000000125e+00
637        1.025940000000000074e+00
932        1.026059999999999972e+00
1007       1.026059999999999972e+00
1261       1.026079999999999881e+00
94         1.026180000000000092e+00
1322       1.026319999999999899e+00
1158       1.026360000000000161e+00
1141       1.026380000000000070e+00
210        1.026499999999999968e+00
1183       1.026520000000000099e+00
1280       1.026580000000000048e+00
1227       1.026599999999999957e+00
1184       1.026620000000000088e+00
1301       1.026640000000000219e+00
1475       1.026700000000000168e+00
626        1.026720000000000077e+00
390        1.026780000000000026e+00
1185       1.026900000000000146e+00
1333       1.027039999999999953e+00
1180       1.027160000000000073e+00
1244       1.027260000000000062e+00
1169       1.027279999999999971e+00
1537       1.027519999999999989e+00
682        1.027560000000000029e+00
1321       1.027620000000000200e+00
1181       1.027700000000000058e+00
816        1.027719999999999967e+00
1578       1.027719999999999967e+00
1129       1.027839999999999865e+00
1260       1.027860000000000218e+00
1367       1.027920000000000167e+00
1194       1.028000000000000025e+00
1352       1.028040000000000065e+00
1256       1.028120000000000145e+00
1292       1.028120000000000145e+00
1229       1.028200000000000003e+00
1302       1.028220000000000134e+00
1078       1.028319999999999901e+00
102        1.028700000000000170e+00
1299       1.028720000000000079e+00
1379       1.028980000000000006e+00
236        1.029140000000000166e+00
1327       1.029160000000000075e+00
1290       1.029260000000000064e+00
846        1.029360000000000053e+00
586        1.029380000000000184e+00
1058       1.029539999999999900e+00
1319       1.029579999999999940e+00
1186       1.029640000000000111e+00
1349       1.029719999999999969e+00
1235       1.030140000000000056e+00
1307       1.030160000000000187e+00
578        1.030319999999999903e+00
1243       1.030340000000000034e+00
1300       1.030360000000000165e+00
1121       1.030520000000000103e+00
1200       1.030520000000000103e+00
1263       1.030599999999999961e+00
259        1.030640000000000223e+00
1198       1.030680000000000041e+00
1266       1.030720000000000081e+00
1592       1.030739999999999990e+00
1274       1.030819999999999848e+00
1254       1.030960000000000099e+00
1270       1.031020000000000048e+00
1249       1.031279999999999974e+00
543        1.031360000000000054e+00
1220       1.031360000000000054e+00
832        1.031420000000000003e+00
1341       1.031579999999999941e+00
568        1.031740000000000101e+00
407        1.031880000000000130e+00
1393       1.031900000000000039e+00
1275       1.031959999999999988e+00
1134       1.032059999999999977e+00
1287       1.032100000000000017e+00
355        1.032200000000000006e+00
660        1.032340000000000035e+00
1314       1.032340000000000035e+00
234        1.032420000000000115e+00
1449       1.032460000000000155e+00
1288       1.032540000000000013e+00
1246       1.032720000000000082e+00
59         1.032900000000000151e+00
1024       1.032939999999999969e+00
1157       1.032999999999999918e+00
1199       1.033059999999999867e+00
1545       1.033079999999999998e+00
1163       1.033220000000000027e+00
495        1.033320000000000016e+00
1123       1.033440000000000136e+00
1312       1.033479999999999954e+00
183        1.033500000000000085e+00
808        1.033519999999999994e+00
1296       1.033560000000000034e+00
1150       1.033839999999999870e+00
1206       1.033959999999999990e+00
1238       1.034120000000000150e+00
1137       1.034200000000000008e+00
1155       1.034259999999999957e+00
1197       1.034340000000000037e+00
643        1.034440000000000026e+00
1561       1.034580000000000055e+00
580        1.034780000000000033e+00
1354       1.034880000000000022e+00
338        1.034960000000000102e+00
1138       1.034960000000000102e+00
759        1.035059999999999869e+00
1282       1.035059999999999869e+00
327        1.035120000000000040e+00
889        1.035120000000000040e+00
1203       1.035120000000000040e+00
1242       1.035179999999999989e+00
1208       1.035220000000000029e+00
1187       1.035220000000000029e+00
1234       1.035220000000000029e+00
1217       1.035299999999999887e+00
1239       1.035320000000000018e+00
1285       1.035339999999999927e+00
1228       1.035420000000000007e+00
1010       1.035460000000000047e+00
1358       1.035519999999999996e+00
1334       1.035800000000000054e+00
364        1.035819999999999963e+00
1268       1.035819999999999963e+00
1143       1.035860000000000225e+00
1152       1.035860000000000225e+00
694        1.035900000000000043e+00
1233       1.036059999999999981e+00
136        1.036079999999999890e+00
1221       1.036120000000000152e+00
1477       1.036140000000000061e+00
1164       1.036280000000000090e+00
1348       1.036319999999999908e+00
1175       1.036340000000000039e+00
1356       1.036380000000000079e+00
1355       1.036440000000000028e+00
1194       1.036460000000000159e+00
388        1.036499999999999977e+00
465        1.036559999999999926e+00
1139       1.036620000000000097e+00
1324       1.036620000000000097e+00
1202       1.036780000000000035e+00
1207       1.036799999999999944e+00
1284       1.036819999999999853e+00
1192       1.036839999999999984e+00
1251       1.037059999999999871e+00
1347       1.037099999999999911e+00
1218       1.037200000000000122e+00
1277       1.037320000000000020e+00
1315       1.037539999999999907e+00
1286       1.037579999999999947e+00
42         1.037620000000000209e+00
1272       1.037839999999999874e+00
433        1.038280000000000092e+00
1166       1.038340000000000041e+00
1259       1.038380000000000081e+00
700        1.038400000000000212e+00
857        1.038660000000000139e+00
1176       1.038660000000000139e+00
1326       1.038860000000000117e+00
1222       1.038900000000000157e+00
257        1.039020000000000055e+00
1209       1.039020000000000055e+00
1191       1.039039999999999964e+00
1172       1.039360000000000062e+00
1338       1.039380000000000193e+00
1132       1.039400000000000102e+00
1339       1.039420000000000011e+00
517        1.039520000000000000e+00
1357       1.039539999999999909e+00
1174       1.039819999999999967e+00
1136       1.040019999999999945e+00
1244       1.040059999999999985e+00
163        1.040079999999999893e+00
674        1.040100000000000025e+00
450        1.040160000000000196e+00
533        1.040220000000000145e+00
692        1.040259999999999962e+00
1299       1.040460000000000163e+00
1142       1.040499999999999980e+00
162        1.040540000000000020e+00
1224       1.040640000000000231e+00
1151       1.040660000000000140e+00
1300       1.040759999999999907e+00
1279       1.040880000000000027e+00
1153       1.040980000000000016e+00
1188       1.040980000000000016e+00
292        1.040999999999999925e+00
1141       1.041020000000000056e+00
711        1.041039999999999965e+00
956        1.041120000000000045e+00
1189       1.041179999999999994e+00
202        1.041279999999999983e+00
1165       1.041279999999999983e+00
891        1.041360000000000063e+00
1223       1.041380000000000194e+00
239        1.041420000000000012e+00
1303       1.041479999999999961e+00
1280       1.041479999999999961e+00
293        1.041520000000000001e+00
624        1.041520000000000001e+00
1502       1.041520000000000001e+00
1135       1.041700000000000070e+00
1144       1.041719999999999979e+00
1254       1.041719999999999979e+00
840        1.041980000000000128e+00
1126       1.042040000000000077e+00
1472       1.042200000000000015e+00
1204       1.042259999999999964e+00
913        1.042660000000000142e+00
1305       1.042799999999999949e+00
1359       1.042839999999999989e+00
1124       1.043059999999999876e+00
664        1.043080000000000007e+00
403        1.043099999999999916e+00
1320       1.043260000000000076e+00
1397       1.043640000000000123e+00
1258       1.043660000000000032e+00
1290       1.043740000000000112e+00
1197       1.043800000000000061e+00
530        1.043880000000000141e+00
950        1.043900000000000050e+00
853        1.043920000000000181e+00
1211       1.043980000000000130e+00
1182       1.044120000000000159e+00
1262       1.044180000000000108e+00
14         1.044200000000000017e+00
1584       1.044360000000000177e+00
213        1.044499999999999984e+00
1328       1.044599999999999973e+00
678        1.044660000000000144e+00
1316       1.044680000000000053e+00
944        1.044780000000000042e+00
1201       1.044839999999999991e+00
1037       1.044880000000000031e+00
1203       1.044960000000000111e+00
17         1.044980000000000020e+00
1164       1.045080000000000009e+00
1186       1.045279999999999987e+00
1190       1.045460000000000056e+00
1229       1.045479999999999965e+00
1298       1.045620000000000216e+00
1297       1.045620000000000216e+00
1247       1.045640000000000125e+00
1393       1.045680000000000165e+00
1146       1.045700000000000074e+00
1120       1.045719999999999983e+00
63         1.045800000000000063e+00
1342       1.045860000000000234e+00
639        1.046140000000000070e+00
334        1.046380000000000088e+00
1292       1.046400000000000219e+00
283        1.046460000000000168e+00
1205       1.046579999999999844e+00
667        1.046620000000000106e+00
138        1.046720000000000095e+00
1246       1.046759999999999913e+00
1177       1.046860000000000124e+00
372        1.046920000000000073e+00
791        1.046920000000000073e+00
1147       1.046939999999999982e+00
1334       1.046960000000000113e+00
1179       1.046980000000000022e+00
34         1.047220000000000040e+00
24         1.047239999999999949e+00
1344       1.047239999999999949e+00
1085       1.047299999999999898e+00
36         1.047360000000000069e+00
662        1.047440000000000149e+00
1157       1.047440000000000149e+00
1564       1.047440000000000149e+00
1259       1.047560000000000047e+00
1350       1.047579999999999956e+00
1133       1.047620000000000218e+00
1138       1.047700000000000076e+00
1216       1.047740000000000116e+00
1206       1.047819999999999974e+00
3          1.047860000000000236e+00
1240       1.047880000000000145e+00
1295       1.047980000000000134e+00
1011       1.048019999999999952e+00
1345       1.048120000000000163e+00
442        1.048259999999999970e+00
585        1.048319999999999919e+00
550        1.048380000000000090e+00
1307       1.048380000000000090e+00
1317       1.048459999999999948e+00
773        1.048620000000000108e+00
43         1.048660000000000148e+00
1123       1.048780000000000046e+00
1154       1.048880000000000035e+00
1514       1.048920000000000075e+00
344        1.048939999999999984e+00
1217       1.049160000000000093e+00
40         1.049299999999999899e+00
1125       1.049440000000000150e+00
1185       1.049640000000000128e+00
1308       1.049640000000000128e+00
782        1.049800000000000066e+00
1131       1.049880000000000146e+00
1171       1.049880000000000146e+00
1082       1.049900000000000055e+00
1581       1.049900000000000055e+00
1145       1.049940000000000095e+00
1142       1.049940000000000095e+00
1228       1.049960000000000004e+00
1198       1.050000000000000044e+00
361        1.050059999999999993e+00
1289       1.050059999999999993e+00
1577       1.050259999999999971e+00
984        1.050300000000000011e+00
89         1.050319999999999920e+00
757        1.050339999999999829e+00
1551       1.050400000000000222e+00
1213       1.050499999999999989e+00
1282       1.050540000000000029e+00
1150       1.050680000000000058e+00
1554       1.050819999999999865e+00
767        1.051059999999999883e+00
474        1.051080000000000014e+00
137        1.051160000000000094e+00
1200       1.051180000000000003e+00
374        1.051260000000000083e+00
1287       1.051279999999999992e+00
1254       1.051380000000000203e+00
1271       1.051479999999999970e+00
1318       1.051520000000000010e+00
1263       1.051579999999999959e+00
1257       1.051599999999999868e+00
625        1.051620000000000221e+00
169        1.051680000000000170e+00
1302       1.051760000000000028e+00
1212       1.051779999999999937e+00
1233       1.051819999999999977e+00
699        1.051900000000000057e+00
1079       1.051920000000000188e+00
1355       1.051920000000000188e+00
1340       1.051960000000000006e+00
1301       1.052079999999999904e+00
347        1.052160000000000206e+00
1316       1.052220000000000155e+00
705        1.052259999999999973e+00
1250       1.052339999999999831e+00
1442       1.052400000000000002e+00
989        1.052459999999999951e+00
1283       1.052499999999999991e+00
244        1.052540000000000031e+00
961        1.052559999999999940e+00
929        1.052660000000000151e+00
1219       1.052660000000000151e+00
1026       1.052799999999999958e+00
742        1.052839999999999998e+00
1294       1.052839999999999998e+00
1231       1.052880000000000038e+00
1134       1.052900000000000169e+00
1242       1.052900000000000169e+00
1262       1.052900000000000169e+00
995        1.053080000000000016e+00
1443       1.053220000000000045e+00
1260       1.053360000000000074e+00
1297       1.053440000000000154e+00
1196       1.053460000000000063e+00
760        1.053539999999999921e+00
1214       1.053539999999999921e+00
1256       1.053539999999999921e+00
88         1.053640000000000132e+00
1456       1.053640000000000132e+00
1162       1.053660000000000041e+00
1199       1.053660000000000041e+00
246        1.053700000000000081e+00
1293       1.053760000000000030e+00
1304       1.053779999999999939e+00
837        1.053819999999999979e+00
1238       1.053900000000000059e+00
1152       1.053940000000000099e+00
1211       1.054079999999999906e+00
1207       1.054120000000000168e+00
1237       1.054180000000000117e+00
1251       1.054200000000000026e+00
1187       1.054259999999999975e+00
143        1.054300000000000015e+00
31         1.054360000000000186e+00
936        1.054400000000000004e+00
466        1.054599999999999982e+00
1279       1.054640000000000022e+00
323        1.054680000000000062e+00
402        1.054680000000000062e+00
1120       1.054720000000000102e+00
608        1.054759999999999920e+00
1221       1.054819999999999869e+00
1248       1.054860000000000131e+00
1177       1.054880000000000040e+00
1332       1.054900000000000171e+00
1365       1.054900000000000171e+00
1319       1.054999999999999938e+00
971        1.055039999999999978e+00
1323       1.055120000000000058e+00
418        1.055140000000000189e+00
1252       1.055140000000000189e+00
1180       1.055200000000000138e+00
1296       1.055239999999999956e+00
820        1.055260000000000087e+00
1566       1.055260000000000087e+00
1267       1.055279999999999996e+00
1303       1.055299999999999905e+00
326        1.055320000000000036e+00
1210       1.055320000000000036e+00
1325       1.055320000000000036e+00
155        1.055360000000000076e+00
1358       1.055400000000000116e+00
1229       1.055420000000000025e+00
1351       1.055440000000000156e+00
778        1.055500000000000105e+00
1336       1.055520000000000014e+00
1274       1.055539999999999923e+00
1313       1.055560000000000054e+00
59         1.055579999999999963e+00
277        1.055579999999999963e+00
1172       1.055599999999999872e+00
1078       1.055660000000000043e+00
1278       1.055719999999999992e+00
262        1.055740000000000123e+00
1130       1.055760000000000032e+00
895        1.055839999999999890e+00
1195       1.055880000000000152e+00
316        1.055900000000000061e+00
1149       1.055960000000000010e+00
1288       1.055960000000000010e+00
1270       1.055980000000000141e+00
100        1.056000000000000050e+00
523        1.056000000000000050e+00
293        1.056019999999999959e+00
1346       1.056100000000000039e+00
1193       1.056140000000000079e+00
1157       1.056360000000000188e+00
1354       1.056440000000000046e+00
46         1.056559999999999944e+00
600        1.056579999999999853e+00
1186       1.056620000000000115e+00
382        1.056640000000000024e+00
954        1.056699999999999973e+00
1147       1.056780000000000053e+00
1533       1.056840000000000002e+00
1239       1.057220000000000049e+00
1245       1.057520000000000016e+00
1169       1.057660000000000045e+00
120        1.057700000000000085e+00
1269       1.057800000000000074e+00
1284       1.057800000000000074e+00
1168       1.057920000000000194e+00
127        1.058019999999999960e+00
357        1.058060000000000000e+00
1548       1.058140000000000081e+00
1349       1.058200000000000029e+00
232        1.058259999999999978e+00
1305       1.058279999999999887e+00
638        1.058339999999999836e+00
1141       1.058360000000000190e+00
1295       1.058360000000000190e+00
677        1.058459999999999956e+00
1194       1.058459999999999956e+00
1292       1.058519999999999905e+00
479        1.058559999999999945e+00
1264       1.058640000000000025e+00
796        1.058740000000000014e+00
1266       1.058780000000000054e+00
1342       1.058980000000000032e+00
107        1.059140000000000192e+00
1179       1.059140000000000192e+00
1040       1.059360000000000079e+00
1306       1.059460000000000068e+00
1185       1.059520000000000017e+00
245        1.059539999999999926e+00
1335       1.059579999999999966e+00
1307       1.059599999999999875e+00
1131       1.059660000000000046e+00
1218       1.059660000000000046e+00
470        1.059800000000000075e+00
1240       1.059839999999999893e+00
1341       1.060140000000000082e+00
1002       1.060180000000000122e+00
1156       1.060180000000000122e+00
1045       1.060219999999999940e+00
1265       1.060240000000000071e+00
1217       1.060259999999999980e+00
1227       1.060300000000000020e+00
1150       1.060339999999999838e+00
1563       1.060360000000000191e+00
827        1.060499999999999998e+00
1329       1.060559999999999947e+00
992        1.060799999999999965e+00
1234       1.060840000000000005e+00
1250       1.060860000000000136e+00
19         1.060939999999999994e+00
1277       1.060980000000000034e+00
1139       1.061020000000000074e+00
1291       1.061160000000000103e+00
1255       1.061320000000000041e+00
1249       1.061400000000000121e+00
688        1.061520000000000019e+00
896        1.061520000000000019e+00
240        1.061740000000000128e+00
1154       1.061779999999999946e+00
1201       1.061940000000000106e+00
1327       1.062040000000000095e+00
1137       1.062159999999999993e+00
1175       1.062339999999999840e+00
1322       1.063440000000000163e+00
1051       1.063980000000000148e+00
1315       1.064000000000000057e+00
1337       1.064099999999999824e+00
886        1.064459999999999962e+00
1352       1.064599999999999991e+00
450        1.064819999999999878e+00
1310       1.064880000000000049e+00
1228       1.065059999999999896e+00
1230       1.065080000000000027e+00
1232       1.065099999999999936e+00
1192       1.065120000000000067e+00
276        1.065160000000000107e+00
1348       1.065260000000000096e+00
693        1.065280000000000005e+00
1535       1.065339999999999954e+00
507        1.065420000000000034e+00
1333       1.065460000000000074e+00
1153       1.065620000000000234e+00
1135       1.065839999999999899e+00
1320       1.065839999999999899e+00
434        1.065880000000000161e+00
1164       1.065920000000000201e+00
817        1.066120000000000179e+00
1140       1.066120000000000179e+00
1144       1.066159999999999997e+00
1161       1.066159999999999997e+00
423        1.066180000000000128e+00
1299       1.066180000000000128e+00
1163       1.066200000000000037e+00
1272       1.066200000000000037e+00
1284       1.066200000000000037e+00
1243       1.066219999999999946e+00
1261       1.066219999999999946e+00
263        1.066240000000000077e+00
608        1.066319999999999935e+00
1254       1.066339999999999844e+00
1346       1.066360000000000197e+00
1340       1.066420000000000146e+00
1276       1.066440000000000055e+00
846        1.066540000000000044e+00
1190       1.066559999999999953e+00
364        1.066579999999999862e+00
413        1.066620000000000124e+00
1206       1.066640000000000033e+00
1236       1.066660000000000164e+00
1324       1.066699999999999982e+00
1205       1.066740000000000022e+00
1229       1.066940000000000000e+00
1372       1.066999999999999948e+00
1134       1.067120000000000068e+00
271        1.067260000000000097e+00
1197       1.067280000000000006e+00
1219       1.067360000000000086e+00
1285       1.067360000000000086e+00
538        1.067539999999999933e+00
760        1.067579999999999973e+00
345        1.067740000000000133e+00
334        1.067819999999999991e+00
1183       1.067860000000000253e+00
1110       1.068000000000000060e+00
1159       1.068180000000000129e+00
1199       1.068240000000000078e+00
1259       1.068279999999999896e+00
1256       1.068380000000000107e+00
1044       1.068440000000000056e+00
1286       1.068500000000000005e+00
984        1.068540000000000045e+00
499        1.068640000000000034e+00
1204       1.068660000000000165e+00
1326       1.068759999999999932e+00
48         1.068780000000000063e+00
1133       1.068840000000000012e+00
1303       1.068920000000000092e+00
1307       1.068960000000000132e+00
1148       1.069140000000000201e+00
1223       1.069460000000000077e+00
1336       1.069460000000000077e+00
612        1.069479999999999986e+00
1147       1.069579999999999975e+00
1188       1.069579999999999975e+00
965        1.069599999999999884e+00
1350       1.069599999999999884e+00
1174       1.069700000000000095e+00
1126       1.069779999999999953e+00
1179       1.069880000000000164e+00
1178       1.069880000000000164e+00
1215       1.069900000000000073e+00
1194       1.069960000000000022e+00
1037       1.069979999999999931e+00
722        1.070060000000000011e+00
879        1.070060000000000011e+00
1491       1.070120000000000182e+00
1212       1.070240000000000080e+00
292        1.070259999999999989e+00
562        1.070259999999999989e+00
1344       1.070319999999999938e+00
64         1.070360000000000200e+00
1289       1.070360000000000200e+00
1356       1.070360000000000200e+00
1242       1.070420000000000149e+00
1048       1.070540000000000047e+00
1386       1.070720000000000116e+00
1151       1.070880000000000054e+00
1288       1.070999999999999952e+00
1166       1.071099999999999941e+00
1165       1.071099999999999941e+00
28         1.071120000000000072e+00
1339       1.071160000000000112e+00
897        1.071299999999999919e+00
1316       1.071299999999999919e+00
1429       1.071339999999999959e+00
207        1.071400000000000130e+00
198        1.071440000000000170e+00
1018       1.071460000000000079e+00
82         1.071620000000000239e+00
319        1.071720000000000006e+00
1498       1.071880000000000166e+00
1298       1.071940000000000115e+00
1328       1.072039999999999882e+00
1146       1.072120000000000184e+00
1208       1.072120000000000184e+00
1157       1.072180000000000133e+00
1137       1.072219999999999951e+00
1302       1.072219999999999951e+00
1398       1.072219999999999951e+00
1207       1.072240000000000082e+00
1227       1.072240000000000082e+00
811        1.072259999999999991e+00
1241       1.072380000000000111e+00
1309       1.072420000000000151e+00
1306       1.072480000000000100e+00
1127       1.072540000000000049e+00
1314       1.072599999999999998e+00
987        1.072620000000000129e+00
102        1.072780000000000067e+00
1332       1.072780000000000067e+00
3          1.072860000000000147e+00
1274       1.072880000000000056e+00
1267       1.073039999999999994e+00
1312       1.073039999999999994e+00
595        1.073080000000000034e+00
458        1.073099999999999943e+00
1323       1.073099999999999943e+00
785        1.073120000000000074e+00
547        1.073200000000000154e+00
425        1.073299999999999921e+00
1281       1.073360000000000092e+00
1359       1.073380000000000223e+00
437        1.073400000000000132e+00
436        1.073460000000000081e+00
1349       1.073479999999999990e+00
476        1.073740000000000139e+00
890        1.073940000000000117e+00
430        1.074039999999999884e+00
673        1.074039999999999884e+00
208        1.074079999999999924e+00
717        1.074140000000000095e+00
1032       1.074180000000000135e+00
1293       1.074180000000000135e+00
1152       1.074300000000000033e+00
1123       1.074339999999999851e+00
1280       1.074360000000000204e+00
325        1.074420000000000153e+00
1284       1.074559999999999960e+00
946        1.074620000000000131e+00
716        1.074640000000000040e+00
882        1.074819999999999887e+00
293        1.074860000000000149e+00
1249       1.074860000000000149e+00
1473       1.074880000000000058e+00
814        1.074900000000000189e+00
1319       1.074940000000000007e+00
1244       1.075039999999999996e+00
1333       1.075099999999999945e+00
1122       1.075160000000000116e+00
1465       1.075200000000000156e+00
1357       1.075260000000000105e+00
286        1.075280000000000014e+00
1352       1.075339999999999963e+00
1262       1.075400000000000134e+00
1540       1.075400000000000134e+00
1138       1.075680000000000192e+00
1268       1.075700000000000101e+00
929        1.075799999999999867e+00
1187       1.075819999999999999e+00
1172       1.075979999999999936e+00
280        1.076140000000000096e+00
877        1.076140000000000096e+00
900        1.076180000000000136e+00
1247       1.076380000000000114e+00
1142       1.076459999999999972e+00
6          1.076500000000000012e+00
1317       1.076519999999999921e+00
296        1.076540000000000052e+00
1250       1.076780000000000070e+00
1057       1.076799999999999979e+00
1180       1.076880000000000059e+00
1145       1.076900000000000190e+00
653        1.077039999999999997e+00
986        1.077059999999999906e+00
1233       1.077080000000000037e+00
1335       1.077180000000000026e+00
1234       1.077380000000000226e+00
1258       1.077620000000000244e+00
1297       1.077660000000000062e+00
182        1.077779999999999960e+00
1287       1.077839999999999909e+00
660        1.078140000000000098e+00
1226       1.078279999999999905e+00
1168       1.078459999999999974e+00
1176       1.078519999999999923e+00
1253       1.078680000000000083e+00
1191       1.078759999999999941e+00
439        1.078780000000000072e+00
1252       1.078840000000000021e+00
633        1.078940000000000010e+00
1155       1.078980000000000050e+00
1190       1.079020000000000090e+00
1277       1.079039999999999999e+00
179        1.079140000000000210e+00
1330       1.079180000000000028e+00
1435       1.079180000000000028e+00
1257       1.079239999999999977e+00
1140       1.079280000000000017e+00
590        1.079380000000000228e+00
1282       1.079380000000000228e+00
1195       1.079539999999999944e+00
1141       1.079620000000000246e+00
181        1.079640000000000155e+00
1147       1.079680000000000195e+00
1285       1.079680000000000195e+00
1121       1.079760000000000053e+00
1220       1.079839999999999911e+00
1173       1.079919999999999991e+00
187        1.079960000000000031e+00
1228       1.079960000000000031e+00
14         1.080160000000000009e+00
1240       1.080200000000000049e+00
1318       1.080259999999999998e+00
337        1.080279999999999907e+00
1161       1.080540000000000056e+00
1299       1.080799999999999983e+00
483        1.080940000000000012e+00
1264       1.081200000000000161e+00
1553       1.081239999999999979e+00
1291       1.081339999999999968e+00
1230       1.081460000000000088e+00
288        1.081539999999999946e+00
1232       1.081579999999999986e+00
1128       1.081620000000000248e+00
1260       1.081739999999999924e+00
636        1.081779999999999964e+00
1167       1.081940000000000124e+00
1290       1.082079999999999931e+00
1146       1.082240000000000091e+00
977        1.082339999999999858e+00
1358       1.082480000000000109e+00
652        1.082559999999999967e+00
1342       1.082579999999999876e+00
820        1.082600000000000007e+00
1218       1.082660000000000178e+00
1304       1.082680000000000087e+00
744        1.082740000000000036e+00
140        1.082759999999999945e+00
1166       1.082759999999999945e+00
61         1.082819999999999894e+00
1163       1.082840000000000025e+00
1201       1.082840000000000025e+00
1182       1.082900000000000196e+00
1157       1.083080000000000043e+00
1373       1.083080000000000043e+00
1329       1.083160000000000123e+00
1081       1.083220000000000072e+00
1311       1.083239999999999981e+00
309        1.083280000000000021e+00
1127       1.083280000000000021e+00
574        1.083380000000000232e+00
1188       1.083380000000000232e+00
882        1.083520000000000039e+00
1242       1.083539999999999948e+00
1129       1.083560000000000079e+00
1324       1.083560000000000079e+00
1351       1.083560000000000079e+00
1154       1.083579999999999988e+00
1179       1.083640000000000159e+00
563        1.083700000000000108e+00
1331       1.083760000000000057e+00
1215       1.083779999999999966e+00
676        1.083820000000000006e+00
659        1.083860000000000046e+00
1261       1.083900000000000086e+00
1464       1.083940000000000126e+00
1237       1.084039999999999893e+00
1216       1.084060000000000024e+00
400        1.084079999999999933e+00
1325       1.084120000000000195e+00
1124       1.084140000000000104e+00
1217       1.084180000000000144e+00
1008       1.084219999999999962e+00
1185       1.084219999999999962e+00
745        1.084240000000000093e+00
1341       1.084279999999999911e+00
91         1.084300000000000042e+00
1326       1.084300000000000042e+00
1156       1.084360000000000213e+00
1289       1.084380000000000122e+00
1339       1.084380000000000122e+00
1122       1.084440000000000071e+00
1246       1.084720000000000129e+00
993        1.084740000000000038e+00
251        1.084759999999999946e+00
1126       1.084759999999999946e+00
1266       1.084880000000000067e+00
707        1.084900000000000198e+00
1224       1.084900000000000198e+00
1315       1.084980000000000055e+00
1183       1.085099999999999953e+00
546        1.085120000000000084e+00
1152       1.085200000000000164e+00
941        1.085380000000000233e+00
1273       1.085380000000000233e+00
263        1.085460000000000091e+00
1135       1.085520000000000040e+00
550        1.085700000000000109e+00
1177       1.085760000000000058e+00
178        1.085799999999999876e+00
1231       1.085839999999999916e+00
1255       1.086039999999999894e+00
517        1.086339999999999861e+00
1202       1.086459999999999981e+00
506        1.086500000000000021e+00
1337       1.086519999999999930e+00
1539       1.086559999999999970e+00
1280       1.086600000000000010e+00
1427       1.086600000000000010e+00
1206       1.086680000000000090e+00
468        1.086759999999999948e+00
22         1.086780000000000079e+00
1269       1.086799999999999988e+00
341        1.087040000000000006e+00
1234       1.087059999999999915e+00
349        1.087180000000000035e+00
1211       1.087239999999999984e+00
1077       1.087380000000000235e+00
1212       1.087380000000000235e+00
1352       1.087400000000000144e+00
854        1.087440000000000184e+00
347        1.087460000000000093e+00
1196       1.087460000000000093e+00
1197       1.087539999999999951e+00
910        1.087599999999999900e+00
1343       1.087679999999999980e+00
52         1.088160000000000016e+00
1323       1.088160000000000016e+00
1214       1.088219999999999965e+00
1251       1.088279999999999914e+00
533        1.088339999999999863e+00
907        1.088540000000000063e+00
1029       1.088600000000000012e+00
46         1.088640000000000052e+00
1287       1.088799999999999990e+00
364        1.088900000000000201e+00
1222       1.088960000000000150e+00
1268       1.089080000000000048e+00
1239       1.089160000000000128e+00
1353       1.089180000000000037e+00
302        1.089220000000000077e+00
1283       1.089260000000000117e+00
1225       1.089299999999999935e+00
154        1.089400000000000146e+00
1230       1.089559999999999862e+00
267        1.089620000000000033e+00
1344       1.089679999999999982e+00
1316       1.089820000000000011e+00
1150       1.089880000000000182e+00
479        1.089960000000000040e+00
475        1.089960000000000040e+00
1193       1.090160000000000018e+00
585        1.090219999999999967e+00
1249       1.090260000000000007e+00
1270       1.090300000000000047e+00
1165       1.090459999999999985e+00
1213       1.090500000000000025e+00
1125       1.090640000000000054e+00
597        1.090759999999999952e+00
886        1.090799999999999992e+00
1205       1.090940000000000021e+00
835        1.091020000000000101e+00
1170       1.091339999999999977e+00
609        1.091360000000000108e+00
1308       1.091460000000000097e+00
1241       1.091539999999999955e+00
1263       1.091579999999999995e+00
164        1.091620000000000035e+00
1305       1.091739999999999933e+00
1160       1.091940000000000133e+00
1168       1.092019999999999991e+00
1181       1.092140000000000111e+00
88         1.092180000000000151e+00
1180       1.092200000000000060e+00
1275       1.092219999999999969e+00
1173       1.092300000000000049e+00
1339       1.092319999999999958e+00
1322       1.092420000000000169e+00
10         1.092459999999999987e+00
1372       1.092540000000000067e+00
1169       1.092559999999999976e+00
599        1.092620000000000147e+00
1121       1.092819999999999903e+00
1137       1.092880000000000074e+00
1298       1.092920000000000114e+00
1321       1.092940000000000023e+00
1451       1.093040000000000012e+00
1147       1.093120000000000092e+00
1174       1.093120000000000092e+00
1203       1.093200000000000172e+00
1303       1.093299999999999939e+00
906        1.093339999999999979e+00
1172       1.093439999999999968e+00
1258       1.093480000000000008e+00
1309       1.093520000000000048e+00
486        1.093539999999999957e+00
59         1.093600000000000128e+00
660        1.093679999999999986e+00
1302       1.093760000000000066e+00
790        1.093839999999999923e+00
51         1.094100000000000072e+00
1179       1.094120000000000203e+00
567        1.094140000000000112e+00
1419       1.094380000000000130e+00
1341       1.094459999999999988e+00
1219       1.094559999999999977e+00
582        1.094680000000000097e+00
1072       1.094680000000000097e+00
1162       1.094680000000000097e+00
50         1.094920000000000115e+00
197        1.094999999999999973e+00
1375       1.095080000000000053e+00
1138       1.095239999999999991e+00
1148       1.095260000000000122e+00
1167       1.095319999999999849e+00
1196       1.095319999999999849e+00
1224       1.095380000000000242e+00
1327       1.095439999999999969e+00
1271       1.095460000000000100e+00
1232       1.095520000000000049e+00
1276       1.095520000000000049e+00
1233       1.095559999999999867e+00
845        1.095739999999999936e+00
1355       1.095739999999999936e+00
1266       1.095779999999999976e+00
385        1.096000000000000085e+00
571        1.096140000000000114e+00
1019       1.096160000000000023e+00
1201       1.096219999999999972e+00
1189       1.096279999999999921e+00
1228       1.096279999999999921e+00
983        1.096360000000000223e+00
245        1.096380000000000132e+00
1245       1.096440000000000081e+00
796        1.096459999999999990e+00
33         1.096519999999999939e+00
1311       1.096519999999999939e+00
1301       1.096519999999999939e+00
1154       1.096540000000000070e+00
1345       1.096579999999999888e+00
103        1.096640000000000059e+00
1091       1.096640000000000059e+00
42         1.096680000000000099e+00
443        1.096680000000000099e+00
92         1.096700000000000008e+00
1183       1.096780000000000088e+00
603        1.096819999999999906e+00
1175       1.096860000000000168e+00
1211       1.096860000000000168e+00
661        1.096880000000000077e+00
670        1.096900000000000208e+00
1178       1.096920000000000117e+00
1144       1.096940000000000026e+00
956        1.096960000000000157e+00
167        1.097020000000000106e+00
1193       1.097180000000000044e+00
1295       1.097180000000000044e+00
1282       1.097280000000000033e+00
704        1.097299999999999942e+00
1164       1.097360000000000113e+00
1206       1.097400000000000153e+00
1130       1.097420000000000062e+00
1195       1.097499999999999920e+00
870        1.097520000000000051e+00
1223       1.097539999999999960e+00
885        1.097620000000000040e+00
864        1.097660000000000080e+00
19         1.097739999999999938e+00
1120       1.097820000000000018e+00
1278       1.097880000000000189e+00
1272       1.097900000000000098e+00
1268       1.097900000000000098e+00
1184       1.097960000000000047e+00
683        1.098060000000000036e+00
635        1.098140000000000116e+00
1307       1.098219999999999974e+00
1225       1.098260000000000014e+00
1296       1.098260000000000014e+00
411        1.098300000000000054e+00
105        1.098319999999999963e+00
1281       1.098319999999999963e+00
432        1.098339999999999872e+00
1297       1.098339999999999872e+00
1335       1.098360000000000225e+00
1267       1.098400000000000043e+00
1207       1.098420000000000174e+00
1265       1.098500000000000032e+00
1125       1.098519999999999941e+00
1177       1.098660000000000192e+00
1365       1.098660000000000192e+00
989        1.098680000000000101e+00
914        1.098720000000000141e+00
1127       1.098720000000000141e+00
180        1.098840000000000039e+00
1342       1.098840000000000039e+00
1314       1.098880000000000079e+00
277        1.098920000000000119e+00
89         1.098999999999999977e+00
1005       1.099059999999999926e+00
1359       1.099059999999999926e+00
1057       1.099100000000000188e+00
1300       1.099259999999999904e+00
1155       1.099299999999999944e+00
770        1.099339999999999984e+00
1280       1.099380000000000024e+00
1243       1.099400000000000155e+00
1239       1.099439999999999973e+00
309        1.099460000000000104e+00
1240       1.099559999999999871e+00
1346       1.099660000000000082e+00
1166       1.099720000000000031e+00
27         1.100039999999999907e+00
1285       1.100060000000000038e+00
746        1.100260000000000016e+00
855        1.100400000000000045e+00
1338       1.100440000000000085e+00
1472       1.100680000000000103e+00
1227       1.100840000000000041e+00
1340       1.100920000000000121e+00
1215       1.100999999999999979e+00
1204       1.101040000000000019e+00
1331       1.101100000000000190e+00
1336       1.101160000000000139e+00
1286       1.101559999999999873e+00
1593       1.101620000000000044e+00
110        1.101660000000000084e+00
1585       1.101920000000000011e+00
1185       1.101979999999999960e+00
138        1.102000000000000091e+00
1323       1.102000000000000091e+00
1354       1.102100000000000080e+00
1253       1.102420000000000178e+00
1349       1.102440000000000087e+00
1156       1.102519999999999945e+00
1116       1.102579999999999893e+00
1126       1.102579999999999893e+00
1220       1.102680000000000105e+00
1162       1.102720000000000145e+00
1199       1.102759999999999962e+00
1187       1.103220000000000089e+00
1190       1.103299999999999947e+00
381        1.103319999999999856e+00
566        1.103360000000000118e+00
944        1.103420000000000067e+00
1059       1.103439999999999976e+00
1259       1.103480000000000016e+00
211        1.103520000000000056e+00
1158       1.103539999999999965e+00
414        1.103580000000000005e+00
854        1.103720000000000034e+00
1194       1.104100000000000081e+00
366        1.104180000000000161e+00
916        1.104400000000000048e+00
1279       1.104420000000000179e+00
1198       1.104459999999999997e+00
1305       1.104540000000000077e+00
1449       1.104640000000000066e+00
2          1.104660000000000197e+00
1236       1.104660000000000197e+00
141        1.104680000000000106e+00
1191       1.104819999999999913e+00
784        1.104999999999999982e+00
506        1.105160000000000142e+00
1095       1.105180000000000051e+00
1208       1.105180000000000051e+00
547        1.105240000000000000e+00
1246       1.105280000000000040e+00
1163       1.105319999999999858e+00
1226       1.105380000000000029e+00
1229       1.105580000000000007e+00
925        1.105600000000000138e+00
1136       1.105739999999999945e+00
842        1.105760000000000076e+00
320        1.105820000000000025e+00
109        1.105880000000000196e+00
1333       1.105880000000000196e+00
1046       1.105900000000000105e+00
657        1.105920000000000014e+00
1230       1.105920000000000014e+00
1344       1.105940000000000145e+00
1189       1.106039999999999912e+00
13         1.106100000000000083e+00
1151       1.106120000000000214e+00
630        1.106240000000000112e+00
1288       1.106319999999999970e+00
1348       1.106380000000000141e+00
502        1.106540000000000079e+00
100        1.106660000000000199e+00
1161       1.106720000000000148e+00
1350       1.107100000000000195e+00
1146       1.107400000000000162e+00
1139       1.107400000000000162e+00
1319       1.107499999999999929e+00
1241       1.107660000000000089e+00
639        1.108100000000000085e+00
1293       1.108160000000000034e+00
1216       1.108180000000000165e+00
1260       1.108200000000000074e+00
1231       1.108240000000000114e+00
958        1.108279999999999932e+00
1133       1.108360000000000234e+00
1321       1.108400000000000052e+00
1237       1.108759999999999968e+00
1224       1.108800000000000008e+00
806        1.108960000000000168e+00
530        1.108980000000000077e+00
1251       1.108999999999999986e+00
1203       1.109040000000000026e+00
312        1.109140000000000015e+00
437        1.109299999999999953e+00
1330       1.109339999999999993e+00
1248       1.109400000000000164e+00
1128       1.109480000000000022e+00
282        1.109620000000000051e+00
454        1.109660000000000091e+00
1238       1.109839999999999938e+00
412        1.109920000000000018e+00
706        1.109960000000000058e+00
946        1.110000000000000098e+00
1178       1.110020000000000007e+00
676        1.110039999999999916e+00
1442       1.110039999999999916e+00
1315       1.110180000000000167e+00
1167       1.110200000000000076e+00
125        1.110420000000000185e+00
582        1.110600000000000254e+00
1209       1.110620000000000163e+00
1304       1.110620000000000163e+00
1275       1.110680000000000112e+00
1331       1.110680000000000112e+00
1255       1.110720000000000152e+00
1157       1.111019999999999897e+00
335        1.111160000000000148e+00
1294       1.111180000000000057e+00
1141       1.111420000000000075e+00
1247       1.111620000000000053e+00
1272       1.111799999999999899e+00
1127       1.111820000000000030e+00
1282       1.112020000000000008e+00
1287       1.112079999999999957e+00
301        1.112160000000000037e+00
1278       1.112160000000000037e+00
330        1.112200000000000077e+00
1150       1.112480000000000135e+00
1317       1.112660000000000204e+00
1214       1.112700000000000022e+00
1285       1.112700000000000022e+00
1219       1.112759999999999971e+00
261        1.112800000000000011e+00
402        1.112860000000000182e+00
1579       1.112860000000000182e+00
1227       1.113019999999999898e+00
1461       1.113019999999999898e+00
1145       1.113059999999999938e+00
541        1.113100000000000200e+00
575        1.113160000000000149e+00
1383       1.113439999999999985e+00
1194       1.113460000000000116e+00
986        1.113660000000000094e+00
1213       1.113660000000000094e+00
1239       1.113680000000000003e+00
1103       1.113960000000000061e+00
65         1.114020000000000010e+00
1357       1.114180000000000170e+00
1309       1.114219999999999988e+00
1485       1.114240000000000119e+00
1187       1.114300000000000068e+00
1176       1.114319999999999977e+00
1286       1.114400000000000057e+00
1229       1.114440000000000097e+00
1262       1.114500000000000046e+00
1283       1.114519999999999955e+00
1204       1.114620000000000166e+00
1318       1.114620000000000166e+00
1263       1.114660000000000206e+00
1339       1.114680000000000115e+00
1132       1.114720000000000155e+00
1277       1.114740000000000064e+00
288        1.114780000000000104e+00
3          1.114819999999999922e+00
1121       1.114819999999999922e+00
1312       1.114819999999999922e+00
1196       1.114959999999999951e+00
1225       1.115040000000000031e+00
1156       1.115059999999999940e+00
1445       1.115059999999999940e+00
837        1.115120000000000111e+00
210        1.115140000000000020e+00
1124       1.115160000000000151e+00
33         1.115280000000000049e+00
1123       1.115480000000000027e+00
820        1.115520000000000067e+00
1134       1.115640000000000187e+00
1163       1.115700000000000136e+00
327        1.115799999999999903e+00
1199       1.115799999999999903e+00
1174       1.115880000000000205e+00
1261       1.116160000000000041e+00
1223       1.116200000000000081e+00
1313       1.116319999999999979e+00
1131       1.116380000000000150e+00
284        1.116440000000000099e+00
146        1.116460000000000008e+00
1125       1.116460000000000008e+00
718        1.116480000000000139e+00
745        1.116540000000000088e+00
1147       1.116559999999999997e+00
767        1.116640000000000077e+00
77         1.116660000000000208e+00
1115       1.116860000000000186e+00
1406       1.116920000000000135e+00
920        1.116999999999999993e+00
1345       1.117019999999999902e+00
373        1.117059999999999942e+00
1171       1.117079999999999851e+00
1166       1.117079999999999851e+00
1568       1.117120000000000113e+00
222        1.117140000000000022e+00
1302       1.117160000000000153e+00
85         1.117199999999999971e+00
401        1.117199999999999971e+00
1232       1.117199999999999971e+00
8          1.117319999999999869e+00
378        1.117319999999999869e+00
1324       1.117360000000000131e+00
1226       1.117380000000000040e+00
1136       1.117420000000000080e+00
1253       1.117439999999999989e+00
1256       1.117580000000000018e+00
328        1.117760000000000087e+00
1319       1.117820000000000036e+00
1139       1.117920000000000025e+00
1242       1.117920000000000025e+00
1279       1.117920000000000025e+00
1160       1.117960000000000065e+00
1307       1.118039999999999923e+00
29         1.118240000000000123e+00
858        1.118300000000000072e+00
1264       1.118319999999999981e+00
1340       1.118420000000000192e+00
1314       1.118460000000000010e+00
148        1.118500000000000050e+00
1237       1.118500000000000050e+00
1327       1.118500000000000050e+00
1207       1.118600000000000261e+00
1158       1.118660000000000210e+00
1046       1.118680000000000119e+00
606        1.118819999999999926e+00
1060       1.118959999999999955e+00
1356       1.119079999999999853e+00
192        1.119100000000000206e+00
1177       1.119100000000000206e+00
717        1.119220000000000104e+00
1352       1.119360000000000133e+00
1292       1.119779999999999998e+00
1168       1.119860000000000078e+00
1252       1.119920000000000027e+00
1161       1.119940000000000158e+00
1154       1.119960000000000067e+00
1222       1.119979999999999976e+00
1198       1.120000000000000107e+00
1128       1.120079999999999965e+00
1359       1.120120000000000227e+00
938        1.120140000000000136e+00
1265       1.120160000000000045e+00
1325       1.120160000000000045e+00
929        1.120180000000000176e+00
1236       1.120200000000000085e+00
1218       1.120240000000000125e+00
138        1.120300000000000074e+00
826        1.120319999999999983e+00
604        1.120440000000000103e+00
1066       1.120460000000000012e+00
274        1.120620000000000172e+00
494        1.120839999999999836e+00
241        1.121019999999999905e+00
1142       1.121160000000000156e+00
1240       1.121240000000000014e+00
1185       1.121319999999999872e+00
1231       1.121319999999999872e+00
1289       1.121360000000000134e+00
1316       1.121380000000000043e+00
1344       1.121380000000000043e+00
1069       1.121400000000000174e+00
881        1.121420000000000083e+00
1137       1.121520000000000072e+00
559        1.121739999999999959e+00
41         1.121779999999999999e+00
655        1.121779999999999999e+00
1301       1.121779999999999999e+00
698        1.121820000000000039e+00
1295       1.121820000000000039e+00
1284       1.121839999999999948e+00
1416       1.121960000000000068e+00
1212       1.122000000000000108e+00
808        1.122120000000000228e+00
1202       1.122160000000000046e+00
1130       1.122180000000000177e+00
1172       1.122219999999999995e+00
208        1.122319999999999984e+00
86         1.122460000000000013e+00
1127       1.122560000000000002e+00
1342       1.122579999999999911e+00
389        1.122740000000000071e+00
1343       1.123019999999999907e+00
1243       1.123059999999999947e+00
1381       1.123319999999999874e+00
1224       1.123340000000000005e+00
58         1.123420000000000085e+00
1306       1.123439999999999994e+00
1303       1.123499999999999943e+00
1181       1.123839999999999950e+00
1567       1.123880000000000212e+00
966        1.123920000000000030e+00
79         1.124420000000000197e+00
1211       1.124460000000000015e+00
1221       1.124460000000000015e+00
1281       1.124480000000000146e+00
1321       1.124500000000000055e+00
211        1.124560000000000004e+00
1260       1.124700000000000033e+00
1014       1.124740000000000073e+00
1315       1.124759999999999982e+00
734        1.124779999999999891e+00
995        1.124800000000000022e+00
1186       1.124860000000000193e+00
1272       1.125019999999999909e+00
449        1.125079999999999858e+00
550        1.125079999999999858e+00
1328       1.125100000000000211e+00
1239       1.125120000000000120e+00
19         1.125259999999999927e+00
1162       1.125319999999999876e+00
113        1.125420000000000087e+00
1167       1.125439999999999996e+00
465        1.125600000000000156e+00
1255       1.125600000000000156e+00
1119       1.125620000000000065e+00
120        1.125680000000000014e+00
1549       1.125680000000000014e+00
1155       1.125720000000000054e+00
1318       1.125780000000000003e+00
749        1.125799999999999912e+00
1350       1.125820000000000043e+00
178        1.125839999999999952e+00
1280       1.125839999999999952e+00
1203       1.125860000000000083e+00
581        1.125940000000000163e+00
37         1.125979999999999981e+00
285        1.126039999999999930e+00
1266       1.126039999999999930e+00
1245       1.126100000000000101e+00
955        1.126160000000000050e+00
73         1.126200000000000090e+00
765        1.126219999999999999e+00
96         1.126240000000000130e+00
1269       1.126260000000000039e+00
693        1.126279999999999948e+00
1293       1.126279999999999948e+00
538        1.126339999999999897e+00
273        1.126480000000000148e+00
1144       1.126500000000000057e+00
1170       1.126500000000000057e+00
1251       1.126500000000000057e+00
32         1.126839999999999842e+00
1112       1.126839999999999842e+00
1333       1.127019999999999911e+00
1151       1.127059999999999951e+00
155        1.127180000000000071e+00
372        1.127220000000000111e+00
1258       1.127360000000000140e+00
1209       1.127480000000000038e+00
1149       1.127499999999999947e+00
1065       1.127580000000000027e+00
498        1.127600000000000158e+00
1271       1.127600000000000158e+00
1338       1.127680000000000016e+00
1189       1.127700000000000147e+00
1160       1.127739999999999965e+00
509        1.127820000000000045e+00
1309       1.127820000000000045e+00
1356       1.127820000000000045e+00
985        1.127920000000000034e+00
1169       1.127979999999999983e+00
1140       1.128000000000000114e+00
1213       1.128000000000000114e+00
52         1.128020000000000023e+00
1244       1.128140000000000143e+00
1314       1.128140000000000143e+00
111        1.128180000000000183e+00
1176       1.128220000000000001e+00
1353       1.128220000000000001e+00
1208       1.128279999999999950e+00
654        1.128400000000000070e+00
716        1.128400000000000070e+00
235        1.128480000000000150e+00
1336       1.128539999999999877e+00
1234       1.128640000000000088e+00
691        1.128680000000000128e+00
279        1.128700000000000037e+00
1319       1.128839999999999844e+00
1459       1.128880000000000106e+00
984        1.128900000000000015e+00
1329       1.128959999999999964e+00
1242       1.129019999999999913e+00
1577       1.129040000000000044e+00
1572       1.129059999999999953e+00
423        1.129079999999999862e+00
467        1.129140000000000033e+00
1134       1.129160000000000164e+00
1320       1.129199999999999982e+00
796        1.129220000000000113e+00
819        1.129420000000000091e+00
522        1.129440000000000000e+00
480        1.129539999999999988e+00
60         1.129580000000000028e+00
1274       1.129860000000000086e+00
871        1.129900000000000126e+00
1348       1.130020000000000024e+00
356        1.130200000000000093e+00
1261       1.130279999999999951e+00
1273       1.130339999999999900e+00
370        1.130360000000000253e+00
949        1.130360000000000253e+00
1299       1.130600000000000049e+00
1219       1.130620000000000180e+00
1225       1.130659999999999998e+00
1248       1.130800000000000027e+00
1278       1.130819999999999936e+00
1205       1.130839999999999845e+00
1573       1.130860000000000198e+00
1153       1.130920000000000147e+00
1210       1.130940000000000056e+00
1257       1.130940000000000056e+00
477        1.131059999999999954e+00
1340       1.131059999999999954e+00
1143       1.131100000000000216e+00
1342       1.131120000000000125e+00
1195       1.131259999999999932e+00
1324       1.131299999999999972e+00
1268       1.131360000000000143e+00
1230       1.131499999999999950e+00
1061       1.131539999999999990e+00
1289       1.131539999999999990e+00
781        1.131580000000000030e+00
1201       1.131580000000000030e+00
174        1.131680000000000019e+00
520        1.131700000000000150e+00
1166       1.131700000000000150e+00
539        1.131739999999999968e+00
1330       1.131739999999999968e+00
1241       1.131760000000000099e+00
1337       1.131780000000000008e+00
1138       1.131940000000000168e+00
485        1.132100000000000106e+00
375        1.132140000000000146e+00
1178       1.132300000000000084e+00
1196       1.132319999999999993e+00
1254       1.132460000000000022e+00
424        1.132500000000000062e+00
1141       1.132519999999999971e+00
1334       1.132740000000000080e+00
117        1.132759999999999989e+00
251        1.132779999999999898e+00
1354       1.132779999999999898e+00
1335       1.132819999999999938e+00
1217       1.132900000000000018e+00
1214       1.132920000000000149e+00
1593       1.132920000000000149e+00
736        1.132940000000000058e+00
1292       1.132940000000000058e+00
1135       1.133220000000000116e+00
1305       1.133240000000000025e+00
1302       1.133360000000000145e+00
692        1.133420000000000094e+00
1313       1.133440000000000003e+00
1120       1.133460000000000134e+00
1042       1.133480000000000043e+00
1126       1.133559999999999901e+00
1152       1.133640000000000203e+00
624        1.133680000000000021e+00
846        1.133700000000000152e+00
191        1.133940000000000170e+00
1297       1.133979999999999988e+00
1164       1.134060000000000068e+00
1308       1.134060000000000068e+00
1237       1.134279999999999955e+00
1359       1.134339999999999904e+00
523        1.134360000000000257e+00
1185       1.134380000000000166e+00
1350       1.134380000000000166e+00
1123       1.134519999999999973e+00
1033       1.134539999999999882e+00
1197       1.134539999999999882e+00
1204       1.134660000000000002e+00
1188       1.134680000000000133e+00
1215       1.134719999999999951e+00
1105       1.134740000000000082e+00
1122       1.134779999999999900e+00
44         1.134860000000000202e+00
1250       1.134860000000000202e+00
365        1.134880000000000111e+00
817        1.134900000000000020e+00
635        1.134940000000000060e+00
582        1.135000000000000009e+00
1156       1.135000000000000009e+00
1291       1.135000000000000009e+00
51         1.135040000000000049e+00
1322       1.135059999999999958e+00
1130       1.135079999999999867e+00
1317       1.135100000000000220e+00
1287       1.135120000000000129e+00
777        1.135140000000000038e+00
1479       1.135240000000000027e+00
1323       1.135259999999999936e+00
713        1.135340000000000016e+00
121        1.135620000000000074e+00
1145       1.135700000000000154e+00
1243       1.135799999999999921e+00
1338       1.135860000000000092e+00
151        1.135880000000000223e+00
1307       1.136020000000000030e+00
1048       1.136220000000000008e+00
1148       1.136319999999999997e+00
1245       1.136400000000000077e+00
119        1.136419999999999986e+00
1351       1.136419999999999986e+00
666        1.136479999999999935e+00
1253       1.136479999999999935e+00
1180       1.136560000000000015e+00
1229       1.136600000000000055e+00
667        1.136640000000000095e+00
175        1.136800000000000033e+00
568        1.136819999999999942e+00
1296       1.136839999999999851e+00
1137       1.136980000000000102e+00
1162       1.137000000000000011e+00
421        1.137040000000000051e+00
808        1.137059999999999960e+00
1346       1.137079999999999869e+00
1414       1.137100000000000222e+00
374        1.137120000000000131e+00
1267       1.137160000000000171e+00
259        1.137180000000000080e+00
441        1.137220000000000120e+00
1194       1.137240000000000029e+00
1446       1.137259999999999938e+00
1183       1.137319999999999887e+00
208        1.137340000000000018e+00
1333       1.137360000000000149e+00
1216       1.137480000000000047e+00
1147       1.137520000000000087e+00
387        1.137600000000000167e+00
443        1.137640000000000207e+00
1239       1.137720000000000065e+00
1053       1.137799999999999923e+00
1187       1.137820000000000054e+00
382        1.137860000000000094e+00
886        1.137860000000000094e+00
231        1.137979999999999992e+00
188        1.138039999999999941e+00
1133       1.138039999999999941e+00
769        1.138060000000000072e+00
1331       1.138160000000000061e+00
1161       1.138200000000000101e+00
1311       1.138240000000000141e+00
1310       1.138339999999999907e+00
427        1.138360000000000261e+00
1240       1.138440000000000119e+00
1320       1.138440000000000119e+00
1184       1.138460000000000027e+00
1366       1.138460000000000027e+00
1012       1.138519999999999976e+00
1244       1.138519999999999976e+00
1224       1.138519999999999976e+00
1158       1.138579999999999925e+00
771        1.138600000000000056e+00
1246       1.138620000000000188e+00
914        1.138680000000000136e+00
1295       1.138719999999999954e+00
390        1.138740000000000085e+00
1227       1.138800000000000034e+00
1265       1.138839999999999852e+00
654        1.138860000000000205e+00
1132       1.138860000000000205e+00
1223       1.138860000000000205e+00
1268       1.139259999999999939e+00
1182       1.139400000000000190e+00
1275       1.139420000000000099e+00
1277       1.139440000000000008e+00
1256       1.139600000000000168e+00
1189       1.139640000000000208e+00
1232       1.139660000000000117e+00
444        1.139720000000000066e+00
997        1.139780000000000015e+00
1328       1.139860000000000095e+00
1355       1.139860000000000095e+00
772        1.139960000000000084e+00
1458       1.140160000000000062e+00
1134       1.140380000000000171e+00
1258       1.140380000000000171e+00
1177       1.140400000000000080e+00
1303       1.140539999999999887e+00
710        1.140600000000000058e+00
1356       1.140600000000000058e+00
1326       1.140680000000000138e+00
1051       1.140700000000000047e+00
1155       1.140719999999999956e+00
858        1.140740000000000087e+00
946        1.141019999999999923e+00
640        1.141160000000000174e+00
1192       1.141240000000000032e+00
1252       1.141299999999999981e+00
209        1.141340000000000021e+00
1225       1.141340000000000021e+00
1228       1.141460000000000141e+00
705        1.141499999999999959e+00
1251       1.141539999999999999e+00
1218       1.141559999999999908e+00
1450       1.141559999999999908e+00
1254       1.141720000000000068e+00
376        1.141780000000000017e+00
1238       1.141900000000000137e+00
1304       1.141960000000000086e+00
1208       1.142000000000000126e+00
1316       1.142039999999999944e+00
1357       1.142220000000000013e+00
1128       1.142380000000000173e+00
1270       1.142380000000000173e+00
1262       1.142400000000000082e+00
1332       1.142400000000000082e+00
1160       1.142419999999999991e+00
1286       1.142419999999999991e+00
233        1.142440000000000122e+00
1345       1.142479999999999940e+00
967        1.142519999999999980e+00
1117       1.142600000000000060e+00
1175       1.142680000000000140e+00
895        1.142700000000000049e+00
569        1.142740000000000089e+00
685        1.142740000000000089e+00
634        1.142779999999999907e+00
1242       1.142819999999999947e+00
608        1.142880000000000118e+00
1352       1.142920000000000158e+00
1444       1.143000000000000016e+00
1309       1.143019999999999925e+00
1131       1.143079999999999874e+00
48         1.143160000000000176e+00
1327       1.143160000000000176e+00
919        1.143340000000000023e+00
1234       1.143340000000000023e+00
1335       1.143400000000000194e+00
937        1.143460000000000143e+00
1206       1.143520000000000092e+00
1125       1.143559999999999910e+00
1237       1.143559999999999910e+00
1283       1.143580000000000041e+00
1198       1.143600000000000172e+00
120        1.143680000000000030e+00
1186       1.143780000000000019e+00
1201       1.143820000000000059e+00
1287       1.143940000000000179e+00
1525       1.144020000000000037e+00
763        1.144039999999999946e+00
1281       1.144039999999999946e+00
412        1.144100000000000117e+00
1185       1.144180000000000197e+00
201        1.144220000000000015e+00
1341       1.144440000000000124e+00
1190       1.144460000000000033e+00
1518       1.144460000000000033e+00
1136       1.144500000000000073e+00
1167       1.144500000000000073e+00
1123       1.144539999999999891e+00
1271       1.144640000000000102e+00
1222       1.144860000000000211e+00
755        1.144880000000000120e+00
788        1.144940000000000069e+00
452        1.144959999999999978e+00
1212       1.145019999999999927e+00
1181       1.145059999999999967e+00
1325       1.145259999999999945e+00
521        1.145319999999999894e+00
1109       1.145380000000000065e+00
1273       1.145380000000000065e+00
1305       1.145440000000000014e+00
637        1.145559999999999912e+00
57         1.145580000000000043e+00
796        1.145580000000000043e+00
1298       1.145580000000000043e+00
620        1.145600000000000174e+00
1174       1.145620000000000083e+00
1330       1.145700000000000163e+00
1202       1.145720000000000072e+00
579        1.145880000000000232e+00
612        1.145960000000000090e+00
1349       1.145960000000000090e+00
1092       1.146020000000000039e+00
632        1.146039999999999948e+00
1196       1.146079999999999988e+00
1143       1.146100000000000119e+00
627        1.146120000000000250e+00
1163       1.146140000000000159e+00
1353       1.146200000000000108e+00
748        1.146279999999999966e+00
1344       1.146299999999999875e+00
1249       1.146380000000000177e+00
1312       1.146400000000000086e+00
61         1.146539999999999893e+00
246        1.146579999999999933e+00
1093       1.146620000000000195e+00
928        1.146680000000000144e+00
106        1.146719999999999962e+00
554        1.146740000000000093e+00
708        1.146779999999999911e+00
1314       1.146819999999999951e+00
1362       1.146860000000000213e+00
499        1.146920000000000162e+00
1138       1.146940000000000071e+00
1346       1.147240000000000038e+00
1178       1.147259999999999946e+00
1318       1.147299999999999986e+00
547        1.147580000000000044e+00
1259       1.147640000000000216e+00
1241       1.147720000000000073e+00
794        1.147839999999999971e+00
1139       1.147839999999999971e+00
1166       1.147839999999999971e+00
1264       1.147880000000000233e+00
723        1.147960000000000091e+00
1282       1.148059999999999858e+00
626        1.148079999999999989e+00
1358       1.148220000000000018e+00
14         1.148239999999999927e+00
1157       1.148539999999999894e+00
1324       1.148719999999999963e+00
1263       1.148839999999999861e+00
42         1.148900000000000032e+00
1235       1.148940000000000072e+00
374        1.149040000000000061e+00
1158       1.149120000000000141e+00
1253       1.149220000000000130e+00
1323       1.149299999999999988e+00
1176       1.149400000000000199e+00
1288       1.149440000000000017e+00
736        1.149460000000000148e+00
1200       1.149700000000000166e+00
1172       1.149799999999999933e+00
1169       1.149839999999999973e+00
1150       1.149860000000000104e+00
732        1.149880000000000235e+00
450        1.149900000000000144e+00
1306       1.149980000000000002e+00
898        1.150000000000000133e+00
137        1.150100000000000122e+00
1220       1.150160000000000071e+00
58         1.150279999999999969e+00
1126       1.150279999999999969e+00
1266       1.150360000000000049e+00
810        1.150380000000000180e+00
303        1.150419999999999998e+00
1177       1.150419999999999998e+00
816        1.150479999999999947e+00
1256       1.150620000000000198e+00
1333       1.150819999999999954e+00
1284       1.150900000000000034e+00
1276       1.150920000000000165e+00
1295       1.150959999999999983e+00
1148       1.151120000000000143e+00
1179       1.151160000000000183e+00
917        1.151240000000000041e+00
1460       1.151400000000000201e+00
531        1.151520000000000099e+00
1064       1.151559999999999917e+00
1146       1.151600000000000179e+00
457        1.151680000000000037e+00
985        1.151739999999999986e+00
1124       1.151860000000000106e+00
1173       1.151880000000000237e+00
1227       1.151960000000000095e+00
1221       1.152260000000000062e+00
1351       1.152380000000000182e+00
837        1.152500000000000080e+00
1203       1.152539999999999898e+00
1339       1.152560000000000029e+00
1328       1.152579999999999938e+00
1031       1.152719999999999967e+00
681        1.152760000000000007e+00
1149       1.152900000000000036e+00
1183       1.152920000000000167e+00
1293       1.152940000000000076e+00
1226       1.152980000000000116e+00
1003       1.153040000000000065e+00
312        1.153120000000000145e+00
1156       1.153240000000000043e+00
505        1.153259999999999952e+00
17         1.153299999999999992e+00
1298       1.153380000000000072e+00
469        1.153680000000000039e+00
587        1.153680000000000039e+00
940        1.153780000000000028e+00
98         1.153880000000000239e+00
395        1.153980000000000006e+00
1231       1.154140000000000166e+00
785        1.154160000000000075e+00
1334       1.154420000000000002e+00
1195       1.154600000000000071e+00
1216       1.155059999999999976e+00
1241       1.155180000000000096e+00
1229       1.155220000000000136e+00
1219       1.155259999999999954e+00
653        1.155499999999999972e+00
1175       1.155520000000000103e+00
482        1.155540000000000012e+00
211        1.155600000000000183e+00
254        1.155680000000000041e+00
1097       1.155760000000000121e+00
1132       1.155760000000000121e+00
1274       1.155839999999999979e+00
509        1.155860000000000110e+00
1332       1.155860000000000110e+00
1092       1.155900000000000150e+00
1247       1.155999999999999917e+00
1180       1.156020000000000048e+00
1234       1.156059999999999865e+00
1246       1.156220000000000026e+00
1354       1.156260000000000066e+00
1345       1.156320000000000014e+00
1302       1.156479999999999952e+00
1214       1.156519999999999992e+00
1259       1.156539999999999901e+00
576        1.156620000000000203e+00
1313       1.156700000000000061e+00
387        1.156760000000000010e+00
1255       1.156819999999999959e+00
1207       1.157040000000000068e+00
1338       1.157140000000000057e+00
1296       1.157380000000000075e+00
608        1.157499999999999973e+00
216        1.157580000000000053e+00
1188       1.157760000000000122e+00
116        1.157820000000000071e+00
217        1.157939999999999969e+00
1137       1.158179999999999987e+00
862        1.158260000000000067e+00
1272       1.158420000000000005e+00
7          1.158479999999999954e+00
314        1.158500000000000085e+00
266        1.158600000000000074e+00
1482       1.158700000000000063e+00
179        1.158800000000000052e+00
1252       1.158800000000000052e+00
644        1.158860000000000223e+00
1238       1.158959999999999990e+00
1350       1.158980000000000121e+00
1147       1.159019999999999939e+00
1237       1.159059999999999979e+00
1290       1.159160000000000190e+00
432        1.159220000000000139e+00
1233       1.159220000000000139e+00
353        1.159259999999999957e+00
1321       1.159340000000000037e+00
720        1.159380000000000077e+00
1224       1.159520000000000106e+00
1309       1.159520000000000106e+00
474        1.159559999999999924e+00
1165       1.159559999999999924e+00
1          1.159640000000000226e+00
1064       1.159739999999999993e+00
1316       1.159760000000000124e+00
987        1.159780000000000033e+00
1319       1.159860000000000113e+00
850        1.159880000000000244e+00
1198       1.159880000000000244e+00
1187       1.159880000000000244e+00
1304       1.159880000000000244e+00
595        1.159900000000000153e+00
15         1.159920000000000062e+00
407        1.159920000000000062e+00
1144       1.159920000000000062e+00
695        1.159939999999999971e+00
1042       1.159939999999999971e+00
1129       1.159939999999999971e+00
1171       1.159939999999999971e+00
1329       1.160020000000000051e+00
1510       1.160100000000000131e+00
596        1.160279999999999978e+00
1251       1.160299999999999887e+00
1352       1.160320000000000018e+00
1130       1.160339999999999927e+00
1508       1.160500000000000087e+00
597        1.160519999999999996e+00
980        1.160660000000000025e+00
1257       1.160700000000000065e+00
1225       1.160819999999999963e+00
1133       1.161120000000000152e+00
633        1.161299999999999999e+00
106        1.161340000000000039e+00
113        1.161420000000000119e+00
402        1.161420000000000119e+00
1215       1.161440000000000028e+00
1299       1.161460000000000159e+00
262        1.161580000000000057e+00
1265       1.161600000000000188e+00
1146       1.161660000000000137e+00
1307       1.161660000000000137e+00
1250       1.161739999999999995e+00
1243       1.161760000000000126e+00
1027       1.161819999999999853e+00
388        1.161860000000000115e+00
704        1.161860000000000115e+00
1355       1.161880000000000024e+00
1142       1.161900000000000155e+00
1182       1.161900000000000155e+00
1184       1.161939999999999973e+00
1240       1.161980000000000013e+00
1232       1.161999999999999922e+00
331        1.162279999999999980e+00
1524       1.162320000000000020e+00
1128       1.162339999999999929e+00
1231       1.162380000000000191e+00
10         1.162440000000000140e+00
1015       1.162479999999999958e+00
874        1.162660000000000027e+00
1471       1.162800000000000056e+00
1353       1.162839999999999874e+00
1478       1.162860000000000227e+00
1432       1.162900000000000045e+00
1351       1.162940000000000085e+00
1150       1.163400000000000212e+00
500        1.163420000000000121e+00
1060       1.163499999999999979e+00
1159       1.163499999999999979e+00
451        1.163600000000000190e+00
410        1.163620000000000099e+00
774        1.163640000000000230e+00
1333       1.163700000000000179e+00
1210       1.163720000000000088e+00
1346       1.163739999999999997e+00
1028       1.163799999999999946e+00
1293       1.163839999999999986e+00
1254       1.163939999999999975e+00
1043       1.163960000000000106e+00
952        1.163980000000000015e+00
1596       1.163980000000000015e+00
1280       1.163999999999999924e+00
1268       1.164039999999999964e+00
1312       1.164039999999999964e+00
138        1.164059999999999873e+00
1132       1.164080000000000004e+00
926        1.164140000000000175e+00
472        1.164179999999999993e+00
1120       1.164239999999999942e+00
1114       1.164320000000000022e+00
1115       1.164360000000000062e+00
1314       1.164380000000000193e+00
293        1.164400000000000102e+00
197        1.164440000000000142e+00
1209       1.164500000000000091e+00
1278       1.164500000000000091e+00
1122       1.164539999999999909e+00
1201       1.164600000000000080e+00
1140       1.164620000000000211e+00
1543       1.164680000000000160e+00
1152       1.164719999999999978e+00
1185       1.164740000000000109e+00
288        1.164760000000000018e+00
1161       1.164760000000000018e+00
1308       1.164920000000000178e+00
166        1.164940000000000087e+00
1227       1.164940000000000087e+00
1367       1.164980000000000127e+00
1281       1.165019999999999945e+00
1170       1.165220000000000145e+00
1135       1.165319999999999911e+00
992        1.165340000000000042e+00
1298       1.165480000000000071e+00
979        1.165660000000000140e+00
1025       1.165660000000000140e+00
1202       1.165839999999999987e+00
1221       1.165839999999999987e+00
1154       1.166039999999999965e+00
1358       1.166160000000000085e+00
630        1.166279999999999983e+00
746        1.166440000000000143e+00
371        1.166479999999999961e+00
1212       1.166520000000000001e+00
42         1.166560000000000041e+00
1593       1.166839999999999877e+00
1141       1.166980000000000128e+00
426        1.167000000000000037e+00
1310       1.167040000000000077e+00
1255       1.167079999999999895e+00
1283       1.167079999999999895e+00
40         1.167160000000000197e+00
119        1.167280000000000095e+00
1005       1.167300000000000004e+00
1244       1.167319999999999913e+00
934        1.167440000000000033e+00
740        1.167480000000000073e+00
1194       1.167720000000000091e+00
751        1.167780000000000040e+00
1214       1.167799999999999949e+00
1167       1.167819999999999858e+00
367        1.167880000000000029e+00
235        1.167999999999999927e+00
1218       1.168120000000000047e+00
1136       1.168179999999999996e+00
1204       1.168320000000000025e+00
657        1.168380000000000196e+00
1323       1.168380000000000196e+00
863        1.168560000000000043e+00
1089       1.168839999999999879e+00
964        1.168940000000000090e+00
39         1.169360000000000177e+00
1266       1.169499999999999984e+00
1277       1.169620000000000104e+00
334        1.169839999999999991e+00
1234       1.170100000000000140e+00
1276       1.170160000000000089e+00
1144       1.170380000000000198e+00
1217       1.170460000000000056e+00
1343       1.170479999999999965e+00
1174       1.170539999999999914e+00
1336       1.170579999999999954e+00
1300       1.170680000000000165e+00
375        1.170760000000000023e+00
1041       1.170900000000000052e+00
1252       1.170900000000000052e+00
1287       1.170960000000000001e+00
1260       1.171019999999999950e+00
1164       1.171079999999999899e+00
1189       1.171100000000000252e+00
1354       1.171280000000000099e+00
1253       1.171360000000000179e+00
1020       1.171380000000000088e+00
349        1.171400000000000219e+00
1126       1.171420000000000128e+00
1203       1.171499999999999986e+00
1328       1.171579999999999844e+00
1279       1.171620000000000106e+00
1458       1.171680000000000055e+00
1206       1.171740000000000004e+00
1186       1.171759999999999913e+00
1220       1.171880000000000033e+00
445        1.172180000000000000e+00
1163       1.172360000000000069e+00
1291       1.172500000000000098e+00
1262       1.172600000000000087e+00
675        1.172660000000000036e+00
1285       1.172700000000000076e+00
1286       1.172740000000000116e+00
1345       1.172779999999999934e+00
1270       1.172839999999999883e+00
1238       1.172900000000000054e+00
1242       1.172980000000000134e+00
1355       1.173000000000000043e+00
577        1.173079999999999901e+00
753        1.173079999999999901e+00
1273       1.173100000000000254e+00
600        1.173120000000000163e+00
55         1.173140000000000072e+00
1348       1.173140000000000072e+00
1356       1.173200000000000021e+00
621        1.173280000000000101e+00
1591       1.173400000000000221e+00
1172       1.173460000000000170e+00
1351       1.173499999999999988e+00
1337       1.173600000000000199e+00
1096       1.173680000000000057e+00
1309       1.173699999999999966e+00
240        1.173819999999999864e+00
1012       1.173860000000000126e+00
1282       1.173880000000000035e+00
1373       1.173920000000000075e+00
394        1.173980000000000024e+00
1183       1.173980000000000024e+00
1349       1.174140000000000184e+00
469        1.174180000000000001e+00
1251       1.174239999999999950e+00
1205       1.174279999999999990e+00
1527       1.174460000000000059e+00
1357       1.174560000000000048e+00
678        1.174680000000000168e+00
1263       1.174719999999999986e+00
1248       1.174779999999999935e+00
1289       1.174800000000000066e+00
521        1.174940000000000095e+00
840        1.176059999999999883e+00
1407       1.176299999999999901e+00
1535       1.176520000000000010e+00
1311       1.176800000000000068e+00
1068       1.176940000000000097e+00
1305       1.176960000000000006e+00
476        1.177000000000000046e+00
1257       1.177180000000000115e+00
1353       1.177220000000000155e+00
895        1.177300000000000013e+00
1161       1.177480000000000082e+00
1280       1.177620000000000111e+00
1380       1.177640000000000020e+00
801        1.177660000000000151e+00
1133       1.177660000000000151e+00
890        1.177720000000000100e+00
888        1.177720000000000100e+00
1484       1.177799999999999958e+00
1131       1.177819999999999867e+00
74         1.177860000000000129e+00
1249       1.178100000000000147e+00
1177       1.178180000000000005e+00
64         1.178239999999999954e+00
1259       1.178299999999999903e+00
1325       1.178520000000000012e+00
1292       1.178539999999999921e+00
1224       1.178560000000000052e+00
1153       1.178600000000000092e+00
1188       1.178660000000000041e+00
1155       1.178719999999999990e+00
1150       1.178819999999999979e+00
1267       1.178860000000000241e+00
1290       1.178860000000000241e+00
420        1.178900000000000059e+00
1271       1.179000000000000048e+00
1045       1.179120000000000168e+00
1185       1.179200000000000026e+00
1308       1.179240000000000066e+00
750        1.179300000000000015e+00
1078       1.179300000000000015e+00
1347       1.179339999999999833e+00
1302       1.179360000000000186e+00
132        1.179559999999999942e+00
1350       1.179559999999999942e+00
531        1.179740000000000011e+00
671        1.179740000000000011e+00
1322       1.179740000000000011e+00
1339       1.179980000000000029e+00
1261       1.179999999999999938e+00
1327       1.179999999999999938e+00
837        1.180059999999999887e+00
1125       1.180100000000000149e+00
1181       1.180339999999999945e+00
454        1.180400000000000116e+00
1047       1.180520000000000014e+00
1137       1.180560000000000054e+00
1321       1.180560000000000054e+00
1147       1.180600000000000094e+00
1139       1.180640000000000134e+00
1288       1.180640000000000134e+00
733        1.180719999999999992e+00
1236       1.180839999999999890e+00
666        1.180900000000000061e+00
1304       1.180920000000000192e+00
1146       1.181059999999999999e+00
172        1.181079999999999908e+00
1453       1.181100000000000261e+00
605        1.181140000000000079e+00
654        1.181180000000000119e+00
808        1.181180000000000119e+00
1243       1.181180000000000119e+00
1169       1.181240000000000068e+00
416        1.181380000000000097e+00
1159       1.181400000000000006e+00
1352       1.181400000000000006e+00
1331       1.181480000000000086e+00
1307       1.181499999999999995e+00
1179       1.181660000000000155e+00
993        1.181680000000000064e+00
1171       1.181740000000000013e+00
1220       1.181740000000000013e+00
694        1.182039999999999980e+00
1245       1.182120000000000060e+00
226        1.182220000000000049e+00
1156       1.182220000000000049e+00
1138       1.182279999999999998e+00
1284       1.182360000000000078e+00
1330       1.182400000000000118e+00
1176       1.182479999999999976e+00
1253       1.182500000000000107e+00
1273       1.182539999999999925e+00
1289       1.182579999999999965e+00
1227       1.182620000000000227e+00
1354       1.182680000000000176e+00
1129       1.182760000000000034e+00
1516       1.182819999999999983e+00
1135       1.182900000000000063e+00
1358       1.183019999999999960e+00
1193       1.183319999999999927e+00
1351       1.183339999999999836e+00
1298       1.183360000000000190e+00
225        1.183380000000000098e+00
1221       1.183420000000000138e+00
1148       1.183440000000000047e+00
158        1.183480000000000087e+00
1128       1.183499999999999996e+00
1202       1.183499999999999996e+00
1256       1.183519999999999905e+00
1170       1.183540000000000036e+00
1318       1.183540000000000036e+00
412        1.183600000000000207e+00
1132       1.183600000000000207e+00
1184       1.183660000000000156e+00
1246       1.183680000000000065e+00
103        1.183740000000000014e+00
1215       1.183759999999999923e+00
816        1.183780000000000054e+00
1123       1.183840000000000003e+00
987        1.183900000000000174e+00
1324       1.184020000000000072e+00
1348       1.184180000000000010e+00
1229       1.184200000000000141e+00
1160       1.184220000000000050e+00
1316       1.184220000000000050e+00
861        1.184460000000000068e+00
1349       1.184460000000000068e+00
619        1.184500000000000108e+00
1306       1.184520000000000017e+00
1019       1.184539999999999926e+00
1338       1.184680000000000177e+00
807        1.184719999999999995e+00
409        1.184800000000000075e+00
1183       1.184940000000000104e+00
1149       1.184960000000000013e+00
1213       1.185000000000000053e+00
313        1.185180000000000122e+00
908        1.185200000000000031e+00
1175       1.185279999999999889e+00
146        1.185339999999999838e+00
749        1.185400000000000009e+00
1329       1.185400000000000009e+00
195        1.185440000000000049e+00
1299       1.185459999999999958e+00
193        1.185540000000000038e+00
1196       1.185600000000000209e+00
1151       1.185740000000000016e+00
1214       1.185759999999999925e+00
1317       1.185840000000000005e+00
965        1.185860000000000136e+00
1310       1.185880000000000045e+00
1140       1.185960000000000125e+00
1313       1.186239999999999961e+00
1130       1.186460000000000070e+00
1180       1.186479999999999979e+00
1197       1.186500000000000110e+00
509        1.186800000000000077e+00
1186       1.186860000000000248e+00
1332       1.186880000000000157e+00
1278       1.186900000000000066e+00
1174       1.187019999999999964e+00
1163       1.187300000000000022e+00
1212       1.187300000000000022e+00
1276       1.187300000000000022e+00
1346       1.187300000000000022e+00
1341       1.187360000000000193e+00
1173       1.187459999999999960e+00
1190       1.187480000000000091e+00
1217       1.187480000000000091e+00
1394       1.187540000000000040e+00
1134       1.187640000000000029e+00
1377       1.187819999999999876e+00
1319       1.187880000000000047e+00
1328       1.187900000000000178e+00
552        1.187980000000000036e+00
1141       1.188320000000000043e+00
1336       1.188320000000000043e+00
1255       1.188440000000000163e+00
975        1.188520000000000021e+00
1024       1.188660000000000050e+00
1285       1.188660000000000050e+00
518        1.188700000000000090e+00
1182       1.188700000000000090e+00
1335       1.188760000000000039e+00
1226       1.188779999999999948e+00
1353       1.188779999999999948e+00
1280       1.188800000000000079e+00
1342       1.188839999999999897e+00
1244       1.188880000000000159e+00
1247       1.188900000000000068e+00
54         1.189100000000000268e+00
419        1.189100000000000268e+00
923        1.189219999999999944e+00
1122       1.189400000000000013e+00
818        1.189420000000000144e+00
1220       1.189459999999999962e+00
1291       1.189480000000000093e+00
231        1.189519999999999911e+00
1282       1.189579999999999860e+00
1181       1.189780000000000060e+00
1145       1.189819999999999878e+00
1277       1.189860000000000140e+00
644        1.189980000000000038e+00
125        1.190020000000000078e+00
1295       1.190020000000000078e+00
1258       1.190080000000000027e+00
1473       1.190080000000000027e+00
1300       1.190120000000000067e+00
1451       1.190160000000000107e+00
309        1.190200000000000147e+00
1171       1.190320000000000045e+00
173        1.190740000000000132e+00
1224       1.190839999999999899e+00
1269       1.190900000000000070e+00
747        1.190940000000000110e+00
317        1.191100000000000270e+00
376        1.191219999999999946e+00
1486       1.191219999999999946e+00
1120       1.191559999999999953e+00
791        1.191600000000000215e+00
1325       1.191600000000000215e+00
896        1.191780000000000062e+00
670        1.192039999999999988e+00
1205       1.192080000000000028e+00
1209       1.192160000000000108e+00
1308       1.192180000000000017e+00
487        1.192420000000000035e+00
1320       1.192440000000000166e+00
1211       1.192460000000000075e+00
1355       1.192479999999999984e+00
663        1.192520000000000024e+00
323        1.192700000000000093e+00
114        1.192779999999999951e+00
430        1.192779999999999951e+00
1262       1.192819999999999991e+00
449        1.192839999999999900e+00
1033       1.192960000000000020e+00
1091       1.192980000000000151e+00
1264       1.192980000000000151e+00
1296       1.193140000000000089e+00
1422       1.193159999999999998e+00
1275       1.193200000000000038e+00
1219       1.193380000000000107e+00
1157       1.193420000000000147e+00
1283       1.193420000000000147e+00
494        1.193519999999999914e+00
847        1.193540000000000045e+00
1347       1.193540000000000045e+00
1203       1.193620000000000125e+00
568        1.193680000000000074e+00
1281       1.193699999999999983e+00
325        1.193740000000000023e+00
903        1.193740000000000023e+00
815        1.193799999999999972e+00
1230       1.193840000000000012e+00
1169       1.193860000000000143e+00
1290       1.193860000000000143e+00
305        1.193920000000000092e+00
837        1.193980000000000041e+00
817        1.194080000000000030e+00
1286       1.194080000000000030e+00
707        1.194180000000000019e+00
635        1.194200000000000150e+00
444        1.194239999999999968e+00
482        1.194239999999999968e+00
1344       1.194280000000000008e+00
613        1.194339999999999957e+00
1026       1.194360000000000088e+00
1170       1.194440000000000168e+00
1177       1.194479999999999986e+00
1272       1.194479999999999986e+00
792        1.194520000000000026e+00
1289       1.194740000000000135e+00
645        1.194819999999999993e+00
1192       1.194900000000000073e+00
1311       1.194960000000000022e+00
100        1.195000000000000062e+00
1339       1.195000000000000062e+00
237        1.195060000000000011e+00
1437       1.195079999999999920e+00
1121       1.195140000000000091e+00
724        1.195160000000000000e+00
1359       1.195180000000000131e+00
56         1.195200000000000040e+00
160        1.195259999999999989e+00
1067       1.195319999999999938e+00
1124       1.195339999999999847e+00
705        1.195380000000000109e+00
31         1.195420000000000149e+00
1142       1.195519999999999916e+00
1293       1.195559999999999956e+00
1266       1.195579999999999865e+00
374        1.195600000000000218e+00
1315       1.195640000000000036e+00
547        1.195759999999999934e+00
1127       1.195900000000000185e+00
1198       1.195960000000000134e+00
700        1.195980000000000043e+00
1334       1.195980000000000043e+00
1285       1.196400000000000130e+00
1250       1.196640000000000148e+00
70         1.196680000000000188e+00
1189       1.196720000000000006e+00
380        1.196760000000000046e+00
1257       1.196860000000000257e+00
1322       1.196880000000000166e+00
1343       1.196900000000000075e+00
1147       1.197180000000000133e+00
1190       1.197360000000000202e+00
1200       1.197400000000000020e+00
1291       1.197480000000000100e+00
553        1.197519999999999918e+00
1134       1.197660000000000169e+00
375        1.197740000000000027e+00
19         1.197759999999999936e+00
1216       1.197799999999999976e+00
838        1.197940000000000005e+00
938        1.197960000000000136e+00
344        1.198039999999999994e+00
1144       1.198299999999999921e+00
1426       1.198320000000000052e+00
1153       1.198420000000000041e+00
1247       1.198440000000000172e+00
1130       1.198479999999999990e+00
1330       1.198539999999999939e+00
1003       1.198579999999999979e+00
1319       1.198600000000000110e+00
201        1.198660000000000059e+00
1424       1.198680000000000190e+00
347        1.198740000000000139e+00
1303       1.198819999999999997e+00
1156       1.198860000000000259e+00
1166       1.198900000000000077e+00
1178       1.198920000000000208e+00
1331       1.198920000000000208e+00
137        1.198960000000000026e+00
1161       1.198960000000000026e+00
315        1.198979999999999935e+00
864        1.198979999999999935e+00
1123       1.199000000000000066e+00
926        1.199039999999999884e+00
1235       1.199160000000000004e+00
1294       1.199200000000000044e+00
1239       1.199219999999999953e+00
1360       1.199259999999999993e+00
810        1.199279999999999902e+00
1162       1.199300000000000033e+00
783        1.199319999999999942e+00
1300       1.199400000000000022e+00
1270       1.199459999999999971e+00
1357       1.199480000000000102e+00
1150       1.199519999999999920e+00
289        1.199540000000000051e+00
106        1.199559999999999960e+00
1231       1.199640000000000040e+00
1179       1.199660000000000171e+00
1237       1.199680000000000080e+00
675        1.199759999999999938e+00
1187       1.199759999999999938e+00
1305       1.199799999999999978e+00
994        1.199860000000000149e+00
1329       1.199980000000000047e+00
1348       1.200140000000000207e+00
1313       1.200180000000000025e+00
1208       1.200400000000000134e+00
331        1.200440000000000174e+00
890        1.200440000000000174e+00
927        1.200539999999999941e+00
471        1.200940000000000119e+00
1233       1.201240000000000085e+00
495        1.201540000000000052e+00
343        1.201600000000000223e+00
1321       1.201660000000000172e+00
1148       1.201720000000000121e+00
1274       1.201860000000000150e+00
1140       1.201960000000000139e+00
1265       1.201999999999999957e+00
1181       1.202140000000000208e+00
1172       1.202180000000000026e+00
910        1.202239999999999975e+00
1284       1.202339999999999964e+00
1159       1.202360000000000095e+00
1316       1.202460000000000084e+00
1133       1.202479999999999993e+00
983        1.202520000000000033e+00
886        1.202539999999999942e+00
1186       1.202600000000000113e+00
1259       1.202860000000000262e+00
1184       1.202940000000000120e+00
367        1.203060000000000018e+00
450        1.203060000000000018e+00
469        1.203240000000000087e+00
644        1.203300000000000036e+00
805        1.203400000000000025e+00
785        1.203500000000000014e+00
1311       1.203540000000000054e+00
1276       1.203660000000000174e+00
1358       1.203680000000000083e+00
1351       1.203680000000000083e+00
49         1.203699999999999992e+00
1093       1.203720000000000123e+00
437        1.203759999999999941e+00
129        1.203780000000000072e+00
1327       1.203880000000000061e+00
1125       1.203920000000000101e+00
1143       1.203960000000000141e+00
1225       1.204200000000000159e+00
278        1.204280000000000017e+00
1222       1.204280000000000017e+00
1254       1.204299999999999926e+00
263        1.204320000000000057e+00
1106       1.204320000000000057e+00
1188       1.204380000000000228e+00
1232       1.204579999999999984e+00
211        1.204839999999999911e+00
1350       1.204979999999999940e+00
1160       1.205039999999999889e+00
1298       1.205140000000000100e+00
1210       1.205180000000000140e+00
1183       1.205200000000000049e+00
1230       1.205279999999999907e+00
504        1.205360000000000209e+00
1136       1.205459999999999976e+00
1236       1.205459999999999976e+00
149        1.205500000000000016e+00
1227       1.205579999999999874e+00
1226       1.205759999999999943e+00
953        1.205819999999999892e+00
1332       1.205840000000000023e+00
76         1.205880000000000063e+00
1228       1.206080000000000041e+00
1340       1.206080000000000041e+00
1177       1.206140000000000212e+00
1393       1.206220000000000070e+00
1256       1.206239999999999979e+00
1204       1.206299999999999928e+00
1356       1.206299999999999928e+00
1221       1.206320000000000059e+00
1146       1.206380000000000230e+00
1214       1.206400000000000139e+00
71         1.206460000000000088e+00
1152       1.206460000000000088e+00
610        1.206520000000000037e+00
1238       1.206560000000000077e+00
1157       1.206600000000000117e+00
987        1.206660000000000066e+00
1174       1.206660000000000066e+00
1224       1.206660000000000066e+00
162        1.206720000000000015e+00
1168       1.206760000000000055e+00
960        1.206860000000000044e+00
1196       1.206860000000000044e+00
1219       1.206919999999999993e+00
1251       1.206979999999999942e+00
1304       1.206979999999999942e+00
1173       1.207079999999999931e+00
300        1.207120000000000193e+00
1593       1.207120000000000193e+00
1205       1.207160000000000011e+00
1347       1.207160000000000011e+00
1151       1.207240000000000091e+00
1273       1.207240000000000091e+00
1149       1.207339999999999858e+00
1330       1.207380000000000120e+00
937        1.207540000000000058e+00
803        1.207559999999999967e+00
1223       1.207559999999999967e+00
1306       1.207660000000000178e+00
829        1.207680000000000087e+00
565        1.207799999999999985e+00
577        1.207819999999999894e+00
877        1.207819999999999894e+00
1235       1.207940000000000014e+00
1049       1.208239999999999981e+00
835        1.208360000000000101e+00
1139       1.208360000000000101e+00
1247       1.208420000000000050e+00
1185       1.208640000000000159e+00
1319       1.208660000000000068e+00
1309       1.208919999999999995e+00
1266       1.208979999999999944e+00
1120       1.209000000000000075e+00
1195       1.209019999999999984e+00
1486       1.209060000000000024e+00
1207       1.209180000000000144e+00
896        1.209219999999999962e+00
1496       1.209219999999999962e+00
1318       1.209319999999999951e+00
1345       1.209420000000000162e+00
1211       1.209459999999999980e+00
1217       1.209480000000000111e+00
634        1.209519999999999929e+00
130        1.209559999999999969e+00
1111       1.209680000000000089e+00
1564       1.209680000000000089e+00
542        1.209699999999999998e+00
423        1.209780000000000078e+00
570        1.209780000000000078e+00
820        1.209819999999999895e+00
478        1.209840000000000027e+00
1288       1.209860000000000158e+00
1282       1.209940000000000015e+00
435        1.209960000000000147e+00
1154       1.210080000000000044e+00
158        1.210160000000000124e+00
620        1.210180000000000033e+00
1186       1.210239999999999982e+00
735        1.210299999999999931e+00
799        1.210299999999999931e+00
1242       1.210480000000000000e+00
124        1.210600000000000120e+00
1323       1.210600000000000120e+00
1161       1.210679999999999978e+00
904        1.210760000000000058e+00
1165       1.210860000000000047e+00
1267       1.211000000000000076e+00
1158       1.211060000000000025e+00
1295       1.211240000000000094e+00
1337       1.211540000000000061e+00
1107       1.211640000000000050e+00
1035       1.211940000000000017e+00
1301       1.211940000000000017e+00
882        1.212040000000000006e+00
1298       1.212040000000000006e+00
1307       1.212100000000000177e+00
1326       1.212140000000000217e+00
13         1.212180000000000035e+00
1178       1.212280000000000024e+00
649        1.212400000000000144e+00
1191       1.212500000000000133e+00
1338       1.212620000000000253e+00
1321       1.212779999999999969e+00
1153       1.212799999999999878e+00
1121       1.212820000000000009e+00
1297       1.212940000000000129e+00
1333       1.213079999999999936e+00
1194       1.213120000000000198e+00
462        1.213140000000000107e+00
1218       1.213140000000000107e+00
956        1.213160000000000016e+00
1213       1.213160000000000016e+00
957        1.213339999999999863e+00
1193       1.213440000000000074e+00
1441       1.213440000000000074e+00
1283       1.213459999999999983e+00
1285       1.213559999999999972e+00
874        1.213660000000000183e+00
1243       1.213720000000000132e+00
346        1.213780000000000081e+00
614        1.213799999999999990e+00
532        1.213920000000000110e+00
1335       1.213920000000000110e+00
1284       1.213960000000000150e+00
386        1.214320000000000066e+00
1189       1.214380000000000237e+00
1013       1.214440000000000186e+00
25         1.214460000000000095e+00
146        1.214480000000000004e+00
1556       1.214500000000000135e+00
1155       1.214539999999999953e+00
1125       1.214559999999999862e+00
1162       1.214579999999999993e+00
1260       1.214660000000000073e+00
377        1.214700000000000113e+00
1257       1.214799999999999880e+00
1216       1.215000000000000080e+00
1479       1.215000000000000080e+00
1354       1.215120000000000200e+00
268        1.215180000000000149e+00
720        1.215200000000000058e+00
684        1.215219999999999967e+00
1212       1.215279999999999916e+00
1132       1.215300000000000047e+00
1357       1.215459999999999985e+00
1286       1.215480000000000116e+00
1245       1.215540000000000065e+00
206        1.215579999999999883e+00
1137       1.215579999999999883e+00
266        1.215620000000000145e+00
1002       1.215620000000000145e+00
362        1.215640000000000054e+00
40         1.215700000000000003e+00
932        1.215700000000000003e+00
825        1.215759999999999952e+00
1214       1.215799999999999992e+00
832        1.215840000000000032e+00
1203       1.215880000000000072e+00
1254       1.215880000000000072e+00
52         1.215960000000000152e+00
1143       1.215980000000000061e+00
1261       1.215980000000000061e+00
1197       1.215999999999999970e+00
1156       1.216040000000000010e+00
1167       1.216120000000000090e+00
1276       1.216200000000000170e+00
358        1.216239999999999988e+00
1268       1.216239999999999988e+00
1225       1.216420000000000057e+00
1122       1.216480000000000006e+00
1238       1.216559999999999864e+00
1264       1.216660000000000075e+00
938        1.216920000000000002e+00
856        1.217000000000000082e+00
636        1.217180000000000151e+00
1347       1.217279999999999918e+00
286        1.217319999999999958e+00
369        1.217319999999999958e+00
338        1.217339999999999867e+00
1202       1.217360000000000220e+00
1327       1.217400000000000038e+00
1229       1.217500000000000027e+00
814        1.217759999999999954e+00
304        1.217860000000000165e+00
1279       1.218100000000000183e+00
1339       1.218140000000000223e+00
860        1.218180000000000041e+00
1232       1.218180000000000041e+00
316        1.218320000000000070e+00
121        1.218460000000000099e+00
749        1.218520000000000048e+00
1163       1.218520000000000048e+00
1239       1.218799999999999883e+00
1336       1.218900000000000095e+00
972        1.218960000000000043e+00
1221       1.219079999999999941e+00
1144       1.219339999999999868e+00
765        1.219500000000000028e+00
584        1.219559999999999977e+00
1255       1.219700000000000006e+00
1244       1.219860000000000166e+00
1332       1.219940000000000024e+00
561        1.220059999999999922e+00
1466       1.220100000000000184e+00
1220       1.220220000000000082e+00
132        1.220260000000000122e+00
1550       1.220260000000000122e+00
1129       1.220420000000000060e+00
1288       1.220460000000000100e+00
1150       1.220579999999999998e+00
1253       1.220579999999999998e+00
1215       1.220600000000000129e+00
1242       1.220600000000000129e+00
1198       1.220739999999999936e+00
1263       1.220799999999999885e+00
24         1.220839999999999925e+00
100        1.221180000000000154e+00
1154       1.221459999999999990e+00
1351       1.221500000000000030e+00
1180       1.221640000000000059e+00
1075       1.221759999999999957e+00
1358       1.221759999999999957e+00
535        1.221860000000000168e+00
1217       1.221860000000000168e+00
303        1.221880000000000077e+00
1155       1.221900000000000208e+00
1199       1.221920000000000117e+00
1282       1.221940000000000026e+00
868        1.222020000000000106e+00
1168       1.222020000000000106e+00
1319       1.222100000000000186e+00
997        1.222140000000000226e+00
31         1.222260000000000124e+00
957        1.222499999999999920e+00
1490       1.222520000000000051e+00
1233       1.222580000000000000e+00
1252       1.222600000000000131e+00
797        1.222720000000000029e+00
1200       1.222739999999999938e+00
1314       1.222739999999999938e+00
1265       1.222760000000000069e+00
1460       1.222760000000000069e+00
1188       1.223140000000000116e+00
1299       1.223219999999999974e+00
1061       1.223279999999999923e+00
1247       1.223360000000000225e+00
1530       1.223400000000000043e+00
1346       1.223420000000000174e+00
1226       1.223480000000000123e+00
1267       1.223620000000000152e+00
445        1.223700000000000010e+00
238        1.223880000000000079e+00
191        1.223920000000000119e+00
1315       1.223920000000000119e+00
9          1.224040000000000017e+00
1147       1.224040000000000017e+00
1318       1.224059999999999926e+00
224        1.224140000000000228e+00
723        1.224140000000000228e+00
1128       1.224140000000000228e+00
1195       1.224180000000000046e+00
589        1.224239999999999995e+00
1266       1.224239999999999995e+00
396        1.224319999999999853e+00
458        1.224380000000000024e+00
1585       1.224400000000000155e+00
1126       1.224499999999999922e+00
1228       1.224499999999999922e+00
489        1.224660000000000082e+00
274        1.224720000000000031e+00
652        1.224760000000000071e+00
601        1.224779999999999980e+00
675        1.224779999999999980e+00
1246       1.224839999999999929e+00
1354       1.224920000000000009e+00
1281       1.225000000000000089e+00
1436       1.225180000000000158e+00
440        1.225219999999999976e+00
135        1.225240000000000107e+00
1307       1.225279999999999925e+00
1596       1.225279999999999925e+00
1186       1.225339999999999874e+00
1136       1.225420000000000176e+00
1306       1.225440000000000085e+00
1289       1.225579999999999892e+00
387        1.225640000000000063e+00
1134       1.225680000000000103e+00
1174       1.225700000000000012e+00
1130       1.225720000000000143e+00
1285       1.225740000000000052e+00
483        1.225800000000000001e+00
921        1.225819999999999910e+00
1278       1.225999999999999979e+00
1149       1.226020000000000110e+00
1112       1.226080000000000059e+00
1348       1.226120000000000099e+00
291        1.226180000000000048e+00
1016       1.226319999999999855e+00
1308       1.226360000000000117e+00
1185       1.226380000000000026e+00
1145       1.226420000000000066e+00
727        1.226580000000000004e+00
931        1.226620000000000044e+00
1293       1.226620000000000044e+00
1191       1.226679999999999993e+00
1162       1.226900000000000102e+00
496        1.226979999999999960e+00
1152       1.226979999999999960e+00
1239       1.227020000000000000e+00
1211       1.227160000000000029e+00
246        1.227240000000000109e+00
881        1.227240000000000109e+00
899        1.227319999999999967e+00
1291       1.227400000000000047e+00
887        1.227420000000000178e+00
1280       1.227440000000000087e+00
922        1.227519999999999945e+00
1262       1.227579999999999893e+00
1197       1.227660000000000196e+00
770        1.227720000000000145e+00
1031       1.227720000000000145e+00
1245       1.227720000000000145e+00
1210       1.227740000000000054e+00
1194       1.227740000000000054e+00
1202       1.227759999999999962e+00
1082       1.227840000000000042e+00
1236       1.227860000000000174e+00
1230       1.227900000000000214e+00
1294       1.227940000000000031e+00
1176       1.227960000000000163e+00
1238       1.227960000000000163e+00
1337       1.228040000000000020e+00
1175       1.228180000000000049e+00
1323       1.228280000000000038e+00
1338       1.228319999999999856e+00
433        1.228360000000000118e+00
607        1.228380000000000027e+00
220        1.228520000000000056e+00
1240       1.228539999999999965e+00
1013       1.228739999999999943e+00
1182       1.228760000000000074e+00
1148       1.229000000000000092e+00
1277       1.229039999999999910e+00
1120       1.229200000000000070e+00
1133       1.229279999999999928e+00
1342       1.229300000000000059e+00
427        1.229440000000000088e+00
1283       1.229500000000000037e+00
1263       1.229740000000000055e+00
1205       1.229819999999999913e+00
1261       1.229940000000000033e+00
1221       1.230040000000000022e+00
1327       1.230220000000000091e+00
1250       1.230360000000000120e+00
1086       1.230380000000000029e+00
1304       1.230439999999999978e+00
1219       1.230499999999999927e+00
428        1.230520000000000058e+00
1300       1.230539999999999967e+00
1325       1.230580000000000007e+00
1212       1.230620000000000047e+00
776        1.230679999999999996e+00
1222       1.230700000000000127e+00
1272       1.230880000000000196e+00
1257       1.230960000000000054e+00
855        1.231060000000000043e+00
1234       1.231420000000000181e+00
1312       1.231440000000000090e+00
1131       1.231459999999999999e+00
1269       1.231640000000000068e+00
140        1.231740000000000057e+00
874        1.231819999999999915e+00
1085       1.231819999999999915e+00
1183       1.231920000000000126e+00
36         1.232259999999999911e+00
1160       1.232339999999999991e+00
1204       1.232439999999999980e+00
245        1.232520000000000060e+00
1227       1.232539999999999969e+00
1309       1.232539999999999969e+00
1165       1.232580000000000009e+00
923        1.233120000000000216e+00
1233       1.233800000000000008e+00
826        1.233960000000000168e+00
1256       1.234160000000000146e+00
1353       1.234220000000000095e+00
1358       1.234280000000000044e+00
38         1.234400000000000164e+00
518        1.234460000000000113e+00
1311       1.234480000000000022e+00
1301       1.234480000000000022e+00
1396       1.234499999999999931e+00
1164       1.234559999999999880e+00
1284       1.234580000000000011e+00
473        1.234640000000000182e+00
1356       1.234900000000000109e+00
945        1.234940000000000149e+00
1322       1.235060000000000047e+00
31         1.235100000000000087e+00
1158       1.235120000000000218e+00
398        1.235240000000000116e+00
891        1.235300000000000065e+00
101        1.235360000000000236e+00
1248       1.235360000000000236e+00
1213       1.235380000000000145e+00
1218       1.235400000000000054e+00
1173       1.235460000000000003e+00
1201       1.235480000000000134e+00
1143       1.235519999999999952e+00
1287       1.235519999999999952e+00
393        1.235579999999999901e+00
1151       1.235579999999999901e+00
1316       1.235620000000000163e+00
467        1.235720000000000152e+00
1186       1.235780000000000101e+00
1132       1.235880000000000090e+00
1180       1.235880000000000090e+00
1169       1.235920000000000130e+00
1161       1.235940000000000039e+00
1229       1.235960000000000170e+00
606        1.235980000000000079e+00
956        1.235980000000000079e+00
1141       1.236019999999999897e+00
1214       1.236019999999999897e+00
437        1.236059999999999937e+00
1348       1.236059999999999937e+00
1274       1.236120000000000108e+00
1215       1.236140000000000017e+00
1157       1.236199999999999966e+00
1202       1.236199999999999966e+00
1135       1.236319999999999864e+00
336        1.236400000000000166e+00
765        1.236420000000000075e+00
1558       1.236460000000000115e+00
335        1.236600000000000144e+00
745        1.236600000000000144e+00
138        1.236620000000000053e+00
1268       1.236660000000000093e+00
1352       1.236680000000000001e+00
1480       1.236680000000000001e+00
1064       1.236700000000000133e+00
1225       1.236739999999999950e+00
1155       1.236820000000000030e+00
1351       1.236820000000000030e+00
1217       1.236839999999999939e+00
1473       1.236979999999999968e+00
1156       1.237020000000000008e+00
1315       1.237020000000000008e+00
272        1.237060000000000048e+00
1124       1.237060000000000048e+00
1286       1.237180000000000168e+00
1041       1.237219999999999986e+00
1330       1.237240000000000117e+00
1297       1.237420000000000186e+00
1517       1.237440000000000095e+00
1198       1.237460000000000004e+00
12         1.237500000000000044e+00
209        1.237519999999999953e+00
283        1.237579999999999902e+00
1262       1.237640000000000073e+00
1310       1.237680000000000113e+00
801        1.238019999999999898e+00
341        1.238100000000000200e+00
831        1.238259999999999916e+00
1230       1.238360000000000127e+00
1223       1.238400000000000167e+00
1299       1.239140000000000130e+00
78         1.239240000000000119e+00
1305       1.239240000000000119e+00
1326       1.239319999999999977e+00
726        1.239339999999999886e+00
1243       1.239480000000000137e+00
725        1.239540000000000086e+00
1184       1.239540000000000086e+00
1172       1.239600000000000257e+00
1283       1.239600000000000257e+00
1280       1.239660000000000206e+00
1106       1.239700000000000024e+00
325        1.239759999999999973e+00
434        1.239759999999999973e+00
1275       1.239800000000000013e+00
882        1.239940000000000042e+00
1090       1.239960000000000173e+00
1341       1.239980000000000082e+00
717        1.240059999999999940e+00
1149       1.240120000000000111e+00
1309       1.240120000000000111e+00
1168       1.240140000000000020e+00
1333       1.240140000000000020e+00
61         1.240280000000000049e+00
879        1.240380000000000038e+00
1258       1.240539999999999976e+00
543        1.240600000000000147e+00
1177       1.240700000000000136e+00
1285       1.240779999999999994e+00
1291       1.240799999999999903e+00
582        1.241079999999999961e+00
771        1.241219999999999990e+00
1334       1.241219999999999990e+00
990        1.241260000000000030e+00
1317       1.241319999999999979e+00
1206       1.241579999999999906e+00
872        1.241600000000000259e+00
1298       1.241620000000000168e+00
616        1.241660000000000208e+00
1259       1.241700000000000026e+00
1302       1.241740000000000066e+00
1052       1.241800000000000015e+00
651        1.241860000000000186e+00
883        1.241940000000000044e+00
1278       1.241940000000000044e+00
1337       1.241940000000000044e+00
1307       1.242100000000000204e+00
1328       1.242240000000000011e+00
1279       1.242280000000000051e+00
944        1.242480000000000029e+00
1359       1.242539999999999978e+00
592        1.242600000000000149e+00
1228       1.242620000000000058e+00
1183       1.242640000000000189e+00
1303       1.242660000000000098e+00
1335       1.242660000000000098e+00
94         1.242720000000000047e+00
1295       1.242760000000000087e+00
822        1.242779999999999996e+00
571        1.242820000000000036e+00
1253       1.242839999999999945e+00
1160       1.242920000000000025e+00
910        1.242960000000000065e+00
1019       1.242960000000000065e+00
1273       1.243000000000000105e+00
1444       1.243020000000000014e+00
387        1.243339999999999890e+00
1197       1.243339999999999890e+00
206        1.243500000000000050e+00
1200       1.243519999999999959e+00
1227       1.243559999999999999e+00
1289       1.243660000000000210e+00
1132       1.243759999999999977e+00
1250       1.243780000000000108e+00
1239       1.244059999999999944e+00
1166       1.244100000000000206e+00
934        1.244120000000000115e+00
1344       1.244120000000000115e+00
1180       1.244340000000000002e+00
1261       1.244420000000000082e+00
1145       1.244580000000000020e+00
1251       1.244700000000000140e+00
1171       1.244779999999999998e+00
344        1.244860000000000078e+00
1128       1.244860000000000078e+00
1194       1.244940000000000158e+00
1208       1.244960000000000067e+00
1133       1.245039999999999925e+00
186        1.245079999999999965e+00
1256       1.245120000000000227e+00
292        1.245279999999999943e+00
1324       1.245380000000000154e+00
1312       1.245380000000000154e+00
1352       1.245460000000000012e+00
71         1.245519999999999960e+00
1281       1.245579999999999909e+00
618        1.245600000000000263e+00
952        1.245640000000000081e+00
1165       1.245660000000000212e+00
1242       1.245660000000000212e+00
400        1.245680000000000121e+00
1252       1.245740000000000069e+00
1189       1.245780000000000109e+00
396        1.245819999999999927e+00
560        1.245839999999999836e+00
1596       1.245839999999999836e+00
1144       1.245920000000000138e+00
686        1.245959999999999956e+00
1319       1.246120000000000116e+00
1402       1.246160000000000156e+00
1121       1.246180000000000065e+00
1266       1.246340000000000003e+00
1136       1.246439999999999992e+00
1314       1.246499999999999941e+00
813        1.246839999999999948e+00
410        1.246900000000000119e+00
1158       1.246960000000000068e+00
1349       1.246960000000000068e+00
1329       1.247039999999999926e+00
1237       1.247079999999999966e+00
1231       1.247160000000000046e+00
1277       1.247219999999999995e+00
1240       1.247279999999999944e+00
1203       1.247300000000000075e+00
1162       1.247319999999999984e+00
707        1.247339999999999893e+00
1293       1.247380000000000155e+00
1169       1.247400000000000064e+00
467        1.247460000000000013e+00
145        1.247480000000000144e+00
1185       1.247600000000000264e+00
476        1.247779999999999889e+00
1209       1.247800000000000020e+00
1232       1.247860000000000191e+00
225        1.247880000000000100e+00
1096       1.247940000000000049e+00
1233       1.247940000000000049e+00
1122       1.248019999999999907e+00
1178       1.248100000000000209e+00
1216       1.248319999999999874e+00
1270       1.248380000000000045e+00
1168       1.248420000000000085e+00
1139       1.248460000000000125e+00
1214       1.248499999999999943e+00
1131       1.248559999999999892e+00
223        1.248660000000000103e+00
1246       1.248720000000000052e+00
1202       1.248780000000000001e+00
1288       1.248839999999999950e+00
1138       1.248880000000000212e+00
1265       1.248900000000000121e+00
757        1.248920000000000030e+00
698        1.248940000000000161e+00
941        1.248960000000000070e+00
1282       1.248960000000000070e+00
1125       1.249000000000000110e+00
154        1.249020000000000019e+00
1142       1.249039999999999928e+00
470        1.249100000000000099e+00
1359       1.249140000000000139e+00
1254       1.249200000000000088e+00
1176       1.249260000000000037e+00
1327       1.249279999999999946e+00
867        1.249300000000000077e+00
770        1.249319999999999986e+00
1257       1.249339999999999895e+00
1447       1.249339999999999895e+00
497        1.249420000000000197e+00
691        1.249420000000000197e+00
1222       1.249500000000000055e+00
1124       1.249540000000000095e+00
1154       1.249540000000000095e+00
197        1.249560000000000004e+00
1141       1.249579999999999913e+00
646        1.249600000000000266e+00
617        1.249620000000000175e+00
1355       1.249620000000000175e+00
634        1.249640000000000084e+00
320        1.249680000000000124e+00
939        1.249680000000000124e+00
1262       1.249680000000000124e+00
1304       1.249720000000000164e+00
1151       1.249740000000000073e+00
1380       1.249740000000000073e+00
842        1.249839999999999840e+00
1263       1.249920000000000142e+00
1224       1.250000000000000000e+00
495        1.250019999999999909e+00
1357       1.250040000000000040e+00
1225       1.250100000000000211e+00
1140       1.250199999999999978e+00
1179       1.250240000000000018e+00
1423       1.250240000000000018e+00
759        1.250420000000000087e+00
516        1.250439999999999996e+00
906        1.250460000000000127e+00
1123       1.250460000000000127e+00
1310       1.250460000000000127e+00
1287       1.250520000000000076e+00
809        1.250680000000000014e+00
294        1.250739999999999963e+00
1187       1.250900000000000123e+00
1182       1.250940000000000163e+00
781        1.251140000000000141e+00
1339       1.251140000000000141e+00
746        1.251279999999999948e+00
1161       1.251480000000000148e+00
1353       1.251480000000000148e+00
335        1.251500000000000057e+00
1271       1.251719999999999944e+00
38         1.251800000000000024e+00
1177       1.251819999999999933e+00
165        1.251860000000000195e+00
1186       1.251940000000000053e+00
90         1.251959999999999962e+00
1323       1.252799999999999914e+00
1147       1.253060000000000063e+00
1126       1.253400000000000070e+00
678        1.253420000000000201e+00
345        1.253560000000000008e+00
1238       1.253740000000000077e+00
991        1.253800000000000026e+00
136        1.254259999999999931e+00
1347       1.254420000000000091e+00
542        1.254580000000000028e+00
1239       1.254940000000000166e+00
1518       1.255000000000000115e+00
843        1.255120000000000235e+00
815        1.255180000000000184e+00
1145       1.255360000000000253e+00
1226       1.255480000000000151e+00
9          1.255500000000000060e+00
1439       1.255540000000000100e+00
1258       1.255620000000000180e+00
1210       1.255680000000000129e+00
372        1.255700000000000038e+00
404        1.255700000000000038e+00
1146       1.255800000000000027e+00
84         1.255860000000000198e+00
1192       1.255940000000000056e+00
1332       1.255980000000000096e+00
840        1.256019999999999914e+00
1250       1.256140000000000034e+00
1272       1.256299999999999972e+00
1280       1.256299999999999972e+00
1164       1.256520000000000081e+00
889        1.256620000000000070e+00
1181       1.256760000000000099e+00
1243       1.256780000000000008e+00
718        1.256940000000000168e+00
1203       1.256979999999999986e+00
1285       1.257000000000000117e+00
1193       1.257140000000000146e+00
1395       1.257220000000000004e+00
1217       1.257319999999999993e+00
1236       1.257360000000000255e+00
1113       1.257480000000000153e+00
374        1.257500000000000062e+00
1183       1.257579999999999920e+00
158        1.257700000000000040e+00
1330       1.257700000000000040e+00
1336       1.257800000000000029e+00
958        1.257959999999999967e+00
1246       1.257980000000000098e+00
1306       1.258040000000000047e+00
137        1.258240000000000025e+00
1302       1.258360000000000145e+00
110        1.258420000000000094e+00
1337       1.258539999999999992e+00
1050       1.258600000000000163e+00
895        1.259120000000000239e+00
1240       1.259200000000000097e+00
1139       1.259339999999999904e+00
1120       1.259360000000000257e+00
1159       1.259360000000000257e+00
1346       1.259360000000000257e+00
886        1.259400000000000075e+00
1208       1.259480000000000155e+00
1218       1.259600000000000053e+00
1165       1.259680000000000133e+00
1148       1.259819999999999940e+00
916        1.260000000000000009e+00
1281       1.260019999999999918e+00
1359       1.260019999999999918e+00
766        1.260040000000000049e+00
1196       1.260199999999999987e+00
1327       1.260240000000000027e+00
20         1.260299999999999976e+00
1311       1.260299999999999976e+00
552        1.260319999999999885e+00
1251       1.260319999999999885e+00
359        1.260340000000000016e+00
1175       1.260460000000000136e+00
1085       1.260480000000000045e+00
45         1.260559999999999903e+00
1142       1.260600000000000165e+00
1264       1.260640000000000205e+00
1259       1.260640000000000205e+00
1190       1.260720000000000063e+00
1184       1.260720000000000063e+00
1235       1.260900000000000132e+00
1169       1.261000000000000121e+00
1191       1.261060000000000070e+00
1249       1.261160000000000059e+00
1350       1.261240000000000139e+00
1230       1.261279999999999957e+00
920        1.261319999999999997e+00
1262       1.261319999999999997e+00
921        1.261360000000000259e+00
1260       1.261380000000000168e+00
1172       1.261479999999999935e+00
1220       1.261500000000000066e+00
67         1.261759999999999993e+00
1221       1.261759999999999993e+00
1215       1.261800000000000033e+00
1275       1.261819999999999942e+00
1156       1.261959999999999971e+00
1254       1.262000000000000011e+00
1599       1.262000000000000011e+00
1265       1.262040000000000051e+00
1263       1.262059999999999960e+00
1295       1.262140000000000040e+00
1245       1.262160000000000171e+00
769        1.262180000000000080e+00
873        1.262180000000000080e+00
1163       1.262180000000000080e+00
1319       1.262220000000000120e+00
1134       1.262299999999999978e+00
1261       1.262299999999999978e+00
1189       1.262319999999999887e+00
1314       1.262340000000000018e+00
736        1.262380000000000058e+00
1315       1.262400000000000189e+00
1355       1.262539999999999996e+00
800        1.262559999999999905e+00
1290       1.262580000000000036e+00
306        1.262600000000000167e+00
1155       1.262620000000000076e+00
1227       1.262620000000000076e+00
1253       1.262620000000000076e+00
1239       1.262640000000000207e+00
967        1.262760000000000105e+00
1268       1.262799999999999923e+00
1192       1.262860000000000094e+00
1154       1.263039999999999941e+00
775        1.263060000000000072e+00
1283       1.263100000000000112e+00
381        1.263120000000000243e+00
1073       1.263120000000000243e+00
1180       1.263200000000000101e+00
1354       1.263300000000000090e+00
1308       1.263579999999999925e+00
521        1.263640000000000096e+00
432        1.263779999999999903e+00
1205       1.264000000000000012e+00
887        1.264199999999999990e+00
1209       1.264400000000000190e+00
1228       1.264559999999999906e+00
315        1.264600000000000168e+00
1331       1.264600000000000168e+00
1150       1.264720000000000066e+00
1244       1.264820000000000055e+00
1324       1.264920000000000044e+00
1267       1.265039999999999942e+00
818        1.265100000000000113e+00
1304       1.265360000000000262e+00
1232       1.265400000000000080e+00
1313       1.265400000000000080e+00
499        1.265440000000000120e+00
1147       1.265440000000000120e+00
99         1.265519999999999978e+00
38         1.265539999999999887e+00
1170       1.265579999999999927e+00
1285       1.265600000000000058e+00
376        1.266100000000000225e+00
1138       1.266600000000000170e+00
697        1.266620000000000079e+00
1152       1.266660000000000119e+00
562        1.266700000000000159e+00
1351       1.266799999999999926e+00
1121       1.266900000000000137e+00
1338       1.267140000000000155e+00
1414       1.267200000000000104e+00
762        1.267240000000000144e+00
532        1.267479999999999940e+00
1266       1.267560000000000020e+00
1198       1.267579999999999929e+00
1135       1.267620000000000191e+00
1071       1.267640000000000100e+00
1199       1.267700000000000049e+00
1312       1.267700000000000049e+00
1278       1.267759999999999998e+00
1328       1.267839999999999856e+00
1323       1.267860000000000209e+00
793        1.267900000000000027e+00
1179       1.268299999999999983e+00
1350       1.268299999999999983e+00
1157       1.268319999999999892e+00
835        1.268420000000000103e+00
1171       1.268420000000000103e+00
1282       1.268440000000000012e+00
1132       1.268480000000000052e+00
156        1.268640000000000212e+00
1151       1.268640000000000212e+00
995        1.268780000000000019e+00
1310       1.269100000000000117e+00
1382       1.269140000000000157e+00
1303       1.269220000000000015e+00
1273       1.269260000000000055e+00
1291       1.269279999999999964e+00
799        1.269360000000000044e+00
1161       1.269400000000000084e+00
1096       1.269419999999999993e+00
1109       1.269560000000000022e+00
1288       1.269700000000000051e+00
243        1.269740000000000091e+00
1408       1.269839999999999858e+00
1194       1.269860000000000211e+00
147        1.270140000000000047e+00
1343       1.270199999999999996e+00
1322       1.270199999999999996e+00
1286       1.270440000000000014e+00
1143       1.270700000000000163e+00
1305       1.270940000000000181e+00
1318       1.270979999999999999e+00
1127       1.271000000000000130e+00
1289       1.271000000000000130e+00
1126       1.271140000000000159e+00
1302       1.271220000000000017e+00
1122       1.271339999999999915e+00
1309       1.271360000000000046e+00
919        1.271380000000000177e+00
1177       1.271440000000000126e+00
676        1.271539999999999893e+00
1236       1.271539999999999893e+00
1329       1.271620000000000195e+00
1346       1.271660000000000013e+00
1277       1.271880000000000122e+00
686        1.272000000000000020e+00
144        1.272059999999999969e+00
1162       1.272079999999999878e+00
827        1.272160000000000180e+00
142        1.272180000000000089e+00
1182       1.272180000000000089e+00
947        1.272319999999999895e+00
1301       1.272360000000000158e+00
1195       1.272400000000000198e+00
1234       1.272420000000000107e+00
476        1.272460000000000147e+00
1229       1.272499999999999964e+00
1156       1.272600000000000176e+00
1160       1.272860000000000102e+00
384        1.273079999999999989e+00
1248       1.273200000000000109e+00
1125       1.273260000000000058e+00
1283       1.273320000000000007e+00
1235       1.273360000000000047e+00
1233       1.273400000000000087e+00
1136       1.273419999999999996e+00
480        1.273479999999999945e+00
603        1.273500000000000076e+00
1095       1.273519999999999985e+00
1196       1.273519999999999985e+00
1087       1.273539999999999894e+00
610        1.273719999999999963e+00
965        1.273800000000000043e+00
1317       1.273819999999999952e+00
149        1.273880000000000123e+00
1241       1.273880000000000123e+00
1159       1.274040000000000061e+00
1213       1.274040000000000061e+00
275        1.274120000000000141e+00
1204       1.274140000000000050e+00
1181       1.274160000000000181e+00
1264       1.274160000000000181e+00
1257       1.274180000000000090e+00
1037       1.274199999999999999e+00
448        1.274220000000000130e+00
1222       1.274240000000000039e+00
1245       1.274340000000000028e+00
1223       1.274340000000000028e+00
1201       1.274360000000000159e+00
815        1.274440000000000017e+00
910        1.274480000000000057e+00
1251       1.274480000000000057e+00
1292       1.274499999999999966e+00
1065       1.274520000000000097e+00
1333       1.274520000000000097e+00
288        1.274540000000000006e+00
450        1.274600000000000177e+00
1210       1.274600000000000177e+00
574        1.274680000000000035e+00
1137       1.274700000000000166e+00
284        1.274720000000000075e+00
1357       1.274760000000000115e+00
1306       1.274780000000000024e+00
1237       1.274799999999999933e+00
1232       1.274860000000000104e+00
1342       1.274900000000000144e+00
1253       1.274940000000000184e+00
1166       1.275000000000000133e+00
11         1.275020000000000042e+00
1145       1.275020000000000042e+00
1297       1.275020000000000042e+00
207        1.275039999999999951e+00
286        1.275039999999999951e+00
791        1.275039999999999951e+00
747        1.275079999999999991e+00
766        1.275100000000000122e+00
1256       1.275140000000000162e+00
1102       1.275160000000000071e+00
1443       1.275160000000000071e+00
1146       1.275220000000000020e+00
1287       1.275239999999999929e+00
1157       1.275279999999999969e+00
502        1.275299999999999878e+00
1238       1.275339999999999918e+00
1100       1.275360000000000049e+00
1268       1.275360000000000049e+00
1298       1.275380000000000180e+00
374        1.275440000000000129e+00
1193       1.275600000000000067e+00
268        1.275660000000000016e+00
1178       1.275700000000000056e+00
1172       1.275779999999999914e+00
451        1.276000000000000023e+00
819        1.276040000000000063e+00
1299       1.276040000000000063e+00
469        1.276280000000000081e+00
1217       1.276280000000000081e+00
1123       1.276340000000000030e+00
1202       1.276380000000000070e+00
1300       1.276400000000000201e+00
1153       1.276420000000000110e+00
1321       1.276420000000000110e+00
1030       1.276540000000000008e+00
715        1.277020000000000044e+00
1316       1.277079999999999993e+00
366        1.277100000000000124e+00
566        1.277279999999999971e+00
796        1.277339999999999920e+00
168        1.277420000000000000e+00
273        1.277440000000000131e+00
1494       1.277460000000000040e+00
1206       1.277479999999999949e+00
1168       1.277519999999999989e+00
493        1.277539999999999898e+00
645        1.277600000000000069e+00
1148       1.277600000000000069e+00
1231       1.277700000000000058e+00
1174       1.277819999999999956e+00
1339       1.277819999999999956e+00
171        1.277839999999999865e+00
1242       1.277839999999999865e+00
1279       1.277880000000000127e+00
1239       1.277940000000000076e+00
65         1.277980000000000116e+00
512        1.277980000000000116e+00
1344       1.278000000000000025e+00
1523       1.278079999999999883e+00
1224       1.278100000000000236e+00
1185       1.278180000000000094e+00
1511       1.278240000000000043e+00
1334       1.278280000000000083e+00
1221       1.278400000000000203e+00
1307       1.278440000000000021e+00
966        1.278499999999999970e+00
1208       1.278559999999999919e+00
1308       1.278559999999999919e+00
999        1.278580000000000050e+00
1150       1.278600000000000181e+00
1186       1.278640000000000221e+00
528        1.278660000000000130e+00
1250       1.278700000000000170e+00
1207       1.278720000000000079e+00
1263       1.278720000000000079e+00
1338       1.278799999999999937e+00
185        1.278860000000000108e+00
214        1.278920000000000057e+00
371        1.278980000000000006e+00
1161       1.279320000000000013e+00
1215       1.279339999999999922e+00
936        1.279420000000000002e+00
1175       1.279460000000000042e+00
136        1.279500000000000082e+00
1354       1.279660000000000020e+00
1254       1.279959999999999987e+00
1310       1.279980000000000118e+00
1134       1.280000000000000027e+00
478        1.280040000000000067e+00
242        1.280059999999999976e+00
1139       1.280140000000000056e+00
1302       1.280200000000000005e+00
1089       1.280220000000000136e+00
1293       1.280240000000000045e+00
1205       1.280440000000000023e+00
1133       1.280460000000000154e+00
1327       1.280640000000000223e+00
1225       1.280760000000000121e+00
1295       1.280780000000000030e+00
630        1.280900000000000150e+00
1158       1.280940000000000190e+00
1209       1.280980000000000008e+00
651        1.280999999999999917e+00
1045       1.281120000000000037e+00
514        1.281179999999999986e+00
1275       1.281179999999999986e+00
1255       1.281179999999999986e+00
225        1.281320000000000014e+00
1212       1.281400000000000095e+00
1201       1.281460000000000043e+00
1236       1.281500000000000083e+00
1276       1.281500000000000083e+00
64         1.281539999999999901e+00
246        1.281560000000000032e+00
1389       1.281620000000000203e+00
1138       1.281680000000000152e+00
1187       1.281680000000000152e+00
666        1.281700000000000061e+00
1127       1.281719999999999970e+00
1121       1.281740000000000101e+00
1029       1.281839999999999868e+00
1155       1.281900000000000039e+00
1112       1.281920000000000170e+00
735        1.281980000000000119e+00
634        1.282120000000000148e+00
1343       1.282140000000000057e+00
730        1.282180000000000097e+00
1341       1.282200000000000006e+00
219        1.282240000000000046e+00
710        1.282299999999999995e+00
1211       1.282460000000000155e+00
1176       1.282780000000000031e+00
1032       1.282799999999999940e+00
435        1.282940000000000191e+00
1277       1.283020000000000049e+00
1296       1.283039999999999958e+00
1124       1.283059999999999867e+00
1154       1.283059999999999867e+00
170        1.283239999999999936e+00
1247       1.283279999999999976e+00
590        1.283320000000000016e+00
415        1.283400000000000096e+00
1131       1.283400000000000096e+00
1285       1.283420000000000005e+00
1228       1.283440000000000136e+00
1319       1.283680000000000154e+00
1357       1.283700000000000063e+00
1259       1.283900000000000041e+00
1597       1.284079999999999888e+00
1289       1.284100000000000241e+00
1312       1.284160000000000190e+00
1587       1.284220000000000139e+00
1353       1.284299999999999997e+00
1448       1.284360000000000168e+00
935        1.284380000000000077e+00
1294       1.284440000000000026e+00
639        1.284460000000000157e+00
1284       1.284620000000000095e+00
1243       1.284660000000000135e+00
525        1.284720000000000084e+00
1177       1.284880000000000244e+00
306        1.284999999999999920e+00
464        1.285020000000000051e+00
1122       1.285100000000000131e+00
296        1.285260000000000069e+00
1153       1.285299999999999887e+00
1347       1.285380000000000189e+00
520        1.285460000000000047e+00
492        1.285519999999999996e+00
1197       1.285579999999999945e+00
1358       1.285600000000000076e+00
289        1.285640000000000116e+00
247        1.285660000000000025e+00
1170       1.285660000000000025e+00
1135       1.285740000000000105e+00
1160       1.285839999999999872e+00
1278       1.285860000000000225e+00
165        1.285880000000000134e+00
782        1.285920000000000174e+00
674        1.286259999999999959e+00
560        1.286420000000000119e+00
549        1.286460000000000159e+00
1189       1.286559999999999926e+00
1281       1.286640000000000228e+00
1065       1.286680000000000046e+00
90         1.286720000000000086e+00
1048       1.286739999999999995e+00
1299       1.286739999999999995e+00
285        1.287020000000000053e+00
430        1.287020000000000053e+00
700        1.287039999999999962e+00
1322       1.287120000000000042e+00
1240       1.287279999999999980e+00
1354       1.287279999999999980e+00
787        1.287440000000000140e+00
726        1.287500000000000089e+00
190        1.287519999999999998e+00
1229       1.287539999999999907e+00
1258       1.287539999999999907e+00
24         1.287660000000000027e+00
1230       1.287660000000000027e+00
1320       1.287660000000000027e+00
1192       1.287880000000000136e+00
1314       1.287920000000000176e+00
1356       1.288040000000000074e+00
1168       1.288220000000000143e+00
690        1.288240000000000052e+00
668        1.288380000000000081e+00
804        1.288380000000000081e+00
1173       1.288400000000000212e+00
1156       1.288420000000000121e+00
1226       1.288420000000000121e+00
1287       1.288460000000000161e+00
1165       1.288540000000000019e+00
1359       1.288540000000000019e+00
923        1.288559999999999928e+00
1309       1.288580000000000059e+00
1325       1.288580000000000059e+00
134        1.288640000000000230e+00
1304       1.288680000000000048e+00
1164       1.288720000000000088e+00
379        1.288780000000000037e+00
1159       1.288860000000000117e+00
1326       1.288900000000000157e+00
1236       1.288960000000000106e+00
297        1.288980000000000015e+00
1323       1.288999999999999924e+00
1044       1.289020000000000055e+00
1227       1.289100000000000135e+00
1233       1.289140000000000175e+00
596        1.289200000000000124e+00
333        1.289239999999999942e+00
1329       1.289260000000000073e+00
1330       1.289279999999999982e+00
114        1.289360000000000062e+00
1272       1.289420000000000011e+00
1196       1.289479999999999960e+00
1269       1.289520000000000000e+00
897        1.289539999999999909e+00
1332       1.289600000000000080e+00
1308       1.289640000000000120e+00
1342       1.289640000000000120e+00
1345       1.289700000000000069e+00
1535       1.289719999999999978e+00
1194       1.289819999999999967e+00
1315       1.289819999999999967e+00
1220       1.289839999999999876e+00
1178       1.289860000000000229e+00
1301       1.289860000000000229e+00
571        1.289900000000000047e+00
1146       1.289920000000000178e+00
121        1.290019999999999945e+00
1313       1.290040000000000076e+00
81         1.290120000000000156e+00
1181       1.290120000000000156e+00
491        1.290220000000000145e+00
1536       1.290220000000000145e+00
1214       1.290259999999999962e+00
896        1.290280000000000094e+00
1340       1.290280000000000094e+00
861        1.290300000000000002e+00
1261       1.290319999999999911e+00
1302       1.290319999999999911e+00
151        1.290340000000000042e+00
1266       1.290440000000000031e+00
1274       1.290559999999999929e+00
1050       1.290600000000000191e+00
1130       1.290640000000000231e+00
1145       1.290660000000000140e+00
1118       1.290700000000000180e+00
664        1.290739999999999998e+00
1306       1.290739999999999998e+00
1349       1.290759999999999907e+00
1336       1.290799999999999947e+00
1295       1.291239999999999943e+00
711        1.291420000000000012e+00
573        1.291460000000000052e+00
456        1.291539999999999910e+00
399        1.291620000000000212e+00
1036       1.291660000000000030e+00
978        1.291940000000000088e+00
597        1.292280000000000095e+00
888        1.292999999999999927e+00
1200       1.293059999999999876e+00
1271       1.293140000000000178e+00
1122       1.293200000000000127e+00
1175       1.293279999999999985e+00
1002       1.293299999999999894e+00
1355       1.293560000000000043e+00
511        1.293700000000000072e+00
903        1.293719999999999981e+00
376        1.293860000000000232e+00
1254       1.293860000000000232e+00
1243       1.293900000000000050e+00
1298       1.293980000000000130e+00
1231       1.294019999999999948e+00
1207       1.294040000000000079e+00
1206       1.294120000000000159e+00
1591       1.294140000000000068e+00
1352       1.294280000000000097e+00
641        1.294340000000000046e+00
1218       1.294340000000000046e+00
1198       1.294400000000000217e+00
838        1.294420000000000126e+00
88         1.294499999999999984e+00
1265       1.294540000000000024e+00
1273       1.294559999999999933e+00
616        1.294580000000000064e+00
648        1.294580000000000064e+00
1132       1.294580000000000064e+00
480        1.294600000000000195e+00
1280       1.294680000000000053e+00
1208       1.294720000000000093e+00
1244       1.294740000000000002e+00
111        1.294799999999999951e+00
1179       1.294860000000000122e+00
1338       1.294900000000000162e+00
1311       1.294960000000000111e+00
1204       1.295020000000000060e+00
1292       1.295020000000000060e+00
749        1.295039999999999969e+00
1216       1.295120000000000049e+00
1113       1.295140000000000180e+00
1288       1.295160000000000089e+00
1224       1.295200000000000129e+00
1335       1.295239999999999947e+00
1119       1.295279999999999987e+00
785        1.295320000000000027e+00
1270       1.295320000000000027e+00
891        1.295360000000000067e+00
1328       1.295380000000000198e+00
1346       1.295380000000000198e+00
1139       1.295400000000000107e+00
1350       1.295400000000000107e+00
1158       1.295460000000000056e+00
585        1.295479999999999965e+00
859        1.295500000000000096e+00
1303       1.295500000000000096e+00
1142       1.295520000000000005e+00
12         1.295539999999999914e+00
1234       1.295560000000000045e+00
1283       1.295560000000000045e+00
1579       1.295560000000000045e+00
1264       1.295620000000000216e+00
735        1.295779999999999932e+00
1324       1.295800000000000063e+00
1171       1.295819999999999972e+00
1169       1.295900000000000052e+00
1556       1.295940000000000092e+00
1432       1.295980000000000132e+00
869        1.296220000000000150e+00
281        1.296340000000000048e+00
362        1.296780000000000044e+00
312        1.296920000000000073e+00
1219       1.297039999999999971e+00
1163       1.297059999999999880e+00
1358       1.297200000000000131e+00
282        1.297279999999999989e+00
1275       1.297320000000000029e+00
1136       1.297339999999999938e+00
1475       1.297460000000000058e+00
1144       1.297560000000000047e+00
820        1.297640000000000127e+00
1521       1.297819999999999974e+00
1286       1.297920000000000185e+00
660        1.297980000000000134e+00
1121       1.297980000000000134e+00
1187       1.298019999999999952e+00
1285       1.298079999999999901e+00
485        1.298100000000000254e+00
64         1.298120000000000163e+00
1125       1.298259999999999970e+00
1253       1.298360000000000181e+00
895        1.298400000000000221e+00
228        1.298460000000000170e+00
1174       1.298460000000000170e+00
704        1.298540000000000028e+00
1337       1.298680000000000057e+00
1230       1.298699999999999966e+00
1256       1.298699999999999966e+00
123        1.298939999999999984e+00
1262       1.298960000000000115e+00
1189       1.299039999999999973e+00
1213       1.299140000000000184e+00
1296       1.299160000000000093e+00
1242       1.299180000000000001e+00
1246       1.299360000000000070e+00
1217       1.299520000000000008e+00
1305       1.299520000000000008e+00
184        1.299579999999999957e+00
1267       1.299600000000000088e+00
352        1.299900000000000055e+00
1293       1.299980000000000135e+00
1120       1.300059999999999993e+00
1232       1.300059999999999993e+00
708        1.300180000000000113e+00
1225       1.300220000000000153e+00
1332       1.300620000000000109e+00
147        1.300640000000000018e+00
1260       1.300680000000000058e+00
1335       1.300759999999999916e+00
598        1.300999999999999934e+00
802        1.300999999999999934e+00
1176       1.301020000000000065e+00
436        1.301180000000000003e+00
1166       1.301200000000000134e+00
1274       1.301200000000000134e+00
1124       1.301239999999999952e+00
1162       1.301279999999999992e+00
1157       1.301339999999999941e+00
1095       1.301360000000000072e+00
1152       1.301400000000000112e+00
1146       1.301420000000000021e+00
104        1.301460000000000061e+00
237        1.301460000000000061e+00
1027       1.301579999999999959e+00
937        1.301660000000000039e+00
465        1.301719999999999988e+00
1356       1.301740000000000119e+00
1190       1.301800000000000068e+00
1134       1.301819999999999977e+00
1251       1.301819999999999977e+00
1266       1.301880000000000148e+00
603        1.301980000000000137e+00
1140       1.301980000000000137e+00
1342       1.302040000000000086e+00
1212       1.302120000000000166e+00
1319       1.302120000000000166e+00
628        1.302140000000000075e+00
546        1.302220000000000155e+00
549        1.302240000000000064e+00
1172       1.302340000000000053e+00
1052       1.302360000000000184e+00
1034       1.302400000000000224e+00
915        1.302440000000000042e+00
680        1.302460000000000173e+00
723        1.302480000000000082e+00
1347       1.302499999999999991e+00
1249       1.302559999999999940e+00
74         1.302600000000000202e+00
591        1.302620000000000111e+00
810        1.302640000000000020e+00
991        1.302640000000000020e+00
1165       1.302640000000000020e+00
159        1.302680000000000060e+00
236        1.302680000000000060e+00
865        1.302720000000000100e+00
1276       1.302720000000000100e+00
1336       1.302720000000000100e+00
502        1.302759999999999918e+00
201        1.302780000000000049e+00
1143       1.302799999999999958e+00
1109       1.302900000000000169e+00
1128       1.302960000000000118e+00
526        1.302980000000000027e+00
1178       1.302999999999999936e+00
1153       1.303020000000000067e+00
479        1.303039999999999976e+00
394        1.303080000000000016e+00
1287       1.303160000000000096e+00
333        1.303180000000000005e+00
1138       1.303220000000000045e+00
1111       1.303260000000000085e+00
1235       1.303260000000000085e+00
1289       1.303320000000000034e+00
1169       1.303380000000000205e+00
568        1.303440000000000154e+00
1263       1.303440000000000154e+00
1297       1.303440000000000154e+00
1241       1.303460000000000063e+00
1233       1.303479999999999972e+00
669        1.303500000000000103e+00
1255       1.303539999999999921e+00
1237       1.303560000000000052e+00
1282       1.303839999999999888e+00
1047       1.303940000000000099e+00
1158       1.304100000000000259e+00
1199       1.304300000000000015e+00
324        1.304319999999999924e+00
1123       1.304420000000000135e+00
1182       1.304680000000000062e+00
1254       1.304920000000000080e+00
115        1.304999999999999938e+00
1215       1.305020000000000069e+00
1184       1.305039999999999978e+00
1207       1.305140000000000189e+00
1197       1.305239999999999956e+00
864        1.305299999999999905e+00
440        1.305360000000000076e+00
1301       1.305380000000000207e+00
756        1.305539999999999923e+00
828        1.305640000000000134e+00
471        1.305680000000000174e+00
1338       1.305680000000000174e+00
902        1.305700000000000083e+00
1339       1.305860000000000243e+00
52         1.305900000000000061e+00
1248       1.305980000000000141e+00
1227       1.306319999999999926e+00
76         1.306559999999999944e+00
1173       1.306640000000000024e+00
1277       1.306660000000000155e+00
1333       1.306720000000000104e+00
1357       1.306780000000000053e+00
187        1.306819999999999871e+00
1181       1.306840000000000002e+00
20         1.306900000000000173e+00
1300       1.306980000000000031e+00
1244       1.307100000000000151e+00
1304       1.307160000000000100e+00
1202       1.307260000000000089e+00
1150       1.307339999999999947e+00
1273       1.307500000000000107e+00
584        1.307600000000000096e+00
1343       1.307900000000000063e+00
1191       1.308040000000000092e+00
1058       1.308060000000000000e+00
1222       1.308060000000000000e+00
858        1.308160000000000212e+00
1220       1.308180000000000121e+00
1283       1.308319999999999927e+00
263        1.308440000000000047e+00
1137       1.308499999999999996e+00
1180       1.308519999999999905e+00
424        1.308579999999999854e+00
1194       1.308720000000000105e+00
319        1.308740000000000014e+00
1355       1.308759999999999923e+00
1353       1.308860000000000134e+00
684        1.308960000000000123e+00
574        1.308980000000000032e+00
90         1.309020000000000072e+00
1088       1.309160000000000101e+00
1224       1.309160000000000101e+00
1293       1.309160000000000101e+00
1259       1.309239999999999959e+00
632        1.309339999999999948e+00
969        1.309440000000000159e+00
1170       1.309479999999999977e+00
988        1.309539999999999926e+00
1234       1.309539999999999926e+00
1122       1.309560000000000057e+00
1141       1.309800000000000075e+00
1497       1.309960000000000013e+00
127        1.310000000000000053e+00
1252       1.310200000000000031e+00
1258       1.310259999999999980e+00
441        1.310459999999999958e+00
1369       1.310459999999999958e+00
1306       1.310620000000000118e+00
1142       1.310740000000000016e+00
1147       1.310860000000000136e+00
306        1.310880000000000045e+00
247        1.311200000000000143e+00
1331       1.311200000000000143e+00
552        1.311260000000000092e+00
1140       1.311320000000000041e+00
1275       1.311380000000000212e+00
1322       1.311520000000000019e+00
1121       1.311660000000000048e+00
434        1.311740000000000128e+00
294        1.311800000000000077e+00
448        1.311819999999999986e+00
1176       1.311880000000000157e+00
1133       1.312040000000000095e+00
1129       1.312200000000000033e+00
1247       1.312300000000000022e+00
1327       1.312339999999999840e+00
1263       1.312360000000000193e+00
1243       1.312400000000000011e+00
223        1.312420000000000142e+00
380        1.312620000000000120e+00
510        1.312680000000000069e+00
1135       1.312699999999999978e+00
1298       1.312860000000000138e+00
108        1.312939999999999996e+00
1010       1.312980000000000036e+00
841        1.313020000000000076e+00
1153       1.313020000000000076e+00
1286       1.313059999999999894e+00
1219       1.313260000000000094e+00
1340       1.313260000000000094e+00
216        1.313299999999999912e+00
1167       1.313339999999999952e+00
1208       1.313360000000000083e+00
1144       1.313380000000000214e+00
1204       1.313420000000000032e+00
1168       1.313440000000000163e+00
1205       1.313460000000000072e+00
1332       1.313539999999999930e+00
262        1.313560000000000061e+00
1200       1.313579999999999970e+00
218        1.313600000000000101e+00
126        1.313660000000000050e+00
1302       1.313660000000000050e+00
118        1.313760000000000039e+00
1179       1.313779999999999948e+00
1320       1.314060000000000006e+00
1157       1.314079999999999915e+00
1175       1.314100000000000268e+00
1318       1.314100000000000268e+00
1161       1.314160000000000217e+00
1209       1.314160000000000217e+00
1314       1.314160000000000217e+00
1359       1.314240000000000075e+00
1347       1.314459999999999962e+00
1148       1.314559999999999951e+00
1185       1.314600000000000213e+00
875        1.314620000000000122e+00
1160       1.314640000000000031e+00
1236       1.314660000000000162e+00
1232       1.314680000000000071e+00
1186       1.314780000000000060e+00
1308       1.314780000000000060e+00
1296       1.314819999999999878e+00
1162       1.314840000000000009e+00
1136       1.314939999999999998e+00
1127       1.314960000000000129e+00
1231       1.314960000000000129e+00
315        1.314980000000000038e+00
1350       1.315020000000000078e+00
1537       1.315020000000000078e+00
926        1.315140000000000198e+00
1155       1.315160000000000107e+00
1270       1.315160000000000107e+00
1184       1.315239999999999965e+00
1150       1.315360000000000085e+00
1078       1.315400000000000125e+00
1349       1.315420000000000034e+00
736        1.315539999999999932e+00
1287       1.315620000000000234e+00
1449       1.315640000000000143e+00
1163       1.315680000000000183e+00
1328       1.315740000000000132e+00
1265       1.315839999999999899e+00
357        1.315880000000000161e+00
1183       1.315940000000000110e+00
1323       1.315940000000000110e+00
1246       1.316079999999999917e+00
877        1.316160000000000219e+00
1197       1.316180000000000128e+00
1049       1.316259999999999986e+00
1227       1.316339999999999844e+00
576        1.316380000000000106e+00
1143       1.316400000000000015e+00
1273       1.316400000000000015e+00
1316       1.316400000000000015e+00
345        1.316480000000000095e+00
1299       1.316559999999999953e+00
1344       1.316600000000000215e+00
823        1.316620000000000124e+00
1345       1.316660000000000164e+00
13         1.316680000000000073e+00
1317       1.316840000000000011e+00
1111       1.316860000000000142e+00
1233       1.316860000000000142e+00
1319       1.317039999999999988e+00
1289       1.317080000000000028e+00
1303       1.317100000000000160e+00
1346       1.317180000000000017e+00
699        1.317320000000000046e+00
1228       1.317339999999999955e+00
1221       1.317440000000000166e+00
1292       1.317539999999999933e+00
1353       1.317560000000000064e+00
1210       1.317600000000000104e+00
1366       1.317600000000000104e+00
1149       1.317620000000000235e+00
1120       1.317660000000000053e+00
391        1.317700000000000093e+00
1192       1.317720000000000002e+00
1220       1.317779999999999951e+00
91         1.317900000000000071e+00
648        1.318040000000000100e+00
1198       1.318060000000000009e+00
1257       1.318079999999999918e+00
1177       1.318100000000000271e+00
1196       1.318140000000000089e+00
1172       1.318180000000000129e+00
1326       1.318180000000000129e+00
1152       1.318219999999999947e+00
743        1.318339999999999845e+00
1171       1.318339999999999845e+00
1291       1.318339999999999845e+00
196        1.318400000000000016e+00
1288       1.318540000000000045e+00
906        1.318600000000000216e+00
1169       1.318680000000000074e+00
1281       1.318720000000000114e+00
1268       1.318819999999999881e+00
1164       1.318880000000000052e+00
1          1.318900000000000183e+00
1301       1.318980000000000041e+00
43         1.318999999999999950e+00
750        1.319120000000000070e+00
801        1.319160000000000110e+00
1060       1.319160000000000110e+00
1312       1.319160000000000110e+00
1252       1.319220000000000059e+00
1156       1.319239999999999968e+00
1166       1.319339999999999957e+00
425        1.319460000000000077e+00
1285       1.319479999999999986e+00
992        1.319500000000000117e+00
176        1.319520000000000026e+00
1134       1.319579999999999975e+00
1341       1.319579999999999975e+00
929        1.319640000000000146e+00
360        1.319680000000000186e+00
675        1.319700000000000095e+00
1333       1.319700000000000095e+00
1337       1.319760000000000044e+00
204        1.319779999999999953e+00
1146       1.319819999999999993e+00
1315       1.319980000000000153e+00
186        1.320100000000000273e+00
762        1.320200000000000040e+00
1260       1.320219999999999949e+00
1336       1.320259999999999989e+00
1201       1.320300000000000029e+00
614        1.320440000000000058e+00
1189       1.320440000000000058e+00
302        1.320459999999999967e+00
1237       1.320500000000000007e+00
1226       1.320540000000000047e+00
1254       1.320540000000000047e+00
229        1.320720000000000116e+00
1559       1.320780000000000065e+00
806        1.320840000000000014e+00
1216       1.320880000000000054e+00
1105       1.320999999999999952e+00
523        1.321140000000000203e+00
766        1.321339999999999959e+00
1132       1.321420000000000039e+00
720        1.321539999999999937e+00
1151       1.321700000000000097e+00
92         1.321760000000000046e+00
1061       1.321760000000000046e+00
719        1.321819999999999995e+00
1278       1.321819999999999995e+00
1261       1.321900000000000075e+00
1274       1.321980000000000155e+00
1343       1.321980000000000155e+00
1253       1.322060000000000013e+00
942        1.322180000000000133e+00
1280       1.322200000000000042e+00
1144       1.322259999999999991e+00
1351       1.322339999999999849e+00
901        1.322420000000000151e+00
1202       1.322640000000000038e+00
608        1.322660000000000169e+00
245        1.322780000000000067e+00
1240       1.322940000000000005e+00
588        1.322980000000000045e+00
1079       1.322980000000000045e+00
703        1.322999999999999954e+00
1188       1.322999999999999954e+00
1234       1.323479999999999990e+00
1159       1.323500000000000121e+00
1239       1.323500000000000121e+00
107        1.323779999999999957e+00
1267       1.323940000000000117e+00
1256       1.324060000000000015e+00
422        1.324140000000000095e+00
233        1.324180000000000135e+00
1585       1.324219999999999953e+00
1222       1.324400000000000022e+00
1225       1.324440000000000062e+00
541        1.324480000000000102e+00
1208       1.324600000000000222e+00
376        1.324660000000000171e+00
1279       1.324680000000000080e+00
797        1.324699999999999989e+00
1167       1.324840000000000018e+00
1338       1.324900000000000189e+00
465        1.324960000000000138e+00
1173       1.324980000000000047e+00
1250       1.325120000000000076e+00
155        1.325160000000000116e+00
1249       1.325160000000000116e+00
1251       1.325360000000000094e+00
591        1.325440000000000174e+00
913        1.325440000000000174e+00
1160       1.325520000000000032e+00
1266       1.325539999999999941e+00
1334       1.325539999999999941e+00
1191       1.325600000000000112e+00
1342       1.325600000000000112e+00
1140       1.325740000000000141e+00
1203       1.325740000000000141e+00
1306       1.325760000000000050e+00
1330       1.325800000000000090e+00
1187       1.325860000000000261e+00
808        1.325880000000000170e+00
489        1.325920000000000210e+00
440        1.326000000000000068e+00
1329       1.326039999999999885e+00
935        1.326079999999999925e+00
1122       1.326100000000000056e+00
969        1.326120000000000188e+00
1322       1.326160000000000005e+00
737        1.326180000000000136e+00
1313       1.326240000000000085e+00
1214       1.326360000000000205e+00
12         1.326400000000000023e+00
439        1.326400000000000023e+00
674        1.326420000000000154e+00
1340       1.326440000000000063e+00
252        1.326459999999999972e+00
1147       1.326579999999999870e+00
1145       1.326720000000000121e+00
177        1.326759999999999939e+00
390        1.326759999999999939e+00
739        1.326940000000000008e+00
262        1.326999999999999957e+00
728        1.326999999999999957e+00
964        1.327220000000000066e+00
1097       1.327400000000000135e+00
869        1.327440000000000175e+00
1141       1.327500000000000124e+00
1209       1.327579999999999982e+00
1272       1.328180000000000138e+00
825        1.328200000000000047e+00
824        1.328360000000000207e+00
188        1.328380000000000116e+00
1238       1.328380000000000116e+00
1489       1.328420000000000156e+00
1190       1.328459999999999974e+00
289        1.328480000000000105e+00
1263       1.328500000000000014e+00
1311       1.328519999999999923e+00
1262       1.328620000000000134e+00
1518       1.328840000000000021e+00
1506       1.328940000000000010e+00
1443       1.329059999999999908e+00
820        1.329100000000000170e+00
408        1.329180000000000028e+00
864        1.329200000000000159e+00
693        1.329260000000000108e+00
527        1.329280000000000017e+00
1198       1.329280000000000017e+00
1176       1.329299999999999926e+00
195        1.329360000000000097e+00
227        1.329420000000000046e+00
512        1.329579999999999984e+00
1210       1.329579999999999984e+00
1327       1.329700000000000104e+00
1284       1.329720000000000013e+00
1215       1.329760000000000053e+00
660        1.329900000000000082e+00
1216       1.329979999999999940e+00
1129       1.330039999999999889e+00
1152       1.330100000000000060e+00
1217       1.330100000000000060e+00
1180       1.330219999999999958e+00
1293       1.330480000000000107e+00
1133       1.330720000000000125e+00
1305       1.330900000000000194e+00
900        1.331040000000000001e+00
1193       1.331260000000000110e+00
1264       1.331260000000000110e+00
55         1.331280000000000019e+00
1043       1.331420000000000048e+00
1188       1.331420000000000048e+00
1289       1.331560000000000077e+00
943        1.331680000000000197e+00
1207       1.331680000000000197e+00
1255       1.331680000000000197e+00
50         1.331720000000000015e+00
950        1.331799999999999873e+00
1008       1.331900000000000084e+00
1287       1.331979999999999942e+00
121        1.332100000000000062e+00
1260       1.332120000000000193e+00
1292       1.332120000000000193e+00
1316       1.332200000000000051e+00
1143       1.332279999999999909e+00
353        1.332319999999999949e+00
463        1.332360000000000211e+00
1221       1.332400000000000029e+00
1282       1.332400000000000029e+00
1130       1.332600000000000229e+00
1138       1.332640000000000047e+00
1014       1.332780000000000076e+00
1189       1.332799999999999985e+00
425        1.332900000000000196e+00
1137       1.332920000000000105e+00
1174       1.332960000000000145e+00
1134       1.333120000000000083e+00
451        1.333180000000000032e+00
394        1.333239999999999981e+00
1307       1.333299999999999930e+00
713        1.333400000000000141e+00
1212       1.333460000000000090e+00
3          1.333479999999999999e+00
1165       1.333479999999999999e+00
1342       1.333919999999999995e+00
1296       1.333960000000000035e+00
248        1.334019999999999984e+00
1224       1.334100000000000064e+00
1258       1.334100000000000064e+00
1306       1.334279999999999911e+00
840        1.334819999999999895e+00
254        1.334880000000000067e+00
1196       1.334900000000000198e+00
1233       1.334980000000000055e+00
665        1.334999999999999964e+00
650        1.334999999999999964e+00
1140       1.335100000000000176e+00
217        1.335260000000000113e+00
1036       1.335260000000000113e+00
1149       1.335280000000000022e+00
190        1.335360000000000102e+00
212        1.335360000000000102e+00
1356       1.335380000000000233e+00
283        1.335460000000000091e+00
173        1.335520000000000040e+00
1181       1.335520000000000040e+00
1154       1.335520000000000040e+00
1162       1.335539999999999949e+00
1127       1.335579999999999989e+00
1144       1.335700000000000109e+00
1171       1.335739999999999927e+00
1321       1.335739999999999927e+00
1271       1.335799999999999876e+00
1269       1.335839999999999916e+00
1125       1.335880000000000178e+00
1341       1.335880000000000178e+00
1276       1.336039999999999894e+00
1155       1.336060000000000025e+00
1244       1.336100000000000065e+00
1343       1.336120000000000196e+00
1308       1.336219999999999963e+00
1242       1.336279999999999912e+00
1328       1.336360000000000214e+00
202        1.336400000000000032e+00
1071       1.336400000000000032e+00
588        1.336420000000000163e+00
142        1.336699999999999999e+00
1236       1.336720000000000130e+00
760        1.336740000000000039e+00
1022       1.336880000000000068e+00
1156       1.336920000000000108e+00
493        1.337020000000000097e+00
1312       1.337080000000000046e+00
1291       1.337200000000000166e+00
141        1.337239999999999984e+00
1345       1.337299999999999933e+00
1486       1.337299999999999933e+00
1120       1.337400000000000144e+00
1132       1.337420000000000053e+00
1359       1.337440000000000184e+00
91         1.337520000000000042e+00
1231       1.337620000000000253e+00
1339       1.337660000000000071e+00
1192       1.337880000000000180e+00
422        1.337940000000000129e+00
564        1.337940000000000129e+00
1044       1.337960000000000038e+00
1299       1.338000000000000078e+00
1259       1.338079999999999936e+00
1172       1.338180000000000147e+00
1194       1.338300000000000045e+00
1272       1.338380000000000125e+00
1205       1.338540000000000063e+00
1210       1.338640000000000052e+00
1319       1.338720000000000132e+00
1353       1.338720000000000132e+00
1219       1.338780000000000081e+00
1281       1.338819999999999899e+00
860        1.338840000000000030e+00
1275       1.338980000000000059e+00
1186       1.338999999999999968e+00
1261       1.339040000000000008e+00
1209       1.339059999999999917e+00
1159       1.339080000000000048e+00
168        1.339100000000000179e+00
1278       1.339160000000000128e+00
1338       1.339339999999999975e+00
20         1.339460000000000095e+00
441        1.339520000000000044e+00
1354       1.339520000000000044e+00
1126       1.339640000000000164e+00
1472       1.339660000000000073e+00
1352       1.339739999999999931e+00
1030       1.339760000000000062e+00
1323       1.339880000000000182e+00
1510       1.339880000000000182e+00
319        1.340019999999999989e+00
1324       1.340079999999999938e+00
365        1.340160000000000018e+00
1346       1.340200000000000058e+00
499        1.340380000000000127e+00
1160       1.340400000000000036e+00
892        1.340600000000000236e+00
1251       1.340620000000000145e+00
470        1.340680000000000094e+00
1164       1.340740000000000043e+00
1227       1.341140000000000221e+00
976        1.341160000000000130e+00
125        1.341200000000000170e+00
118        1.341280000000000028e+00
1128       1.341280000000000028e+00
115        1.341299999999999937e+00
532        1.341339999999999977e+00
886        1.341339999999999977e+00
1337       1.341339999999999977e+00
249        1.341360000000000108e+00
1102       1.341360000000000108e+00
730        1.341400000000000148e+00
1179       1.341420000000000057e+00
1223       1.341520000000000046e+00
362        1.341600000000000126e+00
1123       1.341600000000000126e+00
1191       1.341620000000000257e+00
1187       1.341679999999999984e+00
1248       1.341700000000000115e+00
1146       1.341739999999999933e+00
1492       1.341820000000000013e+00
1243       1.341880000000000184e+00
1305       1.341900000000000093e+00
1273       1.341960000000000042e+00
1327       1.341960000000000042e+00
1347       1.341960000000000042e+00
35         1.342100000000000071e+00
1143       1.342100000000000071e+00
40         1.342279999999999918e+00
1145       1.342300000000000049e+00
1349       1.342300000000000049e+00
1304       1.342319999999999958e+00
1279       1.342380000000000129e+00
1173       1.342420000000000169e+00
1270       1.342420000000000169e+00
946        1.342540000000000067e+00
1266       1.342660000000000187e+00
537        1.342680000000000096e+00
1147       1.342680000000000096e+00
950        1.342740000000000045e+00
89         1.342819999999999903e+00
649        1.342819999999999903e+00
1180       1.342900000000000205e+00
1252       1.342900000000000205e+00
658        1.342920000000000114e+00
1195       1.342920000000000114e+00
1309       1.342999999999999972e+00
1007       1.343020000000000103e+00
105        1.343040000000000012e+00
930        1.343140000000000223e+00
1136       1.343160000000000132e+00
1301       1.343160000000000132e+00
628        1.343200000000000172e+00
1288       1.343200000000000172e+00
1344       1.343260000000000121e+00
273        1.343320000000000070e+00
1331       1.343420000000000059e+00
643        1.343500000000000139e+00
343        1.343620000000000037e+00
971        1.343660000000000077e+00
1130       1.343779999999999974e+00
1129       1.343820000000000014e+00
1183       1.343839999999999923e+00
314        1.343860000000000054e+00
1232       1.343860000000000054e+00
1289       1.343860000000000054e+00
1199       1.343920000000000003e+00
565        1.344120000000000203e+00
163        1.344160000000000021e+00
1151       1.344260000000000010e+00
1153       1.344260000000000010e+00
1265       1.344260000000000010e+00
1302       1.344260000000000010e+00
1256       1.344339999999999868e+00
1238       1.344360000000000221e+00
1287       1.344360000000000221e+00
997        1.344380000000000130e+00
1247       1.344380000000000130e+00
1303       1.344380000000000130e+00
507        1.344420000000000170e+00
1215       1.344420000000000170e+00
1333       1.344440000000000079e+00
1290       1.344500000000000028e+00
1217       1.344579999999999886e+00
1208       1.344640000000000057e+00
1322       1.344680000000000097e+00
1141       1.344740000000000046e+00
1295       1.344740000000000046e+00
1282       1.344759999999999955e+00
1001       1.344799999999999995e+00
1197       1.344799999999999995e+00
629        1.344819999999999904e+00
1200       1.344880000000000075e+00
1221       1.345020000000000104e+00
1342       1.345040000000000013e+00
1329       1.345100000000000184e+00
1325       1.345120000000000093e+00
1127       1.345140000000000224e+00
1133       1.345160000000000133e+00
1250       1.345160000000000133e+00
1313       1.345180000000000042e+00
554        1.345200000000000173e+00
1212       1.345280000000000031e+00
771        1.345320000000000071e+00
1204       1.345320000000000071e+00
1154       1.345339999999999980e+00
5          1.345360000000000111e+00
752        1.345360000000000111e+00
1182       1.345360000000000111e+00
1190       1.345420000000000060e+00
359        1.345539999999999958e+00
24         1.345739999999999936e+00
1385       1.345779999999999976e+00
62         1.345960000000000045e+00
1162       1.345960000000000045e+00
1239       1.346039999999999903e+00
1326       1.346039999999999903e+00
187        1.346060000000000034e+00
1384       1.346079999999999943e+00
1254       1.346140000000000114e+00
765        1.346219999999999972e+00
1312       1.346360000000000223e+00
424        1.346400000000000041e+00
325        1.346440000000000081e+00
1225       1.346540000000000070e+00
1170       1.346600000000000241e+00
1340       1.346780000000000088e+00
1257       1.347580000000000000e+00
1072       1.347600000000000131e+00
1165       1.347799999999999887e+00
1213       1.347860000000000058e+00
1189       1.347880000000000189e+00
1175       1.347979999999999956e+00
491        1.348000000000000087e+00
1161       1.348060000000000036e+00
1181       1.348079999999999945e+00
1157       1.348279999999999923e+00
1125       1.348300000000000054e+00
1315       1.348459999999999992e+00
1049       1.348559999999999981e+00
502        1.348740000000000050e+00
1293       1.348780000000000090e+00
1124       1.348940000000000028e+00
291        1.349120000000000097e+00
1163       1.349220000000000086e+00
1120       1.349320000000000075e+00
1358       1.349799999999999889e+00
1253       1.350039999999999907e+00
1131       1.350160000000000027e+00
1341       1.350260000000000016e+00
623        1.350360000000000227e+00
1193       1.350360000000000227e+00
913        1.350380000000000136e+00
1330       1.350480000000000125e+00
1284       1.350540000000000074e+00
708        1.350640000000000063e+00
1203       1.350800000000000001e+00
1094       1.350819999999999910e+00
1230       1.350860000000000172e+00
1003       1.350940000000000030e+00
1248       1.350940000000000030e+00
106        1.351040000000000019e+00
1319       1.351120000000000099e+00
386        1.351140000000000230e+00
97         1.351200000000000179e+00
1223       1.351200000000000179e+00
1343       1.351400000000000157e+00
216        1.351480000000000015e+00
1267       1.351480000000000015e+00
1335       1.351559999999999873e+00
1296       1.351580000000000004e+00
179        1.351600000000000135e+00
1240       1.351700000000000124e+00
1507       1.351779999999999982e+00
340        1.351839999999999931e+00
487        1.351880000000000193e+00
1149       1.351920000000000011e+00
1381       1.351940000000000142e+00
1201       1.352000000000000091e+00
1353       1.352020000000000000e+00
1122       1.352200000000000069e+00
1320       1.352440000000000087e+00
659        1.352480000000000127e+00
1132       1.352559999999999985e+00
329        1.352600000000000247e+00
847        1.352600000000000247e+00
190        1.352680000000000105e+00
670        1.352700000000000014e+00
1176       1.353160000000000140e+00
1032       1.353360000000000118e+00
709        1.353539999999999965e+00
800        1.353600000000000136e+00
1204       1.353620000000000045e+00
547        1.353640000000000176e+00
675        1.353640000000000176e+00
797        1.353760000000000074e+00
428        1.353779999999999983e+00
1058       1.353779999999999983e+00
1275       1.353779999999999983e+00
134        1.353839999999999932e+00
346        1.353839999999999932e+00
1332       1.353839999999999932e+00
1198       1.353940000000000143e+00
901        1.353960000000000052e+00
1202       1.353960000000000052e+00
182        1.353979999999999961e+00
1334       1.353979999999999961e+00
272        1.354020000000000001e+00
1158       1.354020000000000001e+00
1278       1.354240000000000110e+00
630        1.354400000000000048e+00
1130       1.354480000000000128e+00
1310       1.354559999999999986e+00
1205       1.354579999999999895e+00
1298       1.354680000000000106e+00
1144       1.354759999999999964e+00
1229       1.354780000000000095e+00
1222       1.354840000000000044e+00
1178       1.354920000000000124e+00
1346       1.354980000000000073e+00
524        1.355100000000000193e+00
1272       1.355240000000000000e+00
626        1.355360000000000120e+00
1299       1.355400000000000160e+00
1256       1.355420000000000069e+00
462        1.355480000000000018e+00
1356       1.355559999999999876e+00
253        1.355700000000000127e+00
1174       1.355760000000000076e+00
1308       1.355760000000000076e+00
283        1.355839999999999934e+00
1286       1.356060000000000043e+00
1239       1.356120000000000214e+00
237        1.356339999999999879e+00
492        1.356400000000000050e+00
480        1.356579999999999897e+00
592        1.356700000000000017e+00
306        1.356759999999999966e+00
1448       1.356800000000000006e+00
1268       1.356920000000000126e+00
1266       1.356920000000000126e+00
46         1.356960000000000166e+00
1175       1.356960000000000166e+00
952        1.356999999999999984e+00
1281       1.357299999999999951e+00
991        1.357420000000000071e+00
593        1.357720000000000038e+00
1161       1.357940000000000147e+00
534        1.358400000000000052e+00
457        1.358440000000000092e+00
1181       1.358460000000000001e+00
571        1.358500000000000041e+00
1322       1.358540000000000081e+00
1166       1.358600000000000252e+00
1134       1.358700000000000019e+00
1294       1.358800000000000008e+00
63         1.358819999999999917e+00
1329       1.358920000000000128e+00
1151       1.359080000000000066e+00
898        1.359160000000000146e+00
451        1.359180000000000055e+00
1121       1.359319999999999862e+00
159        1.359380000000000033e+00
334        1.359620000000000051e+00
93         1.359779999999999989e+00
1147       1.359839999999999938e+00
1333       1.359860000000000069e+00
1290       1.359940000000000149e+00
1246       1.360000000000000098e+00
1218       1.360000000000000098e+00
1343       1.360020000000000007e+00
572        1.360060000000000047e+00
1331       1.360319999999999974e+00
1128       1.360579999999999901e+00
1344       1.360780000000000101e+00
105        1.360800000000000010e+00
558        1.360940000000000039e+00
939        1.361100000000000199e+00
1184       1.361140000000000239e+00
1206       1.361460000000000115e+00
1216       1.361739999999999950e+00
1203       1.361839999999999939e+00
1170       1.362000000000000099e+00
1394       1.362160000000000037e+00
259        1.362279999999999935e+00
1244       1.362480000000000135e+00
946        1.362540000000000084e+00
1277       1.362800000000000011e+00
1355       1.362840000000000051e+00
1307       1.362900000000000222e+00
1325       1.362940000000000040e+00
1125       1.363040000000000029e+00
1209       1.363040000000000029e+00
1279       1.363059999999999938e+00
645        1.363079999999999847e+00
1221       1.363120000000000109e+00
219        1.363160000000000149e+00
1324       1.363199999999999967e+00
1251       1.363220000000000098e+00
1183       1.363280000000000047e+00
1257       1.363280000000000047e+00
1248       1.363400000000000167e+00
186        1.363420000000000076e+00
426        1.363439999999999985e+00
656        1.363439999999999985e+00
1114       1.363439999999999985e+00
1187       1.363460000000000116e+00
1208       1.363660000000000094e+00
1310       1.363860000000000072e+00
633        1.364000000000000101e+00
1160       1.364020000000000010e+00
1188       1.364060000000000050e+00
850        1.364120000000000221e+00
1337       1.364180000000000170e+00
838        1.364279999999999937e+00
1253       1.364300000000000068e+00
1132       1.364380000000000148e+00
1196       1.364480000000000137e+00
1265       1.364480000000000137e+00
1557       1.364480000000000137e+00
1219       1.364579999999999904e+00
301        1.364640000000000075e+00
786        1.364780000000000104e+00
1167       1.364780000000000104e+00
442        1.364840000000000053e+00
1283       1.364900000000000224e+00
974        1.364920000000000133e+00
436        1.364940000000000042e+00
1143       1.364960000000000173e+00
1342       1.364960000000000173e+00
1177       1.365059999999999940e+00
1230       1.365120000000000111e+00
1262       1.365240000000000009e+00
1226       1.365259999999999918e+00
1231       1.365280000000000049e+00
1237       1.365339999999999998e+00
1220       1.365420000000000078e+00
1120       1.365480000000000027e+00
116        1.365680000000000005e+00
1186       1.365700000000000136e+00
948        1.365739999999999954e+00
1317       1.365920000000000023e+00
1169       1.365960000000000063e+00
1358       1.365979999999999972e+00
1312       1.366060000000000052e+00
488        1.366100000000000092e+00
1150       1.366100000000000092e+00
1173       1.366200000000000081e+00
1335       1.366240000000000121e+00
1131       1.366319999999999979e+00
1359       1.366380000000000150e+00
843        1.366440000000000099e+00
1174       1.366460000000000008e+00
343        1.366519999999999957e+00
226        1.366540000000000088e+00
142        1.366559999999999997e+00
1297       1.366559999999999997e+00
1288       1.366559999999999997e+00
1139       1.366620000000000168e+00
668        1.366640000000000077e+00
316        1.366720000000000157e+00
1315       1.366740000000000066e+00
447        1.366800000000000015e+00
754        1.366819999999999924e+00
1224       1.366819999999999924e+00
992        1.366940000000000044e+00
1190       1.366960000000000175e+00
73         1.366999999999999993e+00
1091       1.367079999999999851e+00
1137       1.367100000000000204e+00
1300       1.367100000000000204e+00
1144       1.367120000000000113e+00
1469       1.367120000000000113e+00
308        1.367140000000000022e+00
1212       1.367199999999999971e+00
1065       1.367360000000000131e+00
1247       1.367360000000000131e+00
566        1.367420000000000080e+00
411        1.367439999999999989e+00
487        1.367499999999999938e+00
1229       1.367499999999999938e+00
1156       1.367520000000000069e+00
1123       1.367559999999999887e+00
1305       1.367640000000000189e+00
858        1.367720000000000047e+00
305        1.367760000000000087e+00
862        1.367839999999999945e+00
1320       1.367940000000000156e+00
803        1.367979999999999974e+00
1287       1.368020000000000014e+00
1135       1.368079999999999963e+00
1353       1.368120000000000225e+00
1236       1.368180000000000174e+00
1113       1.368339999999999890e+00
545        1.368400000000000061e+00
1228       1.368460000000000010e+00
1192       1.368480000000000141e+00
491        1.368500000000000050e+00
1175       1.368579999999999908e+00
164        1.368600000000000261e+00
1327       1.368600000000000261e+00
597        1.368620000000000170e+00
1290       1.368640000000000079e+00
1008       1.368660000000000210e+00
256        1.368680000000000119e+00
1286       1.368680000000000119e+00
441        1.368740000000000068e+00
859        1.368819999999999926e+00
78         1.368900000000000228e+00
182        1.369059999999999944e+00
1240       1.369059999999999944e+00
1319       1.369120000000000115e+00
162        1.369140000000000024e+00
1323       1.369140000000000024e+00
1296       1.369280000000000053e+00
1205       1.369299999999999962e+00
610        1.369420000000000082e+00
125        1.369460000000000122e+00
96         1.369480000000000031e+00
1121       1.369499999999999940e+00
1258       1.369520000000000071e+00
559        1.369559999999999889e+00
1246       1.369559999999999889e+00
1232       1.369600000000000151e+00
1178       1.369839999999999947e+00
188        1.369860000000000078e+00
1204       1.369860000000000078e+00
42         1.369979999999999976e+00
19         1.370020000000000016e+00
1134       1.370279999999999943e+00
1302       1.370279999999999943e+00
1210       1.370600000000000263e+00
1181       1.370660000000000212e+00
464        1.370680000000000121e+00
860        1.370720000000000161e+00
653        1.370800000000000018e+00
1216       1.370819999999999927e+00
621        1.370839999999999836e+00
1266       1.370839999999999836e+00
323        1.370860000000000190e+00
1044       1.370980000000000087e+00
873        1.370999999999999996e+00
463        1.371040000000000036e+00
1213       1.371079999999999854e+00
513        1.371120000000000116e+00
266        1.371319999999999872e+00
1235       1.371360000000000134e+00
1344       1.371360000000000134e+00
1301       1.371400000000000174e+00
177        1.371420000000000083e+00
1269       1.371600000000000152e+00
1184       1.371640000000000192e+00
519        1.371820000000000039e+00
1329       1.371820000000000039e+00
1553       1.371839999999999948e+00
1424       1.372000000000000108e+00
1170       1.372100000000000097e+00
1325       1.372160000000000046e+00
1189       1.372260000000000035e+00
382        1.372360000000000246e+00
578        1.372380000000000155e+00
737        1.372380000000000155e+00
1159       1.372380000000000155e+00
1318       1.372700000000000031e+00
1351       1.372839999999999838e+00
1060       1.372920000000000140e+00
1100       1.372920000000000140e+00
1313       1.372999999999999998e+00
1223       1.373019999999999907e+00
1270       1.373059999999999947e+00
1257       1.373059999999999947e+00
1308       1.373140000000000027e+00
605        1.373199999999999976e+00
235        1.373259999999999925e+00
567        1.373259999999999925e+00
1264       1.373340000000000005e+00
79         1.373460000000000125e+00
1299       1.373520000000000074e+00
1179       1.373620000000000063e+00
18         1.373660000000000103e+00
1138       1.373799999999999910e+00
1293       1.373920000000000030e+00
29         1.374060000000000059e+00
48         1.374060000000000059e+00
1194       1.374079999999999968e+00
1250       1.374180000000000179e+00
1331       1.374240000000000128e+00
1202       1.374260000000000037e+00
110        1.374279999999999946e+00
68         1.374400000000000066e+00
1039       1.374460000000000015e+00
1341       1.374660000000000215e+00
602        1.374700000000000033e+00
1151       1.374700000000000033e+00
1263       1.374800000000000022e+00
1195       1.374839999999999840e+00
248        1.375140000000000029e+00
666        1.375199999999999978e+00
1238       1.375220000000000109e+00
67         1.375380000000000047e+00
778        1.375420000000000087e+00
1355       1.375520000000000076e+00
1198       1.375559999999999894e+00
1327       1.375640000000000196e+00
1154       1.375739999999999963e+00
1169       1.375880000000000214e+00
1271       1.376000000000000112e+00
1249       1.376060000000000061e+00
1243       1.376079999999999970e+00
1279       1.376079999999999970e+00
1265       1.376140000000000141e+00
1306       1.376140000000000141e+00
276        1.376219999999999999e+00
1164       1.376260000000000039e+00
1214       1.376400000000000068e+00
1334       1.376400000000000068e+00
1161       1.376579999999999915e+00
21         1.376839999999999842e+00
1127       1.377000000000000002e+00
1280       1.377340000000000009e+00
1277       1.377420000000000089e+00
1356       1.377439999999999998e+00
527        1.377539999999999987e+00
698        1.377600000000000158e+00
343        1.377640000000000198e+00
1173       1.377739999999999965e+00
1191       1.377880000000000216e+00
420        1.377920000000000034e+00
1298       1.377979999999999983e+00
1344       1.378000000000000114e+00
1251       1.378020000000000023e+00
1234       1.378100000000000103e+00
874        1.378140000000000143e+00
1128       1.378200000000000092e+00
1056       1.378400000000000070e+00
1186       1.378460000000000019e+00
1225       1.378880000000000106e+00
387        1.378900000000000015e+00
1283       1.378900000000000015e+00
1133       1.379120000000000124e+00
1465       1.379319999999999879e+00
813        1.379360000000000142e+00
1167       1.379360000000000142e+00
1120       1.379539999999999988e+00
676        1.379640000000000200e+00
212        1.379660000000000108e+00
1200       1.379780000000000006e+00
1144       1.379799999999999915e+00
1242       1.379820000000000046e+00
1180       1.379839999999999955e+00
1350       1.379920000000000035e+00
1193       1.380039999999999933e+00
1328       1.380160000000000053e+00
1122       1.380220000000000002e+00
1160       1.380240000000000133e+00
2          1.380480000000000151e+00
611        1.380500000000000060e+00
1197       1.380540000000000100e+00
1493       1.380600000000000271e+00
1506       1.380600000000000271e+00
981        1.380719999999999947e+00
1148       1.380719999999999947e+00
1037       1.380860000000000198e+00
1137       1.380860000000000198e+00
1125       1.380860000000000198e+00
767        1.380900000000000016e+00
1231       1.380980000000000096e+00
1152       1.381059999999999954e+00
1342       1.381120000000000125e+00
1301       1.381160000000000165e+00
1240       1.381240000000000023e+00
471        1.381299999999999972e+00
1215       1.381299999999999972e+00
482        1.381319999999999881e+00
1343       1.381360000000000143e+00
1325       1.381480000000000041e+00
1345       1.381499999999999950e+00
1248       1.381559999999999899e+00
565        1.381640000000000201e+00
505        1.381720000000000059e+00
687        1.381820000000000048e+00
1333       1.381920000000000037e+00
1011       1.382000000000000117e+00
1213       1.382000000000000117e+00
1246       1.382100000000000106e+00
290        1.382140000000000146e+00
1126       1.382200000000000095e+00
1168       1.382200000000000095e+00
1064       1.382220000000000004e+00
248        1.382300000000000084e+00
1288       1.382400000000000073e+00
1302       1.382460000000000022e+00
201        1.382980000000000098e+00
1166       1.383100000000000218e+00
240        1.383280000000000065e+00
1182       1.383280000000000065e+00
1324       1.383380000000000054e+00
1346       1.383460000000000134e+00
1281       1.383700000000000152e+00
692        1.383739999999999970e+00
1349       1.383760000000000101e+00
1190       1.383799999999999919e+00
54         1.383860000000000090e+00
1219       1.383880000000000221e+00
938        1.383960000000000079e+00
1244       1.384020000000000028e+00
615        1.384260000000000046e+00
526        1.384319999999999995e+00
1320       1.384440000000000115e+00
1228       1.384460000000000024e+00
1173       1.384519999999999973e+00
1313       1.384819999999999940e+00
1132       1.385120000000000129e+00
1214       1.385120000000000129e+00
1311       1.385340000000000016e+00
1159       1.385420000000000096e+00
1123       1.385480000000000045e+00
641        1.385520000000000085e+00
1226       1.385600000000000165e+00
1045       1.385700000000000154e+00
682        1.385820000000000052e+00
945        1.386140000000000150e+00
975        1.386260000000000048e+00
666        1.386279999999999957e+00
1172       1.386279999999999957e+00
1224       1.386480000000000157e+00
1176       1.386500000000000066e+00
652        1.386560000000000015e+00
1348       1.386640000000000095e+00
268        1.386680000000000135e+00
649        1.386680000000000135e+00
1295       1.386700000000000044e+00
917        1.386719999999999953e+00
1254       1.386719999999999953e+00
809        1.386800000000000033e+00
1359       1.386819999999999942e+00
1186       1.386839999999999851e+00
1338       1.386860000000000204e+00
753        1.386920000000000153e+00
1230       1.387000000000000011e+00
728        1.387120000000000131e+00
1063       1.387140000000000040e+00
1146       1.387140000000000040e+00
1483       1.387140000000000040e+00
894        1.387299999999999978e+00
1316       1.387340000000000018e+00
1279       1.387380000000000058e+00
1255       1.387400000000000189e+00
325        1.387499999999999956e+00
548        1.387499999999999956e+00
1312       1.387539999999999996e+00
22         1.387559999999999905e+00
375        1.387559999999999905e+00
407        1.387700000000000156e+00
833        1.387700000000000156e+00
1189       1.387739999999999974e+00
992        1.387920000000000043e+00
1177       1.387940000000000174e+00
1260       1.388000000000000123e+00
1261       1.388100000000000112e+00
1258       1.388160000000000061e+00
1135       1.388479999999999936e+00
414        1.388579999999999925e+00
418        1.388640000000000096e+00
1239       1.388680000000000136e+00
1300       1.388759999999999994e+00
451        1.388920000000000154e+00
1127       1.388920000000000154e+00
1131       1.388959999999999972e+00
1152       1.388959999999999972e+00
880        1.389059999999999961e+00
1209       1.389079999999999870e+00
1117       1.389199999999999990e+00
1293       1.389199999999999990e+00
1259       1.389360000000000150e+00
1203       1.389480000000000048e+00
487        1.389499999999999957e+00
1422       1.389499999999999957e+00
841        1.389539999999999997e+00
1105       1.389559999999999906e+00
1272       1.389580000000000037e+00
824        1.389600000000000168e+00
244        1.389620000000000077e+00
413        1.389620000000000077e+00
1235       1.389620000000000077e+00
980        1.389720000000000066e+00
1243       1.389799999999999924e+00
1314       1.389799999999999924e+00
557        1.389820000000000055e+00
1220       1.389839999999999964e+00
252        1.389979999999999993e+00
1290       1.390000000000000124e+00
1329       1.390020000000000033e+00
1210       1.390100000000000113e+00
1273       1.390180000000000193e+00
1325       1.390180000000000193e+00
1206       1.390220000000000011e+00
1237       1.390279999999999960e+00
1267       1.390339999999999909e+00
1151       1.390380000000000171e+00
1275       1.390519999999999978e+00
1351       1.390519999999999978e+00
1234       1.390700000000000047e+00
1326       1.390759999999999996e+00
1245       1.390900000000000025e+00
1294       1.391160000000000174e+00
878        1.391220000000000123e+00
1040       1.391280000000000072e+00
1270       1.391380000000000061e+00
1153       1.391520000000000090e+00
1355       1.391620000000000079e+00
1126       1.391660000000000119e+00
295        1.391820000000000057e+00
1297       1.391820000000000057e+00
1336       1.391839999999999966e+00
256        1.391860000000000097e+00
221        1.391940000000000177e+00
1218       1.391960000000000086e+00
1238       1.391979999999999995e+00
610        1.392079999999999984e+00
1167       1.392180000000000195e+00
1191       1.392300000000000093e+00
1236       1.392320000000000002e+00
1188       1.392440000000000122e+00
1156       1.392800000000000038e+00
1198       1.392800000000000038e+00
1321       1.392959999999999976e+00
40         1.392980000000000107e+00
1128       1.393040000000000056e+00
156        1.393280000000000074e+00
1207       1.393520000000000092e+00
1129       1.393640000000000212e+00
1335       1.393739999999999979e+00
1277       1.393760000000000110e+00
1341       1.393799999999999928e+00
525        1.394039999999999946e+00
1262       1.394079999999999986e+00
1175       1.394220000000000015e+00
1334       1.394500000000000073e+00
124        1.394620000000000193e+00
1140       1.394620000000000193e+00
699        1.394680000000000142e+00
310        1.394819999999999949e+00
1182       1.394819999999999949e+00
673        1.394959999999999978e+00
1256       1.394980000000000109e+00
1185       1.395059999999999967e+00
39         1.395140000000000047e+00
1265       1.395160000000000178e+00
1170       1.395259999999999945e+00
425        1.395299999999999985e+00
1138       1.395299999999999985e+00
1340       1.395319999999999894e+00
621        1.395340000000000025e+00
1166       1.395340000000000025e+00
1285       1.395499999999999963e+00
1268       1.395540000000000003e+00
1200       1.395559999999999912e+00
1173       1.395580000000000043e+00
503        1.395680000000000032e+00
1176       1.395820000000000061e+00
1229       1.395820000000000061e+00
506        1.395920000000000050e+00
1258       1.395979999999999999e+00
546        1.396000000000000130e+00
1124       1.396220000000000017e+00
1357       1.396220000000000017e+00
1174       1.396260000000000057e+00
72         1.396279999999999966e+00
491        1.396279999999999966e+00
1296       1.396299999999999875e+00
1154       1.396440000000000126e+00
1225       1.396560000000000024e+00
1252       1.396560000000000024e+00
1139       1.396620000000000195e+00
106        1.396719999999999962e+00
1287       1.396740000000000093e+00
1015       1.396779999999999911e+00
1221       1.396779999999999911e+00
1338       1.396860000000000213e+00
1141       1.396959999999999980e+00
308        1.397199999999999998e+00
1215       1.397199999999999998e+00
1242       1.397220000000000129e+00
585        1.397380000000000067e+00
555        1.397400000000000198e+00
1130       1.397400000000000198e+00
432        1.397480000000000055e+00
1322       1.397540000000000004e+00
126        1.397739999999999982e+00
1224       1.397860000000000102e+00
1266       1.397900000000000142e+00
469        1.397920000000000051e+00
1280       1.397960000000000091e+00
1354       1.398000000000000131e+00
1149       1.398020000000000040e+00
768        1.398079999999999989e+00
913        1.398100000000000120e+00
772        1.398140000000000160e+00
1213       1.398239999999999927e+00
1025       1.398299999999999876e+00
1160       1.398320000000000007e+00
1283       1.398320000000000007e+00
50         1.398380000000000178e+00
1208       1.398700000000000054e+00
1356       1.398860000000000214e+00
1125       1.399259999999999948e+00
1137       1.399319999999999897e+00
599        1.399440000000000017e+00
1199       1.399620000000000086e+00
1271       1.399720000000000075e+00
1304       1.399940000000000184e+00
739        1.399980000000000002e+00
1165       1.400299999999999878e+00
1317       1.400400000000000089e+00
1313       1.400479999999999947e+00
16         1.400519999999999987e+00
1203       1.400579999999999936e+00
560        1.400779999999999914e+00
1047       1.401000000000000023e+00
1044       1.401000000000000023e+00
1353       1.401100000000000234e+00
30         1.401340000000000030e+00
1121       1.401360000000000161e+00
672        1.401380000000000070e+00
1302       1.401520000000000099e+00
1342       1.401640000000000219e+00
1298       1.401720000000000077e+00
12         1.402260000000000062e+00
632        1.402279999999999971e+00
1167       1.402299999999999880e+00
1232       1.402740000000000098e+00
650        1.402819999999999956e+00
1239       1.402819999999999956e+00
1263       1.402900000000000036e+00
627        1.402959999999999985e+00
1333       1.402959999999999985e+00
272        1.403019999999999934e+00
1288       1.403059999999999974e+00
43         1.403100000000000236e+00
143        1.403200000000000003e+00
837        1.403380000000000072e+00
1177       1.403559999999999919e+00
119        1.403620000000000090e+00
1337       1.404079999999999995e+00
1573       1.404100000000000126e+00
157        1.404299999999999882e+00
1281       1.404460000000000042e+00
1286       1.404479999999999951e+00
1133       1.404680000000000151e+00
1171       1.404680000000000151e+00
1348       1.404680000000000151e+00
771        1.404880000000000129e+00
1274       1.404920000000000169e+00
1089       1.405120000000000147e+00
594        1.405200000000000005e+00
1330       1.405200000000000005e+00
1169       1.405360000000000165e+00
1315       1.405499999999999972e+00
1136       1.405660000000000132e+00
1236       1.405780000000000030e+00
47         1.405900000000000150e+00
1161       1.406020000000000048e+00
968        1.406100000000000128e+00
1147       1.406140000000000168e+00
582        1.406179999999999986e+00
1305       1.406200000000000117e+00
208        1.406339999999999923e+00
82         1.406500000000000083e+00
533        1.406560000000000032e+00
656        1.406579999999999941e+00
1351       1.406579999999999941e+00
1202       1.406600000000000072e+00
1018       1.406700000000000061e+00
1154       1.406839999999999868e+00
1234       1.406839999999999868e+00
1185       1.406860000000000221e+00
357        1.406900000000000039e+00
1250       1.407059999999999977e+00
1184       1.407180000000000097e+00
1195       1.407340000000000035e+00
1223       1.407340000000000035e+00
524        1.407360000000000166e+00
1308       1.407460000000000155e+00
1347       1.407700000000000173e+00
471        1.407739999999999991e+00
985        1.407839999999999980e+00
1246       1.407880000000000242e+00
1128       1.408039999999999958e+00
1272       1.408320000000000016e+00
1140       1.408380000000000187e+00
1225       1.408779999999999921e+00
1594       1.408779999999999921e+00
1332       1.408920000000000172e+00
1336       1.409019999999999939e+00
434        1.409120000000000150e+00
1146       1.409140000000000059e+00
1289       1.409140000000000059e+00
1241       1.409200000000000008e+00
324        1.409319999999999906e+00
448        1.409360000000000168e+00
1268       1.409420000000000117e+00
1254       1.409700000000000175e+00
1322       1.409739999999999993e+00
1175       1.409799999999999942e+00
1166       1.409799999999999942e+00
1335       1.409980000000000011e+00
1297       1.410039999999999960e+00
894        1.410100000000000131e+00
1206       1.410100000000000131e+00
1334       1.410120000000000040e+00
1155       1.410380000000000189e+00
1120       1.410440000000000138e+00
1273       1.410440000000000138e+00
1280       1.410440000000000138e+00
1251       1.410460000000000047e+00
1218       1.410539999999999905e+00
738        1.410660000000000025e+00
542        1.410779999999999923e+00
1205       1.410800000000000054e+00
1214       1.410900000000000043e+00
958        1.411000000000000032e+00
1168       1.411280000000000090e+00
1299       1.411299999999999999e+00
1181       1.411340000000000039e+00
1373       1.411360000000000170e+00
182        1.411559999999999926e+00
1180       1.411660000000000137e+00
1293       1.411839999999999984e+00
1209       1.411860000000000115e+00
1137       1.412140000000000173e+00
1151       1.412200000000000122e+00
1138       1.412239999999999940e+00
860        1.412279999999999980e+00
1135       1.412320000000000020e+00
1357       1.412640000000000118e+00
1159       1.412660000000000027e+00
320        1.412680000000000158e+00
1170       1.412779999999999925e+00
1353       1.412819999999999965e+00
670        1.413200000000000012e+00
674        1.413200000000000012e+00
1294       1.413200000000000012e+00
331        1.413220000000000143e+00
1219       1.413280000000000092e+00
1327       1.413319999999999910e+00
1260       1.413360000000000172e+00
1157       1.413380000000000081e+00
1187       1.413440000000000030e+00
779        1.413600000000000190e+00
1121       1.413720000000000088e+00
1177       1.413880000000000248e+00
445        1.413900000000000157e+00
1271       1.413920000000000066e+00
1173       1.414100000000000135e+00
1189       1.414140000000000175e+00
1546       1.414140000000000175e+00
1323       1.414239999999999942e+00
973        1.414279999999999982e+00
303        1.414299999999999891e+00
1264       1.414320000000000022e+00
1309       1.414320000000000022e+00
1145       1.414440000000000142e+00
1124       1.414440000000000142e+00
1258       1.414539999999999909e+00
97         1.414560000000000040e+00
264        1.414560000000000040e+00
1212       1.414660000000000029e+00
1284       1.414660000000000029e+00
138        1.414860000000000229e+00
293        1.414880000000000138e+00
1350       1.414920000000000178e+00
1339       1.415000000000000036e+00
1345       1.415100000000000247e+00
1188       1.415160000000000196e+00
1482       1.415160000000000196e+00
1041       1.415220000000000145e+00
1162       1.415420000000000122e+00
1063       1.415520000000000111e+00
1235       1.415939999999999976e+00
1164       1.415980000000000016e+00
1253       1.416020000000000056e+00
1275       1.416039999999999965e+00
1088       1.416120000000000045e+00
922        1.416179999999999994e+00
1123       1.416279999999999983e+00
284        1.416299999999999892e+00
668        1.416299999999999892e+00
1342       1.416339999999999932e+00
1143       1.416380000000000194e+00
1328       1.416420000000000012e+00
1424       1.416660000000000030e+00
1182       1.416819999999999968e+00
1316       1.416839999999999877e+00
1343       1.416880000000000139e+00
1222       1.417019999999999946e+00
1153       1.417059999999999986e+00
684        1.417120000000000157e+00
1139       1.417120000000000157e+00
1183       1.417200000000000015e+00
196        1.417240000000000055e+00
605        1.417480000000000073e+00
1127       1.417520000000000113e+00
1238       1.417580000000000062e+00
1210       1.417640000000000233e+00
1252       1.417740000000000000e+00
1267       1.417880000000000029e+00
63         1.417920000000000069e+00
1126       1.418080000000000007e+00
1366       1.418100000000000138e+00
1247       1.418360000000000065e+00
1229       1.418360000000000065e+00
1261       1.418500000000000094e+00
1240       1.418600000000000083e+00
1303       1.418800000000000061e+00
1300       1.418800000000000061e+00
748        1.418860000000000232e+00
1319       1.418900000000000050e+00
1232       1.418940000000000090e+00
1191       1.419100000000000250e+00
1076       1.419160000000000199e+00
620        1.419180000000000108e+00
507        1.419200000000000017e+00
1313       1.419380000000000086e+00
388        1.419420000000000126e+00
1295       1.419520000000000115e+00
1270       1.419540000000000024e+00
1241       1.419580000000000064e+00
1176       1.419600000000000195e+00
1245       1.419680000000000053e+00
1224       1.419960000000000111e+00
1337       1.420020000000000060e+00
1283       1.420059999999999878e+00
1058       1.420080000000000009e+00
1226       1.420120000000000049e+00
1346       1.420179999999999998e+00
1425       1.420200000000000129e+00
178        1.420220000000000038e+00
412        1.420360000000000067e+00
1326       1.420380000000000198e+00
645        1.420620000000000216e+00
809        1.420660000000000034e+00
1120       1.420740000000000114e+00
163        1.420800000000000063e+00
1231       1.420920000000000183e+00
1129       1.420980000000000132e+00
1163       1.421180000000000110e+00
1208       1.421180000000000110e+00
769        1.421200000000000019e+00
1276       1.421420000000000128e+00
1141       1.421480000000000077e+00
1290       1.421580000000000066e+00
10         1.421620000000000106e+00
701        1.421759999999999913e+00
508        1.421799999999999953e+00
588        1.421799999999999953e+00
371        1.421880000000000033e+00
1239       1.422020000000000062e+00
1298       1.422200000000000131e+00
995        1.422260000000000080e+00
1293       1.422260000000000080e+00
1198       1.422500000000000098e+00
1325       1.422520000000000007e+00
279        1.422819999999999974e+00
1218       1.422960000000000003e+00
1228       1.423000000000000043e+00
424        1.423019999999999952e+00
245        1.423059999999999992e+00
1287       1.423200000000000021e+00
556        1.423280000000000101e+00
460        1.423319999999999919e+00
1285       1.423360000000000181e+00
1165       1.423520000000000119e+00
1036       1.423660000000000148e+00
1185       1.423759999999999915e+00
187        1.423839999999999995e+00
1230       1.423839999999999995e+00
1172       1.423980000000000024e+00
1203       1.424120000000000053e+00
389        1.424160000000000093e+00
1138       1.424220000000000041e+00
176        1.424279999999999990e+00
1033       1.424360000000000070e+00
1217       1.424380000000000202e+00
1268       1.424660000000000037e+00
453        1.424719999999999986e+00
1128       1.424740000000000117e+00
1134       1.424779999999999935e+00
1200       1.424800000000000066e+00
1216       1.424880000000000146e+00
1329       1.425240000000000062e+00
1349       1.425440000000000040e+00
1320       1.425460000000000171e+00
1278       1.425559999999999938e+00
1190       1.425720000000000098e+00
1133       1.425759999999999916e+00
1301       1.425819999999999865e+00
209        1.425860000000000127e+00
221        1.425880000000000036e+00
1146       1.425920000000000076e+00
1168       1.425980000000000025e+00
1254       1.426180000000000003e+00
1251       1.426180000000000003e+00
749        1.426239999999999952e+00
1201       1.426380000000000203e+00
1408       1.426380000000000203e+00
1042       1.426400000000000112e+00
1265       1.426440000000000152e+00
1189       1.426579999999999959e+00
1345       1.426680000000000170e+00
1507       1.426700000000000079e+00
1289       1.426819999999999977e+00
1213       1.427000000000000046e+00
357        1.427120000000000166e+00
915        1.427180000000000115e+00
1288       1.427180000000000115e+00
1297       1.427240000000000064e+00
703        1.427300000000000013e+00
1255       1.427420000000000133e+00
920        1.427540000000000031e+00
1132       1.427839999999999998e+00
1269       1.427860000000000129e+00
1359       1.427860000000000129e+00
1381       1.427939999999999987e+00
1245       1.427960000000000118e+00
1238       1.427980000000000027e+00
885        1.428039999999999976e+00
1153       1.428080000000000016e+00
1537       1.428140000000000187e+00
1235       1.428180000000000005e+00
95         1.428200000000000136e+00
602        1.428200000000000136e+00
1148       1.428220000000000045e+00
1124       1.428239999999999954e+00
1237       1.428260000000000085e+00
1188       1.428279999999999994e+00
1339       1.428279999999999994e+00
1174       1.428380000000000205e+00
1176       1.428400000000000114e+00
1130       1.428460000000000063e+00
1263       1.428460000000000063e+00
1187       1.428579999999999961e+00
1307       1.428579999999999961e+00
1509       1.428620000000000223e+00
1202       1.428680000000000172e+00
1140       1.428800000000000070e+00
1242       1.428860000000000241e+00
211        1.428900000000000059e+00
1558       1.428900000000000059e+00
54         1.428920000000000190e+00
1354       1.428920000000000190e+00
1211       1.428960000000000008e+00
358        1.428980000000000139e+00
1280       1.428980000000000139e+00
1233       1.429040000000000088e+00
1315       1.429079999999999906e+00
383        1.429160000000000208e+00
1286       1.429160000000000208e+00
145        1.429200000000000026e+00
1160       1.429200000000000026e+00
352        1.429220000000000157e+00
751        1.429220000000000157e+00
1011       1.429240000000000066e+00
1118       1.429259999999999975e+00
1180       1.429259999999999975e+00
1277       1.429280000000000106e+00
589        1.429300000000000015e+00
20         1.429319999999999924e+00
207        1.429319999999999924e+00
365        1.429380000000000095e+00
1355       1.429380000000000095e+00
1207       1.429440000000000044e+00
1308       1.429440000000000044e+00
100        1.429540000000000033e+00
1261       1.429620000000000113e+00
613        1.429720000000000102e+00
1257       1.429759999999999920e+00
1529       1.429759999999999920e+00
1196       1.429799999999999960e+00
146        1.429960000000000120e+00
325        1.429999999999999938e+00
1335       1.430120000000000058e+00
1157       1.430180000000000007e+00
1192       1.430320000000000036e+00
1184       1.430320000000000036e+00
1156       1.430339999999999945e+00
266        1.430360000000000076e+00
542        1.430360000000000076e+00
884        1.430479999999999974e+00
1193       1.430539999999999923e+00
1225       1.430560000000000054e+00
1066       1.430600000000000094e+00
1249       1.430680000000000174e+00
1243       1.430800000000000072e+00
1030       1.431100000000000261e+00
1279       1.431280000000000108e+00
1259       1.431340000000000057e+00
1253       1.431340000000000057e+00
1311       1.431380000000000097e+00
1150       1.431400000000000228e+00
1214       1.431400000000000228e+00
1172       1.431660000000000155e+00
1009       1.431680000000000064e+00
1258       1.431780000000000053e+00
1302       1.431780000000000053e+00
1226       1.431799999999999962e+00
614        1.431880000000000042e+00
1186       1.431880000000000042e+00
1054       1.431900000000000173e+00
1227       1.432020000000000071e+00
1324       1.432020000000000071e+00
1264       1.432059999999999889e+00
1272       1.432120000000000060e+00
959        1.432220000000000049e+00
1244       1.432260000000000089e+00
369        1.432719999999999994e+00
912        1.432740000000000125e+00
1126       1.432760000000000034e+00
1164       1.432839999999999892e+00
419        1.432920000000000194e+00
647        1.433000000000000052e+00
1310       1.433019999999999960e+00
1199       1.433140000000000081e+00
1294       1.433259999999999978e+00
1161       1.433319999999999927e+00
82         1.433440000000000047e+00
1151       1.433480000000000087e+00
1059       1.433499999999999996e+00
1306       1.433519999999999905e+00
1055       1.433579999999999854e+00
1252       1.433620000000000116e+00
1571       1.433720000000000105e+00
361        1.433960000000000123e+00
826        1.433960000000000123e+00
798        1.433980000000000032e+00
1336       1.434039999999999981e+00
1271       1.434260000000000090e+00
831        1.434299999999999908e+00
382        1.434320000000000039e+00
935        1.434360000000000079e+00
1356       1.434360000000000079e+00
987        1.434539999999999926e+00
536        1.434579999999999966e+00
1163       1.434600000000000097e+00
1239       1.434640000000000137e+00
1282       1.434680000000000177e+00
1262       1.434740000000000126e+00
821        1.434760000000000035e+00
1281       1.434800000000000075e+00
1048       1.434860000000000246e+00
1229       1.434860000000000246e+00
1122       1.434960000000000013e+00
1191       1.435019999999999962e+00
46         1.435040000000000093e+00
1574       1.435120000000000173e+00
1236       1.435200000000000031e+00
822        1.435220000000000162e+00
1285       1.435220000000000162e+00
1267       1.435240000000000071e+00
314        1.435280000000000111e+00
529        1.435280000000000111e+00
1177       1.435280000000000111e+00
1291       1.435280000000000111e+00
1353       1.435319999999999929e+00
1170       1.435840000000000005e+00
513        1.436080000000000023e+00
1216       1.436080000000000023e+00
1125       1.436100000000000154e+00
1234       1.436100000000000154e+00
895        1.436220000000000052e+00
1357       1.436380000000000212e+00
488        1.436460000000000070e+00
1218       1.436479999999999979e+00
1348       1.436560000000000059e+00
993        1.436660000000000048e+00
606        1.436819999999999986e+00
1322       1.436839999999999895e+00
879        1.437060000000000004e+00
1205       1.437079999999999913e+00
960        1.437319999999999931e+00
222        1.437500000000000000e+00
1323       1.437559999999999949e+00
375        1.437699999999999978e+00
1181       1.437759999999999927e+00
1129       1.437900000000000178e+00
1350       1.437900000000000178e+00
1351       1.437999999999999945e+00
1238       1.438120000000000065e+00
1211       1.438180000000000014e+00
913        1.438220000000000054e+00
1085       1.438320000000000043e+00
1280       1.438360000000000083e+00
414        1.438579999999999970e+00
713        1.438600000000000101e+00
1453       1.438600000000000101e+00
666        1.438660000000000050e+00
332        1.438819999999999988e+00
1268       1.438839999999999897e+00
1128       1.438920000000000199e+00
1342       1.438980000000000148e+00
1139       1.439019999999999966e+00
1237       1.439019999999999966e+00
818        1.439200000000000035e+00
1215       1.439259999999999984e+00
402        1.439279999999999893e+00
1146       1.439300000000000024e+00
938        1.439480000000000093e+00
1190       1.439500000000000002e+00
1167       1.439519999999999911e+00
679        1.439559999999999951e+00
1175       1.439620000000000122e+00
1263       1.439880000000000049e+00
1380       1.439880000000000049e+00
571        1.439900000000000180e+00
1028       1.439900000000000180e+00
1223       1.439960000000000129e+00
1219       1.439980000000000038e+00
1245       1.440080000000000027e+00
1214       1.440120000000000067e+00
1224       1.440120000000000067e+00
1233       1.440200000000000147e+00
1288       1.440320000000000045e+00
1011       1.440460000000000074e+00
1339       1.440479999999999983e+00
1297       1.440560000000000063e+00
740        1.440740000000000132e+00
1052       1.440760000000000041e+00
1248       1.440940000000000110e+00
1325       1.441079999999999917e+00
254        1.441319999999999935e+00
728        1.441500000000000004e+00
1135       1.441500000000000004e+00
1273       1.441640000000000033e+00
1182       1.441660000000000164e+00
1240       1.441940000000000000e+00
1318       1.441960000000000131e+00
1275       1.442059999999999897e+00
1144       1.442160000000000108e+00
1124       1.442220000000000057e+00
319        1.442260000000000097e+00
1254       1.442320000000000046e+00
1235       1.442520000000000024e+00
1198       1.442560000000000064e+00
1173       1.442600000000000104e+00
1286       1.442600000000000104e+00
1208       1.442680000000000184e+00
1309       1.442860000000000253e+00
1596       1.442920000000000202e+00
1251       1.443120000000000180e+00
171        1.443240000000000078e+00
1197       1.443300000000000027e+00
583        1.443319999999999936e+00
1141       1.443400000000000016e+00
205        1.443440000000000056e+00
391        1.443680000000000074e+00
158        1.443799999999999972e+00
1326       1.443999999999999950e+00
267        1.444160000000000110e+00
1304       1.444420000000000037e+00
1525       1.444460000000000077e+00
1220       1.444579999999999975e+00
1317       1.444860000000000255e+00
1343       1.444900000000000073e+00
176        1.444920000000000204e+00
1332       1.445000000000000062e+00
1320       1.445180000000000131e+00
1153       1.445219999999999949e+00
1357       1.445240000000000080e+00
1271       1.445279999999999898e+00
532        1.445420000000000149e+00
1054       1.445420000000000149e+00
1307       1.445420000000000149e+00
1121       1.445480000000000098e+00
97         1.445500000000000007e+00
128        1.445519999999999916e+00
1152       1.445559999999999956e+00
1149       1.445600000000000218e+00
271        1.445640000000000036e+00
1511       1.445640000000000036e+00
344        1.445740000000000025e+00
1187       1.445740000000000025e+00
761        1.445819999999999883e+00
980        1.445840000000000014e+00
1278       1.445980000000000043e+00
1147       1.446020000000000083e+00
1148       1.446080000000000032e+00
554        1.446120000000000072e+00
1425       1.446180000000000021e+00
1328       1.446239999999999970e+00
1255       1.446280000000000010e+00
283        1.446299999999999919e+00
1261       1.446360000000000090e+00
1283       1.446440000000000170e+00
1228       1.446620000000000239e+00
1276       1.446620000000000239e+00
1523       1.446620000000000239e+00
1193       1.446640000000000148e+00
1301       1.446640000000000148e+00
1180       1.446660000000000057e+00
99         1.446740000000000137e+00
931        1.446740000000000137e+00
1163       1.446839999999999904e+00
1353       1.446860000000000257e+00
304        1.447180000000000133e+00
1183       1.447279999999999900e+00
820        1.447319999999999940e+00
357        1.447339999999999849e+00
1338       1.447440000000000060e+00
1337       1.447500000000000009e+00
1241       1.447540000000000049e+00
1351       1.447600000000000220e+00
726        1.447699999999999987e+00
235        1.447900000000000187e+00
1413       1.447900000000000187e+00
93         1.447980000000000045e+00
434        1.448100000000000165e+00
1290       1.448260000000000103e+00
189        1.448280000000000012e+00
272        1.448339999999999961e+00
604        1.448360000000000092e+00
49         1.448440000000000172e+00
1125       1.448819999999999997e+00
1239       1.448880000000000168e+00
226        1.448940000000000117e+00
1300       1.448940000000000117e+00
1171       1.448960000000000026e+00
1217       1.449000000000000066e+00
948        1.449400000000000022e+00
280        1.450020000000000087e+00
1253       1.450020000000000087e+00
1356       1.450020000000000087e+00
1184       1.450039999999999996e+00
142        1.450080000000000036e+00
1229       1.450220000000000065e+00
1150       1.450299999999999923e+00
116        1.450380000000000225e+00
1305       1.450380000000000225e+00
1221       1.450400000000000134e+00
190        1.450520000000000032e+00
1100       1.450660000000000061e+00
1298       1.450740000000000141e+00
1203       1.450800000000000090e+00
1335       1.450920000000000210e+00
1140       1.450940000000000119e+00
1333       1.451019999999999976e+00
945        1.451100000000000056e+00
453        1.451180000000000136e+00
1237       1.451240000000000085e+00
211        1.451259999999999994e+00
1107       1.451319999999999943e+00
1349       1.451339999999999852e+00
1068       1.451420000000000154e+00
1312       1.451440000000000063e+00
595        1.451480000000000103e+00
1256       1.451500000000000012e+00
1085       1.451660000000000172e+00
1166       1.452020000000000088e+00
141        1.452280000000000015e+00
1309       1.452320000000000055e+00
1161       1.452500000000000124e+00
1524       1.452560000000000073e+00
1264       1.452620000000000244e+00
1244       1.452660000000000062e+00
138        1.452760000000000051e+00
718        1.452900000000000080e+00
1123       1.452920000000000211e+00
750        1.453180000000000138e+00
1224       1.453360000000000207e+00
265        1.453519999999999923e+00
734        1.453519999999999923e+00
1169       1.453579999999999872e+00
1195       1.453579999999999872e+00
755        1.453600000000000225e+00
1062       1.453759999999999941e+00
1248       1.453840000000000021e+00
1026       1.453860000000000152e+00
1103       1.453860000000000152e+00
1321       1.453900000000000192e+00
207        1.453940000000000010e+00
1155       1.454039999999999999e+00
389        1.454100000000000170e+00
711        1.454180000000000028e+00
1201       1.454200000000000159e+00
637        1.454320000000000057e+00
922        1.454320000000000057e+00
321        1.454420000000000046e+00
1331       1.454520000000000035e+00
20         1.454720000000000013e+00
46         1.454839999999999911e+00
1179       1.454880000000000173e+00
967        1.455079999999999929e+00
1322       1.455079999999999929e+00
1352       1.455100000000000060e+00
1313       1.455380000000000118e+00
1293       1.455440000000000067e+00
1357       1.455540000000000056e+00
1328       1.455680000000000085e+00
991        1.455840000000000023e+00
886        1.455860000000000154e+00
1560       1.455880000000000063e+00
1598       1.456180000000000030e+00
1327       1.456220000000000070e+00
1326       1.456220000000000070e+00
1212       1.456400000000000139e+00
1277       1.456420000000000048e+00
478        1.456460000000000088e+00
826        1.456460000000000088e+00
813        1.456539999999999946e+00
834        1.456539999999999946e+00
1284       1.456660000000000066e+00
70         1.456700000000000106e+00
903        1.456700000000000106e+00
1233       1.456740000000000146e+00
1159       1.456839999999999913e+00
12         1.456860000000000266e+00
94         1.456880000000000175e+00
82         1.456880000000000175e+00
1266       1.456940000000000124e+00
1219       1.456960000000000033e+00
1200       1.457019999999999982e+00
1272       1.457100000000000062e+00
1291       1.457120000000000193e+00
1358       1.457219999999999960e+00
1254       1.457300000000000040e+00
1213       1.457339999999999858e+00
1226       1.457360000000000211e+00
638        1.457420000000000160e+00
22         1.457880000000000065e+00
27         1.457940000000000014e+00
1538       1.457940000000000014e+00
496        1.458020000000000094e+00
765        1.458040000000000003e+00
1162       1.458040000000000003e+00
1247       1.458040000000000003e+00
1165       1.458059999999999912e+00
548        1.458160000000000123e+00
998        1.458160000000000123e+00
1205       1.458160000000000123e+00
772        1.458180000000000032e+00
1330       1.458180000000000032e+00
1435       1.458200000000000163e+00
1250       1.458260000000000112e+00
673        1.458339999999999970e+00
1292       1.458479999999999999e+00
1246       1.458500000000000130e+00
1147       1.458600000000000119e+00
1311       1.458640000000000159e+00
937        1.458660000000000068e+00
1029       1.458799999999999875e+00
1167       1.458820000000000006e+00
1345       1.458820000000000006e+00
1234       1.458940000000000126e+00
703        1.459039999999999893e+00
172        1.459100000000000064e+00
1196       1.459160000000000013e+00
1186       1.459160000000000013e+00
844        1.459519999999999929e+00
539        1.459540000000000060e+00
655        1.459540000000000060e+00
1172       1.459579999999999878e+00
328        1.459799999999999986e+00
1223       1.459880000000000067e+00
1317       1.459980000000000055e+00
947        1.460040000000000004e+00
1281       1.460200000000000164e+00
570        1.460360000000000102e+00
1124       1.460360000000000102e+00
1312       1.460380000000000233e+00
1351       1.460480000000000000e+00
1315       1.460620000000000251e+00
1259       1.460660000000000069e+00
952        1.460700000000000109e+00
1128       1.460799999999999876e+00
1290       1.460940000000000127e+00
1173       1.460960000000000036e+00
1346       1.460960000000000036e+00
1152       1.461140000000000105e+00
1192       1.461160000000000014e+00
1265       1.461180000000000145e+00
1306       1.461200000000000054e+00
1303       1.461219999999999963e+00
764        1.461240000000000094e+00
1142       1.461279999999999912e+00
1288       1.461440000000000072e+00
1170       1.461500000000000021e+00
663        1.461540000000000061e+00
1194       1.461579999999999879e+00
1049       1.461640000000000050e+00
1339       1.461740000000000039e+00
1202       1.461819999999999897e+00
104        1.461840000000000028e+00
893        1.461920000000000108e+00
796        1.461940000000000017e+00
1263       1.461980000000000057e+00
919        1.462460000000000093e+00
616        1.462500000000000133e+00
1298       1.462579999999999991e+00
1338       1.462579999999999991e+00
1217       1.462600000000000122e+00
1239       1.462680000000000202e+00
1218       1.462900000000000089e+00
1164       1.462919999999999998e+00
872        1.462979999999999947e+00
1301       1.463060000000000027e+00
1153       1.463120000000000198e+00
1297       1.463240000000000096e+00
273        1.463319999999999954e+00
1224       1.463380000000000125e+00
1209       1.463440000000000074e+00
1158       1.463700000000000001e+00
864        1.463720000000000132e+00
1299       1.463720000000000132e+00
1323       1.463759999999999950e+00
567        1.463799999999999990e+00
1188       1.463799999999999990e+00
345        1.463819999999999899e+00
1282       1.463960000000000150e+00
1214       1.464059999999999917e+00
926        1.464080000000000048e+00
717        1.464220000000000077e+00
1180       1.464299999999999935e+00
1118       1.464440000000000186e+00
714        1.464460000000000095e+00
1176       1.464560000000000084e+00
1355       1.464560000000000084e+00
1276       1.464579999999999993e+00
1280       1.464660000000000073e+00
1242       1.464739999999999931e+00
1342       1.464860000000000051e+00
30         1.464900000000000091e+00
1253       1.464900000000000091e+00
1136       1.464920000000000000e+00
556        1.464979999999999949e+00
1191       1.465060000000000029e+00
1454       1.465100000000000069e+00
1126       1.465140000000000109e+00
1216       1.465160000000000018e+00
1262       1.465240000000000098e+00
521        1.465300000000000047e+00
1139       1.465420000000000167e+00
1130       1.465500000000000025e+00
227        1.465540000000000065e+00
1353       1.465579999999999883e+00
1322       1.465620000000000145e+00
9          1.465640000000000054e+00
1260       1.465680000000000094e+00
1593       1.465759999999999952e+00
1337       1.465799999999999992e+00
1283       1.465819999999999901e+00
1140       1.465920000000000112e+00
1187       1.465920000000000112e+00
1044       1.466120000000000090e+00
309        1.466220000000000079e+00
1222       1.466339999999999977e+00
934        1.466380000000000239e+00
440        1.466420000000000057e+00
1271       1.466500000000000137e+00
529        1.466539999999999955e+00
1229       1.466579999999999995e+00
1258       1.466600000000000126e+00
1252       1.466739999999999933e+00
1348       1.466760000000000064e+00
988        1.466979999999999951e+00
169        1.467019999999999991e+00
1350       1.467019999999999991e+00
1160       1.467039999999999900e+00
1237       1.467060000000000031e+00
1325       1.467120000000000202e+00
739        1.467180000000000151e+00
1071       1.467360000000000220e+00
1190       1.467420000000000169e+00
259        1.467559999999999976e+00
1524       1.467620000000000147e+00
1213       1.467640000000000056e+00
1267       1.467720000000000136e+00
841        1.467819999999999903e+00
288        1.467840000000000034e+00
1147       1.467999999999999972e+00
901        1.468100000000000183e+00
1266       1.468140000000000223e+00
1256       1.468180000000000041e+00
453        1.468220000000000081e+00
1334       1.468579999999999997e+00
37         1.468620000000000259e+00
1227       1.468760000000000066e+00
1240       1.468799999999999883e+00
1120       1.468820000000000014e+00
1293       1.468900000000000095e+00
968        1.468920000000000003e+00
1309       1.469120000000000203e+00
1357       1.469120000000000203e+00
1154       1.469180000000000152e+00
1316       1.469200000000000061e+00
459        1.469219999999999970e+00
1189       1.469240000000000101e+00
395        1.469260000000000010e+00
1134       1.469519999999999937e+00
1243       1.469640000000000057e+00
1211       1.469660000000000188e+00
1330       1.469740000000000046e+00
897        1.469900000000000206e+00
1286       1.469940000000000024e+00
506        1.470040000000000013e+00
1138       1.470200000000000173e+00
1125       1.470260000000000122e+00
1320       1.470339999999999980e+00
1002       1.470480000000000009e+00
1146       1.470579999999999998e+00
694        1.470679999999999987e+00
1207       1.470700000000000118e+00
1351       1.470720000000000027e+00
1159       1.470760000000000067e+00
1221       1.470940000000000136e+00
1338       1.471140000000000114e+00
1346       1.471160000000000023e+00
1358       1.471180000000000154e+00
706        1.471240000000000103e+00
308        1.471260000000000012e+00
404        1.471260000000000012e+00
845        1.471400000000000041e+00
745        1.471500000000000030e+00
647        1.471540000000000070e+00
1304       1.471579999999999888e+00
1354       1.471640000000000059e+00
1516       1.471660000000000190e+00
1235       1.471799999999999997e+00
1214       1.471819999999999906e+00
1288       1.471880000000000077e+00
1390       1.471900000000000208e+00
1343       1.471940000000000026e+00
1340       1.471940000000000026e+00
277        1.472120000000000095e+00
1137       1.472160000000000135e+00
1264       1.472180000000000044e+00
1004       1.472320000000000073e+00
1359       1.472860000000000058e+00
1247       1.472960000000000047e+00
298        1.473019999999999996e+00
1166       1.473019999999999996e+00
1321       1.473039999999999905e+00
1208       1.473060000000000036e+00
174        1.473200000000000065e+00
1210       1.473360000000000225e+00
1123       1.473380000000000134e+00
286        1.473840000000000039e+00
448        1.473920000000000119e+00
1052       1.474140000000000228e+00
1202       1.474460000000000104e+00
1107       1.474799999999999889e+00
1283       1.474940000000000140e+00
1139       1.475240000000000107e+00
1167       1.475420000000000176e+00
1319       1.475440000000000085e+00
1200       1.475860000000000172e+00
407        1.475900000000000212e+00
1174       1.476059999999999928e+00
1317       1.476080000000000059e+00
1268       1.476539999999999964e+00
1316       1.476820000000000022e+00
1228       1.476839999999999931e+00
1097       1.476860000000000062e+00
1323       1.476920000000000011e+00
769        1.477120000000000211e+00
1250       1.477140000000000120e+00
1203       1.477160000000000029e+00
1306       1.477160000000000029e+00
452        1.477180000000000160e+00
1270       1.477180000000000160e+00
668        1.477240000000000109e+00
1133       1.477240000000000109e+00
1244       1.477680000000000105e+00
520        1.477819999999999911e+00
914        1.478200000000000180e+00
1583       1.478299999999999947e+00
1124       1.478580000000000005e+00
1157       1.478779999999999983e+00
1333       1.478799999999999892e+00
1279       1.479020000000000001e+00
1219       1.479079999999999950e+00
1212       1.479240000000000110e+00
1267       1.479260000000000019e+00
1161       1.479279999999999928e+00
269        1.479319999999999968e+00
1175       1.479480000000000128e+00
1160       1.479480000000000128e+00
1172       1.479500000000000037e+00
1335       1.479600000000000248e+00
1275       1.479920000000000124e+00
1195       1.480100000000000193e+00
712        1.480120000000000102e+00
1456       1.480160000000000142e+00
1261       1.480299999999999949e+00
509        1.480360000000000120e+00
813        1.480380000000000029e+00
555        1.480460000000000109e+00
1297       1.480460000000000109e+00
1120       1.480580000000000007e+00
1163       1.480600000000000138e+00
515        1.480620000000000047e+00
1272       1.481240000000000112e+00
1223       1.481319999999999970e+00
882        1.481540000000000079e+00
1218       1.481559999999999988e+00
319        1.481759999999999966e+00
1211       1.481780000000000097e+00
870        1.481819999999999915e+00
80         1.481860000000000177e+00
1225       1.481860000000000177e+00
918        1.481880000000000086e+00
1254       1.481999999999999984e+00
1197       1.482140000000000235e+00
1131       1.482240000000000002e+00
1202       1.482439999999999980e+00
691        1.482520000000000060e+00
977        1.482640000000000180e+00
1358       1.483160000000000034e+00
1230       1.483300000000000063e+00
672        1.483500000000000041e+00
1231       1.483780000000000099e+00
1310       1.483980000000000077e+00
408        1.484140000000000237e+00
1145       1.484240000000000004e+00
1165       1.484280000000000044e+00
1169       1.484360000000000124e+00
479        1.484400000000000164e+00
1125       1.484439999999999982e+00
1340       1.484460000000000113e+00
1307       1.484480000000000022e+00
1234       1.484499999999999931e+00
674        1.484600000000000142e+00
1176       1.484839999999999938e+00
1155       1.484860000000000069e+00
1189       1.484880000000000200e+00
1329       1.484880000000000200e+00
250        1.485000000000000098e+00
302        1.485020000000000007e+00
782        1.485020000000000007e+00
1551       1.485079999999999956e+00
1215       1.485160000000000036e+00
680        1.485219999999999985e+00
1334       1.485319999999999974e+00
894        1.485339999999999883e+00
1284       1.485380000000000145e+00
1282       1.485420000000000185e+00
780        1.485600000000000254e+00
1177       1.485759999999999970e+00
1248       1.485780000000000101e+00
1251       1.485800000000000010e+00
1121       1.485960000000000170e+00
1287       1.486040000000000028e+00
1298       1.486299999999999955e+00
199        1.486380000000000035e+00
149        1.486480000000000024e+00
945        1.486539999999999973e+00
1136       1.486640000000000184e+00
1117       1.486779999999999990e+00
1235       1.486960000000000059e+00
1135       1.487140000000000128e+00
887        1.487200000000000077e+00
642        1.487219999999999986e+00
1089       1.487219999999999986e+00
1140       1.487240000000000117e+00
666        1.487279999999999935e+00
1104       1.487319999999999975e+00
1173       1.487460000000000004e+00
262        1.487480000000000135e+00
1233       1.487500000000000044e+00
719        1.487519999999999953e+00
1411       1.487579999999999902e+00
1260       1.487600000000000255e+00
1293       1.487640000000000073e+00
606        1.487660000000000204e+00
54         1.487960000000000171e+00
332        1.488059999999999938e+00
513        1.488259999999999916e+00
1321       1.488259999999999916e+00
1271       1.488319999999999865e+00
1227       1.488360000000000127e+00
1006       1.488420000000000076e+00
1239       1.488420000000000076e+00
1317       1.488460000000000116e+00
244        1.488520000000000065e+00
344        1.488600000000000145e+00
1198       1.488620000000000054e+00
1263       1.488760000000000083e+00
28         1.488860000000000072e+00
296        1.489020000000000010e+00
1148       1.489279999999999937e+00
1304       1.489300000000000068e+00
1280       1.489400000000000057e+00
1472       1.489420000000000188e+00
1238       1.489460000000000006e+00
1237       1.489819999999999922e+00
1354       1.490020000000000122e+00
1253       1.490040000000000031e+00
1356       1.490199999999999969e+00
17         1.490280000000000049e+00
1587       1.490319999999999867e+00
599        1.490499999999999936e+00
1339       1.490520000000000067e+00
1172       1.490940000000000154e+00
430        1.491000000000000103e+00
65         1.491039999999999921e+00
1222       1.491039999999999921e+00
1149       1.491060000000000052e+00
1217       1.491100000000000092e+00
766        1.491120000000000223e+00
177        1.491140000000000132e+00
1300       1.491140000000000132e+00
1338       1.491160000000000041e+00
872        1.491219999999999990e+00
1124       1.491240000000000121e+00
1350       1.491339999999999888e+00
443        1.491380000000000150e+00
463        1.491400000000000059e+00
580        1.491420000000000190e+00
1012       1.491680000000000117e+00
1342       1.491680000000000117e+00
101        1.491720000000000157e+00
1532       1.491800000000000015e+00
1409       1.491940000000000044e+00
1311       1.491960000000000175e+00
1183       1.492019999999999902e+00
1265       1.492100000000000204e+00
21         1.492180000000000062e+00
327        1.492180000000000062e+00
414        1.492280000000000051e+00
442        1.492299999999999960e+00
1301       1.492360000000000131e+00
1331       1.492400000000000171e+00
682        1.492460000000000120e+00
1159       1.492460000000000120e+00
600        1.492520000000000069e+00
1267       1.492660000000000098e+00
1168       1.492700000000000138e+00
581        1.492739999999999956e+00
1079       1.492799999999999905e+00
112        1.492839999999999945e+00
1146       1.492920000000000025e+00
362        1.493039999999999923e+00
649        1.493260000000000032e+00
1174       1.493300000000000072e+00
1390       1.493339999999999890e+00
1315       1.493380000000000152e+00
1254       1.493440000000000101e+00
1323       1.493519999999999959e+00
1268       1.493579999999999908e+00
1293       1.493620000000000170e+00
1194       1.493660000000000210e+00
245        1.493819999999999926e+00
1182       1.493840000000000057e+00
1318       1.493920000000000137e+00
1143       1.493960000000000177e+00
1221       1.494280000000000053e+00
1226       1.494499999999999940e+00
1305       1.494539999999999980e+00
1220       1.494580000000000020e+00
1328       1.494900000000000118e+00
1103       1.494940000000000158e+00
1290       1.494960000000000067e+00
1205       1.495100000000000096e+00
1340       1.495100000000000096e+00
1214       1.495319999999999983e+00
254        1.495360000000000245e+00
1255       1.495400000000000063e+00
970        1.495440000000000103e+00
52         1.495519999999999960e+00
1498       1.495540000000000092e+00
1274       1.495680000000000121e+00
1258       1.495920000000000138e+00
755        1.496040000000000036e+00
1125       1.496100000000000207e+00
1347       1.496199999999999974e+00
1133       1.496360000000000134e+00
59         1.496439999999999992e+00
1245       1.496480000000000032e+00
1324       1.496480000000000032e+00
1332       1.496520000000000072e+00
539        1.496680000000000010e+00
1137       1.496680000000000010e+00
1129       1.496900000000000119e+00
1020       1.496920000000000028e+00
1136       1.497000000000000108e+00
1209       1.497060000000000057e+00
605        1.497100000000000097e+00
337        1.497180000000000177e+00
864        1.497360000000000246e+00
1223       1.497360000000000246e+00
1281       1.497380000000000155e+00
1354       1.497540000000000093e+00
1231       1.497560000000000002e+00
1184       1.497880000000000100e+00
1357       1.498059999999999947e+00
293        1.498140000000000027e+00
1112       1.498140000000000027e+00
1309       1.498140000000000027e+00
631        1.498160000000000158e+00
516        1.498180000000000067e+00
1313       1.498220000000000107e+00
1131       1.498259999999999925e+00
144        1.498280000000000056e+00
644        1.498400000000000176e+00
1295       1.498520000000000074e+00
1155       1.498539999999999983e+00
1273       1.498580000000000023e+00
1191       1.498600000000000154e+00
1067       1.498620000000000063e+00
109        1.498640000000000194e+00
1314       1.498700000000000143e+00
1445       1.498760000000000092e+00
744        1.498799999999999910e+00
1148       1.498820000000000041e+00
1021       1.498920000000000030e+00
1262       1.498940000000000161e+00
526        1.499020000000000019e+00
1319       1.499100000000000099e+00
1337       1.499180000000000179e+00
1330       1.499180000000000179e+00
457        1.499260000000000037e+00
1149       1.499380000000000157e+00
1355       1.499440000000000106e+00
1353       1.499579999999999913e+00
1080       1.499800000000000022e+00
1257       1.499900000000000233e+00
40         1.500079999999999858e+00
1154       1.500140000000000029e+00
429        1.500240000000000018e+00
231        1.500380000000000047e+00
276        1.500420000000000087e+00
1352       1.500439999999999996e+00
1303       1.500559999999999894e+00
1296       1.500559999999999894e+00
1326       1.500620000000000065e+00
1202       1.500660000000000105e+00
1292       1.500820000000000043e+00
1348       1.500820000000000043e+00
1398       1.500839999999999952e+00
1091       1.500860000000000083e+00
1158       1.500860000000000083e+00
298        1.501020000000000021e+00
1139       1.501020000000000021e+00
1280       1.501079999999999970e+00
1291       1.501219999999999999e+00
1165       1.501319999999999988e+00
138        1.501720000000000166e+00
1157       1.501720000000000166e+00
681        1.501740000000000075e+00
1182       1.501780000000000115e+00
1229       1.501880000000000104e+00
1228       1.501959999999999962e+00
1211       1.501980000000000093e+00
1345       1.502000000000000002e+00
1187       1.502220000000000111e+00
1239       1.502240000000000020e+00
1256       1.502299999999999969e+00
1349       1.502400000000000180e+00
794        1.502580000000000027e+00
1166       1.503120000000000234e+00
1212       1.503240000000000132e+00
1449       1.503440000000000110e+00
1170       1.503460000000000019e+00
884        1.503600000000000270e+00
1168       1.503600000000000270e+00
1265       1.503640000000000088e+00
1230       1.503720000000000168e+00
1575       1.503740000000000077e+00
1304       1.503779999999999895e+00
860        1.503900000000000015e+00
1241       1.504059999999999953e+00
1218       1.504079999999999862e+00
1147       1.504199999999999982e+00
1237       1.504199999999999982e+00
1180       1.504299999999999971e+00
1225       1.504299999999999971e+00
718        1.504739999999999966e+00
1159       1.505100000000000104e+00
1350       1.505339999999999900e+00
750        1.505620000000000180e+00
181        1.505700000000000038e+00
1185       1.505759999999999987e+00
1359       1.505880000000000107e+00
1192       1.505940000000000056e+00
1277       1.506000000000000005e+00
543        1.506380000000000052e+00
603        1.506400000000000183e+00
624        1.506460000000000132e+00
829        1.506559999999999899e+00
1260       1.506580000000000030e+00
1146       1.506739999999999968e+00
1278       1.507079999999999975e+00
1233       1.507279999999999953e+00
75         1.507360000000000255e+00
1325       1.507380000000000164e+00
1269       1.507400000000000073e+00
1322       1.507440000000000113e+00
1332       1.507600000000000273e+00
1382       1.507640000000000091e+00
1128       1.507759999999999989e+00
975        1.508100000000000218e+00
1335       1.508100000000000218e+00
463        1.508199999999999985e+00
740        1.508240000000000025e+00
1200       1.508360000000000145e+00
1197       1.508620000000000072e+00
1339       1.508940000000000170e+00
606        1.508960000000000079e+00
1076       1.508960000000000079e+00
1127       1.508979999999999988e+00
511        1.509060000000000068e+00
226        1.509079999999999977e+00
1301       1.509120000000000239e+00
1308       1.509240000000000137e+00
1227       1.509360000000000257e+00
1218       1.509440000000000115e+00
1056       1.509719999999999951e+00
104        1.509819999999999940e+00
1281       1.509860000000000202e+00
1317       1.509900000000000020e+00
1294       1.509940000000000060e+00
1243       1.510120000000000129e+00
1134       1.510340000000000016e+00
1167       1.510460000000000136e+00
1164       1.510520000000000085e+00
781        1.510580000000000034e+00
1190       1.510620000000000074e+00
1252       1.510620000000000074e+00
1275       1.510700000000000154e+00
62         1.510799999999999921e+00
1356       1.510799999999999921e+00
1224       1.511000000000000121e+00
1272       1.511020000000000030e+00
898        1.511120000000000241e+00
1338       1.511160000000000059e+00
544        1.511180000000000190e+00
1198       1.511579999999999924e+00
1151       1.511640000000000095e+00
1279       1.511779999999999902e+00
1054       1.511980000000000102e+00
1344       1.512220000000000120e+00
1342       1.512280000000000069e+00
1349       1.512280000000000069e+00
1222       1.512299999999999978e+00
1009       1.512360000000000149e+00
1039       1.512700000000000156e+00
679        1.512760000000000105e+00
991        1.512820000000000054e+00
1152       1.512860000000000094e+00
95         1.512920000000000043e+00
1150       1.512979999999999992e+00
334        1.513020000000000032e+00
1204       1.513020000000000032e+00
1232       1.513160000000000061e+00
1098       1.513220000000000010e+00
879        1.513260000000000050e+00
1138       1.513300000000000090e+00
1307       1.513319999999999999e+00
644        1.513339999999999907e+00
1261       1.513339999999999907e+00
66         1.513380000000000170e+00
397        1.513440000000000119e+00
878        1.513500000000000068e+00
277        1.513519999999999976e+00
1221       1.513759999999999994e+00
1132       1.514180000000000081e+00
696        1.514340000000000019e+00
21         1.514380000000000059e+00
1178       1.514400000000000190e+00
1438       1.514400000000000190e+00
947        1.514480000000000048e+00
1239       1.514520000000000088e+00
423        1.514539999999999997e+00
354        1.514559999999999906e+00
446        1.514580000000000037e+00
1318       1.514640000000000208e+00
1205       1.514720000000000066e+00
1188       1.514780000000000015e+00
1366       1.514780000000000015e+00
1131       1.514900000000000135e+00
1255       1.514920000000000044e+00
1217       1.515020000000000033e+00
1213       1.515100000000000113e+00
1253       1.515120000000000244e+00
831        1.515140000000000153e+00
1316       1.515180000000000193e+00
744        1.515240000000000142e+00
1299       1.515240000000000142e+00
302        1.515279999999999960e+00
1143       1.515360000000000262e+00
1345       1.515360000000000262e+00
620        1.515440000000000120e+00
1257       1.515880000000000116e+00
1298       1.515920000000000156e+00
1286       1.515959999999999974e+00
1148       1.516000000000000014e+00
782        1.516040000000000054e+00
1229       1.516319999999999890e+00
743        1.516480000000000050e+00
1267       1.516799999999999926e+00
1129       1.516820000000000057e+00
1186       1.516820000000000057e+00
1334       1.516860000000000097e+00
1154       1.516900000000000137e+00
267        1.516940000000000177e+00
1125       1.517079999999999984e+00
740        1.517260000000000053e+00
754        1.517300000000000093e+00
1040       1.517460000000000031e+00
1288       1.517759999999999998e+00
1277       1.517880000000000118e+00
1341       1.518059999999999965e+00
1265       1.518120000000000136e+00
1337       1.518180000000000085e+00
1379       1.518280000000000074e+00
937        1.518319999999999892e+00
763        1.518420000000000103e+00
68         1.518520000000000092e+00
1191       1.518620000000000081e+00
1259       1.518620000000000081e+00
1305       1.518660000000000121e+00
72         1.518720000000000070e+00
440        1.518780000000000019e+00
1196       1.518860000000000099e+00
1313       1.518940000000000179e+00
57         1.519079999999999986e+00
1262       1.519100000000000117e+00
1172       1.519180000000000197e+00
1292       1.519320000000000004e+00
1248       1.519460000000000033e+00
1256       1.519500000000000073e+00
795        1.519620000000000193e+00
1135       1.520059999999999967e+00
1142       1.520180000000000087e+00
1220       1.520180000000000087e+00
600        1.520580000000000043e+00
669        1.520600000000000174e+00
1195       1.520640000000000214e+00
1089       1.520739999999999981e+00
1215       1.520799999999999930e+00
1319       1.521020000000000039e+00
1140       1.521100000000000119e+00
392        1.521140000000000159e+00
720        1.521220000000000017e+00
796        1.521240000000000148e+00
366        1.521260000000000057e+00
94         1.521479999999999944e+00
1258       1.521479999999999944e+00
1130       1.521640000000000104e+00
859        1.521700000000000053e+00
538        1.521779999999999911e+00
759        1.521860000000000213e+00
1235       1.521860000000000213e+00
1429       1.521860000000000213e+00
552        1.521880000000000122e+00
1296       1.522040000000000060e+00
1301       1.522079999999999878e+00
1283       1.522100000000000231e+00
164        1.522299999999999986e+00
1336       1.522319999999999895e+00
1226       1.522380000000000067e+00
1245       1.522480000000000055e+00
996        1.522520000000000095e+00
1156       1.522580000000000044e+00
489        1.522640000000000216e+00
266        1.522760000000000113e+00
1270       1.522760000000000113e+00
1163       1.522900000000000142e+00
1197       1.522920000000000051e+00
53         1.522940000000000182e+00
822        1.523000000000000131e+00
1193       1.523020000000000040e+00
1263       1.523060000000000080e+00
645        1.523120000000000251e+00
1300       1.523220000000000018e+00
517        1.523700000000000054e+00
1133       1.523719999999999963e+00
44         1.523740000000000094e+00
1280       1.523900000000000032e+00
181        1.524019999999999930e+00
1203       1.524160000000000181e+00
532        1.524240000000000039e+00
1234       1.524240000000000039e+00
1359       1.524240000000000039e+00
531        1.524259999999999948e+00
192        1.524280000000000079e+00
476        1.524319999999999897e+00
419        1.524460000000000148e+00
860        1.524499999999999966e+00
1213       1.524520000000000097e+00
1144       1.524580000000000046e+00
1053       1.524760000000000115e+00
896        1.524880000000000235e+00
1309       1.524920000000000053e+00
948        1.525060000000000082e+00
1216       1.525060000000000082e+00
1209       1.525079999999999991e+00
1310       1.525180000000000202e+00
293        1.525240000000000151e+00
1165       1.525260000000000060e+00
1157       1.525299999999999878e+00
1221       1.525479999999999947e+00
1282       1.525479999999999947e+00
1066       1.525560000000000027e+00
618        1.525579999999999936e+00
1351       1.525579999999999936e+00
280        1.525640000000000107e+00
1101       1.525779999999999914e+00
1339       1.525779999999999914e+00
691        1.525819999999999954e+00
415        1.525920000000000165e+00
1266       1.526000000000000023e+00
1291       1.526019999999999932e+00
1308       1.526040000000000063e+00
81         1.526100000000000234e+00
695        1.526180000000000092e+00
1457       1.526299999999999990e+00
625        1.526480000000000059e+00
1251       1.526540000000000008e+00
1176       1.526559999999999917e+00
1122       1.526780000000000026e+00
326        1.526900000000000146e+00
1124       1.527020000000000044e+00
377        1.527039999999999953e+00
220        1.527079999999999993e+00
512        1.527220000000000022e+00
1329       1.527339999999999920e+00
746        1.527500000000000080e+00
1304       1.527519999999999989e+00
631        1.527640000000000109e+00
1139       1.527839999999999865e+00
1136       1.527940000000000076e+00
1307       1.527940000000000076e+00
352        1.528040000000000065e+00
1166       1.528040000000000065e+00
693        1.528100000000000236e+00
1314       1.528120000000000145e+00
1242       1.528140000000000054e+00
865        1.528160000000000185e+00
1423       1.528180000000000094e+00
139        1.528299999999999992e+00
1131       1.528380000000000072e+00
1501       1.528380000000000072e+00
1338       1.528400000000000203e+00
1083       1.528540000000000010e+00
1268       1.528580000000000050e+00
1450       1.528880000000000239e+00
1184       1.528940000000000188e+00
86         1.529100000000000126e+00
1147       1.529140000000000166e+00
208        1.529180000000000206e+00
261        1.529220000000000024e+00
311        1.529320000000000013e+00
1311       1.529380000000000184e+00
1254       1.529460000000000042e+00
1276       1.529680000000000151e+00
1290       1.529760000000000009e+00
1247       1.529779999999999918e+00
1219       1.529779999999999918e+00
411        1.529800000000000049e+00
1317       1.529800000000000049e+00
1173       1.529900000000000038e+00
212        1.529980000000000118e+00
178        1.530140000000000056e+00
1370       1.530420000000000114e+00
1562       1.530440000000000023e+00
1086       1.530640000000000223e+00
1210       1.530820000000000070e+00
1226       1.530840000000000201e+00
273        1.530920000000000059e+00
521        1.530920000000000059e+00
1256       1.530960000000000099e+00
1333       1.531060000000000088e+00
1177       1.531079999999999997e+00
1081       1.531160000000000077e+00
36         1.531420000000000003e+00
1171       1.531420000000000003e+00
1323       1.531620000000000203e+00
1334       1.531680000000000152e+00
785        1.531760000000000010e+00
1129       1.531800000000000050e+00
500        1.531840000000000090e+00
70         1.532040000000000068e+00
1146       1.532140000000000057e+00
1142       1.532319999999999904e+00
50         1.532400000000000206e+00
1132       1.532499999999999973e+00
1201       1.532499999999999973e+00
1353       1.532520000000000104e+00
120        1.532720000000000082e+00
1197       1.532860000000000111e+00
894        1.533000000000000140e+00
1324       1.533279999999999976e+00
1326       1.533320000000000016e+00
1064       1.533400000000000096e+00
262        1.533420000000000005e+00
1260       1.533560000000000034e+00
1152       1.533620000000000205e+00
950        1.533640000000000114e+00
1298       1.533700000000000063e+00
575        1.533819999999999961e+00
1195       1.533880000000000132e+00
1190       1.534520000000000106e+00
1154       1.534559999999999924e+00
23         1.534739999999999993e+00
1274       1.534820000000000073e+00
1181       1.535059999999999869e+00
1265       1.535100000000000131e+00
1125       1.535140000000000171e+00
1270       1.535719999999999974e+00
601        1.535779999999999923e+00
101        1.535840000000000094e+00
1306       1.535840000000000094e+00
1349       1.535860000000000225e+00
1214       1.536240000000000050e+00
1116       1.536460000000000159e+00
1126       1.536520000000000108e+00
1278       1.536520000000000108e+00
891        1.536559999999999926e+00
333        1.536920000000000064e+00
1241       1.537100000000000133e+00
1272       1.537100000000000133e+00
1213       1.537200000000000122e+00
1199       1.537200000000000122e+00
1344       1.537239999999999940e+00
21         1.537260000000000071e+00
1427       1.537380000000000191e+00
1261       1.537440000000000140e+00
1248       1.537500000000000089e+00
1148       1.537600000000000078e+00
191        1.537620000000000209e+00
422        1.537640000000000118e+00
1178       1.537660000000000027e+00
117        1.537680000000000158e+00
1029       1.537819999999999965e+00
259        1.537840000000000096e+00
315        1.537860000000000227e+00
1143       1.537880000000000136e+00
1169       1.537880000000000136e+00
1118       1.537920000000000176e+00
1355       1.538019999999999943e+00
111        1.538079999999999892e+00
1406       1.538100000000000245e+00
1163       1.538120000000000154e+00
1343       1.538120000000000154e+00
1127       1.538300000000000001e+00
1264       1.538360000000000172e+00
1346       1.538420000000000121e+00
1185       1.538460000000000161e+00
1500       1.538460000000000161e+00
1246       1.538520000000000110e+00
1254       1.538620000000000099e+00
5          1.538680000000000048e+00
34         1.538820000000000077e+00
1252       1.538999999999999924e+00
242        1.539020000000000055e+00
200        1.539340000000000153e+00
1144       1.539920000000000178e+00
827        1.539980000000000127e+00
362        1.540059999999999985e+00
1192       1.540180000000000105e+00
119        1.540559999999999929e+00
189        1.541120000000000045e+00
1222       1.541220000000000034e+00
279        1.541520000000000001e+00
1240       1.541640000000000121e+00
708        1.541700000000000070e+00
1341       1.541779999999999928e+00
1202       1.541880000000000139e+00
1021       1.541920000000000179e+00
1253       1.541940000000000088e+00
661        1.542120000000000157e+00
1217       1.542120000000000157e+00
1236       1.542240000000000055e+00
1053       1.542400000000000215e+00
150        1.542480000000000073e+00
1258       1.542499999999999982e+00
1339       1.542559999999999931e+00
487        1.542600000000000193e+00
452        1.542620000000000102e+00
1184       1.542680000000000051e+00
965        1.542740000000000000e+00
161        1.542799999999999949e+00
1556       1.542819999999999858e+00
880        1.542840000000000211e+00
1243       1.542880000000000251e+00
1150       1.543059999999999876e+00
664        1.543080000000000007e+00
1303       1.543100000000000138e+00
1158       1.543179999999999996e+00
1309       1.543200000000000127e+00
1257       1.543220000000000036e+00
1599       1.543220000000000036e+00
31         1.543260000000000076e+00
510        1.543320000000000025e+00
1294       1.543320000000000025e+00
98         1.543340000000000156e+00
516        1.543360000000000065e+00
75         1.543460000000000054e+00
721        1.543539999999999912e+00
1208       1.543620000000000214e+00
1358       1.543680000000000163e+00
199        1.543740000000000112e+00
1136       1.543880000000000141e+00
1456       1.543920000000000181e+00
1174       1.544079999999999897e+00
1560       1.544160000000000199e+00
1205       1.544220000000000148e+00
434        1.544259999999999966e+00
1262       1.544420000000000126e+00
316        1.544640000000000235e+00
329        1.544640000000000235e+00
1345       1.544700000000000184e+00
1347       1.544760000000000133e+00
1247       1.544780000000000042e+00
895        1.544840000000000213e+00
1183       1.544960000000000111e+00
1161       1.545660000000000034e+00
328        1.545760000000000023e+00
1275       1.545760000000000023e+00
1226       1.545779999999999932e+00
803        1.545920000000000183e+00
1135       1.545920000000000183e+00
1132       1.545980000000000132e+00
1316       1.546000000000000041e+00
1224       1.546019999999999950e+00
1151       1.546079999999999899e+00
1209       1.546220000000000150e+00
825        1.546420000000000128e+00
357        1.546440000000000037e+00
746        1.546440000000000037e+00
954        1.546499999999999986e+00
1494       1.546499999999999986e+00
531        1.546520000000000117e+00
1075       1.546540000000000026e+00
1194       1.546559999999999935e+00
1310       1.546620000000000106e+00
1182       1.546640000000000237e+00
1320       1.546640000000000237e+00
1168       1.546680000000000055e+00
1325       1.546700000000000186e+00
1131       1.546759999999999913e+00
475        1.546780000000000044e+00
483        1.546860000000000124e+00
610        1.546860000000000124e+00
866        1.546860000000000124e+00
674        1.546900000000000164e+00
1149       1.546900000000000164e+00
859        1.546980000000000022e+00
1177       1.546980000000000022e+00
1242       1.546980000000000022e+00
392        1.547020000000000062e+00
514        1.547020000000000062e+00
549        1.547039999999999971e+00
904        1.547039999999999971e+00
794        1.547059999999999880e+00
1157       1.547100000000000142e+00
528        1.547140000000000182e+00
1142       1.547160000000000091e+00
1172       1.547160000000000091e+00
1097       1.547180000000000000e+00
385        1.547479999999999967e+00
422        1.547620000000000218e+00
1165       1.547660000000000036e+00
687        1.547740000000000116e+00
346        1.547800000000000065e+00
520        1.547840000000000105e+00
498        1.548079999999999901e+00
1249       1.548559999999999937e+00
485        1.548680000000000057e+00
1269       1.548759999999999915e+00
1331       1.548799999999999955e+00
1178       1.549320000000000030e+00
1308       1.549440000000000150e+00
1263       1.549460000000000059e+00
1259       1.549579999999999957e+00
1223       1.549779999999999935e+00
818        1.549800000000000066e+00
1256       1.549980000000000135e+00
1162       1.550319999999999920e+00
1292       1.550580000000000069e+00
1340       1.550740000000000007e+00
1313       1.550840000000000218e+00
440        1.550900000000000167e+00
1318       1.550960000000000116e+00
1181       1.551039999999999974e+00
1234       1.551100000000000145e+00
424        1.551340000000000163e+00
1281       1.551380000000000203e+00
444        1.551460000000000061e+00
1276       1.551680000000000170e+00
1279       1.551819999999999977e+00
1146       1.551860000000000239e+00
1302       1.551860000000000239e+00
1098       1.552000000000000046e+00
1213       1.552160000000000206e+00
1160       1.552319999999999922e+00
1227       1.552319999999999922e+00
1173       1.552380000000000093e+00
1296       1.552400000000000224e+00
1239       1.552499999999999991e+00
1207       1.552620000000000111e+00
1134       1.552799999999999958e+00
1260       1.552840000000000220e+00
27         1.552900000000000169e+00
1180       1.552999999999999936e+00
1285       1.553020000000000067e+00
846        1.553039999999999976e+00
1312       1.553059999999999885e+00
770        1.553120000000000056e+00
383        1.553260000000000085e+00
1286       1.553279999999999994e+00
914        1.553620000000000223e+00
875        1.553700000000000081e+00
1188       1.553719999999999990e+00
1233       1.553740000000000121e+00
339        1.553760000000000030e+00
1196       1.553920000000000190e+00
1357       1.553980000000000139e+00
1273       1.554000000000000048e+00
56         1.554100000000000259e+00
1289       1.554100000000000259e+00
289        1.554120000000000168e+00
157        1.554400000000000226e+00
597        1.554480000000000084e+00
1193       1.554480000000000084e+00
1189       1.554480000000000084e+00
754        1.554499999999999993e+00
1332       1.554559999999999942e+00
1179       1.554640000000000022e+00
720        1.554720000000000102e+00
1350       1.554720000000000102e+00
29         1.554740000000000011e+00
1348       1.554780000000000051e+00
1261       1.554799999999999960e+00
1187       1.554980000000000029e+00
741        1.555039999999999978e+00
1333       1.555080000000000018e+00
1236       1.555120000000000058e+00
1219       1.555120000000000058e+00
1198       1.555260000000000087e+00
49         1.555299999999999905e+00
1006       1.555400000000000116e+00
1158       1.555440000000000156e+00
712        1.555560000000000054e+00
828        1.555579999999999963e+00
1322       1.555640000000000134e+00
1268       1.555740000000000123e+00
1245       1.555840000000000112e+00
1311       1.555940000000000101e+00
546        1.555960000000000010e+00
1214       1.556160000000000210e+00
705        1.556180000000000119e+00
752        1.556220000000000159e+00
836        1.556280000000000108e+00
1138       1.556319999999999926e+00
1300       1.556360000000000188e+00
1161       1.556380000000000097e+00
1137       1.556499999999999995e+00
1182       1.556559999999999944e+00
207        1.556640000000000024e+00
1204       1.556640000000000024e+00
1323       1.556640000000000024e+00
1546       1.556759999999999922e+00
1291       1.556840000000000224e+00
949        1.556939999999999991e+00
1168       1.556939999999999991e+00
1133       1.557059999999999889e+00
963        1.557120000000000060e+00
1132       1.557120000000000060e+00
1140       1.557160000000000100e+00
1124       1.557200000000000140e+00
1143       1.557239999999999958e+00
603        1.557380000000000209e+00
1250       1.557380000000000209e+00
1155       1.557400000000000118e+00
1203       1.557400000000000118e+00
1270       1.557400000000000118e+00
1251       1.557460000000000067e+00
778        1.557539999999999925e+00
1352       1.557620000000000227e+00
187        1.557719999999999994e+00
853        1.557719999999999994e+00
884        1.557740000000000125e+00
916        1.557740000000000125e+00
1337       1.557800000000000074e+00
1328       1.557800000000000074e+00
1517       1.557800000000000074e+00
254        1.557819999999999983e+00
312        1.557819999999999983e+00
1152       1.557819999999999983e+00
1309       1.557860000000000245e+00
692        1.557880000000000154e+00
1334       1.557900000000000063e+00
1055       1.557920000000000194e+00
1229       1.557920000000000194e+00
844        1.557940000000000103e+00
918        1.557940000000000103e+00
1162       1.557980000000000143e+00
1356       1.558000000000000052e+00
1304       1.558019999999999960e+00
1007       1.558040000000000092e+00
1266       1.558079999999999909e+00
756        1.558100000000000263e+00
1120       1.558120000000000172e+00
1130       1.558140000000000081e+00
155        1.558180000000000121e+00
1153       1.558180000000000121e+00
838        1.558200000000000029e+00
384        1.558220000000000161e+00
608        1.558280000000000109e+00
1247       1.558360000000000190e+00
1123       1.558380000000000098e+00
1058       1.558400000000000230e+00
1045       1.558440000000000047e+00
1128       1.558460000000000178e+00
1335       1.558480000000000087e+00
1351       1.558480000000000087e+00
1139       1.558540000000000036e+00
1264       1.558620000000000116e+00
1484       1.558620000000000116e+00
548        1.558640000000000025e+00
1228       1.558660000000000156e+00
15         1.558780000000000054e+00
1224       1.559039999999999981e+00
1171       1.559080000000000021e+00
1307       1.559080000000000021e+00
497        1.559479999999999977e+00
481        1.559560000000000057e+00
1326       1.559779999999999944e+00
185        1.559920000000000195e+00
1212       1.560000000000000053e+00
1284       1.560000000000000053e+00
1297       1.560100000000000264e+00
1184       1.560120000000000173e+00
8          1.560220000000000162e+00
189        1.560220000000000162e+00
605        1.560259999999999980e+00
564        1.560300000000000020e+00
1327       1.560319999999999929e+00
1190       1.560480000000000089e+00
1178       1.560559999999999947e+00
1232       1.560600000000000209e+00
555        1.560620000000000118e+00
1199       1.560759999999999925e+00
262        1.560780000000000056e+00
841        1.560960000000000125e+00
1223       1.560980000000000034e+00
1275       1.560999999999999943e+00
1257       1.561180000000000012e+00
1175       1.561260000000000092e+00
1241       1.561400000000000121e+00
700        1.561479999999999979e+00
342        1.561539999999999928e+00
648        1.561560000000000059e+00
1051       1.561600000000000099e+00
159        1.561620000000000230e+00
491        1.561640000000000139e+00
588        1.561680000000000179e+00
1064       1.561900000000000066e+00
211        1.562100000000000266e+00
57         1.562240000000000073e+00
571        1.562280000000000113e+00
579        1.562380000000000102e+00
1253       1.562440000000000051e+00
1164       1.562480000000000091e+00
1295       1.562759999999999927e+00
1280       1.563120000000000065e+00
798        1.563160000000000105e+00
1226       1.563280000000000003e+00
1353       1.563320000000000043e+00
831        1.563360000000000083e+00
899        1.563360000000000083e+00
1293       1.563360000000000083e+00
352        1.564060000000000006e+00
593        1.564100000000000268e+00
927        1.564180000000000126e+00
1166       1.564500000000000002e+00
1017       1.564579999999999860e+00
243        1.564600000000000213e+00
409        1.564720000000000111e+00
1296       1.564880000000000049e+00
147        1.564999999999999947e+00
176        1.565080000000000027e+00
1167       1.565080000000000027e+00
726        1.565120000000000067e+00
801        1.565140000000000198e+00
1302       1.565140000000000198e+00
864        1.565200000000000147e+00
870        1.565280000000000005e+00
1126       1.565280000000000005e+00
1170       1.565320000000000045e+00
821        1.565400000000000125e+00
418        1.565500000000000114e+00
895        1.565620000000000234e+00
1151       1.565620000000000234e+00
306        1.565680000000000183e+00
1209       1.565680000000000183e+00
1208       1.565680000000000183e+00
782        1.565800000000000081e+00
1290       1.565819999999999990e+00
1048       1.565900000000000070e+00
1146       1.565980000000000150e+00
1288       1.566019999999999968e+00
1237       1.566100000000000270e+00
1254       1.566100000000000270e+00
1358       1.566100000000000270e+00
1154       1.566120000000000179e+00
1211       1.566140000000000088e+00
768        1.566240000000000077e+00
1231       1.566340000000000288e+00
1204       1.566540000000000044e+00
806        1.566559999999999953e+00
1192       1.566620000000000124e+00
1142       1.566660000000000164e+00
714        1.566720000000000113e+00
461        1.566960000000000131e+00
741        1.567080000000000028e+00
676        1.567160000000000108e+00
223        1.567220000000000057e+00
535        1.567239999999999966e+00
643        1.567260000000000097e+00
406        1.567340000000000177e+00
1082       1.567579999999999973e+00
241        1.567680000000000184e+00
1268       1.567800000000000082e+00
930        1.568000000000000060e+00
1301       1.568000000000000060e+00
1339       1.568559999999999954e+00
1256       1.568840000000000234e+00
1147       1.568900000000000183e+00
309        1.568960000000000132e+00
1331       1.568980000000000041e+00
1347       1.569120000000000070e+00
707        1.569180000000000019e+00
36         1.569520000000000026e+00
1220       1.569620000000000237e+00
1325       1.569660000000000055e+00
1205       1.569840000000000124e+00
1213       1.569920000000000204e+00
1239       1.570040000000000102e+00
1144       1.570079999999999920e+00
1283       1.570219999999999949e+00
255        1.570380000000000109e+00
493        1.570380000000000109e+00
164        1.570400000000000018e+00
1156       1.570400000000000018e+00
1200       1.570500000000000007e+00
111        1.570620000000000127e+00
887        1.570880000000000054e+00
722        1.570920000000000094e+00
830        1.570980000000000043e+00
294        1.571059999999999901e+00
1287       1.571059999999999901e+00
191        1.571140000000000203e+00
1293       1.571140000000000203e+00
1244       1.571280000000000010e+00
1222       1.571360000000000090e+00
911        1.571440000000000170e+00
1453       1.571440000000000170e+00
218        1.571460000000000079e+00
1304       1.571479999999999988e+00
617        1.571500000000000119e+00
528        1.571579999999999977e+00
1303       1.571579999999999977e+00
35         1.571600000000000108e+00
421        1.572000000000000064e+00
1306       1.572019999999999973e+00
1324       1.572040000000000104e+00
1179       1.572100000000000275e+00
661        1.572140000000000093e+00
580        1.572340000000000071e+00
1168       1.572340000000000071e+00
1348       1.572440000000000060e+00
1033       1.572480000000000100e+00
1349       1.572680000000000078e+00
1129       1.572699999999999987e+00
1258       1.572699999999999987e+00
1369       1.572860000000000147e+00
157        1.572880000000000056e+00
1122       1.572880000000000056e+00
1282       1.572960000000000136e+00
1195       1.573059999999999903e+00
161        1.573340000000000183e+00
1343       1.573340000000000183e+00
595        1.573420000000000041e+00
203        1.573440000000000172e+00
560        1.573500000000000121e+00
1124       1.573520000000000030e+00
1252       1.573560000000000070e+00
1271       1.573600000000000110e+00
1321       1.573640000000000150e+00
1197       1.573740000000000139e+00
920        1.573760000000000048e+00
936        1.573760000000000048e+00
1140       1.573760000000000048e+00
1199       1.573880000000000168e+00
204        1.573960000000000026e+00
1274       1.573980000000000157e+00
932        1.574019999999999975e+00
1340       1.574120000000000186e+00
659        1.574180000000000135e+00
975        1.574279999999999902e+00
1315       1.574300000000000033e+00
384        1.574459999999999971e+00
1206       1.574519999999999920e+00
120        1.574540000000000051e+00
1353       1.574540000000000051e+00
1190       1.574640000000000040e+00
1120       1.574740000000000029e+00
995        1.574819999999999887e+00
1121       1.574860000000000149e+00
1191       1.574880000000000058e+00
542        1.574980000000000047e+00
1297       1.574999999999999956e+00
1355       1.575120000000000076e+00
1278       1.575140000000000207e+00
1263       1.575160000000000116e+00
1212       1.575180000000000025e+00
1249       1.575180000000000025e+00
118        1.575200000000000156e+00
1229       1.575200000000000156e+00
96         1.575320000000000054e+00
1189       1.575479999999999992e+00
1337       1.575760000000000050e+00
195        1.575819999999999999e+00
1209       1.575860000000000261e+00
1109       1.575960000000000027e+00
1291       1.575980000000000159e+00
1317       1.576000000000000068e+00
121        1.576079999999999925e+00
1238       1.576100000000000279e+00
1131       1.576380000000000114e+00
1193       1.576400000000000023e+00
745        1.576740000000000030e+00
174        1.577039999999999997e+00
1202       1.577039999999999997e+00
1107       1.577080000000000037e+00
1207       1.577180000000000026e+00
168        1.577420000000000044e+00
822        1.577500000000000124e+00
883        1.577520000000000033e+00
1009       1.577660000000000062e+00
755        1.577779999999999960e+00
1030       1.577860000000000262e+00
1237       1.577920000000000211e+00
68         1.577940000000000120e+00
1322       1.577940000000000120e+00
633        1.577960000000000029e+00
1176       1.578120000000000189e+00
253        1.578319999999999945e+00
1166       1.578319999999999945e+00
1346       1.578340000000000076e+00
808        1.578380000000000116e+00
1039       1.578559999999999963e+00
1358       1.578620000000000134e+00
1174       1.578740000000000032e+00
600        1.578780000000000072e+00
1144       1.578920000000000101e+00
1158       1.578980000000000050e+00
369        1.579039999999999999e+00
877        1.579120000000000079e+00
45         1.579180000000000028e+00
1335       1.579220000000000068e+00
611        1.579239999999999977e+00
677        1.579239999999999977e+00
504        1.579280000000000017e+00
1143       1.579420000000000046e+00
993        1.579440000000000177e+00
1290       1.579479999999999995e+00
1245       1.579620000000000246e+00
1308       1.579640000000000155e+00
765        1.579680000000000195e+00
325        1.579700000000000104e+00
1149       1.579700000000000104e+00
1404       1.579700000000000104e+00
582        1.579779999999999962e+00
898        1.579860000000000264e+00
1150       1.579900000000000082e+00
1183       1.579960000000000031e+00
1261       1.579960000000000031e+00
4          1.580039999999999889e+00
1184       1.580360000000000209e+00
1259       1.580480000000000107e+00
1141       1.580519999999999925e+00
1284       1.580819999999999892e+00
1204       1.580860000000000154e+00
1181       1.580880000000000063e+00
614        1.580920000000000103e+00
1218       1.580940000000000012e+00
1215       1.580960000000000143e+00
1266       1.581020000000000092e+00
70         1.581040000000000001e+00
1227       1.581080000000000041e+00
844        1.581140000000000212e+00
1125       1.581160000000000121e+00
1275       1.581239999999999979e+00
366        1.581440000000000179e+00
1203       1.581440000000000179e+00
1280       1.581600000000000117e+00
110        1.581660000000000066e+00
1327       1.581740000000000146e+00
1331       1.581860000000000266e+00
1314       1.581880000000000175e+00
526        1.581920000000000215e+00
1277       1.582060000000000022e+00
1133       1.582180000000000142e+00
1198       1.582340000000000080e+00
9          1.582380000000000120e+00
1279       1.582480000000000109e+00
1211       1.582519999999999927e+00
1328       1.582540000000000058e+00
1588       1.582579999999999876e+00
310        1.582680000000000087e+00
1313       1.582680000000000087e+00
1154       1.582720000000000127e+00
1352       1.582759999999999945e+00
1326       1.582900000000000196e+00
58         1.582920000000000105e+00
1219       1.582940000000000014e+00
87         1.583059999999999912e+00
1256       1.583160000000000123e+00
1262       1.583180000000000032e+00
1093       1.583400000000000141e+00
1148       1.583400000000000141e+00
1236       1.583400000000000141e+00
1296       1.583420000000000050e+00
1242       1.583560000000000079e+00
1205       1.583579999999999988e+00
1341       1.583600000000000119e+00
1162       1.583800000000000097e+00
1074       1.583840000000000137e+00
1274       1.583960000000000035e+00
1138       1.584120000000000195e+00
442        1.584200000000000053e+00
1285       1.584219999999999962e+00
190        1.584240000000000093e+00
1345       1.584279999999999911e+00
609        1.584300000000000042e+00
1188       1.584300000000000042e+00
1235       1.584400000000000031e+00
1359       1.584440000000000071e+00
109        1.584480000000000111e+00
1120       1.584480000000000111e+00
338        1.584519999999999929e+00
1167       1.584660000000000180e+00
167        1.584759999999999946e+00
56         1.584840000000000249e+00
1344       1.584960000000000147e+00
353        1.585140000000000216e+00
1339       1.585239999999999982e+00
1217       1.585380000000000233e+00
550        1.585860000000000269e+00
636        1.585880000000000178e+00
1151       1.586160000000000014e+00
779        1.586200000000000054e+00
1239       1.586240000000000094e+00
1132       1.586300000000000043e+00
1225       1.586500000000000021e+00
1271       1.586620000000000141e+00
104        1.586640000000000050e+00
1249       1.586660000000000181e+00
1337       1.586699999999999999e+00
1357       1.586699999999999999e+00
1270       1.586740000000000039e+00
286        1.586819999999999897e+00
1164       1.586840000000000250e+00
653        1.586880000000000068e+00
1301       1.586900000000000199e+00
1318       1.586900000000000199e+00
999        1.587059999999999915e+00
598        1.587160000000000126e+00
1131       1.587260000000000115e+00
671        1.587280000000000024e+00
1276       1.587380000000000235e+00
554        1.587520000000000042e+00
891        1.587520000000000042e+00
205        1.587680000000000202e+00
458        1.587700000000000111e+00
1197       1.587840000000000140e+00
1216       1.587880000000000180e+00
188        1.587940000000000129e+00
423        1.587979999999999947e+00
79         1.588000000000000078e+00
375        1.588019999999999987e+00
63         1.588060000000000027e+00
1153       1.588160000000000016e+00
1264       1.588180000000000147e+00
907        1.588219999999999965e+00
1315       1.588219999999999965e+00
54         1.588260000000000005e+00
1310       1.588340000000000085e+00
1493       1.588360000000000216e+00
350        1.588420000000000165e+00
1353       1.588440000000000074e+00
1257       1.588600000000000234e+00
1210       1.588660000000000183e+00
151        1.588680000000000092e+00
1165       1.588740000000000041e+00
1140       1.588780000000000081e+00
85         1.588819999999999899e+00
850        1.588940000000000019e+00
1272       1.588980000000000059e+00
1209       1.589020000000000099e+00
1196       1.589260000000000117e+00
1330       1.589299999999999935e+00
1294       1.589440000000000186e+00
370        1.589500000000000135e+00
522        1.589539999999999953e+00
1222       1.589539999999999953e+00
1292       1.589700000000000113e+00
1336       1.589720000000000022e+00
296        1.589760000000000062e+00
1238       1.589760000000000062e+00
479        1.589840000000000142e+00
1139       1.589840000000000142e+00
769        1.589900000000000091e+00
22         1.589920000000000000e+00
146        1.590180000000000149e+00
1137       1.590459999999999985e+00
1109       1.590540000000000065e+00
17         1.590559999999999974e+00
1346       1.590579999999999883e+00
1247       1.590680000000000094e+00
952        1.590799999999999992e+00
1295       1.590880000000000072e+00
1086       1.590999999999999970e+00
1144       1.591080000000000050e+00
1349       1.591220000000000079e+00
1288       1.591260000000000119e+00
1189       1.591280000000000028e+00
211        1.591380000000000239e+00
10         1.591460000000000097e+00
561        1.591539999999999955e+00
592        1.591539999999999955e+00
407        1.591579999999999995e+00
284        1.591700000000000115e+00
853        1.591779999999999973e+00
1340       1.591779999999999973e+00
647        1.591799999999999882e+00
1177       1.591820000000000013e+00
1122       1.591840000000000144e+00
1564       1.591880000000000184e+00
294        1.591940000000000133e+00
1245       1.592019999999999991e+00
1173       1.592039999999999900e+00
1275       1.592100000000000071e+00
434        1.592140000000000111e+00
169        1.592200000000000060e+00
390        1.592319999999999958e+00
1119       1.592420000000000169e+00
1252       1.592620000000000147e+00
37         1.592720000000000136e+00
92         1.592720000000000136e+00
1461       1.592740000000000045e+00
1143       1.592780000000000085e+00
1258       1.592799999999999994e+00
116        1.592819999999999903e+00
1159       1.592900000000000205e+00
1121       1.593059999999999921e+00
1134       1.593080000000000052e+00
637        1.593120000000000092e+00
1133       1.593140000000000223e+00
1220       1.593200000000000172e+00
1183       1.593320000000000070e+00
1168       1.593320000000000070e+00
776        1.593340000000000201e+00
1234       1.593440000000000190e+00
1303       1.593560000000000088e+00
278        1.593600000000000128e+00
1347       1.593620000000000259e+00
1263       1.593680000000000208e+00
1169       1.593700000000000117e+00
451        1.593720000000000026e+00
1148       1.593720000000000026e+00
1262       1.593840000000000146e+00
1108       1.593880000000000186e+00
1332       1.593880000000000186e+00
1334       1.593900000000000095e+00
25         1.593920000000000003e+00
421        1.593920000000000003e+00
1246       1.593920000000000003e+00
454        1.593940000000000135e+00
1293       1.593979999999999952e+00
1104       1.594060000000000032e+00
1187       1.594060000000000032e+00
633        1.594079999999999941e+00
935        1.594120000000000203e+00
1128       1.594200000000000061e+00
1233       1.594219999999999970e+00
118        1.594319999999999959e+00
1357       1.594319999999999959e+00
31         1.594340000000000090e+00
1314       1.594360000000000221e+00
565        1.594400000000000039e+00
1202       1.594579999999999886e+00
1307       1.594579999999999886e+00
975        1.594600000000000239e+00
1270       1.594600000000000239e+00
921        1.594620000000000148e+00
484        1.594740000000000046e+00
638        1.594759999999999955e+00
262        1.594840000000000257e+00
1190       1.594840000000000257e+00
1321       1.594900000000000206e+00
610        1.594940000000000024e+00
1254       1.595020000000000104e+00
1253       1.595020000000000104e+00
1280       1.595020000000000104e+00
123        1.595140000000000224e+00
71         1.595239999999999991e+00
361        1.595260000000000122e+00
1200       1.595380000000000242e+00
1158       1.595400000000000151e+00
1278       1.595500000000000140e+00
248        1.595520000000000049e+00
696        1.595560000000000089e+00
1339       1.595560000000000089e+00
1138       1.595679999999999987e+00
1186       1.595679999999999987e+00
1335       1.595679999999999987e+00
1192       1.595720000000000027e+00
649        1.595860000000000056e+00
606        1.595880000000000187e+00
1338       1.595940000000000136e+00
1221       1.596079999999999943e+00
1398       1.596079999999999943e+00
695        1.596120000000000205e+00
1344       1.596120000000000205e+00
257        1.596140000000000114e+00
878        1.596160000000000023e+00
1152       1.596180000000000154e+00
1107       1.596340000000000092e+00
40         1.596360000000000223e+00
641        1.596420000000000172e+00
1118       1.596600000000000241e+00
1145       1.596620000000000150e+00
408        1.596640000000000059e+00
1203       1.596740000000000048e+00
1276       1.596819999999999906e+00
1170       1.596880000000000077e+00
851        1.596920000000000117e+00
261        1.596960000000000157e+00
216        1.597080000000000055e+00
1311       1.597120000000000095e+00
629        1.597140000000000226e+00
1195       1.597160000000000135e+00
1281       1.597280000000000033e+00
995        1.597400000000000153e+00
712        1.597500000000000142e+00
1155       1.597539999999999960e+00
1194       1.597539999999999960e+00
1185       1.597660000000000080e+00
1296       1.597679999999999989e+00
1316       1.597679999999999989e+00
328        1.597739999999999938e+00
39         1.597779999999999978e+00
89         1.598019999999999996e+00
107        1.598079999999999945e+00
1191       1.598079999999999945e+00
1090       1.598100000000000076e+00
251        1.598360000000000225e+00
1165       1.598420000000000174e+00
984        1.598540000000000072e+00
900        1.598759999999999959e+00
1180       1.598819999999999908e+00
1083       1.598940000000000028e+00
1156       1.599260000000000126e+00
704        1.599420000000000064e+00
1345       1.599500000000000144e+00
1356       1.599679999999999991e+00
1193       1.599779999999999980e+00
356        1.599860000000000060e+00
1207       1.599860000000000060e+00
1237       1.599860000000000060e+00
796        1.600019999999999998e+00
423        1.600039999999999907e+00
1125       1.600240000000000107e+00
1219       1.600279999999999925e+00
288        1.600420000000000176e+00
1287       1.600440000000000085e+00
75         1.600540000000000074e+00
1216       1.600780000000000092e+00
1297       1.600900000000000212e+00
1289       1.600900000000000212e+00
280        1.601220000000000088e+00
1227       1.601260000000000128e+00
362        1.601320000000000077e+00
1351       1.601480000000000015e+00
1178       1.601520000000000055e+00
447        1.601620000000000044e+00
1208       1.601640000000000175e+00
1196       1.601700000000000124e+00
1266       1.601700000000000124e+00
28         1.601799999999999891e+00
813        1.601840000000000153e+00
1154       1.601840000000000153e+00
1176       1.601880000000000193e+00
1171       1.601880000000000193e+00
966        1.601979999999999960e+00
1301       1.602000000000000091e+00
1124       1.602340000000000098e+00
111        1.602620000000000156e+00
1317       1.602660000000000196e+00
391        1.602680000000000105e+00
516        1.602700000000000014e+00
745        1.602720000000000145e+00
1153       1.602819999999999911e+00
986        1.602840000000000265e+00
1197       1.603059999999999929e+00
947        1.603160000000000140e+00
1329       1.603160000000000140e+00
1013       1.603260000000000129e+00
1354       1.603440000000000198e+00
1267       1.603799999999999892e+00
1330       1.604260000000000019e+00
1327       1.604260000000000019e+00
1151       1.604620000000000157e+00
1304       1.604740000000000055e+00
1261       1.604819999999999913e+00
1333       1.604860000000000175e+00
567        1.604940000000000033e+00
856        1.605040000000000022e+00
956        1.605040000000000022e+00
1146       1.605220000000000091e+00
1136       1.605220000000000091e+00
710        1.605280000000000040e+00
433        1.605499999999999927e+00
1210       1.605520000000000058e+00
791        1.605620000000000047e+00
1123       1.605640000000000178e+00
26         1.605760000000000076e+00
371        1.605920000000000014e+00
1312       1.605940000000000145e+00
550        1.605960000000000054e+00
1265       1.606060000000000043e+00
1487       1.606180000000000163e+00
1192       1.606480000000000130e+00
1309       1.606579999999999897e+00
847        1.606740000000000057e+00
1222       1.606819999999999915e+00
646        1.606880000000000086e+00
1198       1.606880000000000086e+00
1160       1.607140000000000235e+00
1121       1.607180000000000053e+00
1164       1.607240000000000002e+00
490        1.607299999999999951e+00
1223       1.607380000000000253e+00
1189       1.607400000000000162e+00
425        1.607420000000000071e+00
1320       1.607480000000000020e+00
969        1.607559999999999878e+00
1022       1.607700000000000129e+00
1353       1.607760000000000078e+00
1163       1.607860000000000067e+00
48         1.608200000000000074e+00
1244       1.608300000000000063e+00
1355       1.608300000000000063e+00
1209       1.608460000000000001e+00
557        1.608540000000000081e+00
291        1.608700000000000019e+00
448        1.608720000000000150e+00
686        1.608720000000000150e+00
1277       1.608960000000000168e+00
513        1.609040000000000026e+00
1172       1.609080000000000066e+00
1199       1.609160000000000146e+00
1260       1.609160000000000146e+00
1280       1.609160000000000146e+00
1126       1.609220000000000095e+00
472        1.609319999999999862e+00
285        1.609340000000000215e+00
1131       1.609340000000000215e+00
991        1.609360000000000124e+00
1042       1.609439999999999982e+00
1306       1.609439999999999982e+00
654        1.609520000000000062e+00
13         1.609559999999999880e+00
1093       1.609580000000000011e+00
1002       1.609620000000000051e+00
1203       1.609660000000000091e+00
1232       1.609700000000000131e+00
1278       1.609920000000000018e+00
289        1.610100000000000087e+00
476        1.610180000000000167e+00
1308       1.610200000000000076e+00
1120       1.610219999999999985e+00
1200       1.610360000000000236e+00
401        1.610600000000000254e+00
532        1.610680000000000112e+00
346        1.611020000000000119e+00
1166       1.611559999999999881e+00
1233       1.611660000000000093e+00
1274       1.611880000000000202e+00
690        1.612700000000000022e+00
1341       1.612800000000000011e+00
1348       1.612980000000000080e+00
1313       1.613160000000000149e+00
160        1.613259999999999916e+00
1292       1.613280000000000047e+00
1229       1.613299999999999956e+00
1350       1.613380000000000036e+00
749        1.613520000000000065e+00
175        1.613720000000000043e+00
366        1.613820000000000032e+00
94         1.614120000000000221e+00
1194       1.614260000000000028e+00
1337       1.614440000000000097e+00
1323       1.614460000000000006e+00
252        1.614559999999999995e+00
1124       1.614559999999999995e+00
716        1.614660000000000206e+00
11         1.614759999999999973e+00
1128       1.614800000000000013e+00
1298       1.614920000000000133e+00
1201       1.614960000000000173e+00
1269       1.615020000000000122e+00
226        1.615040000000000031e+00
1045       1.615199999999999969e+00
1226       1.615199999999999969e+00
1095       1.615280000000000049e+00
1322       1.615299999999999958e+00
1165       1.615420000000000078e+00
1159       1.615420000000000078e+00
1297       1.615660000000000096e+00
1268       1.615700000000000136e+00
430        1.615720000000000045e+00
1261       1.615720000000000045e+00
768        1.615799999999999903e+00
1300       1.615840000000000165e+00
149        1.615880000000000205e+00
833        1.615880000000000205e+00
1283       1.615880000000000205e+00
1241       1.615960000000000063e+00
1245       1.616000000000000103e+00
1249       1.616039999999999921e+00
1177       1.616060000000000052e+00
1187       1.616100000000000092e+00
440        1.616260000000000030e+00
757        1.616300000000000070e+00
1214       1.616559999999999997e+00
981        1.616600000000000259e+00
1346       1.616660000000000208e+00
1161       1.616700000000000026e+00
1259       1.616720000000000157e+00
3          1.616780000000000106e+00
1148       1.616780000000000106e+00
988        1.616819999999999924e+00
1228       1.616860000000000186e+00
130        1.616999999999999993e+00
571        1.617120000000000113e+00
1155       1.617220000000000102e+00
1344       1.617380000000000040e+00
1286       1.617400000000000171e+00
1320       1.617400000000000171e+00
1179       1.617499999999999938e+00
454        1.617600000000000149e+00
255        1.617640000000000189e+00
1349       1.617720000000000047e+00
1178       1.617739999999999956e+00
1276       1.617799999999999905e+00
1234       1.617820000000000036e+00
1357       1.617840000000000167e+00
1319       1.618000000000000105e+00
901        1.618079999999999963e+00
1122       1.618100000000000094e+00
1235       1.618100000000000094e+00
1253       1.618100000000000094e+00
1169       1.618180000000000174e+00
657        1.618260000000000032e+00
1267       1.618360000000000243e+00
1231       1.618380000000000152e+00
26         1.618640000000000079e+00
954        1.618640000000000079e+00
1204       1.618700000000000028e+00
1164       1.618880000000000097e+00
1575       1.619480000000000031e+00
1315       1.619600000000000151e+00
1218       1.619720000000000049e+00
202        1.619920000000000027e+00
1211       1.620000000000000107e+00
1270       1.620160000000000045e+00
1255       1.620160000000000045e+00
623        1.620219999999999994e+00
315        1.620300000000000074e+00
633        1.620300000000000074e+00
220        1.620360000000000245e+00
1154       1.620440000000000103e+00
492        1.620660000000000212e+00
1539       1.620880000000000098e+00
468        1.621079999999999854e+00
1220       1.621100000000000207e+00
1130       1.621140000000000025e+00
1082       1.621180000000000065e+00
1302       1.621180000000000065e+00
1158       1.621240000000000014e+00
1263       1.621240000000000014e+00
1240       1.621380000000000043e+00
211        1.621420000000000083e+00
333        1.621499999999999941e+00
342        1.621580000000000021e+00
515        1.621799999999999908e+00
410        1.621960000000000068e+00
724        1.621979999999999977e+00
1238       1.622180000000000177e+00
1          1.622440000000000104e+00
1181       1.622460000000000013e+00
852        1.622700000000000031e+00
701        1.622720000000000162e+00
182        1.622759999999999980e+00
733        1.622759999999999980e+00
1051       1.622800000000000020e+00
1217       1.622920000000000140e+00
1290       1.623019999999999907e+00
110        1.623059999999999947e+00
1264       1.623100000000000209e+00
1172       1.623120000000000118e+00
656        1.623439999999999994e+00
751        1.623439999999999994e+00
1163       1.623580000000000023e+00
262        1.623780000000000001e+00
298        1.623900000000000121e+00
1128       1.623960000000000070e+00
1219       1.624060000000000059e+00
77         1.624219999999999997e+00
1202       1.624640000000000084e+00
1597       1.624680000000000124e+00
1162       1.624700000000000033e+00
1294       1.624819999999999931e+00
495        1.625340000000000229e+00
1268       1.625360000000000138e+00
1309       1.625580000000000025e+00
1376       1.625580000000000025e+00
1316       1.625620000000000065e+00
1094       1.625700000000000145e+00
493        1.625720000000000054e+00
15         1.625880000000000214e+00
1355       1.625880000000000214e+00
525        1.625979999999999981e+00
1328       1.626060000000000061e+00
323        1.626120000000000232e+00
1137       1.626260000000000039e+00
1229       1.626360000000000250e+00
1364       1.626360000000000250e+00
1271       1.626600000000000268e+00
1313       1.626600000000000268e+00
1319       1.626620000000000177e+00
1254       1.626660000000000217e+00
896        1.626800000000000024e+00
1312       1.626819999999999933e+00
207        1.626880000000000104e+00
1335       1.627000000000000002e+00
1502       1.627019999999999911e+00
136        1.627140000000000031e+00
758        1.627180000000000071e+00
1165       1.627240000000000020e+00
1157       1.627380000000000049e+00
1225       1.627439999999999998e+00
1145       1.627460000000000129e+00
117        1.627499999999999947e+00
1459       1.627520000000000078e+00
685        1.627600000000000158e+00
449        1.627620000000000067e+00
1103       1.627760000000000096e+00
1333       1.627760000000000096e+00
1276       1.627960000000000074e+00
1284       1.627960000000000074e+00
1196       1.628180000000000183e+00
897        1.628200000000000092e+00
607        1.628220000000000001e+00
94         1.628260000000000041e+00
649        1.628360000000000252e+00
837        1.628380000000000161e+00
1188       1.628380000000000161e+00
766        1.628480000000000150e+00
1080       1.628720000000000168e+00
1262       1.628900000000000015e+00
1192       1.628980000000000095e+00
1232       1.629000000000000004e+00
871        1.629319999999999879e+00
735        1.629380000000000051e+00
1300       1.629420000000000091e+00
344        1.629440000000000000e+00
82         1.629539999999999988e+00
1233       1.629539999999999988e+00
1010       1.629620000000000068e+00
638        1.629739999999999966e+00
1484       1.629760000000000097e+00
1251       1.629940000000000166e+00
1178       1.630020000000000024e+00
222        1.630060000000000064e+00
974        1.630060000000000064e+00
1032       1.630160000000000053e+00
1356       1.630380000000000162e+00
1258       1.630460000000000020e+00
741        1.630560000000000009e+00
372        1.630819999999999936e+00
1297       1.630840000000000289e+00
530        1.630860000000000198e+00
1310       1.630860000000000198e+00
364        1.630980000000000096e+00
832        1.630980000000000096e+00
767        1.631120000000000125e+00
67         1.631180000000000074e+00
1340       1.631360000000000143e+00
434        1.631460000000000132e+00
1131       1.631620000000000070e+00
1207       1.631739999999999968e+00
1222       1.632060000000000066e+00
679        1.632380000000000164e+00
1204       1.632400000000000073e+00
1180       1.632440000000000113e+00
1242       1.632440000000000113e+00
1231       1.632460000000000022e+00
1292       1.632779999999999898e+00
1338       1.632880000000000109e+00
266        1.633079999999999865e+00
421        1.633160000000000167e+00
1347       1.633160000000000167e+00
225        1.633220000000000116e+00
271        1.633220000000000116e+00
691        1.633499999999999952e+00
886        1.633640000000000203e+00
595        1.634100000000000108e+00
1189       1.634319999999999995e+00
1125       1.634440000000000115e+00
809        1.634579999999999922e+00
1136       1.634779999999999900e+00
1023       1.634880000000000111e+00
1101       1.634880000000000111e+00
1122       1.634940000000000060e+00
1534       1.634940000000000060e+00
579        1.635059999999999958e+00
1241       1.635120000000000129e+00
1249       1.635259999999999936e+00
1308       1.635319999999999885e+00
1250       1.635360000000000147e+00
1314       1.635360000000000147e+00
406        1.635400000000000187e+00
1286       1.635480000000000045e+00
283        1.635660000000000114e+00
62         1.635820000000000052e+00
490        1.635840000000000183e+00
1451       1.635900000000000132e+00
1140       1.635960000000000081e+00
1237       1.636020000000000030e+00
1201       1.636060000000000070e+00
1239       1.636060000000000070e+00
177        1.636079999999999979e+00
381        1.636180000000000190e+00
1171       1.636220000000000008e+00
1164       1.636220000000000008e+00
1194       1.636420000000000208e+00
1298       1.636440000000000117e+00
662        1.636620000000000186e+00
755        1.636620000000000186e+00
1299       1.636700000000000044e+00
1352       1.636700000000000044e+00
1132       1.636840000000000073e+00
492        1.636880000000000113e+00
1318       1.636880000000000113e+00
484        1.636940000000000062e+00
1290       1.636980000000000102e+00
1353       1.637000000000000011e+00
1170       1.637019999999999920e+00
1124       1.637059999999999960e+00
1126       1.637140000000000040e+00
1351       1.637180000000000080e+00
1182       1.637199999999999989e+00
535        1.637280000000000069e+00
836        1.637280000000000069e+00
1168       1.637380000000000058e+00
1123       1.637420000000000098e+00
1208       1.637460000000000138e+00
745        1.637499999999999956e+00
654        1.637520000000000087e+00
1210       1.637520000000000087e+00
1209       1.637559999999999905e+00
929        1.637580000000000036e+00
1324       1.637640000000000207e+00
1130       1.637660000000000116e+00
397        1.637720000000000065e+00
1311       1.637760000000000105e+00
1323       1.637799999999999923e+00
1223       1.637820000000000054e+00
1266       1.637960000000000083e+00
1296       1.638000000000000123e+00
1236       1.638020000000000032e+00
149        1.638039999999999941e+00
1354       1.638060000000000072e+00
1097       1.638140000000000152e+00
110        1.638160000000000061e+00
1244       1.638160000000000061e+00
1155       1.638200000000000101e+00
1211       1.638200000000000101e+00
1161       1.638260000000000050e+00
265        1.638300000000000090e+00
277        1.638360000000000261e+00
921        1.638380000000000170e+00
143        1.638440000000000119e+00
195        1.638460000000000027e+00
586        1.638460000000000027e+00
1227       1.638460000000000027e+00
1224       1.638500000000000068e+00
1263       1.638500000000000068e+00
1301       1.638740000000000085e+00
1157       1.638779999999999903e+00
829        1.638819999999999943e+00
1257       1.638880000000000114e+00
1206       1.638900000000000023e+00
1160       1.638920000000000154e+00
360        1.639040000000000052e+00
1188       1.639040000000000052e+00
1322       1.639059999999999961e+00
375        1.639360000000000150e+00
1183       1.639580000000000037e+00
1144       1.639640000000000208e+00
467        1.639780000000000015e+00
1102       1.639840000000000186e+00
1138       1.639960000000000084e+00
1265       1.639960000000000084e+00
39         1.640039999999999942e+00
1254       1.640120000000000244e+00
1297       1.640360000000000262e+00
684        1.640420000000000211e+00
1174       1.640460000000000029e+00
1238       1.640500000000000069e+00
1303       1.640560000000000018e+00
600        1.640740000000000087e+00
917        1.640740000000000087e+00
1295       1.640740000000000087e+00
355        1.640900000000000025e+00
1306       1.640940000000000065e+00
1111       1.641040000000000054e+00
1220       1.641100000000000225e+00
593        1.641140000000000043e+00
1280       1.641160000000000174e+00
113        1.641259999999999941e+00
1187       1.641299999999999981e+00
1275       1.641380000000000061e+00
305        1.641420000000000101e+00
341        1.641420000000000101e+00
58         1.641440000000000010e+00
1347       1.641440000000000010e+00
571        1.641480000000000050e+00
172        1.641499999999999959e+00
1247       1.641499999999999959e+00
1141       1.641520000000000090e+00
231        1.641539999999999999e+00
1288       1.641539999999999999e+00
1153       1.641600000000000170e+00
396        1.641680000000000028e+00
1006       1.641680000000000028e+00
1156       1.641680000000000028e+00
1343       1.641760000000000108e+00
77         1.641780000000000017e+00
891        1.641799999999999926e+00
1255       1.641799999999999926e+00
920        1.641820000000000057e+00
219        1.641920000000000046e+00
349        1.641960000000000086e+00
1166       1.641960000000000086e+00
1234       1.641979999999999995e+00
1218       1.641979999999999995e+00
253        1.642039999999999944e+00
1075       1.642039999999999944e+00
1235       1.642060000000000075e+00
986        1.642100000000000115e+00
961        1.642120000000000246e+00
1219       1.642120000000000246e+00
1200       1.642180000000000195e+00
51         1.642220000000000013e+00
1150       1.642220000000000013e+00
84         1.642260000000000053e+00
1137       1.642340000000000133e+00
1326       1.642380000000000173e+00
1076       1.642400000000000082e+00
1197       1.642400000000000082e+00
1179       1.642420000000000213e+00
336        1.642460000000000031e+00
1264       1.642500000000000071e+00
1078       1.642519999999999980e+00
273        1.642539999999999889e+00
1146       1.642600000000000060e+00
1355       1.642600000000000060e+00
1204       1.642640000000000100e+00
508        1.642660000000000009e+00
1175       1.642680000000000140e+00
572        1.642719999999999958e+00
545        1.642719999999999958e+00
1127       1.642719999999999958e+00
1252       1.642779999999999907e+00
1327       1.642779999999999907e+00
879        1.642800000000000038e+00
700        1.642840000000000078e+00
530        1.642959999999999976e+00
1071       1.642959999999999976e+00
1346       1.643079999999999874e+00
1325       1.643120000000000136e+00
88         1.643140000000000045e+00
1268       1.643140000000000045e+00
1152       1.643180000000000085e+00
1203       1.643180000000000085e+00
1316       1.643199999999999994e+00
680        1.643240000000000034e+00
251        1.643319999999999892e+00
1279       1.643340000000000245e+00
275        1.643480000000000052e+00
1329       1.643559999999999910e+00
351        1.643580000000000041e+00
284        1.643720000000000070e+00
1274       1.643799999999999928e+00
589        1.643820000000000059e+00
1307       1.643820000000000059e+00
1094       1.643840000000000190e+00
116        1.643979999999999997e+00
1249       1.643979999999999997e+00
866        1.644060000000000077e+00
1131       1.644100000000000117e+00
337        1.644180000000000197e+00
553        1.644180000000000197e+00
583        1.644180000000000197e+00
1193       1.644220000000000015e+00
31         1.644340000000000135e+00
954        1.644340000000000135e+00
1065       1.644340000000000135e+00
322        1.644400000000000084e+00
1173       1.644420000000000215e+00
379        1.644479999999999942e+00
719        1.644500000000000073e+00
15         1.644519999999999982e+00
1202       1.644519999999999982e+00
317        1.644560000000000022e+00
715        1.644860000000000211e+00
385        1.644900000000000029e+00
1267       1.645079999999999876e+00
536        1.645299999999999985e+00
1184       1.645340000000000247e+00
1285       1.645400000000000196e+00
819        1.645420000000000105e+00
797        1.645520000000000094e+00
1292       1.645620000000000083e+00
1116       1.645739999999999981e+00
1214       1.645780000000000021e+00
1161       1.645880000000000232e+00
1302       1.645920000000000050e+00
1134       1.646000000000000130e+00
197        1.646100000000000119e+00
1336       1.646240000000000148e+00
491        1.646440000000000126e+00
1216       1.646539999999999893e+00
1057       1.646980000000000111e+00
1353       1.647019999999999929e+00
1208       1.647040000000000060e+00
515        1.647079999999999878e+00
1145       1.647100000000000231e+00
1020       1.647460000000000147e+00
923        1.647520000000000095e+00
960        1.647540000000000004e+00
475        1.647600000000000176e+00
549        1.647860000000000102e+00
871        1.648100000000000120e+00
1162       1.648100000000000120e+00
1359       1.648180000000000200e+00
1250       1.648279999999999967e+00
783        1.648320000000000007e+00
1186       1.648320000000000007e+00
1253       1.648460000000000036e+00
1291       1.648500000000000076e+00
145        1.648539999999999894e+00
1211       1.648539999999999894e+00
239        1.648620000000000196e+00
1254       1.648640000000000105e+00
1308       1.648660000000000014e+00
1284       1.648700000000000054e+00
454        1.648959999999999981e+00
268        1.649240000000000039e+00
1113       1.649600000000000177e+00
1165       1.649720000000000075e+00
232        1.649820000000000064e+00
579        1.650039999999999951e+00
1086       1.650100000000000122e+00
528        1.650120000000000253e+00
886        1.650160000000000071e+00
1301       1.650160000000000071e+00
64         1.650200000000000111e+00
185        1.650200000000000111e+00
1261       1.650200000000000111e+00
618        1.650279999999999969e+00
1337       1.650279999999999969e+00
1151       1.650320000000000009e+00
63         1.650360000000000271e+00
931        1.650460000000000038e+00
1129       1.650460000000000038e+00
1159       1.650479999999999947e+00
1001       1.650519999999999987e+00
129        1.650560000000000027e+00
1328       1.650560000000000027e+00
1188       1.650579999999999936e+00
810        1.650660000000000016e+00
1313       1.650700000000000056e+00
1226       1.650880000000000125e+00
380        1.650900000000000034e+00
1231       1.650900000000000034e+00
318        1.650940000000000074e+00
1314       1.650940000000000074e+00
1312       1.650980000000000114e+00
676        1.651000000000000023e+00
1335       1.651000000000000023e+00
1068       1.651120000000000143e+00
1009       1.651140000000000052e+00
1354       1.651140000000000052e+00
1245       1.651160000000000183e+00
1215       1.651180000000000092e+00
1348       1.651220000000000132e+00
1341       1.651319999999999899e+00
969        1.651340000000000252e+00
1270       1.651580000000000048e+00
942        1.651620000000000088e+00
526        1.651960000000000095e+00
258        1.652079999999999993e+00
266        1.652220000000000022e+00
294        1.652640000000000109e+00
1099       1.652719999999999967e+00
946        1.652880000000000127e+00
1309       1.653180000000000094e+00
1176       1.653360000000000163e+00
401        1.653620000000000090e+00
1205       1.653700000000000170e+00
1180       1.653739999999999988e+00
1164       1.653739999999999988e+00
809        1.653840000000000199e+00
1148       1.653880000000000239e+00
1138       1.654060000000000086e+00
1227       1.654120000000000257e+00
59         1.654260000000000064e+00
1153       1.654380000000000184e+00
582        1.654400000000000093e+00
1300       1.654519999999999991e+00
1317       1.654539999999999900e+00
617        1.654600000000000071e+00
1166       1.654600000000000071e+00
1241       1.654660000000000020e+00
1293       1.654740000000000100e+00
1036       1.654760000000000009e+00
1140       1.654760000000000009e+00
1268       1.654760000000000009e+00
835        1.654779999999999918e+00
1281       1.654800000000000049e+00
1304       1.654819999999999958e+00
502        1.654840000000000089e+00
1130       1.654880000000000129e+00
1125       1.654900000000000038e+00
1277       1.654959999999999987e+00
1225       1.654980000000000118e+00
973        1.655040000000000067e+00
1174       1.655059999999999976e+00
1349       1.655059999999999976e+00
542        1.655079999999999885e+00
841        1.655319999999999903e+00
869        1.655360000000000165e+00
723        1.655380000000000074e+00
1062       1.655420000000000114e+00
1222       1.655420000000000114e+00
842        1.655480000000000063e+00
1246       1.655580000000000052e+00
1156       1.655600000000000183e+00
54         1.655660000000000132e+00
672        1.655799999999999939e+00
748        1.655820000000000070e+00
1092       1.655840000000000201e+00
1206       1.655840000000000201e+00
19         1.656000000000000139e+00
532        1.656000000000000139e+00
1128       1.656000000000000139e+00
1325       1.656039999999999957e+00
136        1.656120000000000259e+00
1229       1.656740000000000101e+00
1163       1.656760000000000010e+00
1211       1.657240000000000046e+00
1170       1.657420000000000115e+00
428        1.657480000000000064e+00
1330       1.657580000000000053e+00
1139       1.657960000000000100e+00
524        1.658039999999999958e+00
222        1.658340000000000147e+00
1197       1.658460000000000045e+00
766        1.658900000000000041e+00
1142       1.658940000000000081e+00
1264       1.659040000000000070e+00
86         1.659360000000000168e+00
1192       1.659400000000000208e+00
1242       1.659400000000000208e+00
1141       1.659760000000000124e+00
72         1.659840000000000204e+00
1273       1.659880000000000244e+00
491        1.660039999999999960e+00
614        1.660120000000000262e+00
930        1.660120000000000262e+00
955        1.660140000000000171e+00
983        1.660200000000000120e+00
1269       1.660200000000000120e+00
943        1.660220000000000029e+00
82         1.660340000000000149e+00
247        1.660400000000000098e+00
1212       1.660420000000000007e+00
1299       1.660560000000000036e+00
1185       1.660719999999999974e+00
1167       1.660740000000000105e+00
1259       1.660760000000000014e+00
1189       1.660819999999999963e+00
1075       1.660940000000000083e+00
355        1.661059999999999981e+00
177        1.661100000000000243e+00
913        1.661100000000000243e+00
670        1.661200000000000010e+00
1108       1.661220000000000141e+00
1320       1.661220000000000141e+00
1282       1.661280000000000090e+00
1285       1.661340000000000261e+00
1214       1.661400000000000210e+00
46         1.661480000000000068e+00
1177       1.661520000000000108e+00
1335       1.661540000000000017e+00
1155       1.661640000000000228e+00
1257       1.661760000000000126e+00
292        1.661780000000000035e+00
1136       1.661880000000000246e+00
703        1.662039999999999962e+00
1126       1.662140000000000173e+00
1302       1.662440000000000140e+00
275        1.662460000000000049e+00
125        1.662479999999999958e+00
1305       1.662479999999999958e+00
1038       1.662539999999999907e+00
488        1.662560000000000038e+00
760        1.662579999999999947e+00
1137       1.662640000000000118e+00
1181       1.662700000000000067e+00
1265       1.662700000000000067e+00
1239       1.662740000000000107e+00
1292       1.662819999999999965e+00
359        1.662840000000000096e+00
1127       1.662860000000000227e+00
451        1.662880000000000136e+00
138        1.663000000000000034e+00
562        1.663040000000000074e+00
1184       1.663059999999999983e+00
791        1.663180000000000103e+00
1341       1.663259999999999961e+00
203        1.663280000000000092e+00
1175       1.663400000000000212e+00
1232       1.663760000000000128e+00
1098       1.663780000000000037e+00
1228       1.663820000000000077e+00
1344       1.663860000000000117e+00
910        1.663880000000000248e+00
246        1.664000000000000146e+00
1157       1.664020000000000055e+00
739        1.664080000000000004e+00
1027       1.664260000000000073e+00
1201       1.664260000000000073e+00
1359       1.664320000000000022e+00
320        1.664420000000000011e+00
1250       1.664440000000000142e+00
472        1.664620000000000211e+00
15         1.664640000000000120e+00
1000       1.664660000000000029e+00
574        1.664800000000000058e+00
1328       1.664840000000000098e+00
96         1.664880000000000138e+00
1064       1.664940000000000087e+00
1357       1.664940000000000087e+00
1255       1.665180000000000105e+00
207        1.665640000000000231e+00
1347       1.665760000000000129e+00
1348       1.665840000000000209e+00
414        1.665880000000000249e+00
120        1.665940000000000198e+00
1351       1.665999999999999925e+00
1314       1.666140000000000176e+00
820        1.666160000000000085e+00
1133       1.666420000000000012e+00
920        1.666640000000000121e+00
119        1.666740000000000110e+00
78         1.666840000000000099e+00
1571       1.667019999999999946e+00
1256       1.667079999999999895e+00
1172       1.667100000000000248e+00
127        1.667360000000000175e+00
1213       1.667559999999999931e+00
1333       1.667640000000000233e+00
458        1.667760000000000131e+00
1262       1.668520000000000003e+00
407        1.668779999999999930e+00
1303       1.668860000000000232e+00
795        1.668880000000000141e+00
1196       1.668900000000000050e+00
1207       1.668920000000000181e+00
394        1.668980000000000130e+00
1297       1.669040000000000079e+00
1230       1.669160000000000199e+00
1171       1.669180000000000108e+00
1283       1.669180000000000108e+00
1202       1.669400000000000217e+00
1247       1.669460000000000166e+00
779        1.669580000000000064e+00
1168       1.669660000000000144e+00
710        1.669900000000000162e+00
1300       1.670220000000000038e+00
1132       1.670299999999999896e+00
1346       1.670320000000000027e+00
656        1.670360000000000067e+00
1276       1.670420000000000016e+00
909        1.670440000000000147e+00
4          1.670460000000000056e+00
113        1.670460000000000056e+00
1047       1.670640000000000125e+00
22         1.670660000000000034e+00
222        1.670719999999999983e+00
1137       1.670840000000000103e+00
1324       1.670920000000000183e+00
1204       1.670960000000000001e+00
1195       1.671880000000000255e+00
29         1.671960000000000113e+00
758        1.672579999999999956e+00
1158       1.672840000000000105e+00
843        1.672860000000000236e+00
1020       1.672860000000000236e+00
848        1.673280000000000101e+00
708        1.673420000000000130e+00
1191       1.673559999999999937e+00
59         1.673799999999999955e+00
257        1.673799999999999955e+00
723        1.673880000000000035e+00
1273       1.674020000000000064e+00
1181       1.674080000000000013e+00
1188       1.674239999999999950e+00
1336       1.674260000000000081e+00
466        1.674360000000000070e+00
461        1.674779999999999935e+00
1343       1.674800000000000066e+00
1194       1.674819999999999975e+00
1325       1.674880000000000146e+00
1112       1.675220000000000153e+00
1260       1.675259999999999971e+00
190        1.675380000000000091e+00
1296       1.675380000000000091e+00
1067       1.675440000000000040e+00
1598       1.675660000000000149e+00
1131       1.675700000000000189e+00
959        1.675799999999999956e+00
1185       1.675880000000000036e+00
939        1.675920000000000076e+00
1162       1.675920000000000076e+00
803        1.676059999999999883e+00
701        1.676120000000000054e+00
293        1.676160000000000094e+00
1148       1.676220000000000043e+00
1159       1.676220000000000043e+00
1295       1.676220000000000043e+00
473        1.676320000000000032e+00
963        1.676320000000000032e+00
516        1.676340000000000163e+00
534        1.676400000000000112e+00
1311       1.676460000000000061e+00
1121       1.676539999999999919e+00
1339       1.676539999999999919e+00
528        1.676579999999999959e+00
1245       1.676640000000000130e+00
387        1.676660000000000039e+00
851        1.676660000000000039e+00
620        1.676700000000000079e+00
941        1.676700000000000079e+00
1282       1.676819999999999977e+00
129        1.677019999999999955e+00
1228       1.677200000000000024e+00
236        1.677259999999999973e+00
967        1.677319999999999922e+00
1021       1.677340000000000275e+00
1232       1.677380000000000093e+00
594        1.677400000000000224e+00
1124       1.677400000000000224e+00
1208       1.677460000000000173e+00
167        1.677559999999999940e+00
1353       1.677580000000000071e+00
1164       1.677660000000000151e+00
597        1.677680000000000060e+00
218        1.677799999999999958e+00
654        1.677860000000000129e+00
1327       1.677920000000000078e+00
116        1.678020000000000067e+00
152        1.678120000000000056e+00
1015       1.678140000000000187e+00
1253       1.678140000000000187e+00
1135       1.678279999999999994e+00
1249       1.678279999999999994e+00
439        1.678360000000000074e+00
1187       1.678380000000000205e+00
1328       1.678500000000000103e+00
1242       1.678560000000000052e+00
894        1.678579999999999961e+00
1130       1.678700000000000081e+00
1151       1.679280000000000106e+00
907        1.679319999999999924e+00
674        1.679340000000000277e+00
8          1.679360000000000186e+00
82         1.679360000000000186e+00
1193       1.679499999999999993e+00
1235       1.679699999999999971e+00
1312       1.679759999999999920e+00
1319       1.679920000000000080e+00
1138       1.679939999999999989e+00
1271       1.679939999999999989e+00
1302       1.680140000000000189e+00
1169       1.680260000000000087e+00
1210       1.680320000000000036e+00
1337       1.680420000000000025e+00
1317       1.680420000000000025e+00
914        1.680440000000000156e+00
1134       1.680479999999999974e+00
1125       1.680500000000000105e+00
911        1.680520000000000014e+00
1144       1.680520000000000014e+00
1338       1.680520000000000014e+00
1266       1.680539999999999923e+00
676        1.680860000000000243e+00
310        1.680920000000000192e+00
1238       1.680920000000000192e+00
1316       1.680980000000000141e+00
1128       1.681040000000000090e+00
1284       1.681079999999999908e+00
1234       1.681120000000000170e+00
1037       1.681160000000000210e+00
1306       1.681160000000000210e+00
733        1.681240000000000068e+00
485        1.681259999999999977e+00
1223       1.681259999999999977e+00
1212       1.681340000000000279e+00
975        1.681380000000000097e+00
1293       1.681620000000000115e+00
1291       1.681660000000000155e+00
1283       1.681680000000000064e+00
80         1.681699999999999973e+00
1340       1.681740000000000013e+00
10         1.681780000000000053e+00
1265       1.681860000000000133e+00
1154       1.681939999999999991e+00
1142       1.681999999999999940e+00
1308       1.681999999999999940e+00
665        1.682059999999999889e+00
1323       1.682100000000000151e+00
1222       1.682120000000000060e+00
271        1.682160000000000100e+00
301        1.682200000000000140e+00
1156       1.682239999999999958e+00
1107       1.682299999999999907e+00
1241       1.682299999999999907e+00
398        1.682320000000000038e+00
253        1.682340000000000169e+00
1288       1.682340000000000169e+00
1236       1.682360000000000078e+00
1252       1.682360000000000078e+00
1256       1.682400000000000118e+00
1150       1.682420000000000027e+00
696        1.682500000000000107e+00
1186       1.682520000000000016e+00
1216       1.682520000000000016e+00
289        1.682560000000000056e+00
944        1.682579999999999965e+00
1094       1.682600000000000096e+00
1290       1.682600000000000096e+00
172        1.682700000000000085e+00
905        1.682700000000000085e+00
1267       1.682700000000000085e+00
552        1.682719999999999994e+00
860        1.682719999999999994e+00
29         1.682740000000000125e+00
1263       1.682740000000000125e+00
1346       1.682740000000000125e+00
457        1.682800000000000074e+00
261        1.682840000000000114e+00
438        1.682940000000000103e+00
895        1.682980000000000143e+00
1127       1.683100000000000263e+00
1140       1.683120000000000172e+00
1272       1.683160000000000212e+00
443        1.683420000000000138e+00
728        1.683420000000000138e+00
935        1.683480000000000087e+00
593        1.683759999999999923e+00
415        1.683819999999999872e+00
1304       1.683819999999999872e+00
1342       1.683999999999999941e+00
1231       1.684020000000000072e+00
637        1.684120000000000061e+00
1076       1.684160000000000101e+00
1177       1.684320000000000039e+00
1269       1.684320000000000039e+00
738        1.684539999999999926e+00
1143       1.684539999999999926e+00
1203       1.684680000000000177e+00
638        1.684740000000000126e+00
1226       1.684740000000000126e+00
1287       1.684740000000000126e+00
51         1.684779999999999944e+00
479        1.684800000000000075e+00
499        1.684800000000000075e+00
1214       1.684800000000000075e+00
1333       1.684840000000000115e+00
1161       1.684940000000000104e+00
1355       1.685000000000000053e+00
768        1.685060000000000002e+00
694        1.685120000000000173e+00
340        1.685180000000000122e+00
850        1.685259999999999980e+00
1207       1.685360000000000191e+00
45         1.685380000000000100e+00
861        1.685380000000000100e+00
1427       1.685420000000000140e+00
1123       1.685460000000000180e+00
586        1.685720000000000107e+00
1172       1.685720000000000107e+00
1153       1.685759999999999925e+00
1139       1.685840000000000227e+00
1310       1.685920000000000085e+00
915        1.685999999999999943e+00
1446       1.686080000000000023e+00
1324       1.686160000000000103e+00
1199       1.686239999999999961e+00
854        1.686260000000000092e+00
897        1.686299999999999910e+00
214        1.686340000000000172e+00
445        1.686579999999999968e+00
1132       1.686640000000000139e+00
685        1.686680000000000179e+00
513        1.686700000000000088e+00
1344       1.686800000000000077e+00
788        1.686840000000000117e+00
996        1.687079999999999913e+00
1460       1.687200000000000033e+00
273        1.687340000000000284e+00
531        1.687340000000000284e+00
1341       1.687420000000000142e+00
348        1.687460000000000182e+00
1152       1.687480000000000091e+00
833        1.687640000000000029e+00
1185       1.687720000000000109e+00
1357       1.687720000000000109e+00
1350       1.687740000000000018e+00
1181       1.687780000000000058e+00
878        1.687880000000000047e+00
213        1.687900000000000178e+00
1069       1.687939999999999996e+00
274        1.687980000000000036e+00
106        1.688020000000000076e+00
1157       1.688039999999999985e+00
221        1.688080000000000025e+00
1180       1.688080000000000025e+00
1077       1.688680000000000181e+00
1296       1.688740000000000130e+00
778        1.688900000000000068e+00
1348       1.688940000000000108e+00
1255       1.688960000000000017e+00
1299       1.688960000000000017e+00
927        1.688980000000000148e+00
1215       1.688980000000000148e+00
1146       1.689000000000000057e+00
1129       1.689100000000000268e+00
1151       1.689220000000000166e+00
1171       1.689240000000000075e+00
1284       1.689280000000000115e+00
216        1.689340000000000286e+00
1212       1.689380000000000104e+00
1130       1.689400000000000235e+00
1229       1.689440000000000053e+00
1289       1.689480000000000093e+00
330        1.689519999999999911e+00
804        1.689559999999999951e+00
771        1.689579999999999860e+00
590        1.689600000000000213e+00
1339       1.689699999999999980e+00
1233       1.689740000000000020e+00
1038       1.689799999999999969e+00
1198       1.689860000000000140e+00
1115       1.689900000000000180e+00
1276       1.689939999999999998e+00
1227       1.690020000000000078e+00
453        1.690059999999999896e+00
12         1.690260000000000096e+00
1359       1.690299999999999914e+00
859        1.690320000000000045e+00
143        1.690340000000000176e+00
1320       1.690340000000000176e+00
1205       1.690380000000000216e+00
1174       1.690400000000000125e+00
1334       1.690400000000000125e+00
556        1.690440000000000165e+00
1147       1.690440000000000165e+00
538        1.690600000000000103e+00
302        1.690620000000000234e+00
1271       1.690680000000000183e+00
1294       1.690680000000000183e+00
1182       1.690700000000000092e+00
1246       1.690760000000000041e+00
1159       1.690779999999999950e+00
382        1.690800000000000081e+00
1327       1.690800000000000081e+00
1358       1.690800000000000081e+00
1141       1.690819999999999990e+00
1318       1.690819999999999990e+00
798        1.690900000000000070e+00
1237       1.690960000000000019e+00
465        1.691000000000000059e+00
866        1.691019999999999968e+00
1121       1.691040000000000099e+00
838        1.691079999999999917e+00
901        1.691100000000000270e+00
1261       1.691100000000000270e+00
912        1.691120000000000179e+00
36         1.691140000000000088e+00
1125       1.691140000000000088e+00
1225       1.691140000000000088e+00
519        1.691160000000000219e+00
948        1.691180000000000128e+00
1179       1.691220000000000168e+00
1148       1.691400000000000237e+00
1165       1.691440000000000055e+00
1155       1.691440000000000055e+00
1223       1.691500000000000004e+00
1220       1.691500000000000004e+00
1167       1.691579999999999862e+00
780        1.691600000000000215e+00
1197       1.691620000000000124e+00
1347       1.691620000000000124e+00
515        1.691799999999999971e+00
832        1.691980000000000040e+00
1200       1.691980000000000040e+00
1217       1.692340000000000177e+00
1293       1.692360000000000086e+00
1286       1.692420000000000035e+00
118        1.692460000000000075e+00
1145       1.692500000000000115e+00
1240       1.692520000000000024e+00
423        1.692900000000000071e+00
913        1.692920000000000202e+00
580        1.692960000000000020e+00
405        1.693040000000000100e+00
444        1.693160000000000220e+00
1303       1.693180000000000129e+00
392        1.693300000000000027e+00
1301       1.693319999999999936e+00
679        1.693500000000000005e+00
1256       1.693640000000000034e+00
1066       1.693799999999999972e+00
157        1.694180000000000019e+00
758        1.694380000000000219e+00
1332       1.694620000000000237e+00
682        1.694640000000000146e+00
1307       1.694740000000000135e+00
144        1.694940000000000113e+00
1163       1.694980000000000153e+00
1249       1.695240000000000080e+00
1024       1.695380000000000109e+00
1239       1.695480000000000098e+00
76         1.695620000000000127e+00
1278       1.695680000000000076e+00
736        1.696100000000000163e+00
1164       1.696140000000000203e+00
616        1.696260000000000101e+00
371        1.696280000000000010e+00
651        1.696420000000000039e+00
1208       1.696460000000000079e+00
1298       1.696479999999999988e+00
1245       1.696539999999999937e+00
1316       1.696560000000000068e+00
1288       1.696640000000000148e+00
714        1.696800000000000086e+00
732        1.696940000000000115e+00
1264       1.696940000000000115e+00
283        1.697000000000000064e+00
1137       1.697019999999999973e+00
1216       1.697040000000000104e+00
1346       1.697120000000000184e+00
737        1.697220000000000173e+00
853        1.697459999999999969e+00
281        1.697579999999999867e+00
774        1.697620000000000129e+00
695        1.697819999999999885e+00
1302       1.697840000000000238e+00
841        1.697880000000000056e+00
1160       1.697900000000000187e+00
508        1.697980000000000045e+00
1333       1.698020000000000085e+00
836        1.698120000000000074e+00
990        1.698120000000000074e+00
1230       1.698360000000000092e+00
1027       1.698579999999999979e+00
1049       1.698640000000000150e+00
187        1.698720000000000008e+00
1168       1.698819999999999997e+00
242        1.698900000000000077e+00
992        1.698940000000000117e+00
1162       1.699000000000000066e+00
1125       1.699219999999999953e+00
1233       1.699300000000000033e+00
172        1.699319999999999942e+00
413        1.699319999999999942e+00
1228       1.699480000000000102e+00
1257       1.699480000000000102e+00
442        1.699519999999999920e+00
1258       1.699759999999999938e+00
1323       1.700039999999999996e+00
590        1.700100000000000167e+00
1270       1.700120000000000076e+00
1345       1.700140000000000207e+00
811        1.700220000000000065e+00
1250       1.700220000000000065e+00
703        1.700340000000000185e+00
1132       1.700380000000000225e+00
439        1.700440000000000174e+00
7          1.700479999999999992e+00
333        1.700479999999999992e+00
303        1.700500000000000123e+00
1349       1.700500000000000123e+00
632        1.700520000000000032e+00
1296       1.700640000000000152e+00
1050       1.700660000000000061e+00
393        1.700700000000000101e+00
1146       1.700779999999999959e+00
1272       1.700819999999999999e+00
472        1.700880000000000170e+00
1342       1.700880000000000170e+00
1214       1.700920000000000210e+00
259        1.701000000000000068e+00
893        1.701040000000000108e+00
1135       1.701040000000000108e+00
1310       1.701079999999999925e+00
1247       1.701100000000000279e+00
424        1.701120000000000188e+00
1300       1.701160000000000228e+00
712        1.701180000000000136e+00
1063       1.701240000000000085e+00
272        1.701319999999999943e+00
870        1.701540000000000052e+00
1085       1.701540000000000052e+00
1308       1.701699999999999990e+00
1266       1.702140000000000208e+00
1166       1.702180000000000026e+00
1178       1.702260000000000106e+00
698        1.702299999999999924e+00
1191       1.702320000000000055e+00
729        1.702340000000000186e+00
1064       1.702479999999999993e+00
1337       1.702579999999999982e+00
52         1.702760000000000051e+00
1225       1.702760000000000051e+00
455        1.702960000000000029e+00
1143       1.702980000000000160e+00
908        1.703100000000000280e+00
130        1.703120000000000189e+00
459        1.703120000000000189e+00
1106       1.703319999999999945e+00
506        1.703459999999999974e+00
1202       1.703500000000000014e+00
1121       1.704100000000000170e+00
37         1.704239999999999977e+00
733        1.704380000000000228e+00
1182       1.704400000000000137e+00
1040       1.704560000000000075e+00
789        1.704640000000000155e+00
1154       1.704720000000000013e+00
1317       1.704720000000000013e+00
40         1.704940000000000122e+00
1224       1.704940000000000122e+00
454        1.705079999999999929e+00
55         1.705240000000000089e+00
48         1.705279999999999907e+00
339        1.705300000000000038e+00
97         1.705860000000000154e+00
1246       1.706020000000000092e+00
1274       1.706280000000000019e+00
1193       1.706320000000000059e+00
1196       1.706340000000000190e+00
1131       1.706400000000000139e+00
1328       1.706400000000000139e+00
1330       1.706600000000000117e+00
1092       1.706700000000000106e+00
1241       1.706740000000000146e+00
1158       1.706800000000000095e+00
1226       1.706880000000000175e+00
502        1.706940000000000124e+00
161        1.707060000000000022e+00
246        1.707140000000000102e+00
407        1.707200000000000051e+00
1287       1.707440000000000069e+00
1244       1.707459999999999978e+00
1139       1.707519999999999927e+00
1081       1.707579999999999876e+00
1350       1.707819999999999894e+00
323        1.707920000000000105e+00
898        1.708299999999999930e+00
977        1.708740000000000148e+00
1279       1.708779999999999966e+00
779        1.708800000000000097e+00
1207       1.708800000000000097e+00
1339       1.709019999999999984e+00
159        1.709140000000000104e+00
1290       1.709260000000000002e+00
962        1.709340000000000082e+00
854        1.709360000000000213e+00
1400       1.709380000000000122e+00
1230       1.709459999999999980e+00
1171       1.709519999999999929e+00
1161       1.709640000000000049e+00
1219       1.709640000000000049e+00
146        1.709680000000000089e+00
1053       1.709699999999999998e+00
945        1.709840000000000249e+00
1292       1.709999999999999964e+00
1305       1.710040000000000004e+00
864        1.710120000000000084e+00
1299       1.710140000000000216e+00
1082       1.710280000000000022e+00
1295       1.710299999999999931e+00
1208       1.710380000000000233e+00
1354       1.710520000000000040e+00
1024       1.710539999999999949e+00
1152       1.710600000000000120e+00
792        1.710800000000000098e+00
1126       1.710800000000000098e+00
672        1.710860000000000269e+00
1228       1.710979999999999945e+00
236        1.711019999999999985e+00
1252       1.711019999999999985e+00
816        1.711060000000000025e+00
885        1.711100000000000065e+00
1130       1.711160000000000014e+00
1201       1.711240000000000094e+00
801        1.711400000000000032e+00
481        1.711500000000000021e+00
1301       1.711579999999999879e+00
867        1.711699999999999999e+00
997        1.711699999999999999e+00
1257       1.711740000000000039e+00
1127       1.711799999999999988e+00
1353       1.712100000000000177e+00
1209       1.712120000000000086e+00
632        1.712140000000000217e+00
387        1.712220000000000075e+00
596        1.712239999999999984e+00
1210       1.712360000000000104e+00
1176       1.712520000000000042e+00
1351       1.712600000000000122e+00
1088       1.712640000000000162e+00
382        1.712660000000000071e+00
1072       1.712680000000000202e+00
1352       1.712800000000000100e+00
80         1.712840000000000140e+00
937        1.713180000000000147e+00
1175       1.713219999999999965e+00
652        1.713400000000000034e+00
1156       1.713420000000000165e+00
1265       1.713559999999999972e+00
1415       1.713680000000000092e+00
1238       1.713819999999999899e+00
1154       1.714020000000000099e+00
265        1.714040000000000008e+00
115        1.714200000000000168e+00
1282       1.714239999999999986e+00
1273       1.714320000000000066e+00
1022       1.714360000000000106e+00
1239       1.714420000000000055e+00
79         1.714460000000000095e+00
489        1.714460000000000095e+00
356        1.714500000000000135e+00
720        1.714500000000000135e+00
1264       1.714500000000000135e+00
1199       1.714560000000000084e+00
659        1.714579999999999993e+00
1261       1.714660000000000073e+00
464        1.714700000000000113e+00
244        1.714779999999999971e+00
953        1.714799999999999880e+00
723        1.714840000000000142e+00
637        1.715100000000000069e+00
1215       1.715219999999999967e+00
1260       1.715340000000000087e+00
1340       1.715360000000000218e+00
1142       1.715400000000000036e+00
1165       1.715459999999999985e+00
799        1.715500000000000025e+00
1268       1.715600000000000236e+00
1262       1.715640000000000054e+00
1284       1.715680000000000094e+00
1153       1.715740000000000043e+00
1005       1.715759999999999952e+00
1338       1.715759999999999952e+00
539        1.715780000000000083e+00
1489       1.715780000000000083e+00
983        1.715920000000000112e+00
930        1.715940000000000021e+00
1259       1.715940000000000021e+00
455        1.715999999999999970e+00
725        1.715999999999999970e+00
1068       1.715999999999999970e+00
688        1.716020000000000101e+00
1307       1.716059999999999919e+00
239        1.716100000000000181e+00
1319       1.716239999999999988e+00
325        1.716260000000000119e+00
1235       1.716280000000000028e+00
631        1.716299999999999937e+00
1185       1.716320000000000068e+00
1223       1.716340000000000199e+00
1244       1.716380000000000239e+00
514        1.716500000000000137e+00
1253       1.716539999999999955e+00
46         1.716560000000000086e+00
1206       1.716579999999999995e+00
1326       1.716640000000000166e+00
478        1.716700000000000115e+00
1255       1.716720000000000024e+00
358        1.716740000000000155e+00
1162       1.716979999999999951e+00
1216       1.717000000000000082e+00
197        1.717060000000000031e+00
1148       1.717100000000000071e+00
1336       1.717219999999999969e+00
564        1.717300000000000049e+00
1242       1.717400000000000038e+00
1120       1.717420000000000169e+00
531        1.717480000000000118e+00
1317       1.717480000000000118e+00
761        1.717500000000000027e+00
1164       1.717579999999999885e+00
395        1.717620000000000147e+00
1347       1.717780000000000085e+00
406        1.717799999999999994e+00
431        1.717980000000000063e+00
1320       1.718040000000000012e+00
895        1.718059999999999921e+00
525        1.718100000000000183e+00
1034       1.718100000000000183e+00
1039       1.718140000000000223e+00
1344       1.718140000000000223e+00
748        1.718220000000000081e+00
1097       1.718380000000000241e+00
1064       1.718400000000000150e+00
1337       1.718400000000000150e+00
926        1.718480000000000008e+00
554        1.718500000000000139e+00
1303       1.718539999999999957e+00
880        1.718579999999999997e+00
933        1.718579999999999997e+00
1267       1.718620000000000259e+00
28         1.718660000000000077e+00
1243       1.718779999999999974e+00
960        1.719420000000000170e+00
342        1.719459999999999988e+00
1224       1.719500000000000028e+00
1161       1.719540000000000068e+00
1271       1.719660000000000188e+00
1181       1.719940000000000024e+00
702        1.720360000000000111e+00
1302       1.720940000000000136e+00
1134       1.721019999999999994e+00
1354       1.721160000000000023e+00
1285       1.721700000000000008e+00
887        1.721999999999999975e+00
1214       1.722820000000000018e+00
9          1.722960000000000047e+00
1331       1.723000000000000087e+00
1166       1.723079999999999945e+00
1335       1.723160000000000025e+00
1258       1.723319999999999963e+00
1342       1.723360000000000225e+00
1145       1.723459999999999992e+00
921        1.723500000000000032e+00
1230       1.723519999999999941e+00
91         1.723559999999999981e+00
1141       1.723559999999999981e+00
728        1.723740000000000050e+00
301        1.724440000000000195e+00
573        1.724440000000000195e+00
1341       1.724440000000000195e+00
1374       1.724460000000000104e+00
1315       1.724480000000000013e+00
463        1.724500000000000144e+00
411        1.724920000000000009e+00
1212       1.725000000000000089e+00
1171       1.725180000000000158e+00
1289       1.725240000000000107e+00
90         1.725300000000000056e+00
344        1.725300000000000056e+00
1182       1.725319999999999965e+00
1160       1.725380000000000136e+00
178        1.725500000000000034e+00
1348       1.725519999999999943e+00
1333       1.725579999999999892e+00
692        1.725600000000000245e+00
1136       1.725620000000000154e+00
1144       1.725660000000000194e+00
1307       1.725720000000000143e+00
1122       1.725780000000000092e+00
1276       1.725900000000000212e+00
1343       1.725920000000000121e+00
993        1.726040000000000019e+00
1235       1.726100000000000190e+00
1547       1.726140000000000230e+00
1125       1.726180000000000048e+00
555        1.726220000000000088e+00
1295       1.726220000000000088e+00
1463       1.726220000000000088e+00
1121       1.726239999999999997e+00
1269       1.726260000000000128e+00
1215       1.726340000000000208e+00
273        1.726360000000000117e+00
1250       1.726360000000000117e+00
635        1.726460000000000106e+00
1346       1.726460000000000106e+00
1337       1.726500000000000146e+00
1158       1.726620000000000044e+00
445        1.726679999999999993e+00
1308       1.726840000000000153e+00
101        1.726860000000000062e+00
1542       1.726860000000000062e+00
1192       1.727319999999999967e+00
1244       1.727480000000000127e+00
720        1.727559999999999985e+00
1309       1.727780000000000094e+00
674        1.727940000000000031e+00
1261       1.728260000000000129e+00
1275       1.728380000000000249e+00
1221       1.728460000000000107e+00
1191       1.728660000000000085e+00
413        1.728760000000000074e+00
1220       1.729120000000000212e+00
1073       1.729519999999999946e+00
1259       1.729579999999999895e+00
646        1.729600000000000248e+00
1131       1.729600000000000248e+00
1300       1.729660000000000197e+00
650        1.729700000000000015e+00
211        1.729720000000000146e+00
667        1.729780000000000095e+00
123        1.729800000000000004e+00
468        1.729819999999999913e+00
1357       1.729840000000000266e+00
910        1.729999999999999982e+00
785        1.730020000000000113e+00
103        1.730059999999999931e+00
424        1.730160000000000142e+00
929        1.730160000000000142e+00
746        1.730180000000000051e+00
938        1.730220000000000091e+00
372        1.730240000000000000e+00
712        1.730280000000000040e+00
1165       1.730280000000000040e+00
1227       1.730320000000000080e+00
1311       1.730320000000000080e+00
1335       1.730360000000000120e+00
706        1.730460000000000109e+00
1325       1.730499999999999927e+00
1297       1.730679999999999996e+00
1206       1.730700000000000127e+00
500        1.730720000000000036e+00
1146       1.730799999999999894e+00
679        1.730820000000000025e+00
718        1.730840000000000156e+00
1225       1.730880000000000196e+00
726        1.730920000000000014e+00
1304       1.731140000000000123e+00
1168       1.731360000000000232e+00
479        1.731380000000000141e+00
70         1.731420000000000181e+00
1330       1.731420000000000181e+00
373        1.731459999999999999e+00
1222       1.731459999999999999e+00
53         1.731600000000000250e+00
483        1.731880000000000086e+00
803        1.731920000000000126e+00
270        1.731999999999999984e+00
345        1.732140000000000235e+00
1126       1.732380000000000253e+00
489        1.732580000000000009e+00
1169       1.732679999999999998e+00
1170       1.733000000000000096e+00
1197       1.733039999999999914e+00
1260       1.733039999999999914e+00
1328       1.733120000000000216e+00
1209       1.733140000000000125e+00
659        1.733360000000000234e+00
1329       1.733440000000000092e+00
776        1.733680000000000110e+00
1010       1.733680000000000110e+00
1134       1.733720000000000150e+00
592        1.733759999999999968e+00
1336       1.733940000000000037e+00
1359       1.733940000000000037e+00
192        1.734040000000000026e+00
710        1.734040000000000026e+00
1180       1.734100000000000197e+00
1299       1.734120000000000106e+00
1342       1.734220000000000095e+00
363        1.734260000000000135e+00
1242       1.734420000000000073e+00
1162       1.734460000000000113e+00
1226       1.734480000000000022e+00
197        1.734520000000000062e+00
1257       1.734539999999999971e+00
447        1.734559999999999880e+00
1290       1.734660000000000091e+00
1189       1.734779999999999989e+00
1298       1.734860000000000069e+00
8          1.734979999999999967e+00
868        1.734979999999999967e+00
0          1.735140000000000127e+00
1236       1.735260000000000025e+00
61         1.735300000000000065e+00
850        1.735319999999999974e+00
1249       1.735540000000000083e+00
1188       1.735800000000000010e+00
1167       1.736299999999999955e+00
565        1.736319999999999864e+00
1141       1.736380000000000035e+00
1177       1.736580000000000013e+00
1263       1.736660000000000093e+00
1147       1.736760000000000081e+00
1251       1.737480000000000135e+00
452        1.738080000000000069e+00
1174       1.738120000000000109e+00
1296       1.738420000000000076e+00
1324       1.738420000000000076e+00
1273       1.738539999999999974e+00
110        1.738640000000000185e+00
1208       1.738700000000000134e+00
532        1.738820000000000032e+00
1282       1.738860000000000072e+00
1337       1.738860000000000072e+00
1349       1.739000000000000101e+00
1213       1.739020000000000010e+00
845        1.739039999999999919e+00
1135       1.739120000000000221e+00
609        1.739500000000000046e+00
412        1.739620000000000166e+00
1217       1.739980000000000082e+00
1314       1.740140000000000242e+00
761        1.740259999999999918e+00
1252       1.740259999999999918e+00
1195       1.740299999999999958e+00
1151       1.740340000000000220e+00
1332       1.740360000000000129e+00
1082       1.740400000000000169e+00
1166       1.740400000000000169e+00
806        1.740439999999999987e+00
170        1.740460000000000118e+00
559        1.740460000000000118e+00
908        1.740460000000000118e+00
362        1.740559999999999885e+00
1354       1.740620000000000056e+00
403        1.740640000000000187e+00
1291       1.740680000000000005e+00
1127       1.740700000000000136e+00
212        1.740720000000000045e+00
1092       1.740920000000000023e+00
1239       1.740940000000000154e+00
417        1.741020000000000012e+00
43         1.741039999999999921e+00
618        1.741039999999999921e+00
1060       1.741039999999999921e+00
320        1.741079999999999961e+00
865        1.741200000000000081e+00
1200       1.741200000000000081e+00
89         1.741360000000000241e+00
1194       1.741360000000000241e+00
1465       1.741380000000000150e+00
892        1.741420000000000190e+00
279        1.741460000000000008e+00
815        1.741480000000000139e+00
1330       1.741480000000000139e+00
847        1.741519999999999957e+00
935        1.741519999999999957e+00
1306       1.741600000000000259e+00
463        1.741680000000000117e+00
1266       1.741680000000000117e+00
513        1.741700000000000026e+00
647        1.741720000000000157e+00
520        1.741759999999999975e+00
1325       1.741780000000000106e+00
641        1.741880000000000095e+00
1229       1.741940000000000044e+00
1234       1.741960000000000175e+00
1286       1.741980000000000084e+00
1345       1.741980000000000084e+00
1254       1.741999999999999993e+00
265        1.742120000000000113e+00
509        1.742160000000000153e+00
632        1.742199999999999971e+00
900        1.742199999999999971e+00
1149       1.742220000000000102e+00
1207       1.742220000000000102e+00
1125       1.742240000000000011e+00
1160       1.742299999999999960e+00
503        1.742360000000000131e+00
1301       1.742420000000000080e+00
1148       1.742460000000000120e+00
569        1.742580000000000018e+00
1310       1.742580000000000018e+00
1350       1.742580000000000018e+00
1255       1.742620000000000058e+00
950        1.742799999999999905e+00
214        1.742820000000000036e+00
310        1.742860000000000076e+00
1161       1.742880000000000207e+00
954        1.742920000000000025e+00
1277       1.742940000000000156e+00
1150       1.742979999999999974e+00
1304       1.742979999999999974e+00
377        1.743100000000000094e+00
1284       1.743100000000000094e+00
217        1.743120000000000225e+00
1319       1.743120000000000225e+00
163        1.743219999999999992e+00
1256       1.743240000000000123e+00
472        1.743300000000000072e+00
1253       1.743400000000000061e+00
1503       1.743579999999999908e+00
1178       1.743759999999999977e+00
42         1.743800000000000017e+00
410        1.743880000000000097e+00
1172       1.743940000000000046e+00
1258       1.743940000000000046e+00
1357       1.743940000000000046e+00
1260       1.744040000000000035e+00
1358       1.744079999999999853e+00
489        1.744100000000000206e+00
1233       1.744180000000000064e+00
1343       1.744220000000000104e+00
1196       1.744259999999999922e+00
387        1.744400000000000173e+00
45         1.744480000000000031e+00
68         1.744580000000000020e+00
1222       1.744680000000000009e+00
1199       1.745180000000000176e+00
697        1.745240000000000125e+00
1181       1.745380000000000154e+00
963        1.745400000000000063e+00
1164       1.745420000000000194e+00
1214       1.745579999999999909e+00
1183       1.745640000000000081e+00
1095       1.745680000000000121e+00
1040       1.745700000000000029e+00
1236       1.745700000000000029e+00
1163       1.745780000000000109e+00
1305       1.745780000000000109e+00
864        1.745840000000000281e+00
1193       1.746020000000000127e+00
1280       1.746199999999999974e+00
1344       1.746240000000000014e+00
408        1.746319999999999872e+00
1155       1.746400000000000174e+00
1142       1.746539999999999981e+00
1134       1.746600000000000152e+00
677        1.746640000000000192e+00
1328       1.746760000000000090e+00
1303       1.746860000000000079e+00
1232       1.746880000000000210e+00
1356       1.746920000000000028e+00
680        1.747300000000000075e+00
1340       1.747340000000000115e+00
1154       1.747440000000000104e+00
1132       1.747519999999999962e+00
1245       1.747579999999999911e+00
1298       1.747600000000000264e+00
1297       1.747680000000000122e+00
627        1.747700000000000031e+00
1139       1.747759999999999980e+00
740        1.748019999999999907e+00
1159       1.748079999999999856e+00
1049       1.748280000000000056e+00
549        1.748360000000000136e+00
1243       1.748380000000000045e+00
817        1.748660000000000103e+00
795        1.748799999999999910e+00
1289       1.748920000000000030e+00
208        1.749060000000000059e+00
1130       1.749079999999999968e+00
1321       1.749160000000000048e+00
564        1.749620000000000175e+00
1167       1.749900000000000233e+00
522        1.750100000000000211e+00
1216       1.750600000000000156e+00
1268       1.750979999999999981e+00
1359       1.751000000000000112e+00
692        1.751060000000000061e+00
1174       1.751160000000000050e+00
169        1.751180000000000181e+00
850        1.751240000000000130e+00
1208       1.751319999999999988e+00
673        1.751480000000000148e+00
1320       1.751620000000000177e+00
924        1.751720000000000166e+00
237        1.751900000000000235e+00
1336       1.752019999999999911e+00
173        1.752240000000000020e+00
1204       1.752480000000000038e+00
1347       1.752499999999999947e+00
1315       1.752860000000000085e+00
1230       1.752979999999999983e+00
713        1.753180000000000183e+00
1257       1.753360000000000252e+00
1192       1.753400000000000070e+00
164        1.753420000000000201e+00
158        1.753480000000000150e+00
1323       1.753480000000000150e+00
1259       1.753860000000000197e+00
1144       1.753959999999999964e+00
462        1.753980000000000095e+00
1220       1.754220000000000113e+00
1179       1.754680000000000017e+00
467        1.754820000000000046e+00
1169       1.755060000000000064e+00
1307       1.755180000000000184e+00
1352       1.755440000000000111e+00
1136       1.755540000000000100e+00
1285       1.756100000000000216e+00
1246       1.756180000000000074e+00
1231       1.756780000000000008e+00
1548       1.756799999999999917e+00
1263       1.756840000000000179e+00
157        1.756860000000000088e+00
612        1.756940000000000168e+00
390        1.757180000000000186e+00
282        1.757260000000000044e+00
818        1.757279999999999953e+00
1329       1.757440000000000113e+00
1236       1.757500000000000062e+00
768        1.757720000000000171e+00
1211       1.757740000000000080e+00
1224       1.757780000000000120e+00
1310       1.757800000000000029e+00
70         1.758000000000000007e+00
1189       1.758040000000000047e+00
1292       1.758220000000000116e+00
562        1.758319999999999883e+00
997        1.758400000000000185e+00
1533       1.758440000000000003e+00
1326       1.758460000000000134e+00
1265       1.758600000000000163e+00
1213       1.758739999999999970e+00
867        1.758760000000000101e+00
1288       1.758900000000000130e+00
933        1.758920000000000039e+00
1129       1.758979999999999988e+00
1318       1.759319999999999995e+00
1212       1.759480000000000155e+00
174        1.759660000000000224e+00
118        1.759720000000000173e+00
806        1.759759999999999991e+00
1163       1.759800000000000031e+00
899        1.760019999999999918e+00
1305       1.760019999999999918e+00
1078       1.760059999999999958e+00
948        1.760140000000000038e+00
1316       1.760140000000000038e+00
1234       1.760220000000000118e+00
97         1.760280000000000067e+00
1181       1.760480000000000045e+00
1120       1.760620000000000074e+00
1071       1.760700000000000154e+00
1328       1.760760000000000103e+00
1168       1.760940000000000172e+00
1225       1.760960000000000081e+00
1358       1.761039999999999939e+00
423        1.761060000000000070e+00
1201       1.761060000000000070e+00
1295       1.761120000000000241e+00
1202       1.761140000000000150e+00
1353       1.761140000000000150e+00
1281       1.761160000000000059e+00
324        1.761200000000000099e+00
1198       1.761240000000000139e+00
1016       1.761300000000000088e+00
1460       1.761440000000000117e+00
687        1.761560000000000015e+00
1110       1.761600000000000277e+00
36         1.761680000000000135e+00
101        1.761860000000000204e+00
1339       1.761900000000000022e+00
1186       1.762120000000000131e+00
1282       1.762499999999999956e+00
875        1.762539999999999996e+00
1235       1.762660000000000116e+00
846        1.762720000000000065e+00
1215       1.762720000000000065e+00
1145       1.762760000000000105e+00
1355       1.762780000000000014e+00
266        1.763039999999999941e+00
1208       1.763180000000000192e+00
1100       1.763300000000000090e+00
37         1.763319999999999999e+00
1219       1.763519999999999976e+00
1128       1.763680000000000136e+00
23         1.763700000000000045e+00
789        1.763920000000000154e+00
947        1.764280000000000070e+00
1260       1.764380000000000059e+00
385        1.764420000000000099e+00
1356       1.764420000000000099e+00
46         1.764640000000000208e+00
1291       1.764739999999999975e+00
1221       1.764840000000000186e+00
1251       1.765340000000000131e+00
1542       1.765460000000000029e+00
1183       1.765480000000000160e+00
1280       1.765519999999999978e+00
1341       1.765840000000000076e+00
1172       1.765959999999999974e+00
697        1.766079999999999872e+00
196        1.766240000000000032e+00
1258       1.766299999999999981e+00
1347       1.766440000000000010e+00
1257       1.766499999999999959e+00
991        1.766559999999999908e+00
1270       1.766580000000000039e+00
996        1.766700000000000159e+00
1238       1.766799999999999926e+00
1224       1.766940000000000177e+00
1103       1.767279999999999962e+00
1343       1.767320000000000002e+00
507        1.767620000000000191e+00
1241       1.767620000000000191e+00
1313       1.767840000000000078e+00
1239       1.767860000000000209e+00
1142       1.767940000000000067e+00
1453       1.768140000000000045e+00
1174       1.768160000000000176e+00
820        1.768199999999999994e+00
1274       1.768240000000000034e+00
1177       1.768259999999999943e+00
667        1.768319999999999892e+00
138        1.768360000000000154e+00
1288       1.768380000000000063e+00
1334       1.768380000000000063e+00
895        1.768400000000000194e+00
1322       1.768420000000000103e+00
1350       1.768520000000000092e+00
1262       1.768700000000000161e+00
811        1.768760000000000110e+00
410        1.768860000000000099e+00
396        1.768880000000000230e+00
1254       1.768880000000000230e+00
1346       1.768880000000000230e+00
1209       1.768920000000000048e+00
1152       1.769060000000000077e+00
840        1.769160000000000066e+00
15         1.769180000000000197e+00
843        1.769220000000000015e+00
230        1.769440000000000124e+00
999        1.769600000000000284e+00
761        1.769660000000000011e+00
1170       1.769660000000000011e+00
1149       1.769740000000000091e+00
1306       1.769740000000000091e+00
1255       1.769959999999999978e+00
1267       1.770000000000000018e+00
1318       1.770000000000000018e+00
1271       1.770180000000000087e+00
556        1.770199999999999996e+00
1176       1.770240000000000036e+00
1389       1.770259999999999945e+00
958        1.770280000000000076e+00
1199       1.770280000000000076e+00
1256       1.770460000000000145e+00
1155       1.770499999999999963e+00
850        1.771020000000000039e+00
1250       1.771020000000000039e+00
364        1.771100000000000119e+00
1252       1.771279999999999966e+00
358        1.771340000000000137e+00
1355       1.771360000000000268e+00
1201       1.772120000000000140e+00
1304       1.772140000000000049e+00
982        1.772240000000000038e+00
1357       1.772259999999999946e+00
1131       1.772299999999999986e+00
283        1.772400000000000198e+00
1244       1.772400000000000198e+00
1160       1.772460000000000147e+00
1222       1.772520000000000095e+00
128        1.772799999999999931e+00
1245       1.772900000000000142e+00
1332       1.772900000000000142e+00
1573       1.773180000000000200e+00
1184       1.773200000000000109e+00
1231       1.773300000000000098e+00
418        1.773340000000000138e+00
1323       1.773460000000000036e+00
1197       1.773479999999999945e+00
1319       1.774120000000000141e+00
149        1.774140000000000050e+00
1193       1.774220000000000130e+00
158        1.774280000000000079e+00
1235       1.774319999999999897e+00
1200       1.774820000000000064e+00
1293       1.775000000000000133e+00
544        1.775039999999999951e+00
260        1.775079999999999991e+00
810        1.775079999999999991e+00
1285       1.775100000000000122e+00
1192       1.775160000000000071e+00
807        1.775180000000000202e+00
1125       1.775360000000000271e+00
1203       1.775460000000000038e+00
1162       1.775519999999999987e+00
1315       1.775719999999999965e+00
1227       1.775760000000000005e+00
1309       1.775800000000000045e+00
1206       1.775819999999999954e+00
1166       1.775940000000000074e+00
1095       1.776000000000000023e+00
1089       1.776019999999999932e+00
1124       1.776120000000000143e+00
1302       1.776180000000000092e+00
805        1.776340000000000252e+00
1292       1.776360000000000161e+00
1352       1.776440000000000019e+00
1230       1.776480000000000059e+00
797        1.776940000000000186e+00
1246       1.777220000000000022e+00
8          1.777320000000000011e+00
1216       1.777320000000000011e+00
882        1.778220000000000134e+00
311        1.778460000000000152e+00
1194       1.779160000000000075e+00
1011       1.779360000000000275e+00
646        1.779560000000000031e+00
1321       1.779600000000000071e+00
1219       1.779620000000000202e+00
1223       1.779719999999999969e+00
1132       1.779819999999999958e+00
1260       1.780079999999999885e+00
1167       1.780220000000000136e+00
1182       1.780259999999999954e+00
143        1.780440000000000023e+00
1297       1.780440000000000023e+00
1136       1.780480000000000063e+00
1269       1.780540000000000012e+00
470        1.780559999999999921e+00
568        1.780720000000000081e+00
1228       1.780720000000000081e+00
1153       1.780799999999999939e+00
1145       1.780900000000000150e+00
1278       1.780920000000000059e+00
1272       1.780940000000000190e+00
114        1.780980000000000008e+00
1209       1.781020000000000048e+00
1122       1.781180000000000208e+00
1037       1.781220000000000026e+00
1187       1.781260000000000066e+00
1160       1.781360000000000054e+00
1343       1.781519999999999992e+00
1263       1.781539999999999901e+00
268        1.781560000000000032e+00
1163       1.781840000000000090e+00
1135       1.781920000000000170e+00
1108       1.781980000000000119e+00
1212       1.782059999999999977e+00
941        1.782079999999999886e+00
1291       1.782120000000000148e+00
736        1.782420000000000115e+00
1189       1.782480000000000064e+00
529        1.782499999999999973e+00
325        1.782559999999999922e+00
1140       1.782680000000000042e+00
1330       1.782760000000000122e+00
1177       1.782880000000000242e+00
823        1.782980000000000009e+00
1008       1.782980000000000009e+00
1271       1.783020000000000049e+00
1207       1.783060000000000089e+00
1348       1.783380000000000187e+00
712        1.783420000000000005e+00
1134       1.783479999999999954e+00
1266       1.783880000000000132e+00
1284       1.784040000000000070e+00
714        1.784120000000000150e+00
542        1.784380000000000077e+00
317        1.784940000000000193e+00
1208       1.785020000000000051e+00
1185       1.785360000000000058e+00
1215       1.785400000000000098e+00
969        1.785479999999999956e+00
475        1.785560000000000036e+00
1287       1.785680000000000156e+00
1201       1.785700000000000065e+00
161        1.785819999999999963e+00
1173       1.785860000000000225e+00
548        1.786019999999999941e+00
786        1.786059999999999981e+00
1345       1.786079999999999890e+00
769        1.786160000000000192e+00
1144       1.786460000000000159e+00
1156       1.786640000000000228e+00
1304       1.786700000000000177e+00
1350       1.786840000000000206e+00
1324       1.787060000000000093e+00
531        1.787140000000000173e+00
1225       1.787140000000000173e+00
1310       1.787200000000000122e+00
1329       1.787200000000000122e+00
1338       1.787239999999999940e+00
629        1.787260000000000071e+00
920        1.787299999999999889e+00
1395       1.787299999999999889e+00
102        1.787420000000000009e+00
275        1.787519999999999998e+00
1267       1.787700000000000067e+00
1180       1.787800000000000056e+00
386        1.787819999999999965e+00
1127       1.787819999999999965e+00
883        1.787920000000000176e+00
352        1.787980000000000125e+00
1194       1.788340000000000263e+00
1164       1.788559999999999928e+00
719        1.788640000000000230e+00
235        1.788660000000000139e+00
1270       1.788660000000000139e+00
1229       1.788680000000000048e+00
1355       1.788700000000000179e+00
291        1.788920000000000066e+00
1240       1.789640000000000120e+00
369        1.789660000000000029e+00
1292       1.789800000000000058e+00
1192       1.789940000000000087e+00
1349       1.790140000000000065e+00
257        1.790240000000000054e+00
646        1.790259999999999962e+00
1313       1.790280000000000094e+00
1326       1.790440000000000031e+00
22         1.790480000000000071e+00
301        1.790640000000000231e+00
766        1.790680000000000049e+00
1251       1.790760000000000129e+00
1094       1.790960000000000107e+00
119        1.791059999999999874e+00
888        1.791100000000000136e+00
1303       1.791179999999999994e+00
886        1.791200000000000125e+00
560        1.791600000000000081e+00
537        1.791680000000000161e+00
1332       1.791719999999999979e+00
1214       1.791779999999999928e+00
1169       1.791940000000000088e+00
1226       1.791959999999999997e+00
984        1.792140000000000066e+00
1352       1.792140000000000066e+00
1293       1.792319999999999913e+00
1301       1.792620000000000102e+00
1342       1.792700000000000182e+00
108        1.792860000000000120e+00
1150       1.792860000000000120e+00
1597       1.792880000000000251e+00
313        1.792999999999999927e+00
65         1.793020000000000058e+00
170        1.793039999999999967e+00
1239       1.793059999999999876e+00
39         1.793239999999999945e+00
1218       1.793299999999999894e+00
1216       1.793320000000000025e+00
1149       1.793520000000000003e+00
1168       1.793620000000000214e+00
1246       1.793620000000000214e+00
827        1.793640000000000123e+00
1288       1.793719999999999981e+00
1319       1.793880000000000141e+00
1276       1.793940000000000090e+00
344        1.793980000000000130e+00
1274       1.794280000000000097e+00
1187       1.794319999999999915e+00
703        1.794480000000000075e+00
726        1.794480000000000075e+00
1249       1.794499999999999984e+00
746        1.794520000000000115e+00
1281       1.794540000000000024e+00
1147       1.794600000000000195e+00
504        1.794660000000000144e+00
1272       1.794660000000000144e+00
1211       1.794680000000000053e+00
1351       1.794680000000000053e+00
1154       1.794760000000000133e+00
994        1.794840000000000213e+00
1278       1.794860000000000122e+00
1283       1.794880000000000253e+00
1193       1.794940000000000202e+00
1178       1.794960000000000111e+00
1132       1.795039999999999969e+00
1207       1.795039999999999969e+00
579        1.795080000000000009e+00
1315       1.795160000000000089e+00
355        1.795220000000000038e+00
734        1.795239999999999947e+00
1128       1.795360000000000067e+00
77         1.795400000000000107e+00
1105       1.795420000000000016e+00
1172       1.795500000000000096e+00
1189       1.795660000000000034e+00
1242       1.796019999999999950e+00
1224       1.796220000000000150e+00
983        1.796240000000000059e+00
1166       1.796259999999999968e+00
228        1.796580000000000066e+00
1277       1.796600000000000197e+00
453        1.796720000000000095e+00
825        1.797100000000000142e+00
1262       1.797299999999999898e+00
1289       1.797420000000000018e+00
1184       1.797440000000000149e+00
763        1.797500000000000098e+00
433        1.797579999999999956e+00
449        1.797700000000000076e+00
914        1.797740000000000116e+00
1135       1.797819999999999974e+00
98         1.798079999999999901e+00
1107       1.798400000000000221e+00
1334       1.798480000000000079e+00
1113       1.798680000000000057e+00
343        1.798999999999999932e+00
564        1.799220000000000041e+00
16         1.799460000000000059e+00
118        1.799840000000000106e+00
1265       1.799880000000000146e+00
1000       1.800240000000000062e+00
1165       1.800380000000000091e+00
745        1.800740000000000007e+00
617        1.800900000000000167e+00
758        1.801100000000000145e+00
138        1.801160000000000094e+00
1372       1.801239999999999952e+00
1359       1.801579999999999959e+00
1335       1.801640000000000130e+00
1247       1.801819999999999977e+00
1309       1.801840000000000108e+00
798        1.801880000000000148e+00
286        1.802000000000000046e+00
1324       1.802059999999999995e+00
1153       1.802420000000000133e+00
1347       1.802559999999999940e+00
1357       1.802860000000000129e+00
590        1.802920000000000078e+00
1208       1.803039999999999976e+00
1326       1.803059999999999885e+00
298        1.803160000000000096e+00
978        1.803420000000000023e+00
1314       1.803539999999999921e+00
1305       1.803680000000000172e+00
1296       1.803740000000000121e+00
752        1.803779999999999939e+00
1175       1.803920000000000190e+00
1221       1.803940000000000099e+00
1346       1.804100000000000259e+00
1259       1.804120000000000168e+00
1267       1.804180000000000117e+00
1241       1.804460000000000175e+00
915        1.804540000000000033e+00
737        1.805020000000000069e+00
1182       1.805020000000000069e+00
1220       1.805100000000000149e+00
1004       1.805299999999999905e+00
445        1.805440000000000156e+00
1308       1.805880000000000152e+00
1286       1.805940000000000101e+00
1351       1.805980000000000141e+00
280        1.806079999999999908e+00
1174       1.806580000000000075e+00
1244       1.806699999999999973e+00
1230       1.806740000000000013e+00
402        1.806999999999999940e+00
1142       1.807080000000000020e+00
1187       1.807080000000000020e+00
199        1.807260000000000089e+00
1168       1.807320000000000038e+00
1336       1.807500000000000107e+00
163        1.807579999999999965e+00
686        1.807660000000000045e+00
1048       1.807660000000000045e+00
789        1.807740000000000125e+00
1278       1.807779999999999943e+00
1133       1.807819999999999983e+00
1176       1.807840000000000114e+00
1228       1.807840000000000114e+00
636        1.807980000000000143e+00
595        1.808000000000000052e+00
1215       1.808000000000000052e+00
278        1.808079999999999909e+00
208        1.808140000000000081e+00
218        1.808180000000000121e+00
1139       1.808180000000000121e+00
1260       1.808319999999999927e+00
1302       1.808499999999999996e+00
94         1.808540000000000036e+00
248        1.808600000000000207e+00
621        1.808680000000000065e+00
1212       1.808819999999999872e+00
738        1.808840000000000225e+00
767        1.808900000000000174e+00
1231       1.809100000000000152e+00
808        1.809160000000000101e+00
211        1.809180000000000010e+00
1138       1.809200000000000141e+00
1144       1.809239999999999959e+00
1129       1.809239999999999959e+00
1261       1.809260000000000090e+00
1330       1.809279999999999999e+00
212        1.809340000000000170e+00
1300       1.809360000000000079e+00
1134       1.809460000000000068e+00
1126       1.809500000000000108e+00
1179       1.809520000000000017e+00
1445       1.809579999999999966e+00
1348       1.809600000000000097e+00
1137       1.809640000000000137e+00
1196       1.809860000000000246e+00
1325       1.809900000000000064e+00
1173       1.809920000000000195e+00
1258       1.809920000000000195e+00
1178       1.809980000000000144e+00
1354       1.810000000000000053e+00
353        1.810019999999999962e+00
1350       1.810060000000000002e+00
1312       1.810200000000000031e+00
681        1.810259999999999980e+00
1181       1.810380000000000100e+00
1266       1.810380000000000100e+00
1074       1.810440000000000049e+00
1297       1.810440000000000049e+00
1131       1.810480000000000089e+00
1119       1.810620000000000118e+00
1177       1.810620000000000118e+00
1218       1.810699999999999976e+00
1224       1.810720000000000107e+00
1319       1.810720000000000107e+00
1514       1.810759999999999925e+00
1123       1.811020000000000074e+00
1122       1.811200000000000143e+00
1303       1.811320000000000041e+00
963        1.811420000000000030e+00
1245       1.811680000000000179e+00
991        1.811760000000000037e+00
1158       1.811760000000000037e+00
1205       1.811800000000000077e+00
234        1.811960000000000015e+00
335        1.811980000000000146e+00
901        1.812000000000000055e+00
1248       1.812019999999999964e+00
1339       1.812019999999999964e+00
1352       1.812160000000000215e+00
1132       1.812180000000000124e+00
497        1.812380000000000102e+00
1125       1.812540000000000040e+00
1342       1.812540000000000040e+00
1208       1.812579999999999858e+00
1283       1.812579999999999858e+00
515        1.812699999999999978e+00
1276       1.812720000000000109e+00
155        1.812799999999999967e+00
1199       1.812900000000000178e+00
118        1.812939999999999996e+00
1262       1.812960000000000127e+00
1217       1.812980000000000036e+00
660        1.813140000000000196e+00
1321       1.813200000000000145e+00
720        1.813239999999999963e+00
271        1.813700000000000090e+00
1183       1.813779999999999948e+00
1378       1.813800000000000079e+00
1335       1.814079999999999915e+00
1264       1.814160000000000217e+00
1288       1.814240000000000075e+00
711        1.814259999999999984e+00
153        1.814559999999999951e+00
668        1.814660000000000162e+00
1246       1.814860000000000140e+00
81         1.814920000000000089e+00
747        1.814920000000000089e+00
945        1.814980000000000038e+00
628        1.815059999999999896e+00
883        1.815200000000000147e+00
1329       1.815200000000000147e+00
1185       1.815239999999999965e+00
1311       1.815280000000000005e+00
1251       1.815440000000000165e+00
1442       1.815640000000000143e+00
698        1.815900000000000070e+00
1227       1.815900000000000070e+00
1273       1.816000000000000059e+00
659        1.816400000000000237e+00
1240       1.816480000000000095e+00
1203       1.816500000000000004e+00
552        1.816620000000000124e+00
1351       1.816680000000000073e+00
1280       1.816699999999999982e+00
191        1.816860000000000142e+00
284        1.816880000000000051e+00
828        1.816999999999999948e+00
1191       1.817100000000000160e+00
1222       1.817100000000000160e+00
1145       1.817200000000000149e+00
1207       1.817200000000000149e+00
1214       1.817239999999999966e+00
1304       1.817260000000000097e+00
758        1.817320000000000046e+00
228        1.817360000000000086e+00
964        1.817360000000000086e+00
1343       1.817420000000000035e+00
483        1.817600000000000104e+00
1221       1.817600000000000104e+00
1234       1.817660000000000053e+00
1272       1.817760000000000042e+00
1320       1.817779999999999951e+00
1136       1.817800000000000082e+00
1296       1.817819999999999991e+00
31         1.817840000000000122e+00
1172       1.818360000000000198e+00
1118       1.818620000000000125e+00
75         1.818799999999999972e+00
869        1.818799999999999972e+00
1142       1.818920000000000092e+00
1237       1.819560000000000066e+00
395        1.819620000000000237e+00
1297       1.820120000000000182e+00
1345       1.820440000000000058e+00
1344       1.820440000000000058e+00
742        1.820459999999999967e+00
1358       1.820519999999999916e+00
1184       1.820740000000000025e+00
1062       1.820940000000000003e+00
1043       1.820960000000000134e+00
729        1.821039999999999992e+00
1253       1.821059999999999901e+00
1336       1.821160000000000112e+00
1247       1.821320000000000050e+00
1334       1.821460000000000079e+00
892        1.821740000000000137e+00
1305       1.821800000000000086e+00
1317       1.821920000000000206e+00
1356       1.822040000000000104e+00
105        1.822160000000000224e+00
517        1.822360000000000202e+00
1163       1.822440000000000060e+00
916        1.822540000000000049e+00
596        1.822600000000000220e+00
1264       1.822600000000000220e+00
1197       1.822660000000000169e+00
1135       1.822680000000000078e+00
1202       1.822720000000000118e+00
1103       1.822740000000000027e+00
1178       1.822759999999999936e+00
893        1.822799999999999976e+00
1171       1.822799999999999976e+00
1159       1.822860000000000147e+00
1319       1.823020000000000085e+00
424        1.823100000000000165e+00
1299       1.823400000000000132e+00
1282       1.823660000000000059e+00
1193       1.823680000000000190e+00
4          1.824140000000000095e+00
1346       1.824140000000000095e+00
1198       1.824240000000000084e+00
1349       1.824340000000000073e+00
1287       1.824559999999999960e+00
104        1.824579999999999869e+00
1318       1.824579999999999869e+00
1151       1.824620000000000131e+00
1280       1.824620000000000131e+00
1236       1.825059999999999905e+00
1150       1.825080000000000036e+00
1252       1.825600000000000112e+00
1126       1.825760000000000050e+00
669        1.825900000000000079e+00
1333       1.825940000000000119e+00
1226       1.826000000000000068e+00
1357       1.826079999999999925e+00
1292       1.826100000000000279e+00
1153       1.826340000000000074e+00
1235       1.826400000000000023e+00
1123       1.826420000000000154e+00
1322       1.826500000000000012e+00
206        1.826579999999999870e+00
1359       1.826579999999999870e+00
1285       1.826600000000000223e+00
1008       1.826620000000000132e+00
1041       1.826660000000000172e+00
1136       1.826740000000000030e+00
1291       1.826819999999999888e+00
1324       1.826860000000000150e+00
1192       1.826980000000000048e+00
1353       1.827239999999999975e+00
926        1.827299999999999924e+00
1065       1.827299999999999924e+00
795        1.827440000000000175e+00
1146       1.827500000000000124e+00
1209       1.827520000000000033e+00
1328       1.827539999999999942e+00
839        1.827579999999999982e+00
1293       1.827579999999999982e+00
881        1.827640000000000153e+00
1012       1.827660000000000062e+00
1160       1.827680000000000193e+00
1195       1.827779999999999960e+00
1248       1.827779999999999960e+00
144        1.827880000000000171e+00
1206       1.827960000000000029e+00
1276       1.828120000000000189e+00
1125       1.828180000000000138e+00
1175       1.828200000000000047e+00
1255       1.828300000000000036e+00
95         1.828360000000000207e+00
1170       1.828380000000000116e+00
1157       1.828519999999999923e+00
1350       1.828579999999999872e+00
286        1.828680000000000083e+00
552        1.828720000000000123e+00
1310       1.828740000000000032e+00
808        1.828759999999999941e+00
1144       1.828780000000000072e+00
1295       1.828880000000000061e+00
1347       1.828960000000000141e+00
1166       1.829220000000000068e+00
330        1.829340000000000188e+00
290        1.829360000000000097e+00
443        1.829420000000000046e+00
931        1.829420000000000046e+00
650        1.829500000000000126e+00
912        1.829539999999999944e+00
1258       1.829579999999999984e+00
1297       1.829579999999999984e+00
272        1.829680000000000195e+00
1182       1.829700000000000104e+00
1306       1.829760000000000053e+00
940        1.829820000000000002e+00
515        1.829900000000000082e+00
1180       1.829960000000000031e+00
1301       1.829960000000000031e+00
1275       1.830160000000000009e+00
1133       1.830200000000000049e+00
1309       1.830259999999999998e+00
1185       1.830340000000000078e+00
1239       1.830360000000000209e+00
577        1.830500000000000016e+00
1316       1.830740000000000034e+00
1124       1.830920000000000103e+00
1225       1.831140000000000212e+00
1189       1.831280000000000019e+00
793        1.831320000000000059e+00
1234       1.831539999999999946e+00
110        1.831579999999999986e+00
1342       1.832000000000000073e+00
437        1.832180000000000142e+00
1307       1.832300000000000040e+00
1332       1.832440000000000069e+00
458        1.832660000000000178e+00
1337       1.832680000000000087e+00
1304       1.832799999999999985e+00
1121       1.832880000000000065e+00
475        1.832920000000000105e+00
1026       1.832940000000000014e+00
1312       1.833460000000000090e+00
746        1.833539999999999948e+00
1244       1.833579999999999988e+00
1141       1.833600000000000119e+00
562        1.833700000000000108e+00
131        1.833740000000000148e+00
714        1.833779999999999966e+00
497        1.833880000000000177e+00
842        1.833900000000000086e+00
1343       1.833920000000000217e+00
1102       1.834000000000000075e+00
812        1.834100000000000064e+00
201        1.834319999999999951e+00
1266       1.834440000000000071e+00
1331       1.834459999999999980e+00
121        1.834500000000000020e+00
267        1.834680000000000089e+00
1354       1.834880000000000067e+00
153        1.834980000000000055e+00
1162       1.835040000000000004e+00
1339       1.835340000000000193e+00
1168       1.835500000000000131e+00
1202       1.835720000000000018e+00
1245       1.835860000000000269e+00
1423       1.835860000000000269e+00
92         1.835980000000000167e+00
1152       1.836160000000000014e+00
1028       1.836279999999999912e+00
1338       1.836300000000000043e+00
955        1.836340000000000083e+00
1210       1.836340000000000083e+00
1265       1.836459999999999981e+00
234        1.836519999999999930e+00
1352       1.836559999999999970e+00
88         1.836600000000000232e+00
660        1.836660000000000181e+00
1160       1.836680000000000090e+00
1237       1.836680000000000090e+00
1249       1.836840000000000250e+00
1329       1.836840000000000250e+00
1132       1.836900000000000199e+00
392        1.836940000000000017e+00
1148       1.836940000000000017e+00
1259       1.836940000000000017e+00
1222       1.837100000000000177e+00
854        1.837140000000000217e+00
122        1.837220000000000075e+00
1159       1.837260000000000115e+00
452        1.837280000000000024e+00
626        1.837340000000000195e+00
964        1.837360000000000104e+00
71         1.837380000000000235e+00
1196       1.837420000000000053e+00
461        1.837539999999999951e+00
1277       1.837600000000000122e+00
1242       1.837700000000000111e+00
1231       1.837779999999999969e+00
1005       1.837800000000000100e+00
1330       1.837900000000000089e+00
1223       1.837920000000000220e+00
73         1.838160000000000016e+00
1260       1.838240000000000096e+00
399        1.838279999999999914e+00
563        1.838300000000000045e+00
1336       1.838360000000000216e+00
1214       1.838459999999999983e+00
1308       1.838459999999999983e+00
1301       1.838459999999999983e+00
1318       1.838480000000000114e+00
1300       1.838559999999999972e+00
1164       1.838660000000000183e+00
1140       1.838780000000000081e+00
1327       1.838940000000000019e+00
1326       1.838940000000000019e+00
899        1.839320000000000066e+00
1357       1.839380000000000237e+00
82         1.839480000000000004e+00
873        1.839520000000000044e+00
1286       1.839539999999999953e+00
1313       1.839539999999999953e+00
1074       1.839840000000000142e+00
1271       1.840079999999999938e+00
1161       1.840180000000000149e+00
138        1.840360000000000218e+00
1274       1.840440000000000076e+00
1278       1.840480000000000116e+00
1290       1.840500000000000025e+00
853        1.840519999999999934e+00
1333       1.840579999999999883e+00
1292       1.840680000000000094e+00
891        1.841160000000000130e+00
1171       1.841239999999999988e+00
342        1.841260000000000119e+00
650        1.841520000000000046e+00
1149       1.841539999999999955e+00
409        1.841600000000000126e+00
1084       1.841860000000000275e+00
1246       1.841920000000000002e+00
1200       1.841960000000000042e+00
889        1.842100000000000071e+00
651        1.842160000000000020e+00
1169       1.842240000000000100e+00
1263       1.842279999999999918e+00
1129       1.842360000000000220e+00
1204       1.842400000000000038e+00
1289       1.842440000000000078e+00
1050       1.842480000000000118e+00
60         1.842519999999999936e+00
1024       1.842579999999999885e+00
1174       1.842680000000000096e+00
1227       1.842680000000000096e+00
1272       1.842680000000000096e+00
1311       1.842700000000000005e+00
1172       1.842860000000000165e+00
1279       1.842940000000000023e+00
1156       1.842980000000000063e+00
1051       1.843020000000000103e+00
1143       1.843059999999999921e+00
433        1.843140000000000223e+00
1316       1.843160000000000132e+00
1528       1.843160000000000132e+00
420        1.843220000000000081e+00
925        1.843220000000000081e+00
1273       1.843280000000000030e+00
1135       1.843320000000000070e+00
1157       1.843480000000000008e+00
1285       1.843520000000000048e+00
1298       1.843560000000000088e+00
90         1.843579999999999997e+00
840        1.843579999999999997e+00
1177       1.843660000000000077e+00
1295       1.843660000000000077e+00
1198       1.843680000000000208e+00
198        1.843860000000000277e+00
1239       1.843940000000000135e+00
1128       1.844019999999999992e+00
220        1.844079999999999941e+00
1276       1.844140000000000112e+00
1315       1.844200000000000061e+00
1345       1.844219999999999970e+00
1139       1.844240000000000101e+00
1211       1.844300000000000050e+00
1208       1.844300000000000050e+00
262        1.844340000000000090e+00
629        1.844400000000000039e+00
732        1.844420000000000170e+00
919        1.844500000000000028e+00
1250       1.844559999999999977e+00
1185       1.844579999999999886e+00
623        1.844759999999999955e+00
807        1.844819999999999904e+00
1358       1.844880000000000075e+00
1454       1.844880000000000075e+00
147        1.844960000000000155e+00
700        1.845320000000000071e+00
1230       1.845440000000000191e+00
1320       1.845539999999999958e+00
1158       1.846019999999999994e+00
1331       1.846019999999999994e+00
1173       1.846319999999999961e+00
1281       1.846340000000000092e+00
1353       1.846440000000000081e+00
1153       1.846700000000000008e+00
673        1.846720000000000139e+00
1127       1.846880000000000077e+00
1328       1.846999999999999975e+00
1354       1.846999999999999975e+00
897        1.847220000000000084e+00
1306       1.847280000000000033e+00
1352       1.847340000000000204e+00
1417       1.847400000000000153e+00
1189       1.848000000000000087e+00
1549       1.848000000000000087e+00
1162       1.848340000000000094e+00
922        1.848400000000000043e+00
1264       1.848459999999999992e+00
835        1.848700000000000010e+00
1238       1.848819999999999908e+00
1122       1.848960000000000159e+00
979        1.849040000000000017e+00
978        1.849100000000000188e+00
1524       1.849260000000000126e+00
498        1.849400000000000155e+00
1182       1.849400000000000155e+00
1137       1.849500000000000144e+00
1275       1.849560000000000093e+00
1303       1.849580000000000002e+00
1308       1.849660000000000082e+00
1205       1.849680000000000213e+00
1021       1.849880000000000191e+00
1301       1.849960000000000049e+00
1138       1.850100000000000078e+00
1267       1.850100000000000078e+00
1343       1.850120000000000209e+00
863        1.850240000000000107e+00
1191       1.850360000000000227e+00
1582       1.850459999999999994e+00
1181       1.850579999999999892e+00
1196       1.850620000000000154e+00
1350       1.850680000000000103e+00
535        1.850780000000000092e+00
1147       1.850960000000000161e+00
499        1.851080000000000059e+00
1132       1.851100000000000190e+00
139        1.851239999999999997e+00
1254       1.851260000000000128e+00
1323       1.851600000000000135e+00
1225       1.851620000000000266e+00
1231       1.851640000000000175e+00
122        1.851660000000000084e+00
602        1.851679999999999993e+00
995        1.851840000000000153e+00
1169       1.851920000000000011e+00
1287       1.851979999999999960e+00
1347       1.852000000000000091e+00
533        1.852060000000000040e+00
1079       1.852079999999999949e+00
473        1.852100000000000080e+00
390        1.852240000000000109e+00
508        1.852340000000000098e+00
1277       1.852340000000000098e+00
1241       1.852420000000000178e+00
1338       1.852420000000000178e+00
1280       1.852480000000000127e+00
1012       1.852660000000000196e+00
1256       1.852660000000000196e+00
1278       1.852680000000000105e+00
1307       1.852680000000000105e+00
1263       1.852700000000000014e+00
33         1.852780000000000094e+00
1193       1.852819999999999911e+00
937        1.852860000000000174e+00
747        1.852920000000000122e+00
1148       1.852920000000000122e+00
1259       1.852960000000000163e+00
1292       1.852960000000000163e+00
1217       1.853020000000000111e+00
1297       1.853020000000000111e+00
1199       1.853140000000000231e+00
1593       1.853140000000000231e+00
1326       1.853180000000000049e+00
642        1.853260000000000129e+00
1208       1.853260000000000129e+00
1171       1.853299999999999947e+00
1141       1.853320000000000078e+00
247        1.853340000000000209e+00
1237       1.853380000000000249e+00
1136       1.853400000000000158e+00
307        1.853500000000000147e+00
833        1.853520000000000056e+00
1209       1.853539999999999965e+00
1294       1.853559999999999874e+00
1201       1.853600000000000136e+00
1245       1.853620000000000267e+00
1216       1.853620000000000267e+00
437        1.853679999999999994e+00
583        1.853679999999999994e+00
818        1.853739999999999943e+00
1210       1.853779999999999983e+00
1218       1.853779999999999983e+00
2          1.853799999999999892e+00
58         1.853880000000000194e+00
1183       1.853900000000000103e+00
879        1.853940000000000143e+00
1293       1.854000000000000092e+00
826        1.854020000000000001e+00
1276       1.854020000000000001e+00
1283       1.854060000000000041e+00
1240       1.854120000000000212e+00
1251       1.854120000000000212e+00
628        1.854219999999999979e+00
1206       1.854240000000000110e+00
1202       1.854340000000000099e+00
442        1.854440000000000088e+00
1167       1.854500000000000037e+00
1219       1.854620000000000157e+00
1179       1.854660000000000197e+00
62         1.854800000000000004e+00
1142       1.854860000000000175e+00
1325       1.854860000000000175e+00
1224       1.854980000000000073e+00
1009       1.855100000000000193e+00
1253       1.855200000000000182e+00
825        1.855280000000000040e+00
167        1.855299999999999949e+00
281        1.855460000000000109e+00
1271       1.855539999999999967e+00
1357       1.855539999999999967e+00
691        1.855559999999999876e+00
860        1.855600000000000138e+00
1244       1.855760000000000076e+00
1128       1.855940000000000145e+00
609        1.856240000000000112e+00
144        1.856640000000000068e+00
559        1.856660000000000199e+00
1228       1.856740000000000057e+00
1268       1.856999999999999984e+00
1094       1.857040000000000024e+00
1286       1.857080000000000064e+00
782        1.857160000000000144e+00
1085       1.857240000000000002e+00
212        1.857280000000000042e+00
1247       1.857340000000000213e+00
1340       1.857340000000000213e+00
1185       1.857380000000000253e+00
717        1.857520000000000060e+00
1181       1.857520000000000060e+00
66         1.857559999999999878e+00
1242       1.857580000000000009e+00
373        1.857620000000000049e+00
1073       1.857720000000000038e+00
579        1.857760000000000078e+00
696        1.857779999999999987e+00
784        1.857799999999999896e+00
71         1.857960000000000056e+00
1327       1.858160000000000034e+00
1120       1.858260000000000023e+00
264        1.858340000000000103e+00
1359       1.858400000000000052e+00
1285       1.858579999999999899e+00
1235       1.858600000000000252e+00
1238       1.858800000000000008e+00
1011       1.858819999999999917e+00
1329       1.858860000000000179e+00
566        1.858960000000000168e+00
439        1.859040000000000026e+00
959        1.859059999999999935e+00
772        1.859120000000000106e+00
9          1.859200000000000186e+00
346        1.859460000000000113e+00
510        1.859539999999999971e+00
936        1.859680000000000000e+00
1165       1.859860000000000069e+00
655        1.860060000000000047e+00
1159       1.860120000000000218e+00
1348       1.860160000000000036e+00
1297       1.860680000000000112e+00
258        1.860759999999999970e+00
557        1.860759999999999970e+00
57         1.860819999999999919e+00
744        1.860920000000000130e+00
1184       1.861260000000000137e+00
1160       1.861380000000000257e+00
1177       1.861499999999999932e+00
1220       1.861799999999999899e+00
1148       1.861860000000000070e+00
1007       1.861880000000000202e+00
1168       1.861900000000000110e+00
260        1.862079999999999957e+00
1293       1.862200000000000077e+00
1232       1.862260000000000026e+00
1313       1.862300000000000066e+00
1122       1.862340000000000106e+00
1163       1.862380000000000146e+00
522        1.862440000000000095e+00
457        1.862500000000000044e+00
1169       1.862519999999999953e+00
1223       1.862519999999999953e+00
797        1.862840000000000273e+00
1164       1.862880000000000091e+00
1197       1.862880000000000091e+00
321        1.862980000000000080e+00
886        1.863059999999999938e+00
1219       1.863059999999999938e+00
182        1.863100000000000200e+00
1137       1.863100000000000200e+00
694        1.863240000000000007e+00
1399       1.863240000000000007e+00
985        1.863319999999999865e+00
1037       1.863319999999999865e+00
1339       1.863380000000000258e+00
1146       1.863400000000000167e+00
1299       1.863620000000000054e+00
632        1.863860000000000072e+00
1281       1.863900000000000112e+00
1270       1.863920000000000021e+00
953        1.863940000000000152e+00
853        1.863960000000000061e+00
1098       1.863979999999999970e+00
1345       1.863979999999999970e+00
1048       1.864020000000000010e+00
241        1.864039999999999919e+00
1289       1.864039999999999919e+00
1294       1.864219999999999988e+00
1260       1.864260000000000028e+00
840        1.864279999999999937e+00
1279       1.864360000000000239e+00
1191       1.864380000000000148e+00
1127       1.864440000000000097e+00
1108       1.864860000000000184e+00
1335       1.865020000000000122e+00
1154       1.865059999999999940e+00
196        1.865120000000000111e+00
1309       1.865280000000000049e+00
1138       1.865360000000000129e+00
1193       1.865380000000000038e+00
319        1.865439999999999987e+00
722        1.865720000000000045e+00
1225       1.865799999999999903e+00
799        1.865900000000000114e+00
1344       1.866060000000000052e+00
1296       1.866200000000000081e+00
595        1.866240000000000121e+00
1170       1.866240000000000121e+00
1176       1.866300000000000070e+00
1252       1.866300000000000070e+00
1290       1.866460000000000008e+00
1214       1.866860000000000186e+00
1120       1.867040000000000033e+00
1307       1.867040000000000033e+00
1207       1.867100000000000204e+00
1282       1.867180000000000062e+00
389        1.867200000000000193e+00
1216       1.867200000000000193e+00
1222       1.867220000000000102e+00
1117       1.867319999999999869e+00
195        1.867539999999999978e+00
742        1.867539999999999978e+00
1269       1.867620000000000058e+00
359        1.867680000000000007e+00
1053       1.867739999999999956e+00
1256       1.867779999999999996e+00
770        1.867820000000000036e+00
1264       1.867860000000000076e+00
55         1.867979999999999974e+00
1051       1.867979999999999974e+00
973        1.868000000000000105e+00
1161       1.868079999999999963e+00
1059       1.868100000000000094e+00
1334       1.868100000000000094e+00
1338       1.868160000000000043e+00
1202       1.868180000000000174e+00
1152       1.868440000000000101e+00
1213       1.868460000000000010e+00
1150       1.868640000000000079e+00
1192       1.868840000000000279e+00
1136       1.868860000000000188e+00
1246       1.868980000000000086e+00
1318       1.868980000000000086e+00
1331       1.869020000000000126e+00
1235       1.869259999999999922e+00
881        1.869280000000000053e+00
1072       1.869360000000000133e+00
1251       1.869360000000000133e+00
1267       1.869559999999999889e+00
698        1.869580000000000020e+00
1402       1.869799999999999907e+00
1255       1.869920000000000027e+00
431        1.870279999999999943e+00
1304       1.870420000000000194e+00
567        1.870460000000000012e+00
518        1.870600000000000263e+00
1134       1.870640000000000081e+00
313        1.870880000000000098e+00
1273       1.870980000000000087e+00
1325       1.870980000000000087e+00
584        1.870999999999999996e+00
1315       1.871120000000000116e+00
1240       1.871199999999999974e+00
1123       1.871259999999999923e+00
1357       1.871299999999999963e+00
259        1.871340000000000225e+00
331        1.871400000000000174e+00
1346       1.871539999999999981e+00
82         1.871700000000000141e+00
1287       1.871760000000000090e+00
1126       1.872200000000000086e+00
1206       1.872240000000000126e+00
151        1.872319999999999984e+00
1297       1.872819999999999929e+00
1217       1.872880000000000100e+00
1257       1.872880000000000100e+00
680        1.873100000000000209e+00
1173       1.873100000000000209e+00
1166       1.873100000000000209e+00
1186       1.873120000000000118e+00
1224       1.873340000000000227e+00
1227       1.873480000000000034e+00
1199       1.873700000000000143e+00
450        1.873799999999999910e+00
1350       1.874079999999999968e+00
592        1.874200000000000088e+00
1241       1.874380000000000157e+00
1035       1.874440000000000106e+00
1323       1.874500000000000055e+00
736        1.874620000000000175e+00
1145       1.874720000000000164e+00
1214       1.874740000000000073e+00
1220       1.874780000000000113e+00
1221       1.874840000000000284e+00
1336       1.874880000000000102e+00
1114       1.874900000000000233e+00
1276       1.874920000000000142e+00
1233       1.875140000000000029e+00
1302       1.875140000000000029e+00
740        1.875259999999999927e+00
484        1.875299999999999967e+00
649        1.875340000000000229e+00
1144       1.875480000000000036e+00
1279       1.875480000000000036e+00
781        1.875580000000000025e+00
1283       1.875580000000000025e+00
581        1.875660000000000105e+00
1158       1.875660000000000105e+00
125        1.875700000000000145e+00
539        1.875700000000000145e+00
700        1.875739999999999963e+00
1032       1.875760000000000094e+00
763        1.875920000000000032e+00
1215       1.875940000000000163e+00
800        1.875979999999999981e+00
1316       1.876020000000000021e+00
685        1.876100000000000101e+00
850        1.876120000000000232e+00
227        1.876160000000000050e+00
1294       1.876160000000000050e+00
1093       1.876240000000000130e+00
418        1.876279999999999948e+00
1300       1.876279999999999948e+00
1238       1.876400000000000068e+00
1167       1.876480000000000148e+00
309        1.876579999999999915e+00
406        1.876579999999999915e+00
1245       1.876579999999999915e+00
1179       1.876819999999999933e+00
345        1.876840000000000286e+00
1188       1.877079999999999860e+00
224        1.877640000000000198e+00
1352       1.877660000000000107e+00
1274       1.877700000000000147e+00
154        1.878039999999999932e+00
1198       1.878220000000000001e+00
169        1.879559999999999897e+00
403        1.879739999999999966e+00
130        1.880100000000000104e+00
1355       1.880140000000000144e+00
1012       1.880640000000000089e+00
92         1.880759999999999987e+00
1304       1.880959999999999965e+00
1211       1.881160000000000165e+00
1131       1.881220000000000114e+00
1226       1.881380000000000052e+00
1115       1.881420000000000092e+00
1291       1.881440000000000001e+00
1137       1.881480000000000041e+00
1339       1.881580000000000030e+00
117        1.881739999999999968e+00
1579       1.881799999999999917e+00
1354       1.882060000000000066e+00
1125       1.882140000000000146e+00
75         1.882300000000000084e+00
1038       1.882300000000000084e+00
1136       1.882300000000000084e+00
1330       1.882300000000000084e+00
316        1.882800000000000029e+00
461        1.883079999999999865e+00
25         1.883120000000000127e+00
329        1.883240000000000025e+00
1223       1.883440000000000003e+00
1252       1.883480000000000043e+00
1308       1.883539999999999992e+00
311        1.883739999999999970e+00
1143       1.883799999999999919e+00
335        1.884000000000000119e+00
1365       1.884000000000000119e+00
1208       1.884020000000000028e+00
1151       1.884200000000000097e+00
708        1.884300000000000086e+00
85         1.884460000000000024e+00
1212       1.884680000000000133e+00
1128       1.884700000000000042e+00
1161       1.884780000000000122e+00
1313       1.884980000000000100e+00
904        1.885000000000000009e+00
1346       1.885100000000000220e+00
1286       1.885420000000000096e+00
392        1.885499999999999954e+00
823        1.885580000000000034e+00
1163       1.885660000000000114e+00
1216       1.885700000000000154e+00
1237       1.885780000000000012e+00
908        1.885840000000000183e+00
140        1.885880000000000223e+00
214        1.885880000000000223e+00
218        1.885979999999999990e+00
968        1.886020000000000030e+00
1233       1.886160000000000059e+00
252        1.886300000000000088e+00
1597       1.886840000000000295e+00
1166       1.887000000000000011e+00
1307       1.887079999999999869e+00
1213       1.887120000000000131e+00
675        1.887319999999999887e+00
1280       1.887340000000000240e+00
1126       1.887460000000000138e+00
1281       1.887559999999999905e+00
250        1.887760000000000105e+00
1164       1.887979999999999992e+00
792        1.888100000000000112e+00
1134       1.888100000000000112e+00
314        1.888440000000000119e+00
1185       1.888440000000000119e+00
5          1.888460000000000027e+00
521        1.888480000000000159e+00
492        1.888519999999999976e+00
1312       1.888519999999999976e+00
1193       1.888579999999999925e+00
1207       1.888700000000000045e+00
1270       1.888940000000000063e+00
138        1.888980000000000103e+00
3          1.889160000000000172e+00
1351       1.889180000000000081e+00
1249       1.889220000000000121e+00
165        1.889380000000000059e+00
22         1.889460000000000139e+00
1135       1.889900000000000135e+00
990        1.890020000000000033e+00
1182       1.890460000000000029e+00
765        1.890740000000000087e+00
1221       1.890800000000000036e+00
1120       1.890880000000000116e+00
1198       1.890920000000000156e+00
1181       1.890940000000000065e+00
1124       1.891059999999999963e+00
918        1.891180000000000083e+00
1325       1.891440000000000010e+00
1345       1.891700000000000159e+00
1223       1.891720000000000068e+00
168        1.891739999999999977e+00
1155       1.891780000000000017e+00
1303       1.891780000000000017e+00
1277       1.891960000000000086e+00
1238       1.892000000000000126e+00
1354       1.892279999999999962e+00
700        1.892380000000000173e+00
794        1.892500000000000071e+00
1266       1.892500000000000071e+00
1314       1.892540000000000111e+00
1353       1.892540000000000111e+00
832        1.892700000000000049e+00
1262       1.892719999999999958e+00
1146       1.892880000000000118e+00
1202       1.892900000000000027e+00
1239       1.893180000000000085e+00
405        1.893420000000000103e+00
1074       1.893540000000000001e+00
1275       1.893620000000000081e+00
1129       1.893660000000000121e+00
1337       1.893780000000000019e+00
1358       1.893940000000000179e+00
1298       1.894100000000000117e+00
1297       1.894360000000000266e+00
1278       1.894400000000000084e+00
1132       1.894500000000000073e+00
1336       1.894719999999999960e+00
1543       1.894900000000000029e+00
1491       1.895340000000000247e+00
114        1.895360000000000156e+00
364        1.895600000000000174e+00
216        1.895660000000000123e+00
799        1.895760000000000112e+00
1274       1.895780000000000021e+00
1516       1.895880000000000232e+00
1342       1.896180000000000199e+00
1162       1.896220000000000017e+00
1233       1.896260000000000057e+00
43         1.896539999999999893e+00
524        1.896560000000000024e+00
1341       1.896719999999999962e+00
1218       1.896900000000000031e+00
463        1.896920000000000162e+00
1231       1.896920000000000162e+00
1211       1.897000000000000020e+00
1232       1.897040000000000060e+00
608        1.897059999999999969e+00
1579       1.897079999999999878e+00
1067       1.897120000000000140e+00
1154       1.897380000000000067e+00
716        1.897460000000000147e+00
637        1.897559999999999913e+00
1125       1.897600000000000176e+00
412        1.897620000000000084e+00
703        1.897680000000000033e+00
1252       1.897720000000000073e+00
1283       1.897840000000000193e+00
748        1.897960000000000091e+00
1224       1.898180000000000200e+00
1284       1.898539999999999894e+00
1293       1.898740000000000094e+00
1263       1.898779999999999912e+00
1352       1.898800000000000043e+00
1267       1.898840000000000083e+00
784        1.898900000000000032e+00
1197       1.898940000000000072e+00
636        1.898959999999999981e+00
1142       1.899079999999999879e+00
1194       1.899079999999999879e+00
52         1.899100000000000232e+00
1288       1.899240000000000039e+00
1187       1.899280000000000079e+00
394        1.899360000000000159e+00
1128       1.899360000000000159e+00
1183       1.899400000000000199e+00
1219       1.899540000000000006e+00
358        1.899620000000000086e+00
219        1.899680000000000035e+00
285        1.899700000000000166e+00
1139       1.899760000000000115e+00
1319       1.899900000000000144e+00
1229       1.899940000000000184e+00
1326       1.900240000000000151e+00
263        1.900380000000000180e+00
1123       1.900380000000000180e+00
1235       1.900380000000000180e+00
1181       1.900460000000000038e+00
830        1.900519999999999987e+00
1539       1.900640000000000107e+00
1304       1.901200000000000001e+00
1168       1.901420000000000110e+00
828        1.901620000000000088e+00
549        1.901680000000000037e+00
1238       1.901799999999999935e+00
1212       1.901880000000000237e+00
927        1.902020000000000044e+00
427        1.902120000000000255e+00
1170       1.902180000000000204e+00
360        1.902240000000000153e+00
626        1.902240000000000153e+00
1104       1.902320000000000011e+00
684        1.902420000000000222e+00
838        1.902579999999999938e+00
837        1.902760000000000007e+00
1279       1.902959999999999985e+00
1290       1.903059999999999974e+00
1345       1.903200000000000003e+00
1134       1.903340000000000254e+00
1253       1.903360000000000163e+00
1112       1.903420000000000112e+00
1333       1.903440000000000021e+00
563        1.903499999999999970e+00
1136       1.903499999999999970e+00
1124       1.903620000000000090e+00
251        1.903640000000000221e+00
1206       1.903799999999999937e+00
573        1.904079999999999995e+00
1321       1.904200000000000115e+00
1153       1.904220000000000024e+00
1313       1.904360000000000275e+00
1150       1.904420000000000002e+00
731        1.904560000000000031e+00
589        1.904579999999999940e+00
1335       1.904600000000000071e+00
854        1.904700000000000060e+00
846        1.905019999999999936e+00
1247       1.905059999999999976e+00
1346       1.905400000000000205e+00
1405       1.905480000000000063e+00
1069       1.905600000000000183e+00
1158       1.905600000000000183e+00
1249       1.905680000000000041e+00
1234       1.905739999999999990e+00
683        1.905760000000000121e+00
526        1.905780000000000030e+00
356        1.905960000000000099e+00
1317       1.906020000000000048e+00
1199       1.906120000000000259e+00
1065       1.906200000000000117e+00
1176       1.906279999999999974e+00
228        1.906360000000000277e+00
1347       1.906479999999999952e+00
1207       1.906519999999999992e+00
954        1.906719999999999970e+00
814        1.906800000000000050e+00
1184       1.906819999999999959e+00
1185       1.906860000000000221e+00
1143       1.906880000000000130e+00
1301       1.906880000000000130e+00
379        1.906920000000000170e+00
694        1.907000000000000028e+00
1133       1.907040000000000068e+00
82         1.907200000000000006e+00
1280       1.907220000000000137e+00
1162       1.907259999999999955e+00
1179       1.907299999999999995e+00
1225       1.907299999999999995e+00
773        1.907380000000000075e+00
537        1.907559999999999922e+00
1282       1.907640000000000224e+00
1122       1.907680000000000042e+00
438        1.907720000000000082e+00
19         1.907860000000000111e+00
1277       1.907920000000000060e+00
1324       1.907920000000000060e+00
1356       1.907940000000000191e+00
1390       1.908000000000000140e+00
286        1.908100000000000129e+00
658        1.908100000000000129e+00
1177       1.908140000000000169e+00
1160       1.908380000000000187e+00
1343       1.908539999999999903e+00
159        1.908840000000000092e+00
1348       1.908980000000000121e+00
1218       1.909019999999999939e+00
1216       1.909040000000000070e+00
204        1.909059999999999979e+00
1261       1.909280000000000088e+00
855        1.909440000000000026e+00
1241       1.909440000000000026e+00
669        1.909499999999999975e+00
1175       1.909520000000000106e+00
1519       1.909600000000000186e+00
519        1.909620000000000095e+00
1135       1.909620000000000095e+00
1287       1.909620000000000095e+00
441        1.909760000000000124e+00
1320       1.909760000000000124e+00
267        1.909799999999999942e+00
1493       1.909960000000000102e+00
343        1.909980000000000011e+00
1316       1.910299999999999887e+00
1264       1.910420000000000007e+00
678        1.910460000000000047e+00
1299       1.910460000000000047e+00
1230       1.910539999999999905e+00
1254       1.910560000000000036e+00
931        1.910620000000000207e+00
1187       1.910620000000000207e+00
421        1.910680000000000156e+00
932        1.910700000000000065e+00
1237       1.910740000000000105e+00
1085       1.910760000000000014e+00
166        1.910840000000000094e+00
1289       1.910900000000000043e+00
871        1.910920000000000174e+00
454        1.911160000000000192e+00
1462       1.911200000000000010e+00
94         1.911440000000000028e+00
365        1.911499999999999977e+00
1147       1.911600000000000188e+00
396        1.911660000000000137e+00
1156       1.911739999999999995e+00
479        1.911820000000000075e+00
1233       1.911820000000000075e+00
1252       1.911920000000000064e+00
109        1.911980000000000013e+00
1155       1.912160000000000082e+00
1154       1.912320000000000020e+00
642        1.912479999999999958e+00
1327       1.912519999999999998e+00
1336       1.912680000000000158e+00
1257       1.912760000000000016e+00
1294       1.912980000000000125e+00
1193       1.913079999999999892e+00
538        1.913780000000000037e+00
1189       1.913860000000000117e+00
1182       1.913880000000000248e+00
1560       1.913980000000000015e+00
1349       1.914000000000000146e+00
1245       1.914080000000000004e+00
1338       1.914160000000000084e+00
1342       1.914340000000000153e+00
1318       1.914420000000000011e+00
1214       1.914440000000000142e+00
1128       1.914500000000000091e+00
1295       1.914740000000000109e+00
1170       1.914779999999999927e+00
1095       1.914800000000000058e+00
1278       1.914840000000000098e+00
439        1.914900000000000047e+00
1163       1.915040000000000076e+00
82         1.915140000000000065e+00
1077       1.915140000000000065e+00
1332       1.915240000000000054e+00
776        1.915259999999999962e+00
1083       1.915360000000000174e+00
1353       1.915360000000000174e+00
1242       1.915380000000000082e+00
1227       1.915400000000000214e+00
1533       1.915440000000000031e+00
219        1.915540000000000020e+00
782        1.915580000000000060e+00
92         1.915620000000000100e+00
155        1.915620000000000100e+00
994        1.915660000000000140e+00
892        1.915720000000000089e+00
1114       1.915720000000000089e+00
1167       1.915799999999999947e+00
1326       1.915820000000000078e+00
1262       1.915900000000000158e+00
765        1.915920000000000067e+00
552        1.916000000000000147e+00
1236       1.916080000000000005e+00
1357       1.916080000000000005e+00
1351       1.916080000000000005e+00
416        1.916120000000000267e+00
1315       1.916220000000000034e+00
705        1.916380000000000194e+00
1339       1.916380000000000194e+00
1344       1.916520000000000001e+00
1164       1.916640000000000121e+00
1231       1.916760000000000019e+00
1276       1.916940000000000088e+00
334        1.916959999999999997e+00
34         1.917180000000000106e+00
1542       1.917240000000000055e+00
1248       1.917280000000000095e+00
351        1.917319999999999913e+00
1014       1.917319999999999913e+00
1121       1.917360000000000175e+00
254        1.917400000000000215e+00
193        1.917440000000000033e+00
1272       1.917440000000000033e+00
1219       1.917580000000000062e+00
1298       1.917820000000000080e+00
1329       1.917820000000000080e+00
1191       1.917880000000000251e+00
1331       1.917980000000000018e+00
1158       1.918000000000000149e+00
360        1.918020000000000058e+00
936        1.918100000000000138e+00
1309       1.918120000000000047e+00
1352       1.918220000000000036e+00
1192       1.918279999999999985e+00
607        1.918360000000000065e+00
1206       1.918400000000000105e+00
1321       1.918440000000000145e+00
1179       1.918460000000000054e+00
214        1.918500000000000094e+00
1034       1.918640000000000123e+00
955        1.918660000000000032e+00
1234       1.918660000000000032e+00
1146       1.918680000000000163e+00
706        1.918700000000000072e+00
1183       1.918700000000000072e+00
1363       1.918719999999999981e+00
132        1.918760000000000021e+00
880        1.918760000000000021e+00
1340       1.918800000000000061e+00
1186       1.918880000000000141e+00
598        1.918900000000000050e+00
1346       1.918900000000000050e+00
1075       1.918920000000000181e+00
46         1.918940000000000090e+00
704        1.919000000000000039e+00
1304       1.919160000000000199e+00
865        1.919300000000000006e+00
612        1.919420000000000126e+00
618        1.919440000000000035e+00
1337       1.919480000000000075e+00
1256       1.919600000000000195e+00
974        1.919780000000000042e+00
675        1.919799999999999951e+00
17         1.920039999999999969e+00
1240       1.920059999999999878e+00
1269       1.920100000000000140e+00
1139       1.920120000000000049e+00
451        1.920340000000000158e+00
873        1.920479999999999965e+00
1203       1.920560000000000045e+00
730        1.920579999999999954e+00
1045       1.921059999999999990e+00
1301       1.921100000000000252e+00
1285       1.921200000000000019e+00
500        1.921220000000000150e+00
1359       1.921220000000000150e+00
1347       1.921220000000000150e+00
1325       1.921259999999999968e+00
1180       1.921319999999999917e+00
1259       1.921340000000000270e+00
795        1.921380000000000088e+00
1209       1.921499999999999986e+00
1316       1.921620000000000106e+00
1160       1.921660000000000146e+00
1168       1.921860000000000124e+00
728        1.921900000000000164e+00
1131       1.921900000000000164e+00
1336       1.922059999999999880e+00
1311       1.922120000000000051e+00
1132       1.922239999999999949e+00
1211       1.922279999999999989e+00
1302       1.922579999999999956e+00
1137       1.922640000000000127e+00
1136       1.922760000000000025e+00
1293       1.922920000000000185e+00
450        1.923079999999999901e+00
1          1.923380000000000090e+00
1149       1.923640000000000239e+00
90         1.923980000000000024e+00
957        1.924080000000000013e+00
1245       1.924200000000000133e+00
1210       1.924220000000000041e+00
632        1.924520000000000008e+00
1241       1.924660000000000037e+00
1202       1.924800000000000066e+00
1330       1.924819999999999975e+00
1266       1.924920000000000186e+00
1187       1.925480000000000080e+00
1270       1.925480000000000080e+00
696        1.925580000000000069e+00
1125       1.925580000000000069e+00
1157       1.925680000000000058e+00
354        1.925720000000000098e+00
1123       1.925939999999999985e+00
1127       1.926039999999999974e+00
454        1.926220000000000043e+00
1193       1.926220000000000043e+00
1216       1.926299999999999901e+00
1271       1.926299999999999901e+00
1056       1.926360000000000072e+00
1445       1.926460000000000061e+00
1250       1.926500000000000101e+00
150        1.926560000000000050e+00
954        1.926579999999999959e+00
1134       1.926620000000000221e+00
740        1.926660000000000039e+00
944        1.926680000000000170e+00
1345       1.926840000000000108e+00
1305       1.926880000000000148e+00
1327       1.927079999999999904e+00
1358       1.927140000000000075e+00
1162       1.927440000000000042e+00
1319       1.927559999999999940e+00
1159       1.927620000000000111e+00
1182       1.927720000000000100e+00
1333       1.927920000000000078e+00
1263       1.927999999999999936e+00
835        1.928080000000000016e+00
1184       1.928299999999999903e+00
1154       1.928340000000000165e+00
601        1.928380000000000205e+00
1233       1.928460000000000063e+00
1288       1.928479999999999972e+00
153        1.928500000000000103e+00
332        1.928539999999999921e+00
1019       1.928600000000000092e+00
168        1.928760000000000030e+00
1353       1.928760000000000030e+00
1141       1.928779999999999939e+00
1133       1.928800000000000070e+00
742        1.928920000000000190e+00
1219       1.928920000000000190e+00
1323       1.929019999999999957e+00
371        1.929100000000000259e+00
1276       1.929180000000000117e+00
1289       1.929240000000000066e+00
1218       1.929259999999999975e+00
336        1.929380000000000095e+00
894        1.929440000000000044e+00
1315       1.929440000000000044e+00
185        1.929520000000000124e+00
1140       1.929520000000000124e+00
1163       1.929520000000000124e+00
1151       1.929559999999999942e+00
1332       1.929559999999999942e+00
1291       1.929700000000000193e+00
1328       1.929900000000000171e+00
1284       1.930020000000000069e+00
26         1.930120000000000058e+00
159        1.930239999999999956e+00
784        1.930239999999999956e+00
76         1.930360000000000076e+00
1170       1.930360000000000076e+00
1287       1.930360000000000076e+00
1267       1.930600000000000094e+00
1314       1.930600000000000094e+00
1128       1.930660000000000043e+00
558        1.930700000000000083e+00
987        1.930719999999999992e+00
541        1.930779999999999941e+00
1160       1.930779999999999941e+00
834        1.930819999999999981e+00
1176       1.930819999999999981e+00
471        1.930920000000000192e+00
947        1.930920000000000192e+00
1222       1.930940000000000101e+00
1217       1.931000000000000050e+00
148        1.931079999999999908e+00
1278       1.931100000000000261e+00
723        1.931180000000000119e+00
588        1.931259999999999977e+00
324        1.931280000000000108e+00
128        1.931300000000000017e+00
1339       1.931319999999999926e+00
289        1.931400000000000228e+00
1268       1.931420000000000137e+00
1150       1.931480000000000086e+00
1161       1.931640000000000246e+00
1232       1.931700000000000195e+00
1172       1.931880000000000042e+00
214        1.931900000000000173e+00
655        1.931960000000000122e+00
253        1.931999999999999940e+00
133        1.932200000000000140e+00
1225       1.932420000000000027e+00
183        1.932500000000000107e+00
1189       1.932500000000000107e+00
493        1.932620000000000227e+00
503        1.932680000000000176e+00
1414       1.932680000000000176e+00
897        1.932700000000000085e+00
373        1.932840000000000114e+00
1249       1.932960000000000012e+00
1179       1.933180000000000121e+00
1247       1.933240000000000069e+00
703        1.933440000000000047e+00
1198       1.933540000000000036e+00
1342       1.933540000000000036e+00
1194       1.933740000000000014e+00
308        1.933860000000000134e+00
759        1.933960000000000123e+00
1316       1.933960000000000123e+00
147        1.934080000000000021e+00
711        1.934140000000000192e+00
1132       1.934160000000000101e+00
1216       1.934220000000000050e+00
1166       1.934299999999999908e+00
1304       1.934340000000000170e+00
1123       1.934380000000000210e+00
1205       1.934420000000000028e+00
1351       1.934620000000000228e+00
814        1.934700000000000086e+00
272        1.934719999999999995e+00
1215       1.934719999999999995e+00
750        1.934860000000000246e+00
1195       1.935180000000000122e+00
619        1.935240000000000071e+00
626        1.935380000000000100e+00
1155       1.935620000000000118e+00
1255       1.935799999999999965e+00
205        1.935819999999999874e+00
902        1.935819999999999874e+00
950        1.935860000000000136e+00
1199       1.935920000000000085e+00
1293       1.936039999999999983e+00
970        1.936059999999999892e+00
1340       1.936120000000000063e+00
1237       1.936239999999999961e+00
314        1.936320000000000041e+00
1032       1.936340000000000172e+00
483        1.936479999999999979e+00
658        1.936560000000000059e+00
1348       1.936680000000000179e+00
368        1.936740000000000128e+00
403        1.936920000000000197e+00
1319       1.936920000000000197e+00
473        1.936940000000000106e+00
1174       1.936940000000000106e+00
305        1.936980000000000146e+00
531        1.937060000000000004e+00
1256       1.937060000000000004e+00
1333       1.937079999999999913e+00
328        1.937259999999999982e+00
285        1.937340000000000284e+00
767        1.937500000000000000e+00
1122       1.937600000000000211e+00
1181       1.937600000000000211e+00
1344       1.937600000000000211e+00
1088       1.937780000000000058e+00
1167       1.937920000000000087e+00
1323       1.938180000000000014e+00
602        1.938260000000000094e+00
1349       1.938460000000000072e+00
905        1.938479999999999981e+00
1346       1.938640000000000141e+00
1162       1.938880000000000159e+00
1235       1.938920000000000199e+00
754        1.939240000000000075e+00
1271       1.939340000000000286e+00
552        1.939780000000000060e+00
1587       1.940299999999999914e+00
1272       1.940460000000000074e+00
246        1.940560000000000063e+00
1421       1.940579999999999972e+00
1247       1.940620000000000234e+00
1321       1.941040000000000099e+00
1290       1.941060000000000008e+00
1356       1.941120000000000179e+00
638        1.941860000000000142e+00
395        1.942320000000000046e+00
867        1.942380000000000217e+00
855        1.942420000000000035e+00
516        1.942460000000000075e+00
1115       1.942479999999999984e+00
69         1.942600000000000104e+00
812        1.942760000000000042e+00
1279       1.943000000000000060e+00
607        1.943040000000000100e+00
1355       1.943040000000000100e+00
1330       1.943100000000000271e+00
1325       1.943100000000000271e+00
512        1.943120000000000180e+00
665        1.943280000000000118e+00
1353       1.943340000000000289e+00
1298       1.943360000000000198e+00
375        1.943400000000000238e+00
1127       1.943440000000000056e+00
1265       1.943440000000000056e+00
1238       1.943780000000000063e+00
1312       1.943799999999999972e+00
1303       1.943880000000000052e+00
1251       1.944020000000000081e+00
1010       1.944320000000000048e+00
1116       1.944779999999999953e+00
1189       1.944819999999999993e+00
352        1.945060000000000011e+00
1332       1.945079999999999920e+00
20         1.945140000000000091e+00
1152       1.945160000000000222e+00
1297       1.945160000000000222e+00
747        1.945660000000000167e+00
1266       1.946039999999999992e+00
457        1.946200000000000152e+00
64         1.946320000000000050e+00
1283       1.946760000000000046e+00
1282       1.946800000000000086e+00
1306       1.946819999999999995e+00
942        1.946860000000000257e+00
1521       1.946920000000000206e+00
980        1.946980000000000155e+00
1331       1.947440000000000060e+00
1228       1.947620000000000129e+00
1310       1.947680000000000078e+00
1280       1.947799999999999976e+00
34         1.948160000000000114e+00
339        1.948280000000000012e+00
1171       1.948299999999999921e+00
1270       1.948440000000000172e+00
1220       1.948640000000000150e+00
1570       1.948860000000000259e+00
441        1.949100000000000277e+00
1218       1.949340000000000295e+00
369        1.949420000000000153e+00
1186       1.949440000000000062e+00
873        1.949559999999999960e+00
1340       1.949600000000000222e+00
1301       1.949620000000000131e+00
1346       1.949740000000000029e+00
1201       1.949759999999999938e+00
235        1.950039999999999996e+00
1224       1.950059999999999905e+00
1328       1.950059999999999905e+00
760        1.950080000000000036e+00
1234       1.950160000000000116e+00
1348       1.950160000000000116e+00
1136       1.950400000000000134e+00
297        1.950560000000000072e+00
819        1.950620000000000243e+00
1299       1.950660000000000061e+00
1241       1.950700000000000101e+00
1274       1.950700000000000101e+00
1122       1.950740000000000141e+00
1202       1.950760000000000050e+00
1140       1.950779999999999959e+00
1096       1.950800000000000090e+00
12         1.950860000000000261e+00
850        1.950860000000000261e+00
263        1.950880000000000170e+00
1032       1.950960000000000027e+00
1341       1.950960000000000027e+00
826        1.951000000000000068e+00
1149       1.951000000000000068e+00
1044       1.951079999999999925e+00
1315       1.951100000000000279e+00
1162       1.951440000000000063e+00
1138       1.951540000000000052e+00
1134       1.951559999999999961e+00
1339       1.951559999999999961e+00
188        1.952059999999999906e+00
770        1.952080000000000037e+00
1135       1.952360000000000095e+00
1329       1.952360000000000095e+00
89         1.952560000000000073e+00
137        1.952579999999999982e+00
1428       1.952660000000000062e+00
1169       1.952820000000000000e+00
1126       1.953000000000000069e+00
1300       1.953100000000000280e+00
1269       1.953160000000000229e+00
1196       1.953220000000000178e+00
1153       1.953440000000000065e+00
970        1.953519999999999923e+00
1286       1.953699999999999992e+00
774        1.953720000000000123e+00
771        1.953720000000000123e+00
222        1.953740000000000032e+00
1107       1.953799999999999981e+00
703        1.953920000000000101e+00
1351       1.953920000000000101e+00
1237       1.954059999999999908e+00
1326       1.954400000000000137e+00
1026       1.954420000000000046e+00
204        1.954460000000000086e+00
673        1.954539999999999944e+00
884        1.954560000000000075e+00
1353       1.954620000000000246e+00
1229       1.954720000000000013e+00
1246       1.954760000000000053e+00
574        1.954860000000000264e+00
1261       1.954920000000000213e+00
1113       1.955019999999999980e+00
998        1.955140000000000100e+00
1265       1.955200000000000049e+00
1239       1.955420000000000158e+00
644        1.955480000000000107e+00
1249       1.955500000000000016e+00
1311       1.955559999999999965e+00
1589       1.955640000000000045e+00
1207       1.955720000000000125e+00
1230       1.956020000000000092e+00
1159       1.956320000000000059e+00
1151       1.956560000000000077e+00
419        1.956860000000000266e+00
873        1.956960000000000033e+00
187        1.956980000000000164e+00
1321       1.956980000000000164e+00
1216       1.957019999999999982e+00
1257       1.957200000000000051e+00
702        1.957480000000000109e+00
764        1.957579999999999876e+00
32         1.957759999999999945e+00
1179       1.957799999999999985e+00
1175       1.957999999999999963e+00
1177       1.958059999999999912e+00
1259       1.958160000000000123e+00
1592       1.958160000000000123e+00
988        1.958180000000000032e+00
482        1.958400000000000141e+00
647        1.958600000000000119e+00
1091       1.958640000000000159e+00
1471       1.958660000000000068e+00
858        1.958700000000000108e+00
1270       1.958700000000000108e+00
1181       1.958740000000000148e+00
1332       1.958760000000000057e+00
1292       1.958779999999999966e+00
911        1.958880000000000177e+00
543        1.958900000000000086e+00
1295       1.958900000000000086e+00
1132       1.958960000000000035e+00
499        1.959040000000000115e+00
1183       1.959060000000000024e+00
762        1.959100000000000286e+00
733        1.959180000000000144e+00
446        1.959480000000000111e+00
1291       1.959780000000000078e+00
1226       1.959799999999999986e+00
1460       1.959840000000000249e+00
195        1.959860000000000158e+00
1307       1.959880000000000067e+00
1334       1.959920000000000107e+00
49         1.959960000000000147e+00
506        1.960020000000000095e+00
675        1.960020000000000095e+00
1472       1.960020000000000095e+00
1108       1.960160000000000124e+00
1158       1.960160000000000124e+00
1275       1.960200000000000164e+00
1193       1.960239999999999982e+00
882        1.960299999999999931e+00
1322       1.960360000000000102e+00
1303       1.960380000000000233e+00
249        1.960440000000000182e+00
443        1.960460000000000091e+00
317        1.960760000000000058e+00
402        1.960760000000000058e+00
1294       1.960820000000000007e+00
411        1.960840000000000138e+00
1005       1.960920000000000218e+00
1319       1.960960000000000036e+00
1547       1.960960000000000036e+00
1195       1.961000000000000076e+00
1220       1.961060000000000025e+00
744        1.961079999999999934e+00
1061       1.961180000000000145e+00
1534       1.961180000000000145e+00
1278       1.961300000000000043e+00
1335       1.961300000000000043e+00
201        1.961319999999999952e+00
1112       1.961340000000000083e+00
1168       1.961340000000000083e+00
596        1.961360000000000214e+00
1312       1.961420000000000163e+00
1192       1.961559999999999970e+00
1125       1.961620000000000141e+00
1150       1.961640000000000050e+00
558        1.961699999999999999e+00
886        1.961860000000000159e+00
1028       1.961900000000000199e+00
643        1.962040000000000006e+00
976        1.962040000000000006e+00
994        1.962040000000000006e+00
1304       1.962120000000000086e+00
1324       1.962120000000000086e+00
575        1.962140000000000217e+00
1036       1.962140000000000217e+00
1256       1.962180000000000035e+00
1067       1.962200000000000166e+00
83         1.962299999999999933e+00
1199       1.962320000000000064e+00
296        1.962340000000000195e+00
424        1.962360000000000104e+00
475        1.962579999999999991e+00
1240       1.962620000000000253e+00
1156       1.963140000000000107e+00
1027       1.963160000000000016e+00
1339       1.963160000000000016e+00
65         1.963260000000000005e+00
1200       1.963260000000000005e+00
1155       1.963279999999999914e+00
94         1.963459999999999983e+00
1355       1.963480000000000114e+00
629        1.963500000000000023e+00
1051       1.963600000000000234e+00
922        1.963640000000000052e+00
1180       1.963780000000000081e+00
1122       1.963840000000000252e+00
451        1.963860000000000161e+00
982        1.963860000000000161e+00
73         1.963920000000000110e+00
1173       1.963920000000000110e+00
1127       1.964059999999999917e+00
660        1.964100000000000179e+00
1221       1.964100000000000179e+00
314        1.964560000000000084e+00
1248       1.964760000000000062e+00
1309       1.964820000000000011e+00
1250       1.964900000000000091e+00
1057       1.964920000000000222e+00
477        1.965019999999999989e+00
1253       1.965160000000000018e+00
1227       1.965219999999999967e+00
646        1.965260000000000007e+00
143        1.965660000000000185e+00
1232       1.965700000000000003e+00
1209       1.965900000000000203e+00
1349       1.965960000000000152e+00
522        1.966200000000000170e+00
419        1.966220000000000079e+00
246        1.966299999999999937e+00
1037       1.966560000000000086e+00
1233       1.966660000000000075e+00
503        1.966740000000000155e+00
431        1.966860000000000275e+00
813        1.967080000000000162e+00
1310       1.967160000000000020e+00
177        1.967180000000000151e+00
1080       1.967219999999999969e+00
148        1.967400000000000038e+00
1279       1.967440000000000078e+00
1229       1.967480000000000118e+00
1320       1.967540000000000067e+00
820        1.967700000000000005e+00
1412       1.967759999999999954e+00
907        1.967900000000000205e+00
587        1.967980000000000063e+00
1146       1.967980000000000063e+00
1333       1.968080000000000274e+00
1277       1.968160000000000132e+00
1145       1.968280000000000030e+00
1325       1.968380000000000241e+00
705        1.968500000000000139e+00
1165       1.968500000000000139e+00
1134       1.968660000000000077e+00
1213       1.968660000000000077e+00
893        1.968840000000000146e+00
184        1.968900000000000095e+00
1133       1.968900000000000095e+00
324        1.968940000000000135e+00
1216       1.968979999999999952e+00
330        1.969039999999999901e+00
902        1.969039999999999901e+00
743        1.969140000000000112e+00
1137       1.969160000000000021e+00
72         1.969219999999999970e+00
42         1.969240000000000101e+00
309        1.969240000000000101e+00
1247       1.969240000000000101e+00
821        1.969279999999999919e+00
924        1.969360000000000221e+00
808        1.969400000000000039e+00
1273       1.969420000000000170e+00
723        1.969580000000000108e+00
126        1.969620000000000148e+00
1164       1.969640000000000057e+00
1308       1.969660000000000188e+00
54         1.969700000000000006e+00
1015       1.969720000000000137e+00
1138       1.969720000000000137e+00
1343       1.969799999999999995e+00
1230       1.969819999999999904e+00
1194       1.969860000000000166e+00
1267       1.969860000000000166e+00
1215       1.969920000000000115e+00
455        1.969980000000000064e+00
137        1.970040000000000013e+00
355        1.970080000000000275e+00
1254       1.970180000000000042e+00
856        1.970220000000000082e+00
1336       1.970220000000000082e+00
1004       1.970239999999999991e+00
1237       1.970239999999999991e+00
1313       1.970260000000000122e+00
1345       1.970380000000000242e+00
1076       1.970420000000000060e+00
31         1.970440000000000191e+00
297        1.970500000000000140e+00
460        1.970500000000000140e+00
1182       1.970500000000000140e+00
722        1.970560000000000089e+00
1352       1.970560000000000089e+00
1408       1.970560000000000089e+00
81         1.970580000000000220e+00
1244       1.970580000000000220e+00
1239       1.970600000000000129e+00
567        1.970700000000000118e+00
1167       1.970799999999999885e+00
1144       1.970840000000000147e+00
398        1.970900000000000096e+00
277        1.970920000000000005e+00
1284       1.970920000000000005e+00
1020       1.970940000000000136e+00
1190       1.971000000000000085e+00
1367       1.971039999999999903e+00
1130       1.971060000000000034e+00
611        1.971120000000000205e+00
788        1.971160000000000023e+00
1295       1.971160000000000023e+00
1255       1.971200000000000063e+00
3          1.971219999999999972e+00
1083       1.971420000000000172e+00
951        1.971640000000000059e+00
1298       1.971640000000000059e+00
1265       1.971920000000000117e+00
51         1.972059999999999924e+00
1294       1.972320000000000073e+00
1462       1.972340000000000204e+00
123        1.972420000000000062e+00
1157       1.972460000000000102e+00
308        1.972520000000000051e+00
366        1.972560000000000091e+00
854        1.972799999999999887e+00
1154       1.973019999999999996e+00
325        1.973039999999999905e+00
1143       1.973039999999999905e+00
369        1.973200000000000065e+00
52         1.973240000000000105e+00
272        1.973279999999999923e+00
1280       1.973340000000000094e+00
1220       1.973420000000000174e+00
817        1.973440000000000083e+00
176        1.973680000000000101e+00
1218       1.973700000000000010e+00
1123       1.973780000000000090e+00
1158       1.973799999999999999e+00
1242       1.973840000000000261e+00
931        1.973920000000000119e+00
1016       1.973940000000000028e+00
1121       1.973940000000000028e+00
1202       1.973940000000000028e+00
1082       1.973980000000000068e+00
1231       1.974020000000000108e+00
1119       1.974040000000000017e+00
563        1.974059999999999926e+00
1348       1.974059999999999926e+00
346        1.974120000000000097e+00
978        1.974140000000000228e+00
569        1.974160000000000137e+00
1306       1.974200000000000177e+00
1319       1.974220000000000086e+00
546        1.974360000000000115e+00
1198       1.974360000000000115e+00
834        1.974420000000000064e+00
498        1.974460000000000104e+00
1141       1.974460000000000104e+00
1175       1.974460000000000104e+00
1271       1.974560000000000093e+00
1059       1.974580000000000224e+00
1335       1.974660000000000082e+00
1149       1.974680000000000213e+00
1256       1.974680000000000213e+00
1188       1.974700000000000122e+00
1337       1.974720000000000031e+00
1197       1.974760000000000071e+00
1195       1.974880000000000191e+00
1107       1.975340000000000096e+00
1171       1.975360000000000227e+00
1189       1.975459999999999994e+00
930        1.975500000000000034e+00
585        1.975559999999999983e+00
896        1.975580000000000114e+00
118        1.975620000000000154e+00
1315       1.975960000000000161e+00
387        1.976120000000000099e+00
479        1.976200000000000179e+00
1166       1.976400000000000157e+00
1285       1.976460000000000106e+00
1134       1.976520000000000055e+00
692        1.976560000000000095e+00
1160       1.976640000000000175e+00
390        1.976720000000000033e+00
1283       1.976760000000000073e+00
1444       1.976760000000000073e+00
77         1.976900000000000102e+00
1155       1.977000000000000091e+00
25         1.977100000000000080e+00
112        1.977100000000000080e+00
1181       1.977100000000000080e+00
464        1.977120000000000211e+00
1341       1.977200000000000069e+00
253        1.977260000000000018e+00
586        1.977319999999999967e+00
1323       1.977700000000000014e+00
491        1.977800000000000002e+00
1340       1.977800000000000002e+00
88         1.977880000000000082e+00
82         1.977900000000000214e+00
1226       1.978340000000000209e+00
156        1.978420000000000067e+00
952        1.978420000000000067e+00
747        1.978539999999999965e+00
443        1.978560000000000096e+00
439        1.978600000000000136e+00
554        1.978660000000000085e+00
1196       1.978660000000000085e+00
995        1.978860000000000063e+00
1136       1.978860000000000063e+00
1186       1.978900000000000103e+00
886        1.978960000000000052e+00
507        1.979180000000000161e+00
103        1.979240000000000110e+00
1170       1.979240000000000110e+00
1030       1.979279999999999928e+00
1381       1.979340000000000099e+00
1286       1.979580000000000117e+00
21         1.979840000000000266e+00
1300       1.979900000000000215e+00
1194       1.979960000000000164e+00
179        1.980059999999999931e+00
1200       1.980240000000000000e+00
1296       1.980580000000000229e+00
395        1.980660000000000087e+00
1234       1.980679999999999996e+00
1219       1.980760000000000076e+00
1019       1.980940000000000145e+00
500        1.981300000000000061e+00
1164       1.981400000000000050e+00
1289       1.981420000000000181e+00
1187       1.981480000000000130e+00
1560       1.981580000000000119e+00
1276       1.981700000000000017e+00
1165       1.981720000000000148e+00
644        1.981759999999999966e+00
800        1.981759999999999966e+00
883        1.981780000000000097e+00
1124       1.981840000000000268e+00
90         1.982040000000000024e+00
1208       1.982040000000000024e+00
440        1.982080000000000286e+00
476        1.982080000000000286e+00
57         1.982200000000000184e+00
649        1.982200000000000184e+00
255        1.982220000000000093e+00
1272       1.982360000000000122e+00
1311       1.982380000000000253e+00
10         1.982400000000000162e+00
517        1.982400000000000162e+00
102        1.982460000000000111e+00
1227       1.982460000000000111e+00
1153       1.982480000000000020e+00
1131       1.982520000000000060e+00
411        1.982580000000000231e+00
1291       1.982700000000000129e+00
261        1.982760000000000078e+00
196        1.982820000000000027e+00
1235       1.982820000000000027e+00
1137       1.982840000000000158e+00
448        1.982900000000000107e+00
81         1.983279999999999932e+00
845        1.983420000000000183e+00
893        1.983440000000000092e+00
1357       1.983540000000000081e+00
661        1.983640000000000070e+00
1151       1.983660000000000201e+00
1185       1.983700000000000019e+00
1099       1.983720000000000150e+00
1237       1.983819999999999917e+00
1273       1.983860000000000179e+00
412        1.983980000000000077e+00
1172       1.984120000000000106e+00
1204       1.984260000000000135e+00
1263       1.984539999999999971e+00
1279       1.984640000000000182e+00
1211       1.984660000000000091e+00
1317       1.984720000000000040e+00
676        1.984760000000000080e+00
46         1.984840000000000160e+00
258        1.984920000000000018e+00
488        1.985219999999999985e+00
396        1.985260000000000025e+00
832        1.985260000000000025e+00
206        1.985340000000000105e+00
286        1.985480000000000134e+00
1228       1.985500000000000043e+00
1310       1.985640000000000072e+00
1407       1.985840000000000272e+00
69         1.985900000000000221e+00
587        1.986140000000000239e+00
1301       1.986220000000000097e+00
408        1.986260000000000137e+00
1427       1.986280000000000046e+00
1238       1.986520000000000064e+00
1355       1.986660000000000093e+00
349        1.987240000000000117e+00
1156       1.987279999999999935e+00
389        1.987319999999999975e+00
1281       1.987360000000000237e+00
1129       1.987500000000000044e+00
1328       1.987680000000000113e+00
1146       1.987700000000000022e+00
1275       1.987720000000000153e+00
1480       1.987759999999999971e+00
689        1.987780000000000102e+00
858        1.987840000000000273e+00
1201       1.987900000000000222e+00
1162       1.987960000000000171e+00
1313       1.988120000000000109e+00
433        1.988559999999999883e+00
393        1.988640000000000185e+00
669        1.988700000000000134e+00
1205       1.988779999999999992e+00
835        1.989160000000000039e+00
1501       1.989480000000000137e+00
348        1.989540000000000086e+00
1295       1.989620000000000166e+00
683        1.989720000000000155e+00
1192       1.989720000000000155e+00
141        1.989940000000000042e+00
547        1.990020000000000122e+00
1245       1.990200000000000191e+00
1271       1.990400000000000169e+00
142        1.990539999999999976e+00
1196       1.990580000000000238e+00
1136       1.990860000000000074e+00
221        1.990920000000000023e+00
276        1.991039999999999921e+00
426        1.991039999999999921e+00
376        1.991180000000000172e+00
1190       1.991200000000000081e+00
1268       1.991319999999999979e+00
1214       1.991460000000000008e+00
831        1.991600000000000259e+00
591        1.991759999999999975e+00
435        1.991780000000000106e+00
91         1.991819999999999924e+00
1188       1.991920000000000135e+00
895        1.992040000000000033e+00
1304       1.992059999999999942e+00
1333       1.992140000000000244e+00
173        1.992220000000000102e+00
1145       1.992360000000000131e+00
1210       1.992520000000000069e+00
1309       1.992799999999999905e+00
1002       1.992860000000000076e+00
1197       1.992860000000000076e+00
394        1.992880000000000207e+00
1137       1.992920000000000025e+00
332        1.993000000000000105e+00
932        1.993080000000000185e+00
1436       1.993380000000000152e+00
1492       1.993420000000000192e+00
244        1.993460000000000010e+00
481        1.993500000000000050e+00
42         1.993800000000000017e+00
906        1.993800000000000017e+00
1233       1.993900000000000228e+00
1359       1.993940000000000046e+00
1292       1.994059999999999944e+00
1171       1.994080000000000297e+00
992        1.994220000000000104e+00
1202       1.994259999999999922e+00
1111       1.994360000000000133e+00
1259       1.994539999999999980e+00
1215       1.994660000000000100e+00
475        1.994700000000000140e+00
35         1.994739999999999958e+00
33         1.995060000000000056e+00
1223       1.995100000000000096e+00
572        1.995120000000000227e+00
1335       1.995120000000000227e+00
1284       1.995200000000000085e+00
1101       1.995319999999999983e+00
1244       1.995420000000000194e+00
11         1.995440000000000103e+00
693        1.995460000000000012e+00
1256       1.995480000000000143e+00
761        1.995560000000000000e+00
716        1.995640000000000081e+00
634        1.995740000000000069e+00
1222       1.995920000000000138e+00
534        1.995980000000000087e+00
1153       1.996160000000000156e+00
1286       1.996280000000000054e+00
1329       1.996360000000000134e+00
1164       1.996380000000000043e+00
1358       1.996400000000000174e+00
1209       1.996480000000000032e+00
1347       1.996480000000000032e+00
1283       1.996559999999999890e+00
836        1.996840000000000170e+00
1195       1.997140000000000137e+00
1109       1.997440000000000104e+00
1269       1.997460000000000013e+00
1355       1.997620000000000173e+00
1370       1.997700000000000031e+00
969        1.997740000000000071e+00
800        1.998059999999999947e+00
1132       1.998080000000000300e+00
1024       1.998100000000000209e+00
731        1.998280000000000056e+00
987        1.998340000000000227e+00
1315       1.998340000000000227e+00
354        1.998439999999999994e+00
1172       1.998760000000000092e+00
1265       1.998840000000000172e+00
1350       1.998940000000000161e+00
1181       1.999020000000000019e+00
1125       1.999060000000000059e+00
579        1.999160000000000048e+00
1246       1.999200000000000088e+00
1116       1.999240000000000128e+00
1357       1.999460000000000015e+00
355        1.999540000000000095e+00
994        1.999540000000000095e+00
1306       1.999680000000000124e+00
72         1.999860000000000193e+00
