# Neuron   Time (s)                 
1373       2.780000000000000353e-03
1523       3.660000000000000059e-03
919        3.919999999999999873e-03
347        4.420000000000000318e-03
746        5.219999999999999814e-03
1083       5.300000000000000024e-03
615        5.460000000000000443e-03
1154       6.759999999999999516e-03
267        7.120000000000000460e-03
1055       7.520000000000000642e-03
1590       8.160000000000000586e-03
230        8.640000000000000110e-03
906        8.740000000000001240e-03
1210       9.040000000000001160e-03
134        9.320000000000000159e-03
1014       1.060000000000000005e-02
970        1.177999999999999881e-02
1353       1.217999999999999985e-02
1089       1.359999999999999924e-02
1297       1.424000000000000092e-02
1048       1.428000000000000103e-02
1447       1.474000000000000137e-02
286        1.488000000000000086e-02
798        1.490000000000000005e-02
1574       1.492000000000000097e-02
938        1.593999999999999931e-02
544        1.754000000000000004e-02
559        1.890000000000000360e-02
1442       1.962000000000000202e-02
1178       2.053999999999999923e-02
168        2.069999999999999965e-02
313        2.296000000000000124e-02
395        2.308000000000000329e-02
608        2.326000000000000290e-02
1584       2.382000000000000089e-02
227        2.401999999999999968e-02
308        2.476000000000000076e-02
1059       2.482000000000000178e-02
659        2.508000000000000160e-02
260        2.532000000000000223e-02
947        2.542000000000000162e-02
351        2.544000000000000081e-02
1328       2.558000000000000204e-02
665        2.590000000000000288e-02
1072       2.680000000000000090e-02
698        2.728000000000000216e-02
64         2.766000000000000056e-02
861        2.926000000000000129e-02
763        2.932000000000000231e-02
1013       2.936000000000000068e-02
593        3.026000000000000217e-02
14         3.036000000000000157e-02
597        3.092000000000000304e-02
278        3.133999999999999980e-02
1250       3.150000000000000022e-02
1338       3.214000000000000190e-02
471        3.248000000000000193e-02
972        3.303999999999999992e-02
265        3.337999999999999995e-02
98         3.355999999999999955e-02
923        3.434000000000000247e-02
1481       3.443999999999999839e-02
447        3.454000000000000126e-02
1582       3.661999999999999977e-02
291        3.703999999999999654e-02
293        3.798000000000000681e-02
1328       3.835999999999999827e-02
492        3.907999999999999668e-02
1196       3.910000000000000281e-02
201        3.921999999999999792e-02
961        4.188000000000000056e-02
1350       4.200000000000000261e-02
574        4.268000000000000266e-02
128        4.454000000000000320e-02
1411       4.510000000000000120e-02
1408       4.562000000000000083e-02
642        4.632000000000000006e-02
35         4.667999999999999927e-02
126        4.688000000000000500e-02
1093       4.711999999999999522e-02
1260       4.720000000000000584e-02
894        5.000000000000000278e-02
1281       5.057999999999999996e-02
365        5.116000000000000408e-02
752        5.202000000000000374e-02
342        5.234000000000000458e-02
1297       5.358000000000000262e-02
230        5.424000000000000349e-02
1240       5.428000000000000186e-02
589        5.444000000000000228e-02
806        5.460000000000000270e-02
1580       5.475999999999999618e-02
709        5.478000000000000230e-02
16         5.670000000000000734e-02
1451       5.688000000000000694e-02
326        5.725999999999999840e-02
937        5.756000000000000005e-02
1526       5.764000000000000373e-02
716        5.858000000000000013e-02
297        5.918000000000000344e-02
827        6.031999999999999862e-02
1069       6.088000000000000356e-02
528        6.094000000000000111e-02
771        6.103999999999999704e-02
862        6.117999999999999827e-02
752        6.140000000000000319e-02
648        6.356000000000000538e-02
978        6.400000000000000133e-02
593        6.401999999999999358e-02
1520       6.562000000000001165e-02
129        6.601999999999999535e-02
1275       6.601999999999999535e-02
1137       6.670000000000000928e-02
1244       6.673999999999999377e-02
914        6.709999999999999298e-02
132        6.922000000000000375e-02
452        7.000000000000000666e-02
890        7.122000000000000552e-02
1046       7.190000000000000557e-02
1408       7.200000000000000844e-02
1537       7.226000000000000478e-02
1094       7.249999999999999500e-02
1418       7.340000000000000691e-02
1445       7.352000000000000202e-02
678        7.356000000000000039e-02
1029       7.358000000000000651e-02
802        7.394000000000000572e-02
574        7.399999999999999634e-02
21         7.520000000000000295e-02
176        7.549999999999999767e-02
1157       7.648000000000000631e-02
705        7.670000000000000429e-02
480        7.754000000000001169e-02
1515       7.768000000000001293e-02
430        7.834000000000000685e-02
1397       7.840000000000001135e-02
1565       7.873999999999999055e-02
918        7.907999999999999752e-02
809        7.934000000000000774e-02
665        8.000000000000000167e-02
1426       8.086000000000000132e-02
1344       8.123999999999999277e-02
1138       8.173999999999999322e-02
776        8.200000000000000344e-02
263        8.240000000000000102e-02
1254       8.358000000000000151e-02
1265       8.379999999999999949e-02
1402       8.404000000000000359e-02
1550       8.408000000000000196e-02
670        8.482000000000000650e-02
823        8.510000000000000897e-02
1096       8.519999999999999796e-02
354        8.528000000000000858e-02
449        8.546000000000000818e-02
1148       8.562000000000000166e-02
998        8.604000000000000536e-02
627        8.672000000000000541e-02
1364       8.932000000000001050e-02
805        8.940000000000000724e-02
1567       8.982000000000001094e-02
174        9.174000000000000210e-02
607        9.190000000000000946e-02
248        9.199999999999999845e-02
1497       9.212000000000000743e-02
1040       9.218000000000001193e-02
308        9.312000000000000832e-02
1467       9.329999999999999405e-02
703        9.376000000000001000e-02
318        9.384000000000000674e-02
243        9.457999999999999741e-02
863        9.468000000000001415e-02
1362       9.470000000000000639e-02
1489       9.490000000000001212e-02
1541       9.500000000000000111e-02
244        9.518000000000001459e-02
357        9.534000000000000807e-02
1461       9.551999999999999380e-02
469        9.570000000000000728e-02
762        9.574000000000000565e-02
979        9.687999999999999390e-02
498        9.740000000000001434e-02
780        9.814000000000000501e-02
1596       9.818000000000000338e-02
1220       9.982000000000000595e-02
1083       9.990000000000000269e-02
713        1.002000000000000113e-01
18         1.003000000000000003e-01
1090       1.011000000000000093e-01
419        1.011200000000000015e-01
1553       1.011400000000000077e-01
78         1.013200000000000073e-01
507        1.014800000000000008e-01
1071       1.024000000000000049e-01
960        1.045600000000000002e-01
232        1.046200000000000047e-01
510        1.052799999999999986e-01
374        1.057799999999999990e-01
183        1.060200000000000031e-01
799        1.061399999999999982e-01
105        1.064000000000000085e-01
392        1.067400000000000154e-01
1049       1.070400000000000101e-01
37         1.076200000000000073e-01
1006       1.090600000000000042e-01
911        1.102199999999999985e-01
371        1.110000000000000014e-01
285        1.115600000000000064e-01
1463       1.117400000000000060e-01
1599       1.124200000000000060e-01
1540       1.124399999999999983e-01
1370       1.126400000000000040e-01
1515       1.127000000000000085e-01
1276       1.158200000000000063e-01
814        1.160800000000000026e-01
772        1.161400000000000071e-01
708        1.180199999999999999e-01
152        1.180400000000000060e-01
1448       1.188799999999999996e-01
588        1.189000000000000057e-01
918        1.191600000000000020e-01
1287       1.193200000000000094e-01
766        1.198400000000000021e-01
240        1.208000000000000046e-01
40         1.216800000000000104e-01
1145       1.225200000000000039e-01
273        1.227199999999999958e-01
989        1.232999999999999929e-01
742        1.233400000000000052e-01
1363       1.241800000000000126e-01
253        1.242000000000000048e-01
493        1.242800000000000016e-01
1526       1.242999999999999938e-01
1470       1.244399999999999951e-01
499        1.260799999999999976e-01
847        1.269800000000000095e-01
92         1.277200000000000002e-01
957        1.277800000000000047e-01
948        1.281800000000000161e-01
1589       1.285200000000000231e-01
538        1.288199999999999901e-01
1195       1.290000000000000036e-01
1044       1.290999999999999925e-01
891        1.297599999999999865e-01
96         1.301999999999999824e-01
914        1.301999999999999824e-01
446        1.306800000000000184e-01
916        1.309000000000000163e-01
331        1.311200000000000143e-01
453        1.313199999999999923e-01
1218       1.315200000000000258e-01
1563       1.315200000000000258e-01
1512       1.318799999999999972e-01
47         1.324799999999999867e-01
986        1.333799999999999986e-01
701        1.334400000000000031e-01
1592       1.334400000000000031e-01
1185       1.334799999999999875e-01
1528       1.334799999999999875e-01
224        1.335399999999999920e-01
670        1.335399999999999920e-01
309        1.336400000000000088e-01
68         1.350800000000000056e-01
1371       1.351400000000000101e-01
1158       1.355600000000000138e-01
1574       1.356600000000000028e-01
862        1.357800000000000118e-01
1029       1.358600000000000085e-01
1110       1.358600000000000085e-01
935        1.359000000000000208e-01
1397       1.361200000000000188e-01
6          1.363199999999999967e-01
704        1.364799999999999902e-01
1153       1.367000000000000159e-01
1214       1.370000000000000107e-01
404        1.374200000000000144e-01
434        1.375200000000000033e-01
937        1.376400000000000123e-01
1391       1.378800000000000026e-01
966        1.380000000000000115e-01
16         1.380600000000000160e-01
140        1.382800000000000140e-01
1332       1.387599999999999945e-01
1182       1.417800000000000171e-01
1413       1.421600000000000086e-01
308        1.427000000000000213e-01
549        1.428399999999999948e-01
283        1.438399999999999956e-01
170        1.460400000000000031e-01
705        1.463399999999999979e-01
777        1.466600000000000126e-01
753        1.468200000000000061e-01
248        1.471400000000000208e-01
204        1.477199999999999902e-01
1433       1.478399999999999992e-01
13         1.480400000000000049e-01
384        1.495599999999999985e-01
441        1.507000000000000284e-01
722        1.514399999999999913e-01
1          1.530800000000000216e-01
957        1.532000000000000306e-01
989        1.538000000000000200e-01
1275       1.538600000000000245e-01
141        1.553799999999999903e-01
1176       1.564200000000000312e-01
1262       1.568600000000000272e-01
1406       1.576200000000000101e-01
1032       1.583400000000000085e-01
258        1.588400000000000090e-01
512        1.597000000000000086e-01
398        1.610999999999999932e-01
186        1.615000000000000047e-01
551        1.620399999999999896e-01
837        1.630200000000000260e-01
416        1.633600000000000052e-01
1174       1.634200000000000097e-01
729        1.647400000000000253e-01
578        1.652800000000000102e-01
1296       1.655600000000000127e-01
99         1.657200000000000062e-01
497        1.659200000000000119e-01
238        1.660600000000000132e-01
594        1.665200000000000014e-01
180        1.666600000000000026e-01
1060       1.681600000000000039e-01
275        1.692200000000000093e-01
406        1.692400000000000015e-01
872        1.692800000000000138e-01
980        1.707200000000000106e-01
1204       1.713999999999999968e-01
638        1.720800000000000107e-01
268        1.726000000000000034e-01
706        1.733000000000000096e-01
301        1.754799999999999971e-01
1024       1.769200000000000217e-01
1402       1.773000000000000131e-01
1366       1.781600000000000128e-01
845        1.788600000000000190e-01
416        1.794800000000000006e-01
1362       1.796600000000000141e-01
21         1.805200000000000138e-01
1430       1.826200000000000045e-01
957        1.833600000000000230e-01
1484       1.852000000000000313e-01
1033       1.852800000000000002e-01
42         1.853799999999999892e-01
107        1.854000000000000092e-01
1562       1.859000000000000097e-01
735        1.859399999999999942e-01
1122       1.860600000000000032e-01
986        1.864399999999999946e-01
819        1.866599999999999926e-01
47         1.868400000000000061e-01
590        1.873000000000000220e-01
1382       1.873199999999999865e-01
1359       1.874000000000000110e-01
942        1.877599999999999825e-01
694        1.883000000000000229e-01
355        1.885600000000000054e-01
10         1.888199999999999878e-01
558        1.895200000000000218e-01
954        1.898400000000000087e-01
847        1.904600000000000182e-01
1206       1.908400000000000096e-01
1124       1.911800000000000166e-01
1582       1.917599999999999860e-01
1566       1.929200000000000081e-01
122        1.933000000000000274e-01
608        1.934800000000000131e-01
714        1.935000000000000053e-01
920        1.938799999999999968e-01
223        1.940600000000000103e-01
713        1.940999999999999948e-01
1255       1.941400000000000070e-01
620        1.943799999999999972e-01
1524       1.946800000000000197e-01
953        1.949800000000000144e-01
1242       1.957200000000000051e-01
656        1.958799999999999986e-01
882        1.970600000000000129e-01
992        1.981800000000000228e-01
8          1.987000000000000155e-01
353        1.989600000000000257e-01
383        1.991800000000000237e-01
774        1.998000000000000054e-01
1335       2.001000000000000001e-01
401        2.002200000000000091e-01
397        2.015000000000000124e-01
742        2.016600000000000059e-01
1297       2.018600000000000116e-01
861        2.019200000000000161e-01
1539       2.022599999999999953e-01
1300       2.023800000000000043e-01
990        2.029200000000000170e-01
1560       2.029200000000000170e-01
60         2.035800000000000110e-01
1319       2.035800000000000110e-01
102        2.036400000000000154e-01
121        2.037599999999999967e-01
1387       2.037800000000000167e-01
322        2.038400000000000212e-01
313        2.040800000000000114e-01
648        2.043600000000000139e-01
958        2.043600000000000139e-01
725        2.047400000000000053e-01
1492       2.051000000000000045e-01
25         2.052400000000000058e-01
884        2.054200000000000192e-01
1412       2.055599999999999927e-01
1168       2.064400000000000124e-01
1341       2.079400000000000137e-01
662        2.085800000000000154e-01
137        2.086400000000000199e-01
90         2.090800000000000158e-01
1456       2.098000000000000143e-01
45         2.104400000000000159e-01
809        2.111600000000000144e-01
1122       2.111800000000000066e-01
1495       2.118000000000000160e-01
675        2.120400000000000063e-01
749        2.122000000000000275e-01
801        2.122199999999999920e-01
1472       2.123000000000000165e-01
1579       2.124000000000000055e-01
84         2.125800000000000189e-01
659        2.128200000000000092e-01
799        2.132400000000000129e-01
1210       2.134600000000000108e-01
7          2.139800000000000313e-01
48         2.143400000000000027e-01
641        2.145600000000000007e-01
415        2.146800000000000097e-01
1342       2.150999999999999857e-01
674        2.153200000000000114e-01
1309       2.154000000000000081e-01
535        2.154600000000000126e-01
563        2.159399999999999931e-01
1334       2.159399999999999931e-01
552        2.170399999999999829e-01
399        2.182000000000000328e-01
20         2.184000000000000108e-01
752        2.184800000000000353e-01
38         2.193799999999999917e-01
300        2.197800000000000031e-01
536        2.199200000000000321e-01
1372       2.205200000000000216e-01
544        2.207199999999999995e-01
869        2.207400000000000195e-01
1269       2.215999999999999914e-01
1173       2.216200000000000114e-01
983        2.220000000000000029e-01
1563       2.220000000000000029e-01
128        2.224200000000000343e-01
71         2.225999999999999923e-01
9          2.226599999999999968e-01
1098       2.226800000000000168e-01
309        2.228799999999999948e-01
993        2.233000000000000262e-01
839        2.233199999999999907e-01
668        2.254200000000000093e-01
1577       2.258199999999999930e-01
1520       2.261800000000000199e-01
184        2.262000000000000122e-01
166        2.262000000000000122e-01
871        2.272200000000000053e-01
500        2.272400000000000253e-01
1534       2.279600000000000237e-01
964        2.281400000000000095e-01
637        2.283199999999999952e-01
970        2.285200000000000287e-01
900        2.295000000000000095e-01
818        2.295200000000000018e-01
14         2.297000000000000153e-01
69         2.300399999999999945e-01
1107       2.300399999999999945e-01
1493       2.313800000000000023e-01
1497       2.319400000000000073e-01
565        2.321800000000000253e-01
1029       2.323199999999999987e-01
1202       2.325399999999999967e-01
1095       2.351600000000000079e-01
609        2.352400000000000047e-01
413        2.369600000000000040e-01
36         2.394400000000000139e-01
737        2.395599999999999952e-01
72         2.398800000000000099e-01
1508       2.401400000000000201e-01
1455       2.405800000000000161e-01
1189       2.409400000000000153e-01
916        2.414400000000000157e-01
1270       2.416800000000000059e-01
251        2.419800000000000284e-01
1090       2.424200000000000244e-01
1111       2.424999999999999933e-01
1439       2.440800000000000192e-01
1225       2.449200000000000266e-01
61         2.450400000000000078e-01
1489       2.465400000000000091e-01
1002       2.479200000000000292e-01
1560       2.485400000000000109e-01
1551       2.489000000000000101e-01
1499       2.492400000000000171e-01
140        2.494200000000000306e-01
1562       2.495999999999999885e-01
1293       2.499000000000000110e-01
654        2.500000000000000000e-01
477        2.500800000000000245e-01
332        2.504800000000000360e-01
93         2.508400000000000074e-01
1042       2.512600000000000389e-01
1451       2.517800000000000038e-01
44         2.520200000000000218e-01
726        2.522000000000000353e-01
1331       2.526800000000000157e-01
119        2.529200000000000337e-01
927        2.535399999999999876e-01
265        2.544399999999999995e-01
1165       2.550800000000000289e-01
895        2.555999999999999939e-01
500        2.556800000000000184e-01
374        2.563199999999999923e-01
189        2.567400000000000237e-01
839        2.567800000000000082e-01
317        2.568999999999999617e-01
1448       2.580600000000000116e-01
494        2.580799999999999761e-01
249        2.581800000000000206e-01
462        2.583000000000000296e-01
1559       2.583000000000000296e-01
257        2.598199999999999954e-01
1145       2.598199999999999954e-01
909        2.603999999999999648e-01
178        2.604200000000000403e-01
267        2.611600000000000033e-01
511        2.621000000000000552e-01
109        2.623800000000000021e-01
1508       2.626200000000000201e-01
1413       2.627800000000000136e-01
188        2.629599999999999715e-01
1019       2.631000000000000005e-01
1082       2.634800000000000475e-01
620        2.635600000000000165e-01
89         2.641600000000000059e-01
1595       2.644200000000000439e-01
294        2.645600000000000174e-01
689        2.653200000000000003e-01
1084       2.654800000000000493e-01
1466       2.657400000000000317e-01
1034       2.657599999999999962e-01
980        2.659800000000000497e-01
976        2.663200000000000012e-01
712        2.675400000000000000e-01
1416       2.676800000000000290e-01
1495       2.679400000000000115e-01
899        2.683999999999999719e-01
217        2.686600000000000099e-01
359        2.689599999999999769e-01
1240       2.689799999999999969e-01
50         2.698800000000000088e-01
1427       2.698800000000000088e-01
1083       2.699799999999999978e-01
54         2.701000000000000068e-01
616        2.702600000000000002e-01
1205       2.703000000000000402e-01
1364       2.703400000000000247e-01
663        2.704599999999999782e-01
129        2.706200000000000272e-01
583        2.706200000000000272e-01
1311       2.709199999999999942e-01
601        2.711399999999999921e-01
1540       2.713400000000000256e-01
1202       2.717200000000000171e-01
1542       2.720600000000000240e-01
585        2.724199999999999955e-01
1308       2.725000000000000200e-01
419        2.725600000000000245e-01
1586       2.726200000000000290e-01
519        2.728000000000000425e-01
1481       2.731999999999999984e-01
681        2.735199999999999854e-01
261        2.736000000000000099e-01
1428       2.736800000000000344e-01
610        2.739800000000000013e-01
1505       2.740600000000000258e-01
364        2.740799999999999903e-01
40         2.741399999999999948e-01
1572       2.742800000000000238e-01
1580       2.743000000000000438e-01
265        2.743599999999999928e-01
24         2.745799999999999907e-01
204        2.747600000000000042e-01
1588       2.748800000000000132e-01
152        2.749400000000000177e-01
918        2.752600000000000047e-01
169        2.753800000000000137e-01
607        2.754199999999999982e-01
1062       2.754599999999999826e-01
274        2.759800000000000031e-01
1570       2.761399999999999966e-01
1173       2.761600000000000166e-01
104        2.766200000000000325e-01
1420       2.768599999999999950e-01
940        2.770000000000000240e-01
942        2.779800000000000049e-01
403        2.780400000000000094e-01
1520       2.780400000000000094e-01
148        2.781399999999999983e-01
185        2.782999999999999918e-01
976        2.786399999999999988e-01
161        2.788200000000000123e-01
543        2.788599999999999968e-01
492        2.789400000000000213e-01
1592       2.791800000000000392e-01
896        2.796000000000000152e-01
445        2.797800000000000287e-01
1292       2.798400000000000332e-01
1138       2.799800000000000066e-01
357        2.802399999999999891e-01
905        2.803400000000000336e-01
237        2.803800000000000181e-01
778        2.804599999999999871e-01
1523       2.804599999999999871e-01
851        2.816400000000000015e-01
987        2.820799999999999974e-01
1239       2.823800000000000199e-01
837        2.824000000000000399e-01
949        2.832399999999999918e-01
70         2.839400000000000257e-01
1305       2.842200000000000282e-01
1587       2.842800000000000327e-01
679        2.853600000000000025e-01
1470       2.855000000000000315e-01
1399       2.856799999999999895e-01
145        2.864000000000000434e-01
819        2.865199999999999969e-01
1248       2.869000000000000439e-01
1441       2.870599999999999818e-01
269        2.876799999999999913e-01
142        2.879599999999999937e-01
368        2.889000000000000457e-01
1191       2.893200000000000216e-01
1484       2.896000000000000241e-01
665        2.896199999999999886e-01
1317       2.905800000000000050e-01
913        2.913800000000000279e-01
1401       2.915599999999999858e-01
388        2.925599999999999867e-01
21         2.926400000000000112e-01
301        2.935800000000000076e-01
972        2.936199999999999921e-01
584        2.938600000000000101e-01
1558       2.938600000000000101e-01
380        2.939200000000000146e-01
698        2.939800000000000191e-01
8          2.943799999999999750e-01
1193       2.944800000000000195e-01
1597       2.945599999999999885e-01
1541       2.946600000000000330e-01
1456       2.948000000000000065e-01
456        2.950599999999999890e-01
795        2.953600000000000114e-01
906        2.954800000000000204e-01
1379       2.955599999999999894e-01
337        2.957200000000000384e-01
495        2.958000000000000074e-01
1129       2.958199999999999719e-01
346        2.958799999999999764e-01
867        2.959999999999999853e-01
6          2.962000000000000188e-01
494        2.965200000000000058e-01
579        2.965800000000000103e-01
1075       2.966400000000000148e-01
1415       2.966600000000000348e-01
930        2.968000000000000083e-01
1461       2.969000000000000528e-01
924        2.970800000000000107e-01
684        2.971199999999999952e-01
122        2.971600000000000352e-01
789        2.971799999999999997e-01
660        2.973799999999999777e-01
558        2.974200000000000177e-01
905        2.974200000000000177e-01
116        2.974999999999999867e-01
1322       2.975400000000000267e-01
1026       2.977000000000000202e-01
887        2.982599999999999696e-01
22         2.985200000000000076e-01
233        2.985800000000000121e-01
517        2.990400000000000280e-01
740        2.990400000000000280e-01
1209       2.990400000000000280e-01
944        2.991600000000000370e-01
312        2.995599999999999929e-01
307        2.997599999999999709e-01
562        3.001400000000000179e-01
1341       3.001800000000000024e-01
1399       3.001800000000000024e-01
842        3.002200000000000424e-01
1361       3.006199999999999983e-01
1568       3.006999999999999673e-01
576        3.009999999999999898e-01
1458       3.015599999999999947e-01
404        3.016199999999999992e-01
534        3.018799999999999817e-01
1337       3.019200000000000217e-01
1327       3.021800000000000042e-01
1234       3.024000000000000576e-01
875        3.028799999999999826e-01
186        3.029399999999999871e-01
1339       3.030400000000000316e-01
1102       3.030599999999999961e-01
167        3.031600000000000406e-01
82         3.034399999999999875e-01
243        3.035800000000000165e-01
1133       3.039200000000000235e-01
436        3.040200000000000125e-01
176        3.044800000000000284e-01
1519       3.053799999999999848e-01
872        3.059800000000000297e-01
654        3.061000000000000387e-01
701        3.064600000000000102e-01
918        3.064800000000000302e-01
1426       3.064800000000000302e-01
1423       3.069600000000000106e-01
98         3.073600000000000221e-01
448        3.074399999999999911e-01
302        3.076000000000000401e-01
862        3.078799999999999870e-01
27         3.081200000000000050e-01
568        3.081399999999999695e-01
1518       3.083799999999999875e-01
1213       3.109800000000000342e-01
166        3.111399999999999721e-01
1554       3.111600000000000477e-01
650        3.116000000000000436e-01
253        3.118199999999999861e-01
517        3.121399999999999730e-01
37         3.125000000000000000e-01
1512       3.125600000000000045e-01
901        3.128199999999999870e-01
1510       3.139800000000000368e-01
678        3.143000000000000238e-01
120        3.146399999999999753e-01
4          3.150799999999999712e-01
1310       3.155600000000000072e-01
714        3.156800000000000161e-01
1420       3.160600000000000076e-01
940        3.162599999999999856e-01
1429       3.163199999999999901e-01
235        3.168400000000000660e-01
95         3.169000000000000150e-01
839        3.169599999999999640e-01
590        3.173600000000000310e-01
800        3.173600000000000310e-01
656        3.176200000000000134e-01
485        3.178799999999999959e-01
393        3.181399999999999784e-01
532        3.182800000000000629e-01
717        3.187599999999999878e-01
16         3.188199999999999923e-01
153        3.189200000000000368e-01
221        3.191399999999999793e-01
369        3.193600000000000327e-01
327        3.203199999999999936e-01
557        3.205600000000000116e-01
597        3.208600000000000341e-01
821        3.219599999999999684e-01
763        3.227200000000000069e-01
130        3.233000000000000318e-01
946        3.233400000000000163e-01
894        3.234200000000000408e-01
407        3.236399999999999832e-01
1262       3.241800000000000237e-01
474        3.242400000000000282e-01
639        3.246999999999999886e-01
887        3.248600000000000376e-01
158        3.251600000000000046e-01
148        3.255400000000000515e-01
550        3.259400000000000075e-01
1076       3.263800000000000034e-01
918        3.265600000000000169e-01
818        3.269400000000000084e-01
1314       3.270199999999999774e-01
292        3.278600000000000403e-01
1516       3.279800000000000493e-01
914        3.282800000000000162e-01
1446       3.283200000000000007e-01
598        3.283800000000000052e-01
699        3.305400000000000005e-01
438        3.307599999999999985e-01
442        3.313200000000000034e-01
1307       3.319000000000000283e-01
1184       3.322599999999999998e-01
341        3.327800000000000202e-01
825        3.330400000000000027e-01
906        3.334599999999999786e-01
515        3.334799999999999986e-01
1032       3.335000000000000187e-01
1133       3.339799999999999991e-01
1368       3.342400000000000371e-01
999        3.345600000000000240e-01
1588       3.345799999999999885e-01
1198       3.347200000000000175e-01
518        3.347800000000000220e-01
266        3.349400000000000155e-01
465        3.351000000000000090e-01
610        3.356800000000000339e-01
446        3.357600000000000029e-01
353        3.358400000000000274e-01
1243       3.359000000000000319e-01
294        3.361800000000000344e-01
1375       3.362400000000000388e-01
52         3.364400000000000168e-01
960        3.365799999999999903e-01
641        3.366800000000000348e-01
1418       3.372400000000000397e-01
382        3.375600000000000267e-01
1226       3.379000000000000337e-01
1110       3.380799999999999916e-01
834        3.385000000000000231e-01
1382       3.385400000000000076e-01
355        3.385799999999999921e-01
927        3.386000000000000121e-01
1044       3.387000000000000011e-01
795        3.389800000000000035e-01
1399       3.399400000000000199e-01
180        3.401800000000000379e-01
987        3.404599999999999849e-01
873        3.405199999999999894e-01
198        3.407000000000000028e-01
961        3.409400000000000208e-01
545        3.412400000000000433e-01
1452       3.416399999999999992e-01
1381       3.417999999999999927e-01
1004       3.418599999999999972e-01
1493       3.421399999999999997e-01
1417       3.424200000000000021e-01
111        3.425600000000000311e-01
474        3.426400000000000001e-01
1137       3.433599999999999985e-01
1019       3.434400000000000230e-01
396        3.436000000000000165e-01
951        3.436600000000000210e-01
1367       3.437200000000000255e-01
886        3.438400000000000345e-01
1507       3.444000000000000394e-01
970        3.446200000000000374e-01
1116       3.448200000000000154e-01
455        3.449200000000000044e-01
674        3.450400000000000134e-01
1371       3.450400000000000134e-01
757        3.453800000000000203e-01
847        3.455199999999999938e-01
602        3.456200000000000383e-01
1183       3.460400000000000142e-01
478        3.461400000000000032e-01
377        3.462800000000000322e-01
831        3.463600000000000012e-01
19         3.464800000000000102e-01
470        3.466600000000000237e-01
678        3.468200000000000172e-01
331        3.468400000000000372e-01
1007       3.469599999999999906e-01
869        3.471000000000000196e-01
293        3.471600000000000241e-01
225        3.472000000000000086e-01
912        3.472200000000000286e-01
1566       3.472600000000000131e-01
1330       3.473600000000000021e-01
284        3.478200000000000180e-01
660        3.482000000000000095e-01
1072       3.483400000000000385e-01
544        3.487200000000000299e-01
223        3.489200000000000079e-01
1389       3.493600000000000039e-01
1586       3.495199999999999974e-01
1299       3.496600000000000263e-01
1010       3.498800000000000243e-01
1589       3.503000000000000003e-01
1387       3.508200000000000207e-01
667        3.509200000000000097e-01
1500       3.510000000000000342e-01
1441       3.512800000000000367e-01
104        3.517200000000000326e-01
559        3.517200000000000326e-01
322        3.517600000000000171e-01
24         3.519599999999999951e-01
1317       3.524200000000000110e-01
720        3.526799999999999935e-01
1598       3.529000000000000470e-01
218        3.533800000000000274e-01
1402       3.537600000000000189e-01
664        3.537800000000000389e-01
1361       3.544400000000000328e-01
1158       3.547000000000000153e-01
731        3.548600000000000088e-01
344        3.551600000000000312e-01
556        3.551799999999999957e-01
1356       3.552600000000000202e-01
800        3.553400000000000447e-01
835        3.554999999999999827e-01
53         3.557600000000000207e-01
1096       3.558600000000000096e-01
793        3.559000000000000496e-01
1296       3.562800000000000411e-01
25         3.564200000000000146e-01
927        3.565400000000000236e-01
338        3.567000000000000171e-01
1575       3.567400000000000015e-01
1042       3.568000000000000060e-01
604        3.568800000000000305e-01
1563       3.578400000000000469e-01
1355       3.581600000000000339e-01
1114       3.586000000000000298e-01
144        3.588400000000000478e-01
1044       3.597800000000000442e-01
77         3.598600000000000132e-01
1303       3.601199999999999957e-01
649        3.602200000000000402e-01
1463       3.604600000000000026e-01
674        3.604800000000000226e-01
806        3.608600000000000141e-01
977        3.608799999999999786e-01
907        3.609000000000000541e-01
786        3.609800000000000231e-01
1026       3.609999999999999876e-01
121        3.611000000000000321e-01
942        3.611800000000000010e-01
1099       3.614000000000000545e-01
1582       3.615400000000000280e-01
1157       3.615800000000000125e-01
317        3.621400000000000174e-01
390        3.623400000000000509e-01
108        3.623600000000000154e-01
134        3.623600000000000154e-01
1269       3.626600000000000379e-01
326        3.633600000000000163e-01
464        3.634000000000000563e-01
721        3.634200000000000208e-01
639        3.634999999999999898e-01
1219       3.638000000000000123e-01
1325       3.638000000000000123e-01
350        3.638400000000000523e-01
862        3.640599999999999947e-01
159        3.641000000000000347e-01
1335       3.641000000000000347e-01
961        3.641400000000000192e-01
1119       3.641600000000000392e-01
1589       3.646999999999999686e-01
1387       3.647400000000000087e-01
225        3.649000000000000576e-01
1002       3.651200000000000001e-01
164        3.660400000000000320e-01
1226       3.663199999999999790e-01
1492       3.664600000000000080e-01
129        3.668400000000000549e-01
1438       3.668400000000000549e-01
1581       3.670200000000000129e-01
1153       3.678600000000000203e-01
798        3.679600000000000093e-01
295        3.690200000000000147e-01
926        3.690599999999999992e-01
1428       3.697800000000000531e-01
21         3.702800000000000535e-01
1097       3.702800000000000535e-01
737        3.703000000000000180e-01
150        3.716200000000000059e-01
1182       3.716800000000000104e-01
352        3.718000000000000194e-01
412        3.720199999999999618e-01
100        3.726999999999999758e-01
203        3.726999999999999758e-01
704        3.728199999999999847e-01
590        3.732800000000000562e-01
1000       3.733000000000000207e-01
1256       3.737200000000000522e-01
1035       3.737599999999999811e-01
500        3.751600000000000490e-01
612        3.755600000000000049e-01
902        3.764200000000000323e-01
495        3.766999999999999793e-01
1324       3.775199999999999667e-01
1532       3.782200000000000562e-01
508        3.782599999999999851e-01
48         3.783799999999999941e-01
1530       3.785199999999999676e-01
1041       3.791000000000000481e-01
1202       3.792200000000000570e-01
1194       3.794399999999999995e-01
982        3.798799999999999955e-01
143        3.800799999999999734e-01
1019       3.808000000000000274e-01
35         3.808199999999999918e-01
1024       3.808199999999999918e-01
750        3.809599999999999653e-01
135        3.809800000000000408e-01
1204       3.809800000000000408e-01
712        3.810799999999999743e-01
110        3.811800000000000188e-01
1426       3.814400000000000013e-01
1514       3.814599999999999658e-01
905        3.818000000000000282e-01
637        3.820400000000000462e-01
933        3.821999999999999842e-01
1308       3.822599999999999887e-01
761        3.823000000000000287e-01
669        3.824400000000000022e-01
1120       3.824600000000000222e-01
72         3.825000000000000067e-01
1254       3.826200000000000156e-01
497        3.836200000000000165e-01
893        3.849800000000000444e-01
419        3.851399999999999824e-01
1117       3.854400000000000048e-01
600        3.857800000000000118e-01
193        3.868000000000000327e-01
167        3.871999999999999886e-01
1403       3.874200000000000421e-01
405        3.874400000000000066e-01
1436       3.880199999999999760e-01
367        3.885799999999999810e-01
1377       3.886800000000000255e-01
252        3.890000000000000124e-01
961        3.891000000000000569e-01
882        3.893800000000000039e-01
1027       3.894400000000000084e-01
636        3.905400000000000538e-01
129        3.906000000000000583e-01
594        3.906399999999999872e-01
982        3.908000000000000362e-01
1111       3.908000000000000362e-01
553        3.909800000000000497e-01
1374       3.910000000000000142e-01
446        3.910400000000000542e-01
1528       3.913400000000000212e-01
564        3.919800000000000506e-01
1140       3.926999999999999935e-01
61         3.929200000000000470e-01
1550       3.930799999999999850e-01
546        3.931999999999999940e-01
666        3.937599999999999989e-01
597        3.944200000000000483e-01
522        3.946200000000000263e-01
124        3.946999999999999953e-01
755        3.947200000000000153e-01
1096       3.950199999999999823e-01
1276       3.950199999999999823e-01
725        3.950799999999999867e-01
1170       3.951200000000000268e-01
297        3.954000000000000292e-01
778        3.955799999999999872e-01
11         3.960600000000000231e-01
1346       3.960600000000000231e-01
174        3.961000000000000076e-01
1251       3.965400000000000036e-01
54         3.973200000000000065e-01
713        3.974600000000000355e-01
427        3.975000000000000200e-01
1340       3.976200000000000290e-01
1219       3.978800000000000114e-01
371        3.982400000000000384e-01
701        3.983800000000000119e-01
245        3.988400000000000278e-01
799        3.989000000000000323e-01
309        3.993800000000000128e-01
810        3.994600000000000373e-01
1406       3.995000000000000218e-01
250        3.996200000000000307e-01
105        3.997200000000000197e-01
131        4.018400000000000305e-01
109        4.019600000000000395e-01
772        4.023200000000000109e-01
467        4.024800000000000044e-01
459        4.025000000000000244e-01
629        4.026399999999999979e-01
1323       4.030000000000000249e-01
867        4.030199999999999894e-01
164        4.031200000000000339e-01
610        4.033400000000000318e-01
154        4.047800000000000287e-01
439        4.048400000000000332e-01
280        4.062999999999999945e-01
767        4.064000000000000390e-01
1445       4.065600000000000325e-01
293        4.068400000000000349e-01
687        4.071200000000000374e-01
765        4.071400000000000019e-01
808        4.072200000000000264e-01
186        4.077600000000000113e-01
259        4.079200000000000048e-01
307        4.081400000000000028e-01
619        4.082399999999999918e-01
113        4.087399999999999922e-01
319        4.088600000000000012e-01
283        4.097399999999999931e-01
564        4.098600000000000021e-01
863        4.107200000000000295e-01
1127       4.109400000000000275e-01
1442       4.109600000000000475e-01
1049       4.117399999999999949e-01
416        4.119000000000000439e-01
522        4.123200000000000198e-01
1453       4.124200000000000088e-01
679        4.131600000000000272e-01
289        4.132800000000000362e-01
1300       4.145599999999999841e-01
872        4.147600000000000176e-01
716        4.149200000000000110e-01
547        4.150000000000000355e-01
960        4.150800000000000045e-01
700        4.151799999999999935e-01
717        4.158600000000000074e-01
1027       4.160400000000000209e-01
498        4.163400000000000434e-01
572        4.167000000000000148e-01
1521       4.167000000000000148e-01
177        4.167600000000000193e-01
969        4.168000000000000038e-01
782        4.172399999999999998e-01
1180       4.181199999999999917e-01
853        4.182200000000000362e-01
29         4.186600000000000321e-01
1588       4.187400000000000011e-01
28         4.196400000000000130e-01
1527       4.197800000000000420e-01
975        4.198800000000000310e-01
739        4.205400000000000249e-01
209        4.206799999999999984e-01
453        4.206799999999999984e-01
484        4.208000000000000074e-01
258        4.208800000000000319e-01
750        4.213000000000000078e-01
555        4.213600000000000123e-01
630        4.214000000000000523e-01
1282       4.218200000000000283e-01
1506       4.225200000000000067e-01
1085       4.226600000000000357e-01
457        4.237000000000000210e-01
61         4.238799999999999790e-01
396        4.243799999999999795e-01
167        4.263400000000000523e-01
314        4.267599999999999727e-01
153        4.270599999999999952e-01
1146       4.272800000000000487e-01
436        4.273000000000000131e-01
95         4.273600000000000176e-01
615        4.275200000000000111e-01
1438       4.277800000000000491e-01
446        4.281600000000000406e-01
1204       4.283400000000000540e-01
814        4.296999999999999709e-01
99         4.298000000000000154e-01
29         4.301200000000000023e-01
538        4.303799999999999848e-01
485        4.305200000000000138e-01
1577       4.305599999999999983e-01
9          4.307800000000000518e-01
957        4.309000000000000608e-01
1005       4.310599999999999987e-01
116        4.313400000000000567e-01
281        4.315400000000000347e-01
1531       4.319600000000000661e-01
248        4.332800000000000540e-01
912        4.336000000000000409e-01
636        4.337800000000000544e-01
1094       4.345400000000000373e-01
805        4.355600000000000027e-01
908        4.356600000000000472e-01
43         4.363199999999999856e-01
556        4.366200000000000081e-01
592        4.379600000000000715e-01
386        4.386200000000000099e-01
153        4.391999999999999793e-01
342        4.406600000000000517e-01
111        4.414399999999999991e-01
1564       4.418000000000000260e-01
221        4.419000000000000705e-01
1532       4.419200000000000350e-01
355        4.419399999999999995e-01
1012       4.426000000000000489e-01
1425       4.434800000000000408e-01
1074       4.436999999999999833e-01
90         4.437400000000000233e-01
1330       4.453400000000000136e-01
1500       4.456600000000000561e-01
468        4.459400000000000031e-01
435        4.462599999999999900e-01
808        4.466200000000000170e-01
12         4.466399999999999815e-01
1586       4.474600000000000244e-01
1364       4.478000000000000314e-01
917        4.480000000000000093e-01
98         4.481800000000000228e-01
1466       4.492400000000000282e-01
612        4.494000000000000217e-01
1047       4.499400000000000066e-01
1092       4.501000000000000556e-01
252        4.501800000000000246e-01
567        4.508600000000000385e-01
91         4.511000000000000565e-01
1007       4.514800000000000479e-01
393        4.516800000000000259e-01
988        4.517599999999999949e-01
1540       4.517599999999999949e-01
1431       4.517800000000000149e-01
682        4.518800000000000039e-01
706        4.519600000000000284e-01
382        4.519800000000000484e-01
962        4.521000000000000574e-01
1432       4.522200000000000109e-01
1117       4.522400000000000309e-01
118        4.523199999999999998e-01
77         4.523600000000000398e-01
1537       4.524400000000000088e-01
72         4.525799999999999823e-01
185        4.526600000000000068e-01
1155       4.529800000000000493e-01
1042       4.531999999999999917e-01
1003       4.536399999999999877e-01
182        4.538400000000000212e-01
621        4.546800000000000286e-01
889        4.546800000000000286e-01
1403       4.547800000000000176e-01
702        4.549400000000000110e-01
1085       4.553200000000000025e-01
251        4.553800000000000070e-01
1460       4.553800000000000070e-01
124        4.557200000000000140e-01
257        4.568600000000000438e-01
219        4.569200000000000483e-01
1390       4.569400000000000128e-01
1281       4.571399999999999908e-01
536        4.575600000000000223e-01
1194       4.576200000000000268e-01
771        4.576399999999999912e-01
283        4.576600000000000112e-01
1559       4.580400000000000027e-01
68         4.581200000000000272e-01
1183       4.586000000000000076e-01
892        4.587400000000000366e-01
1162       4.589200000000000501e-01
585        4.589600000000000346e-01
979        4.592600000000000016e-01
1262       4.592600000000000016e-01
312        4.592800000000000216e-01
292        4.593400000000000261e-01
1573       4.593400000000000261e-01
297        4.594800000000000550e-01
156        4.595799999999999885e-01
1299       4.596600000000000130e-01
745        4.606600000000000139e-01
1380       4.619800000000000018e-01
662        4.621200000000000307e-01
545        4.622400000000000397e-01
303        4.622800000000000242e-01
1405       4.629199999999999982e-01
886        4.631800000000000361e-01
1420       4.648000000000000465e-01
558        4.656800000000000384e-01
228        4.658200000000000118e-01
293        4.661399999999999988e-01
409        4.664800000000000058e-01
911        4.666600000000000192e-01
1211       4.666600000000000192e-01
1372       4.670799999999999952e-01
861        4.674600000000000422e-01
924        4.682000000000000051e-01
963        4.684200000000000030e-01
123        4.684400000000000230e-01
301        4.691200000000000370e-01
313        4.692400000000000460e-01
645        4.693400000000000349e-01
379        4.696600000000000219e-01
1023       4.705600000000000338e-01
246        4.705799999999999983e-01
227        4.708800000000000208e-01
1502       4.710199999999999942e-01
243        4.712399999999999922e-01
1228       4.712800000000000322e-01
1567       4.712800000000000322e-01
392        4.716400000000000037e-01
1027       4.717399999999999927e-01
1412       4.718800000000000217e-01
173        4.722000000000000086e-01
232        4.724200000000000066e-01
1320       4.726000000000000201e-01
1574       4.730199999999999960e-01
127        4.730600000000000360e-01
1538       4.730800000000000005e-01
27         4.736000000000000210e-01
505        4.736000000000000210e-01
300        4.738800000000000234e-01
258        4.740600000000000369e-01
1153       4.742999999999999994e-01
787        4.743400000000000394e-01
1464       4.744000000000000439e-01
1274       4.745800000000000018e-01
622        4.750199999999999978e-01
103        4.751000000000000223e-01
1044       4.752200000000000313e-01
1586       4.753000000000000003e-01
1252       4.757200000000000317e-01
422        4.760199999999999987e-01
256        4.762200000000000322e-01
1006       4.766000000000000236e-01
204        4.770800000000000041e-01
1532       4.772200000000000331e-01
1222       4.773200000000000220e-01
506        4.775000000000000355e-01
500        4.776799999999999935e-01
668        4.777600000000000180e-01
8          4.778000000000000025e-01
1213       4.779000000000000470e-01
686        4.779600000000000515e-01
142        4.781600000000000295e-01
534        4.782200000000000339e-01
847        4.782600000000000184e-01
454        4.783800000000000274e-01
1308       4.784600000000000519e-01
353        4.785599999999999854e-01
1548       4.792800000000000393e-01
77         4.797200000000000353e-01
17         4.798400000000000443e-01
324        4.799200000000000133e-01
629        4.800599999999999867e-01
306        4.801199999999999912e-01
582        4.802800000000000402e-01
566        4.803400000000000447e-01
202        4.806000000000000272e-01
1089       4.807000000000000162e-01
1082       4.808200000000000252e-01
466        4.808400000000000452e-01
18         4.809200000000000141e-01
714        4.809200000000000141e-01
1322       4.811400000000000121e-01
60         4.813600000000000101e-01
1544       4.814400000000000346e-01
450        4.816600000000000326e-01
725        4.821199999999999930e-01
72         4.825200000000000045e-01
1487       4.827400000000000024e-01
655        4.827600000000000224e-01
1076       4.828400000000000469e-01
770        4.829399999999999804e-01
563        4.831799999999999984e-01
1539       4.834399999999999809e-01
1546       4.835800000000000098e-01
894        4.836600000000000343e-01
247        4.838400000000000478e-01
397        4.841199999999999948e-01
984        4.845400000000000262e-01
838        4.845599999999999907e-01
592        4.847400000000000042e-01
534        4.849999999999999867e-01
675        4.854999999999999871e-01
1541       4.854999999999999871e-01
817        4.856400000000000161e-01
1263       4.862000000000000210e-01
1257       4.868600000000000150e-01
223        4.873799999999999799e-01
1073       4.875800000000000134e-01
1508       4.882600000000000273e-01
674        4.890400000000000302e-01
1084       4.897400000000000087e-01
982        4.909000000000000585e-01
733        4.910200000000000120e-01
268        4.912400000000000100e-01
753        4.913799999999999835e-01
635        4.914000000000000590e-01
1202       4.916400000000000214e-01
378        4.917400000000000104e-01
890        4.923600000000000199e-01
993        4.929999999999999938e-01
153        4.932800000000000518e-01
1012       4.932800000000000518e-01
338        4.933600000000000207e-01
1368       4.938199999999999812e-01
1436       4.939200000000000257e-01
408        4.940200000000000702e-01
1124       4.940599999999999992e-01
242        4.941999999999999726e-01
245        4.944000000000000616e-01
421        4.946999999999999731e-01
414        4.948400000000000576e-01
1246       4.955800000000000205e-01
1152       4.956800000000000095e-01
1276       4.964399999999999924e-01
737        4.964999999999999969e-01
9          4.967599999999999794e-01
374        4.969600000000000684e-01
1059       4.980200000000000737e-01
1407       4.981600000000000472e-01
200        4.982400000000000162e-01
1452       4.988600000000000256e-01
1359       4.994600000000000706e-01
1003       4.995600000000000041e-01
611        4.999000000000000665e-01
912        5.001400000000000290e-01
585        5.003199999999999870e-01
166        5.003600000000000270e-01
845        5.005399999999999849e-01
814        5.010999999999999899e-01
981        5.017200000000000548e-01
1017       5.021200000000000108e-01
897        5.021600000000000508e-01
272        5.021800000000000708e-01
891        5.024399999999999977e-01
776        5.024600000000000177e-01
751        5.025399999999999867e-01
1147       5.026000000000000467e-01
1350       5.028200000000000447e-01
1565       5.028599999999999737e-01
292        5.030400000000000427e-01
1362       5.035800000000000276e-01
1245       5.036000000000000476e-01
561        5.036800000000000166e-01
1047       5.036800000000000166e-01
966        5.037399999999999656e-01
865        5.038599999999999746e-01
1082       5.038799999999999946e-01
1313       5.039799999999999836e-01
1492       5.040799999999999725e-01
1261       5.042999999999999705e-01
1393       5.043400000000000105e-01
1509       5.044800000000000395e-01
790        5.046800000000000175e-01
1280       5.050400000000000444e-01
406        5.061600000000000543e-01
1332       5.063199999999999923e-01
1534       5.066399999999999793e-01
494        5.067200000000000593e-01
1263       5.067399999999999682e-01
621        5.069600000000000772e-01
1241       5.074400000000000022e-01
197        5.077200000000000601e-01
1260       5.078599999999999781e-01
1537       5.080200000000000271e-01
1467       5.084000000000000741e-01
1469       5.084400000000000031e-01
858        5.092999999999999750e-01
219        5.093400000000000150e-01
1298       5.095600000000000129e-01
409        5.096600000000000019e-01
500        5.097000000000000419e-01
522        5.099400000000000599e-01
1240       5.101400000000000379e-01
1036       5.102600000000000469e-01
1548       5.102999999999999758e-01
1593       5.104400000000000048e-01
1025       5.106600000000000028e-01
558        5.108000000000000318e-01
265        5.108400000000000718e-01
390        5.110599999999999588e-01
892        5.111400000000000388e-01
1357       5.113800000000000567e-01
1211       5.117399999999999727e-01
982        5.119400000000000617e-01
1173       5.119600000000000817e-01
416        5.120000000000000107e-01
1268       5.120800000000000907e-01
39         5.121400000000000396e-01
279        5.129000000000000226e-01
121        5.130600000000000716e-01
549        5.131000000000000005e-01
256        5.132200000000000095e-01
1175       5.133600000000000385e-01
1369       5.133600000000000385e-01
1302       5.136399999999999855e-01
488        5.137800000000000145e-01
1471       5.139600000000000835e-01
691        5.141599999999999504e-01
1335       5.143400000000000194e-01
1404       5.144800000000000484e-01
1491       5.147800000000000153e-01
1070       5.149000000000000243e-01
1459       5.149199999999999333e-01
6          5.149799999999999933e-01
991        5.153400000000000203e-01
428        5.155399999999999983e-01
1196       5.155600000000000183e-01
1525       5.157200000000000673e-01
402        5.157999999999999252e-01
648        5.159199999999999342e-01
1344       5.160399999999999432e-01
1283       5.163600000000000412e-01
817        5.164400000000000102e-01
1221       5.168400000000000771e-01
884        5.169799999999999951e-01
453        5.174600000000000311e-01
43         5.178400000000000780e-01
335        5.179199999999999360e-01
1154       5.182799999999999629e-01
986        5.182999999999999829e-01
1487       5.184800000000000519e-01
149        5.193200000000001149e-01
945        5.197399999999999798e-01
1382       5.197800000000000198e-01
1168       5.200000000000000178e-01
187        5.202999999999999847e-01
1447       5.205400000000000027e-01
1340       5.209000000000000297e-01
595        5.210200000000000387e-01
635        5.210600000000000787e-01
702        5.210800000000000987e-01
1002       5.215400000000000036e-01
52         5.216000000000000636e-01
444        5.217200000000000726e-01
762        5.217200000000000726e-01
1571       5.223799999999999555e-01
1290       5.231599999999999584e-01
530        5.236600000000000144e-01
1101       5.236600000000000144e-01
425        5.236800000000000344e-01
261        5.238200000000000633e-01
1319       5.238400000000000833e-01
1534       5.238800000000000123e-01
1278       5.239199999999999413e-01
828        5.242999999999999883e-01
556        5.243200000000000083e-01
188        5.243600000000000483e-01
236        5.243799999999999573e-01
1223       5.245400000000000063e-01
55         5.246399999999999952e-01
1165       5.246800000000000352e-01
907        5.248800000000000132e-01
404        5.249000000000000332e-01
1128       5.250399999999999512e-01
709        5.251599999999999602e-01
325        5.252000000000001112e-01
1193       5.252999999999999892e-01
1084       5.257000000000000561e-01
1558       5.258400000000000851e-01
1150       5.260600000000000831e-01
583        5.262599999999999500e-01
856        5.262999999999999901e-01
1264       5.272200000000000220e-01
1435       5.272400000000000420e-01
924        5.276399999999999979e-01
685        5.277800000000000269e-01
229        5.279400000000000759e-01
362        5.282799999999999718e-01
1406       5.285199999999999898e-01
928        5.285600000000000298e-01
301        5.285800000000000498e-01
858        5.285800000000000498e-01
131        5.286800000000000388e-01
1144       5.296199999999999797e-01
230        5.297999999999999376e-01
307        5.298800000000000177e-01
877        5.300600000000000867e-01
844        5.306000000000000716e-01
1492       5.306199999999999806e-01
1316       5.307200000000000806e-01
97         5.307800000000000296e-01
361        5.318599999999999994e-01
1269       5.320600000000000884e-01
147        5.323799999999999644e-01
1347       5.328600000000000003e-01
1568       5.331399999999999473e-01
1027       5.331800000000000983e-01
419        5.334200000000000053e-01
1204       5.337800000000000322e-01
1304       5.337999999999999412e-01
460        5.340000000000000302e-01
1143       5.346400000000000041e-01
798        5.347200000000000841e-01
1105       5.355400000000000160e-01
1429       5.364200000000000079e-01
146        5.365199999999999969e-01
814        5.367200000000000859e-01
1524       5.371800000000001019e-01
403        5.372599999999999598e-01
26         5.373400000000000398e-01
644        5.377200000000000868e-01
357        5.378800000000000248e-01
1155       5.382599999999999607e-01
239        5.385400000000000187e-01
462        5.385400000000000187e-01
378        5.385800000000000587e-01
1265       5.388200000000000767e-01
1056       5.390000000000000346e-01
1521       5.390800000000000036e-01
763        5.393799999999999706e-01
163        5.396800000000000486e-01
879        5.399599999999999955e-01
1045       5.406600000000000295e-01
46         5.410600000000000964e-01
83         5.413600000000000634e-01
726        5.414200000000000124e-01
1189       5.415800000000000614e-01
1200       5.419400000000000883e-01
995        5.421000000000000263e-01
67         5.422599999999999643e-01
1067       5.423999999999999932e-01
955        5.429599999999999982e-01
1468       5.429800000000000182e-01
558        5.431399999999999562e-01
1116       5.439199999999999591e-01
307        5.439599999999999991e-01
783        5.442599999999999660e-01
516        5.444200000000000150e-01
872        5.444600000000000550e-01
296        5.445200000000000040e-01
537        5.447400000000000020e-01
905        5.449600000000000000e-01
907        5.450800000000000090e-01
355        5.453200000000000269e-01
1219       5.454600000000000559e-01
1333       5.455800000000000649e-01
1375       5.456600000000000339e-01
753        5.458600000000000119e-01
302        5.463999999999999968e-01
1153       5.464800000000000768e-01
1596       5.465400000000000258e-01
1450       5.466000000000000858e-01
211        5.466400000000000148e-01
1298       5.467400000000000038e-01
873        5.470000000000000417e-01
1484       5.470600000000001017e-01
162        5.474600000000000577e-01
1111       5.476400000000000157e-01
1381       5.479800000000000226e-01
108        5.480600000000001026e-01
1192       5.481200000000000516e-01
153        5.483400000000000496e-01
1008       5.483400000000000496e-01
1544       5.483799999999999786e-01
540        5.484400000000000386e-01
1453       5.484999999999999876e-01
1244       5.486199999999999966e-01
1568       5.488200000000000855e-01
1236       5.491399999999999615e-01
598        5.493400000000000505e-01
1499       5.498999999999999444e-01
859        5.499199999999999644e-01
1421       5.499400000000000954e-01
1483       5.499800000000000244e-01
161        5.504000000000000004e-01
50         5.507600000000000273e-01
890        5.508600000000000163e-01
1046       5.508600000000000163e-01
677        5.509199999999999653e-01
1199       5.509400000000000963e-01
523        5.511399999999999633e-01
403        5.511599999999999833e-01
1347       5.511800000000001143e-01
1223       5.514000000000000012e-01
147        5.518000000000000682e-01
1102       5.523000000000001242e-01
1061       5.523600000000000732e-01
964        5.523799999999999821e-01
573        5.528800000000000381e-01
1592       5.530199999999999561e-01
837        5.531000000000000361e-01
628        5.532200000000000450e-01
1343       5.538999999999999480e-01
234        5.540000000000000480e-01
1232       5.540000000000000480e-01
895        5.541200000000000570e-01
880        5.543400000000000549e-01
164        5.543600000000000749e-01
399        5.544800000000000839e-01
116        5.545399999999999219e-01
95         5.545999999999999819e-01
1370       5.547000000000000819e-01
819        5.547600000000000309e-01
1367       5.548800000000000399e-01
1239       5.553799999999999848e-01
962        5.555200000000000138e-01
170        5.556200000000000028e-01
1383       5.557000000000000828e-01
401        5.557799999999999407e-01
232        5.561599999999999877e-01
1443       5.563799999999999857e-01
961        5.564799999999999747e-01
107        5.575999999999999845e-01
388        5.576800000000000646e-01
1512       5.582799999999999985e-01
1038       5.584199999999999164e-01
391        5.587000000000000854e-01
1288       5.587000000000000854e-01
752        5.588200000000000944e-01
1159       5.590600000000001124e-01
155        5.593600000000000794e-01
1540       5.595999999999999863e-01
447        5.596200000000000063e-01
760        5.599600000000000133e-01
509        5.606599999999999362e-01
201        5.608999999999999542e-01
464        5.609400000000001052e-01
597        5.609400000000001052e-01
1312       5.610000000000000542e-01
695        5.615399999999999281e-01
1220       5.615800000000000791e-01
589        5.619400000000001061e-01
626        5.621399999999999730e-01
1248       5.622800000000000020e-01
1424       5.624799999999999800e-01
69         5.647000000000000908e-01
472        5.652400000000000757e-01
805        5.652800000000000047e-01
1147       5.665399999999999325e-01
1025       5.666200000000000125e-01
893        5.667000000000000925e-01
379        5.668600000000000305e-01
820        5.671200000000000685e-01
1364       5.671399999999999775e-01
372        5.677000000000000934e-01
1340       5.679199999999999804e-01
988        5.685000000000000053e-01
46         5.687000000000000943e-01
528        5.687799999999999523e-01
793        5.688000000000000833e-01
1180       5.688400000000000123e-01
1419       5.688400000000000123e-01
764        5.688999999999999613e-01
1359       5.692800000000000082e-01
921        5.693599999999999772e-01
169        5.694400000000000572e-01
130        5.695600000000000662e-01
703        5.695999999999999952e-01
1401       5.699600000000000222e-01
1160       5.703200000000000491e-01
1237       5.703200000000000491e-01
1150       5.708800000000000541e-01
762        5.710000000000000631e-01
181        5.710399999999999920e-01
331        5.714199999999999280e-01
527        5.715999999999999970e-01
187        5.718000000000000860e-01
1271       5.718600000000000350e-01
1383       5.718600000000000350e-01
530        5.718800000000000550e-01
1254       5.719400000000001150e-01
673        5.720600000000001240e-01
1543       5.721000000000000529e-01
804        5.728200000000001069e-01
968        5.732200000000000628e-01
373        5.734799999999999898e-01
1018       5.735999999999999988e-01
1300       5.736200000000000188e-01
970        5.737200000000000077e-01
308        5.737400000000000277e-01
1183       5.738400000000000167e-01
754        5.738800000000000567e-01
185        5.753200000000000536e-01
776        5.757000000000001005e-01
1533       5.763400000000000745e-01
425        5.764000000000000234e-01
945        5.766400000000000414e-01
809        5.768000000000000904e-01
1453       5.769999999999999574e-01
1492       5.770800000000000374e-01
1570       5.772200000000000664e-01
996        5.772800000000000153e-01
871        5.773200000000000554e-01
220        5.774799999999999933e-01
62         5.775000000000000133e-01
1562       5.777799999999999603e-01
1278       5.780199999999999783e-01
1216       5.780399999999999983e-01
357        5.781800000000000272e-01
1262       5.783400000000000762e-01
321        5.784400000000000652e-01
1464       5.785200000000000342e-01
850        5.787600000000000522e-01
103        5.789800000000000502e-01
70         5.795200000000000351e-01
870        5.796599999999999531e-01
1307       5.802800000000000180e-01
750        5.805200000000000360e-01
874        5.811000000000000609e-01
1123       5.812200000000000699e-01
382        5.813000000000000389e-01
507        5.818200000000001149e-01
125        5.825200000000000378e-01
626        5.829199999999999937e-01
558        5.831199999999999717e-01
940        5.831399999999999917e-01
1413       5.837600000000000566e-01
1421       5.838999999999999746e-01
1031       5.840199999999999836e-01
1232       5.840199999999999836e-01
1308       5.843599999999999905e-01
79         5.847400000000000375e-01
1555       5.848400000000000265e-01
1374       5.850199999999999845e-01
1331       5.850400000000000045e-01
37         5.852399999999999824e-01
1302       5.854800000000000004e-01
1521       5.856000000000000094e-01
769        5.856400000000000494e-01
736        5.856599999999999584e-01
341        5.859199999999999964e-01
124        5.859400000000000164e-01
1005       5.859400000000000164e-01
1161       5.859999999999999654e-01
256        5.860199999999999854e-01
764        5.860600000000000254e-01
1094       5.861800000000000344e-01
1174       5.862399999999999833e-01
1208       5.863599999999999923e-01
1121       5.864600000000000923e-01
856        5.867599999999999483e-01
1192       5.867599999999999483e-01
1327       5.867799999999999683e-01
765        5.872600000000000042e-01
1465       5.873800000000000132e-01
505        5.874600000000000932e-01
1557       5.875600000000000822e-01
464        5.883400000000000851e-01
763        5.886200000000000321e-01
409        5.889400000000000190e-01
964        5.891600000000000170e-01
436        5.900600000000000289e-01
630        5.901399999999999979e-01
631        5.902200000000000779e-01
606        5.904199999999999449e-01
355        5.910199999999999898e-01
1202       5.912200000000000788e-01
1336       5.913000000000000478e-01
1109       5.922600000000000087e-01
1058       5.928200000000000136e-01
441        5.929400000000000226e-01
1040       5.931600000000000206e-01
361        5.932600000000000096e-01
1135       5.936399999999999455e-01
367        5.938999999999999835e-01
77         5.940600000000000325e-01
1301       5.944199999999999484e-01
963        5.945000000000000284e-01
1085       5.947599999999999554e-01
833        5.947799999999999754e-01
371        5.951400000000000023e-01
1162       5.951800000000000423e-01
171        5.953400000000000913e-01
903        5.957400000000000473e-01
633        5.960199999999999942e-01
1320       5.960800000000000542e-01
1419       5.964000000000000412e-01
1007       5.964400000000000812e-01
1291       5.969400000000000261e-01
130        5.977400000000000491e-01
467        5.979600000000000470e-01
1211       5.979600000000000470e-01
383        5.980600000000000360e-01
1312       5.985600000000000920e-01
713        5.987200000000000299e-01
566        5.989800000000000679e-01
1174       5.989999999999999769e-01
1227       5.992399999999999949e-01
1483       5.994199999999999529e-01
1001       5.994800000000000129e-01
794        5.995399999999999618e-01
210        5.996200000000000419e-01
1126       5.996399999999999508e-01
5          5.996800000000001019e-01
1183       5.997000000000000108e-01
1473       5.997799999999999798e-01
748        5.999999999999999778e-01
1500       6.000400000000000178e-01
161        6.000600000000000378e-01
1154       6.007000000000000117e-01
1344       6.007400000000000517e-01
1461       6.008600000000000607e-01
514        6.009400000000000297e-01
789        6.010199999999999987e-01
492        6.014400000000000857e-01
417        6.015000000000000346e-01
280        6.015199999999999436e-01
950        6.018400000000000416e-01
1166       6.021600000000000286e-01
1566       6.029400000000000315e-01
676        6.029800000000000715e-01
894        6.030600000000000405e-01
851        6.031400000000000095e-01
188        6.032200000000000895e-01
1213       6.032800000000000384e-01
1556       6.033400000000000984e-01
1337       6.034400000000000874e-01
626        6.034800000000000164e-01
879        6.036399999999999544e-01
724        6.037400000000000544e-01
978        6.038000000000001144e-01
653        6.038400000000000434e-01
954        6.038999999999999924e-01
236        6.039200000000000124e-01
1153       6.040200000000000014e-01
1073       6.041000000000000814e-01
749        6.041800000000000503e-01
1356       6.042200000000000903e-01
1134       6.043400000000000993e-01
1568       6.043600000000000083e-01
37         6.045399999999999663e-01
1062       6.046399999999999553e-01
1345       6.046599999999999753e-01
567        6.047400000000000553e-01
1149       6.047599999999999643e-01
1095       6.048000000000001153e-01
101        6.048200000000000243e-01
869        6.051199999999999912e-01
364        6.053000000000000602e-01
784        6.053399999999999892e-01
316        6.053800000000000292e-01
162        6.056800000000001072e-01
1037       6.059200000000000141e-01
1379       6.059800000000000741e-01
719        6.062400000000000011e-01
41         6.063000000000000611e-01
273        6.068000000000001171e-01
730        6.073999999999999400e-01
607        6.079200000000000159e-01
490        6.080200000000000049e-01
1130       6.081400000000000139e-01
983        6.083999999999999408e-01
1513       6.085000000000000409e-01
1167       6.086399999999999588e-01
877        6.087400000000000588e-01
1085       6.089400000000000368e-01
1269       6.091000000000000858e-01
717        6.092000000000000748e-01
1014       6.092000000000000748e-01
265        6.092799999999999327e-01
1228       6.093000000000000638e-01
1530       6.095600000000001017e-01
1489       6.096000000000000307e-01
102        6.096800000000001107e-01
865        6.099800000000000777e-01
1115       6.103999999999999426e-01
593        6.105199999999999516e-01
396        6.105800000000000116e-01
530        6.106599999999999806e-01
883        6.107200000000000406e-01
1532       6.108799999999999786e-01
980        6.111400000000000166e-01
1555       6.117599999999999705e-01
500        6.120800000000000685e-01
1032       6.122799999999999354e-01
1524       6.127200000000000424e-01
1557       6.127200000000000424e-01
634        6.131199999999999983e-01
235        6.139200000000000212e-01
1404       6.139999999999999902e-01
574        6.143200000000000882e-01
1549       6.145199999999999552e-01
341        6.149200000000000221e-01
76         6.149999999999999911e-01
911        6.151400000000000201e-01
1315       6.157200000000000450e-01
1122       6.163600000000000190e-01
649        6.167200000000000459e-01
1190       6.172400000000000109e-01
62         6.172799999999999399e-01
1218       6.174800000000000288e-01
1507       6.174800000000000288e-01
1084       6.178000000000001268e-01
1135       6.184199999999999697e-01
1385       6.184400000000001008e-01
155        6.186000000000000387e-01
815        6.186200000000000587e-01
1378       6.193200000000000927e-01
971        6.193999999999999506e-01
1421       6.194199999999999706e-01
1156       6.194600000000000106e-01
1536       6.196000000000000396e-01
1133       6.197200000000000486e-01
621        6.198000000000001286e-01
848        6.198400000000000576e-01
463        6.199800000000000866e-01
652        6.199800000000000866e-01
1171       6.199800000000000866e-01
1515       6.201200000000000045e-01
1073       6.202199999999999935e-01
991        6.203999999999999515e-01
597        6.204400000000001025e-01
772        6.205800000000000205e-01
953        6.207599999999999785e-01
1168       6.208799999999999875e-01
1343       6.208799999999999875e-01
867        6.209200000000000275e-01
465        6.210399999999999254e-01
968        6.211800000000000654e-01
487        6.212600000000000344e-01
548        6.212799999999999434e-01
676        6.212799999999999434e-01
581        6.218600000000000794e-01
71         6.223000000000000753e-01
245        6.223000000000000753e-01
517        6.226399999999999713e-01
967        6.229600000000000692e-01
88         6.232000000000000872e-01
1246       6.232000000000000872e-01
1329       6.232000000000000872e-01
310        6.234600000000000142e-01
192        6.235199999999999632e-01
462        6.239600000000000701e-01
1597       6.240800000000000791e-01
553        6.240999999999999881e-01
30         6.242000000000000881e-01
1126       6.243800000000000461e-01
356        6.243999999999999551e-01
203        6.245600000000001151e-01
1172       6.250999999999999890e-01
339        6.253200000000000980e-01
965        6.256399999999999739e-01
525        6.256599999999999939e-01
518        6.258599999999999719e-01
368        6.260999999999999899e-01
898        6.261800000000000699e-01
580        6.265199999999999658e-01
1225       6.266200000000000658e-01
758        6.268200000000000438e-01
15         6.268599999999999728e-01
1366       6.269000000000000128e-01
795        6.274400000000001087e-01
651        6.275600000000001177e-01
627        6.276000000000000467e-01
910        6.281200000000000117e-01
58         6.281400000000000317e-01
832        6.285600000000001186e-01
1471       6.286200000000000676e-01
1052       6.290800000000000836e-01
36         6.290999999999999925e-01
165        6.291400000000000325e-01
313        6.291800000000000725e-01
959        6.292600000000000415e-01
1462       6.293400000000000105e-01
1065       6.295600000000001195e-01
1457       6.295800000000000285e-01
37         6.296200000000000685e-01
793        6.297200000000000575e-01
1266       6.297599999999999865e-01
7          6.299000000000000155e-01
717        6.299400000000000555e-01
1372       6.299600000000000755e-01
840        6.300999999999999934e-01
1185       6.300999999999999934e-01
1281       6.300999999999999934e-01
813        6.301400000000000334e-01
979        6.301800000000000734e-01
528        6.303800000000000514e-01
889        6.303800000000000514e-01
370        6.303999999999999604e-01
728        6.304400000000001114e-01
1390       6.305399999999999894e-01
0          6.306000000000000494e-01
70         6.306399999999999784e-01
844        6.306599999999999984e-01
1467       6.307000000000000384e-01
1089       6.308200000000000474e-01
820        6.312799999999999523e-01
1022       6.313800000000000523e-01
850        6.314400000000001123e-01
1511       6.316000000000000503e-01
17         6.316399999999999793e-01
1253       6.316399999999999793e-01
612        6.319799999999999862e-01
1355       6.319799999999999862e-01
569        6.320200000000000262e-01
60         6.323600000000000332e-01
439        6.325399999999999912e-01
1400       6.327399999999999691e-01
1293       6.329199999999999271e-01
1574       6.329600000000000781e-01
243        6.329799999999999871e-01
1587       6.332200000000000051e-01
23         6.335000000000000631e-01
1175       6.335000000000000631e-01
1542       6.335800000000000320e-01
412        6.338799999999999990e-01
1470       6.339000000000000190e-01
925        6.340200000000000280e-01
1343       6.340399999999999370e-01
660        6.341800000000000770e-01
1490       6.342600000000000460e-01
1231       6.343800000000000550e-01
932        6.344800000000000439e-01
632        6.345399999999999929e-01
1422       6.346600000000000019e-01
26         6.347000000000000419e-01
447        6.348599999999999799e-01
1479       6.350200000000000289e-01
1536       6.352600000000000469e-01
394        6.353800000000000558e-01
1325       6.354800000000000448e-01
983        6.356399999999999828e-01
841        6.360800000000000898e-01
1297       6.361800000000000788e-01
998        6.363200000000001078e-01
1311       6.363400000000000167e-01
1224       6.366199999999999637e-01
20         6.368599999999999817e-01
1139       6.370200000000000307e-01
1182       6.370800000000000907e-01
1172       6.373000000000000886e-01
1579       6.373800000000000576e-01
1572       6.381800000000000805e-01
935        6.382600000000000495e-01
975        6.383800000000000585e-01
147        6.384199999999999875e-01
639        6.385399999999999965e-01
1412       6.385800000000000365e-01
383        6.386399999999999855e-01
810        6.389199999999999324e-01
343        6.389400000000000635e-01
64         6.389799999999999924e-01
98         6.392799999999999594e-01
1552       6.393200000000001104e-01
1142       6.394199999999999884e-01
1188       6.395800000000000374e-01
1170       6.396600000000000064e-01
852        6.400000000000000133e-01
1322       6.400600000000000733e-01
194        6.406600000000000072e-01
422        6.407000000000000473e-01
478        6.410000000000000142e-01
1202       6.410399999999999432e-01
1323       6.414199999999999902e-01
613        6.414999999999999591e-01
864        6.420200000000000351e-01
1503       6.424800000000000511e-01
534        6.424999999999999600e-01
836        6.425800000000000400e-01
905        6.425800000000000400e-01
933        6.426000000000000600e-01
230        6.428200000000000580e-01
1186       6.429400000000000670e-01
1263       6.430800000000000960e-01
1144       6.432000000000001050e-01
336        6.434800000000000519e-01
442        6.435600000000000209e-01
1216       6.438800000000000079e-01
1476       6.439199999999999369e-01
727        6.439400000000000679e-01
1020       6.441000000000000059e-01
323        6.442600000000000549e-01
477        6.443000000000000949e-01
826        6.445199999999999818e-01
145        6.446600000000000108e-01
311        6.447599999999999998e-01
748        6.448000000000000398e-01
69         6.448599999999999888e-01
753        6.448599999999999888e-01
1301       6.448800000000000088e-01
1543       6.449600000000000888e-01
363        6.450200000000000378e-01
747        6.451800000000000868e-01
1176       6.452000000000001068e-01
244        6.457800000000000207e-01
285        6.459199999999999386e-01
161        6.460000000000000187e-01
211        6.460200000000000387e-01
782        6.460200000000000387e-01
625        6.460600000000000787e-01
1367       6.461599999999999566e-01
535        6.463200000000001166e-01
579        6.463200000000001166e-01
1390       6.463799999999999546e-01
1573       6.466000000000000636e-01
1335       6.466199999999999726e-01
906        6.466800000000000326e-01
1366       6.468200000000000616e-01
895        6.468400000000000816e-01
253        6.470600000000000795e-01
1370       6.471000000000000085e-01
609        6.471599999999999575e-01
937        6.471800000000000885e-01
337        6.473000000000000975e-01
1037       6.473799999999999555e-01
28         6.477399999999999824e-01
681        6.478200000000000625e-01
153        6.479199999999999404e-01
392        6.479199999999999404e-01
1281       6.480000000000000204e-01
509        6.480200000000000404e-01
615        6.480200000000000404e-01
563        6.480600000000000804e-01
1567       6.481000000000000094e-01
1076       6.482200000000000184e-01
1115       6.482400000000000384e-01
1392       6.482600000000000584e-01
862        6.483000000000000984e-01
718        6.483200000000001184e-01
1327       6.483400000000000274e-01
322        6.486199999999999743e-01
1167       6.487600000000000033e-01
374        6.488000000000000433e-01
210        6.494800000000000573e-01
1520       6.497200000000000752e-01
1269       6.499800000000000022e-01
238        6.501200000000000312e-01
1455       6.507399999999999851e-01
998        6.510000000000000231e-01
96         6.510600000000000831e-01
1523       6.513600000000000501e-01
1287       6.514600000000000390e-01
1401       6.515199999999999880e-01
1066       6.515400000000000080e-01
63         6.517399999999999860e-01
1307       6.517800000000000260e-01
966        6.521599999999999620e-01
441        6.523400000000000309e-01
501        6.526000000000000689e-01
1517       6.528400000000000869e-01
946        6.532200000000000228e-01
1484       6.532599999999999518e-01
801        6.533999999999999808e-01
220        6.534200000000000008e-01
912        6.534999999999999698e-01
1024       6.537399999999999878e-01
951        6.537800000000000278e-01
919        6.538200000000000678e-01
1249       6.538800000000000168e-01
744        6.540800000000001058e-01
1239       6.542799999999999727e-01
950        6.546600000000000197e-01
1504       6.547399999999999887e-01
872        6.554800000000000626e-01
882        6.558200000000000696e-01
1460       6.560600000000000875e-01
1276       6.562799999999999745e-01
878        6.566400000000000015e-01
1393       6.570600000000000884e-01
561        6.574999999999999734e-01
1017       6.578000000000000513e-01
338        6.582000000000000073e-01
236        6.582400000000000473e-01
1247       6.584600000000000453e-01
112        6.587000000000000632e-01
1181       6.588200000000000722e-01
605        6.588600000000000012e-01
1026       6.588800000000000212e-01
1197       6.588800000000000212e-01
1535       6.591399999999999482e-01
131        6.594600000000000461e-01
1299       6.599000000000000421e-01
418        6.600600000000000911e-01
0          6.602000000000000091e-01
216        6.603999999999999870e-01
519        6.604400000000000270e-01
30         6.604600000000000470e-01
1093       6.604999999999999760e-01
20         6.605199999999999960e-01
262        6.607000000000000650e-01
1268       6.607200000000000850e-01
848        6.608000000000000540e-01
1373       6.608000000000000540e-01
16         6.609400000000000830e-01
393        6.620399999999999618e-01
811        6.621800000000001019e-01
512        6.623600000000000598e-01
1081       6.624200000000000088e-01
1275       6.625800000000000578e-01
1080       6.627200000000000868e-01
1235       6.627600000000000158e-01
626        6.627800000000000358e-01
1245       6.629199999999999537e-01
648        6.632200000000000317e-01
348        6.632799999999999807e-01
158        6.633600000000000607e-01
372        6.633999999999999897e-01
442        6.636600000000000277e-01
347        6.638400000000000967e-01
1184       6.638800000000000257e-01
1187       6.641800000000001036e-01
507        6.642000000000000126e-01
1353       6.644200000000000106e-01
117        6.644999999999999796e-01
1226       6.645199999999999996e-01
1128       6.646600000000000286e-01
580        6.650800000000000045e-01
425        6.651000000000000245e-01
822        6.653999999999999915e-01
1487       6.659400000000000874e-01
1047       6.660800000000000054e-01
38         6.662599999999999634e-01
377        6.664200000000000124e-01
1195       6.664200000000000124e-01
1452       6.666800000000000503e-01
602        6.668200000000000793e-01
150        6.669199999999999573e-01
438        6.669199999999999573e-01
1589       6.670199999999999463e-01
1293       6.670800000000000063e-01
1346       6.671200000000000463e-01
1486       6.672799999999999843e-01
95         6.674800000000000733e-01
122        6.676000000000000822e-01
27         6.676199999999999912e-01
774        6.689400000000000901e-01
1415       6.690199999999999481e-01
135        6.691200000000000481e-01
804        6.693400000000000460e-01
735        6.693799999999999750e-01
174        6.693999999999999950e-01
1117       6.694200000000000150e-01
481        6.694800000000000750e-01
1389       6.695400000000000240e-01
1583       6.696400000000000130e-01
1597       6.700000000000000400e-01
464        6.701200000000000490e-01
1308       6.706600000000000339e-01
541        6.709199999999999608e-01
1267       6.710800000000000098e-01
1578       6.712400000000000588e-01
1276       6.713200000000000278e-01
576        6.714999999999999858e-01
1311       6.714999999999999858e-01
819        6.717600000000000238e-01
1575       6.717600000000000238e-01
1451       6.720600000000001017e-01
1113       6.722799999999999887e-01
831        6.723200000000000287e-01
26         6.723799999999999777e-01
1445       6.723799999999999777e-01
1411       6.724400000000000377e-01
180        6.726600000000000357e-01
87         6.729199999999999626e-01
611        6.731800000000001116e-01
1337       6.733600000000000696e-01
187        6.740199999999999525e-01
841        6.741800000000001125e-01
1073       6.742000000000000215e-01
1326       6.742599999999999705e-01
350        6.743799999999999795e-01
1126       6.744600000000000595e-01
781        6.745600000000000485e-01
1504       6.745800000000000685e-01
1144       6.746000000000000885e-01
118        6.747000000000000774e-01
767        6.747199999999999864e-01
91         6.748000000000000664e-01
165        6.748800000000000354e-01
910        6.753000000000001224e-01
239        6.754200000000000204e-01
985        6.754200000000000204e-01
1170       6.755200000000000093e-01
1235       6.756800000000000583e-01
45         6.757400000000000073e-01
1247       6.763000000000001233e-01
808        6.766800000000000592e-01
1185       6.766800000000000592e-01
919        6.768399999999999972e-01
525        6.768800000000000372e-01
700        6.770600000000001062e-01
1397       6.770800000000000152e-01
437        6.772200000000000442e-01
343        6.773400000000000531e-01
1464       6.774600000000000621e-01
1147       6.776200000000000001e-01
1241       6.777199999999999891e-01
1219       6.777799999999999381e-01
52         6.781399999999999650e-01
80         6.782599999999999740e-01
629        6.785400000000000320e-01
1187       6.788800000000000390e-01
856        6.788999999999999480e-01
387        6.790800000000000169e-01
1336       6.791599999999999859e-01
800        6.793400000000000549e-01
975        6.794000000000000039e-01
1395       6.794400000000000439e-01
6          6.796599999999999309e-01
1012       6.797799999999999399e-01
828        6.799199999999999688e-01
946        6.800600000000001089e-01
1318       6.800800000000000178e-01
1225       6.801399999999999668e-01
538        6.802400000000000668e-01
1143       6.805200000000000138e-01
567        6.805399999999999228e-01
875        6.806599999999999318e-01
564        6.807000000000000828e-01
543        6.807400000000000118e-01
599        6.807799999999999407e-01
779        6.808200000000000918e-01
1545       6.811000000000000387e-01
814        6.812000000000000277e-01
1210       6.812799999999999967e-01
1230       6.814000000000000057e-01
269        6.816200000000000037e-01
460        6.816200000000000037e-01
536        6.817000000000000837e-01
1584       6.817400000000000126e-01
136        6.817600000000000326e-01
667        6.818800000000000416e-01
66         6.819400000000001016e-01
1340       6.820199999999999596e-01
193        6.820399999999999796e-01
423        6.820600000000001106e-01
1375       6.820800000000000196e-01
326        6.822200000000000486e-01
964        6.823200000000000376e-01
445        6.824400000000000466e-01
265        6.825399999999999245e-01
391        6.825800000000000756e-01
1543       6.826400000000000245e-01
705        6.827000000000000846e-01
709        6.827400000000000135e-01
1252       6.828000000000000735e-01
360        6.838000000000000744e-01
408        6.840199999999999614e-01
1087       6.840800000000000214e-01
995        6.841399999999999704e-01
1189       6.841599999999999904e-01
300        6.844400000000000484e-01
1517       6.845200000000000173e-01
1171       6.845999999999999863e-01
836        6.848000000000000753e-01
1136       6.850000000000000533e-01
0          6.852000000000000313e-01
1521       6.852200000000000513e-01
610        6.854400000000000492e-01
349        6.854999999999999982e-01
1008       6.857000000000000872e-01
1544       6.857000000000000872e-01
976        6.860000000000000542e-01
1154       6.860399999999999832e-01
73         6.860600000000001142e-01
1499       6.861399999999999721e-01
1556       6.863400000000000611e-01
464        6.865200000000000191e-01
451        6.865399999999999281e-01
1223       6.867799999999999461e-01
74         6.868999999999999551e-01
1107       6.870199999999999640e-01
986        6.870600000000001151e-01
1272       6.871399999999999730e-01
916        6.874400000000000510e-01
179        6.874600000000000710e-01
1207       6.875800000000000800e-01
625        6.878000000000000780e-01
186        6.879400000000001070e-01
256        6.880399999999999849e-01
49         6.880600000000001160e-01
663        6.882000000000000339e-01
673        6.882800000000000029e-01
1130       6.883200000000000429e-01
1289       6.883200000000000429e-01
30         6.884000000000000119e-01
858        6.884600000000000719e-01
1188       6.885399999999999299e-01
539        6.887600000000000389e-01
146        6.888400000000000079e-01
1201       6.888800000000000479e-01
1158       6.888999999999999568e-01
1244       6.890600000000001168e-01
906        6.891200000000000658e-01
217        6.892800000000000038e-01
978        6.894000000000000128e-01
219        6.894400000000000528e-01
485        6.895200000000000218e-01
573        6.895999999999999908e-01
1418       6.895999999999999908e-01
1278       6.896400000000000308e-01
363        6.897000000000000908e-01
1480       6.898200000000000998e-01
1381       6.899199999999999777e-01
58         6.899400000000001087e-01
130        6.900600000000001177e-01
1113       6.901599999999999957e-01
1416       6.902800000000000047e-01
1355       6.903799999999999937e-01
320        6.904400000000000537e-01
1263       6.904400000000000537e-01
832        6.905000000000000027e-01
366        6.906400000000000317e-01
1036       6.907200000000000006e-01
155        6.907799999999999496e-01
1541       6.909400000000001096e-01
1          6.909600000000000186e-01
877        6.909600000000000186e-01
187        6.910199999999999676e-01
690        6.910399999999999876e-01
1583       6.910600000000001186e-01
180        6.911200000000000676e-01
960        6.913000000000001366e-01
109        6.915600000000000636e-01
504        6.916599999999999415e-01
712        6.917400000000000215e-01
1292       6.918000000000000815e-01
823        6.919400000000001105e-01
1121       6.919400000000001105e-01
46         6.920000000000000595e-01
596        6.920000000000000595e-01
1394       6.923799999999999955e-01
1266       6.925999999999999934e-01
718        6.926800000000000734e-01
1462       6.930800000000000294e-01
533        6.931399999999999784e-01
734        6.931599999999999984e-01
1152       6.931800000000001294e-01
1351       6.934000000000000163e-01
1028       6.934400000000000563e-01
1445       6.936200000000000143e-01
1032       6.936599999999999433e-01
1180       6.942800000000000082e-01
1296       6.945800000000000862e-01
1217       6.946800000000000752e-01
1357       6.947600000000000442e-01
935        6.950000000000000622e-01
311        6.952200000000000601e-01
1146       6.953200000000000491e-01
1464       6.956599999999999451e-01
655        6.957799999999999541e-01
417        6.958600000000000341e-01
500        6.959800000000000431e-01
186        6.960000000000000631e-01
471        6.962399999999999700e-01
924        6.968000000000000860e-01
276        6.968200000000001060e-01
516        6.969800000000000439e-01
1177       6.969800000000000439e-01
1262       6.971399999999999819e-01
1469       6.971399999999999819e-01
1528       6.971399999999999819e-01
456        6.975399999999999379e-01
795        6.975399999999999379e-01
1294       6.976800000000000779e-01
1040       6.978200000000001069e-01
1074       6.978999999999999648e-01
612        6.979400000000001159e-01
280        6.980000000000000648e-01
120        6.980199999999999738e-01
710        6.981200000000000738e-01
1238       6.981399999999999828e-01
442        6.983599999999999808e-01
1165       6.984000000000000208e-01
1191       6.984000000000000208e-01
336        6.984799999999999898e-01
1230       6.984799999999999898e-01
637        6.986400000000000388e-01
303        6.989400000000001167e-01
977        6.998200000000001086e-01
310        6.998999999999999666e-01
296        6.999600000000000266e-01
696        7.000399999999999956e-01
279        7.001000000000000556e-01
1548       7.005200000000000315e-01
1549       7.008000000000000895e-01
371        7.011399999999999855e-01
544        7.017000000000001014e-01
1236       7.019400000000001194e-01
1107       7.021000000000000574e-01
1323       7.021600000000000064e-01
792        7.022000000000000464e-01
1132       7.024400000000000643e-01
358        7.024799999999999933e-01
1149       7.025200000000000333e-01
852        7.025800000000000933e-01
1432       7.026000000000000023e-01
1205       7.028400000000000203e-01
188        7.028600000000000403e-01
1514       7.029199999999999893e-01
1435       7.030000000000000693e-01
636        7.030800000000000383e-01
1525       7.031000000000000583e-01
1231       7.033599999999999852e-01
283        7.036599999999999522e-01
1295       7.036599999999999522e-01
102        7.037200000000000122e-01
989        7.037200000000000122e-01
1281       7.039400000000001212e-01
1297       7.042399999999999771e-01
1546       7.050800000000000400e-01
22         7.055200000000000360e-01
9          7.060400000000000009e-01
1299       7.062000000000000499e-01
1064       7.066200000000000259e-01
939        7.073000000000000398e-01
901        7.073800000000000088e-01
1260       7.073800000000000088e-01
718        7.076200000000000268e-01
1469       7.076800000000000868e-01
354        7.079400000000001247e-01
270        7.085600000000000787e-01
783        7.086200000000000276e-01
1293       7.088600000000000456e-01
1319       7.095800000000000995e-01
1199       7.097000000000001085e-01
563        7.099600000000000355e-01
1386       7.102200000000000735e-01
967        7.108000000000000984e-01
1201       7.108400000000000274e-01
1280       7.109600000000000364e-01
235        7.112399999999999833e-01
1207       7.114600000000000923e-01
1579       7.119600000000000373e-01
508        7.126000000000000112e-01
1419       7.128400000000000292e-01
645        7.129600000000000382e-01
1484       7.135200000000000431e-01
940        7.138799999999999590e-01
786        7.138999999999999790e-01
886        7.139999999999999680e-01
930        7.147400000000000420e-01
655        7.149600000000000399e-01
888        7.150400000000000089e-01
604        7.152600000000000069e-01
1441       7.155800000000001049e-01
910        7.162000000000000588e-01
1192       7.162200000000000788e-01
211        7.164199999999999458e-01
356        7.164400000000000768e-01
269        7.165399999999999547e-01
1187       7.165800000000001058e-01
861        7.168999999999999817e-01
1138       7.169800000000000617e-01
399        7.171000000000000707e-01
1175       7.171000000000000707e-01
869        7.176200000000000356e-01
453        7.178400000000000336e-01
1019       7.179999999999999716e-01
1340       7.182800000000000296e-01
954        7.191600000000000215e-01
0          7.194000000000000394e-01
1486       7.194199999999999484e-01
1584       7.195200000000000484e-01
446        7.196200000000000374e-01
1131       7.196599999999999664e-01
1247       7.197599999999999554e-01
858        7.199400000000000244e-01
942        7.199600000000000444e-01
407        7.199999999999999734e-01
1172       7.200800000000000534e-01
1303       7.204400000000000803e-01
978        7.204600000000001003e-01
789        7.207200000000000273e-01
297        7.207799999999999763e-01
273        7.208799999999999653e-01
1089       7.209200000000000053e-01
631        7.213400000000000922e-01
1242       7.216599999999999682e-01
417        7.216800000000000992e-01
1578       7.216800000000000992e-01
14         7.218999999999999861e-01
828        7.224400000000000821e-01
231        7.225000000000000311e-01
478        7.226200000000000401e-01
462        7.227799999999999780e-01
1183       7.228400000000000380e-01
778        7.228799999999999670e-01
1132       7.229999999999999760e-01
530        7.231199999999999850e-01
770        7.231199999999999850e-01
1406       7.233000000000000540e-01
734        7.234600000000001030e-01
1147       7.235399999999999610e-01
632        7.238200000000000189e-01
50         7.238600000000000589e-01
172        7.238600000000000589e-01
1084       7.240199999999999969e-01
803        7.245000000000000329e-01
1437       7.245199999999999418e-01
75         7.248400000000000398e-01
1292       7.252399999999999958e-01
292        7.252600000000000158e-01
359        7.253400000000000958e-01
1043       7.255399999999999627e-01
646        7.259200000000000097e-01
1350       7.261199999999999877e-01
1293       7.263000000000000567e-01
699        7.263600000000000056e-01
238        7.266200000000000436e-01
1317       7.268600000000000616e-01
1378       7.270199999999999996e-01
1069       7.273000000000000576e-01
1040       7.273200000000000776e-01
218        7.273400000000000976e-01
1294       7.273400000000000976e-01
278        7.274400000000000865e-01
1315       7.276200000000000445e-01
222        7.279999999999999805e-01
1138       7.285199999999999454e-01
745        7.288799999999999724e-01
406        7.289600000000000524e-01
1225       7.291600000000000303e-01
1217       7.291600000000000303e-01
1279       7.292399999999999993e-01
764        7.293200000000000793e-01
1358       7.293200000000000793e-01
935        7.294800000000000173e-01
1318       7.303600000000000092e-01
1376       7.304199999999999582e-01
1097       7.305199999999999472e-01
1418       7.309200000000000141e-01
165        7.310800000000000631e-01
67         7.311400000000000121e-01
1176       7.312800000000000411e-01
489        7.313200000000000811e-01
153        7.315800000000000081e-01
604        7.316399999999999570e-01
497        7.319999999999999840e-01
889        7.321000000000000840e-01
1140       7.321800000000000530e-01
571        7.322000000000000730e-01
1221       7.323800000000000310e-01
1029       7.326399999999999579e-01
1173       7.331400000000000139e-01
127        7.332200000000000939e-01
1395       7.332600000000000229e-01
1165       7.335399999999999698e-01
1544       7.341400000000000148e-01
507        7.343200000000000838e-01
1286       7.343200000000000838e-01
1321       7.350600000000000467e-01
642        7.351400000000000157e-01
296        7.352200000000000957e-01
725        7.358600000000000696e-01
504        7.364199999999999635e-01
395        7.366399999999999615e-01
580        7.366599999999999815e-01
39         7.368000000000001215e-01
1514       7.368400000000000505e-01
1158       7.371199999999999974e-01
617        7.374600000000000044e-01
536        7.375800000000000134e-01
1302       7.378799999999999804e-01
1541       7.379400000000000404e-01
751        7.380600000000000493e-01
230        7.381000000000000894e-01
586        7.382199999999999873e-01
1214       7.384800000000000253e-01
1336       7.384800000000000253e-01
173        7.386399999999999633e-01
1291       7.386800000000001143e-01
737        7.387799999999999923e-01
402        7.388400000000000523e-01
123        7.389000000000000012e-01
1516       7.392199999999999882e-01
1152       7.393600000000000172e-01
1208       7.394800000000000262e-01
788        7.396200000000000552e-01
1171       7.399200000000000221e-01
771        7.399400000000000421e-01
318        7.401000000000000911e-01
1309       7.402199999999999891e-01
332        7.404199999999999671e-01
622        7.404800000000000271e-01
1531       7.406399999999999650e-01
895        7.407799999999999940e-01
1464       7.408400000000000540e-01
1459       7.411800000000000610e-01
729        7.412400000000000100e-01
1200       7.417799999999999949e-01
287        7.418200000000000349e-01
1190       7.419400000000000439e-01
1300       7.420400000000000329e-01
1222       7.421200000000000019e-01
736        7.422400000000000109e-01
1569       7.422400000000000109e-01
1297       7.422799999999999399e-01
902        7.424400000000000999e-01
1136       7.424400000000000999e-01
647        7.425199999999999578e-01
471        7.427000000000000268e-01
1232       7.427000000000000268e-01
346        7.427400000000000668e-01
251        7.428400000000000558e-01
1084       7.428400000000000558e-01
1046       7.429800000000000848e-01
189        7.430600000000000538e-01
1308       7.430600000000000538e-01
643        7.430999999999999828e-01
1268       7.432000000000000828e-01
546        7.435199999999999587e-01
1401       7.435800000000000187e-01
786        7.437400000000000677e-01
1532       7.438400000000000567e-01
1160       7.439000000000000057e-01
1390       7.439400000000000457e-01
672        7.440800000000000747e-01
583        7.441200000000000037e-01
518        7.441400000000000237e-01
564        7.441400000000000237e-01
1138       7.441400000000000237e-01
1076       7.442799999999999416e-01
1143       7.443000000000000727e-01
861        7.443200000000000927e-01
505        7.448000000000001286e-01
686        7.448200000000000376e-01
782        7.449200000000000266e-01
645        7.451400000000000245e-01
709        7.455399999999999805e-01
1233       7.459999999999999964e-01
551        7.461800000000000654e-01
328        7.462199999999999944e-01
121        7.463400000000000034e-01
1248       7.465600000000001124e-01
493        7.466000000000000414e-01
272        7.466599999999999904e-01
348        7.467400000000000704e-01
1454       7.468600000000000794e-01
271        7.471400000000000263e-01
1204       7.473400000000000043e-01
1069       7.473600000000000243e-01
1276       7.474600000000000133e-01
1175       7.475000000000000533e-01
1115       7.476599999999999913e-01
172        7.476800000000001223e-01
1592       7.477200000000000513e-01
744        7.477800000000000002e-01
1185       7.478799999999999892e-01
1295       7.484800000000000342e-01
1304       7.485000000000000542e-01
563        7.485800000000000232e-01
261        7.490999999999999881e-01
626        7.491400000000000281e-01
1163       7.493800000000000461e-01
1282       7.494600000000000151e-01
1237       7.496200000000000641e-01
1384       7.497599999999999820e-01
830        7.500000000000000000e-01
671        7.502799999999999470e-01
1335       7.503000000000000780e-01
1209       7.503200000000000980e-01
1349       7.503600000000000270e-01
1212       7.504199999999999759e-01
280        7.504800000000000360e-01
1363       7.505199999999999649e-01
410        7.505600000000001160e-01
84         7.508400000000000629e-01
380        7.508799999999999919e-01
1157       7.510800000000000809e-01
883        7.511400000000000299e-01
894        7.512799999999999478e-01
351        7.517000000000000348e-01
1269       7.517000000000000348e-01
1234       7.517400000000000748e-01
415        7.519000000000000128e-01
639        7.520399999999999308e-01
438        7.520999999999999908e-01
1148       7.521599999999999397e-01
369        7.521800000000000708e-01
1139       7.523200000000000998e-01
1123       7.526000000000000467e-01
1473       7.529799999999999827e-01
200        7.530000000000000027e-01
987        7.532600000000000406e-01
1336       7.533999999999999586e-01
1238       7.535399999999999876e-01
1594       7.537000000000000366e-01
1265       7.538000000000001366e-01
865        7.539000000000000146e-01
763        7.540600000000000636e-01
1310       7.542799999999999505e-01
780        7.553400000000000114e-01
269        7.553800000000000514e-01
867        7.553999999999999604e-01
1010       7.553999999999999604e-01
1187       7.553999999999999604e-01
1147       7.554800000000000404e-01
1143       7.557800000000000074e-01
675        7.560000000000000053e-01
1488       7.560000000000000053e-01
1271       7.560399999999999343e-01
1135       7.561599999999999433e-01
1337       7.561599999999999433e-01
1065       7.562000000000000943e-01
1375       7.565000000000000613e-01
792        7.566399999999999793e-01
1252       7.577000000000000401e-01
1330       7.577800000000000091e-01
1429       7.578400000000000691e-01
1444       7.579199999999999271e-01
1081       7.580399999999999361e-01
1129       7.580399999999999361e-01
457        7.582200000000000051e-01
467        7.582400000000000251e-01
1403       7.582600000000000451e-01
1075       7.582799999999999541e-01
1478       7.584600000000000231e-01
681        7.585199999999999720e-01
1247       7.585399999999999920e-01
1274       7.588000000000000300e-01
1008       7.589400000000000590e-01
396        7.593600000000000350e-01
1280       7.596000000000000529e-01
400        7.597599999999999909e-01
156        7.597800000000000109e-01
1277       7.597800000000000109e-01
1275       7.600000000000000089e-01
1293       7.600800000000000889e-01
1371       7.600999999999999979e-01
307        7.602400000000000269e-01
1157       7.602400000000000269e-01
1061       7.603000000000000869e-01
166        7.603200000000001069e-01
630        7.603200000000001069e-01
1165       7.606200000000000738e-01
506        7.607399999999999718e-01
542        7.609400000000000608e-01
958        7.612799999999999567e-01
1175       7.613800000000000567e-01
204        7.615000000000000657e-01
1239       7.615399999999999947e-01
323        7.616600000000000037e-01
1155       7.619199999999999307e-01
1360       7.620200000000000307e-01
655        7.620399999999999396e-01
1353       7.621400000000000396e-01
1265       7.621599999999999486e-01
1215       7.621800000000000797e-01
677        7.622600000000000486e-01
1318       7.624600000000000266e-01
1208       7.625399999999999956e-01
1331       7.627000000000000446e-01
381        7.630399999999999405e-01
255        7.630800000000000916e-01
983        7.633400000000000185e-01
1576       7.634400000000001185e-01
615        7.636800000000000255e-01
185        7.637800000000000145e-01
283        7.644199999999999884e-01
759        7.648400000000000754e-01
1263       7.649200000000000443e-01
1580       7.655000000000000693e-01
1029       7.656600000000000072e-01
1312       7.656800000000000272e-01
887        7.657200000000000673e-01
494        7.657599999999999962e-01
1236       7.660399999999999432e-01
1487       7.662200000000000122e-01
1136       7.662799999999999612e-01
643        7.663200000000001122e-01
1342       7.663600000000000412e-01
1173       7.664400000000001212e-01
1462       7.666600000000000081e-01
711        7.666800000000000281e-01
1213       7.667399999999999771e-01
465        7.667800000000000171e-01
13         7.668200000000000571e-01
1144       7.668200000000000571e-01
1001       7.670600000000000751e-01
129        7.672200000000000131e-01
1452       7.672799999999999621e-01
78         7.675800000000000400e-01
1286       7.677599999999999980e-01
73         7.679000000000000270e-01
1502       7.680399999999999450e-01
1345       7.680800000000000960e-01
1327       7.682600000000000540e-01
1409       7.683999999999999719e-01
244        7.684200000000001030e-01
1138       7.691400000000000459e-01
1299       7.692600000000000549e-01
1523       7.698400000000000798e-01
1227       7.698599999999999888e-01
1454       7.698599999999999888e-01
1346       7.702400000000000357e-01
1273       7.703999999999999737e-01
1037       7.714800000000000546e-01
1328       7.718800000000000106e-01
708        7.725400000000000045e-01
1359       7.726199999999999735e-01
1210       7.729600000000000914e-01
1334       7.735199999999999854e-01
24         7.736000000000000654e-01
822        7.737000000000000544e-01
724        7.737399999999999833e-01
1143       7.739800000000000013e-01
975        7.741000000000000103e-01
1184       7.742799999999999683e-01
1174       7.746800000000000352e-01
279        7.747600000000000042e-01
1154       7.750800000000001022e-01
251        7.753600000000000492e-01
756        7.754800000000000582e-01
1419       7.756399999999999961e-01
463        7.758599999999999941e-01
1337       7.761200000000000321e-01
450        7.761400000000000521e-01
1243       7.761599999999999611e-01
815        7.761800000000000921e-01
797        7.765400000000000080e-01
211        7.772200000000000220e-01
47         7.772799999999999709e-01
648        7.774600000000000399e-01
805        7.775600000000000289e-01
526        7.779600000000000959e-01
605        7.781000000000000139e-01
1158       7.781200000000000339e-01
233        7.784400000000000208e-01
560        7.784800000000000608e-01
358        7.786399999999999988e-01
1097       7.786800000000000388e-01
1308       7.789200000000000568e-01
607        7.790399999999999547e-01
158        7.790600000000000858e-01
850        7.791200000000000347e-01
172        7.791400000000000547e-01
1140       7.791400000000000547e-01
1321       7.791400000000000547e-01
97         7.791599999999999637e-01
345        7.792200000000000237e-01
1541       7.793400000000000327e-01
1599       7.793799999999999617e-01
445        7.795600000000000307e-01
1161       7.796199999999999797e-01
1282       7.796600000000000197e-01
1300       7.797000000000000597e-01
667        7.797800000000000287e-01
1003       7.797800000000000287e-01
1256       7.798000000000000487e-01
1545       7.801000000000000156e-01
781        7.809200000000000585e-01
1201       7.809400000000000786e-01
639        7.809600000000000986e-01
1023       7.815199999999999925e-01
1183       7.815800000000000525e-01
1391       7.817200000000000815e-01
1298       7.817399999999999904e-01
189        7.818800000000000194e-01
1366       7.820800000000001084e-01
966        7.821200000000000374e-01
1260       7.822400000000000464e-01
1475       7.823000000000001064e-01
1268       7.824400000000000244e-01
1209       7.824800000000000644e-01
1205       7.824800000000000644e-01
287        7.825400000000000134e-01
1128       7.825600000000000334e-01
774        7.825800000000000534e-01
555        7.826000000000000734e-01
246        7.826400000000000023e-01
882        7.827000000000000624e-01
396        7.827399999999999913e-01
1248       7.827600000000000113e-01
1278       7.827800000000000313e-01
273        7.829800000000000093e-01
1343       7.831200000000000383e-01
839        7.831399999999999473e-01
1062       7.831399999999999473e-01
1137       7.831399999999999473e-01
225        7.832000000000000073e-01
1180       7.836199999999999832e-01
1083       7.836400000000000032e-01
363        7.837600000000000122e-01
1159       7.837800000000000322e-01
1123       7.839200000000000612e-01
1272       7.839400000000000812e-01
1332       7.839800000000000102e-01
1407       7.842400000000000482e-01
1067       7.845400000000000151e-01
1250       7.851800000000001001e-01
524        7.852200000000000291e-01
73         7.855199999999999960e-01
1489       7.859200000000000630e-01
567        7.859600000000001030e-01
1336       7.860399999999999610e-01
1310       7.862599999999999589e-01
894        7.863200000000000189e-01
1212       7.866600000000000259e-01
1148       7.871399999999999508e-01
401        7.871800000000001019e-01
962        7.872400000000000508e-01
454        7.873000000000001108e-01
961        7.873200000000000198e-01
997        7.874200000000001198e-01
1199       7.876400000000000068e-01
423        7.877399999999999958e-01
1399       7.877800000000000358e-01
761        7.878400000000000958e-01
1135       7.879000000000000448e-01
758        7.879600000000001048e-01
1133       7.880800000000000027e-01
205        7.884400000000000297e-01
746        7.884800000000000697e-01
637        7.884999999999999787e-01
1147       7.887200000000000877e-01
58         7.888200000000000767e-01
130        7.893999999999999906e-01
1422       7.894400000000000306e-01
1244       7.894600000000000506e-01
766        7.895400000000000196e-01
1402       7.895400000000000196e-01
300        7.897600000000000176e-01
1579       7.897800000000000376e-01
1225       7.898600000000000065e-01
1363       7.900399999999999645e-01
494        7.902400000000000535e-01
1270       7.905400000000000205e-01
93         7.906000000000000805e-01
1141       7.907200000000000895e-01
1190       7.909600000000001074e-01
1235       7.911399999999999544e-01
723        7.913799999999999724e-01
1542       7.915400000000000214e-01
963        7.918000000000000593e-01
688        7.918400000000000993e-01
276        7.922400000000000553e-01
333        7.923999999999999932e-01
1150       7.923999999999999932e-01
1197       7.927000000000000712e-01
1340       7.928000000000000602e-01
1211       7.928400000000001002e-01
1218       7.930000000000000382e-01
1260       7.931200000000000472e-01
1196       7.934600000000000541e-01
1122       7.935200000000000031e-01
809        7.935800000000000631e-01
1530       7.936400000000000121e-01
1200       7.937600000000000211e-01
1163       7.938400000000001011e-01
1231       7.938400000000001011e-01
386        7.938800000000000301e-01
1233       7.939200000000000701e-01
1236       7.940399999999999681e-01
200        7.940600000000000991e-01
1232       7.940600000000000991e-01
915        7.941200000000000481e-01
842        7.943000000000001171e-01
153        7.943799999999999750e-01
1414       7.945200000000000040e-01
1292       7.946199999999999930e-01
44         7.947400000000000020e-01
335        7.950199999999999489e-01
1138       7.950399999999999689e-01
195        7.951000000000000290e-01
1316       7.951800000000001090e-01
1383       7.952000000000000179e-01
429        7.952599999999999669e-01
652        7.954800000000000759e-01
1182       7.957200000000000939e-01
1537       7.958400000000001029e-01
814        7.958999999999999408e-01
1149       7.958999999999999408e-01
1358       7.962799999999999878e-01
176        7.963799999999999768e-01
692        7.963799999999999768e-01
944        7.972400000000000597e-01
580        7.974800000000000777e-01
235        7.974999999999999867e-01
1508       7.979200000000000736e-01
1213       7.979400000000000936e-01
589        7.980199999999999516e-01
786        7.983000000000001206e-01
860        7.983600000000000696e-01
408        7.984400000000000386e-01
148        7.984999999999999876e-01
1474       7.985600000000000476e-01
241        7.986000000000000876e-01
430        7.988200000000000855e-01
1564       7.988399999999999945e-01
1262       7.990199999999999525e-01
624        7.991200000000000525e-01
1081       7.991599999999999815e-01
883        7.991800000000001125e-01
1178       7.993200000000000305e-01
1124       7.993600000000000705e-01
1332       7.994200000000001305e-01
974        7.994999999999999885e-01
1375       7.994999999999999885e-01
1076       7.996199999999999974e-01
397        7.997600000000000264e-01
369        7.999200000000000754e-01
1444       8.000199999999999534e-01
922        8.001599999999999824e-01
1521       8.003799999999999804e-01
1263       8.004000000000000004e-01
1351       8.005400000000000293e-01
514        8.006000000000000894e-01
696        8.006600000000000383e-01
1192       8.007400000000000073e-01
1353       8.010399999999999743e-01
527        8.012000000000000233e-01
610        8.012400000000000633e-01
1308       8.013400000000000523e-01
1129       8.017400000000000082e-01
1251       8.017600000000000282e-01
658        8.018200000000000882e-01
486        8.018999999999999462e-01
498        8.019200000000000772e-01
1187       8.019400000000000972e-01
1596       8.019600000000000062e-01
104        8.023799999999999821e-01
118        8.024800000000000821e-01
1350       8.025400000000000311e-01
398        8.026000000000000911e-01
324        8.034800000000000830e-01
1268       8.034800000000000830e-01
1231       8.038000000000000700e-01
470        8.043000000000001259e-01
1302       8.043000000000001259e-01
8          8.043200000000000349e-01
1500       8.045200000000000129e-01
764        8.046800000000000619e-01
1333       8.050600000000001089e-01
1552       8.050600000000001089e-01
853        8.050800000000000178e-01
1325       8.051599999999999868e-01
1280       8.052799999999999958e-01
1318       8.063200000000000367e-01
1529       8.066599999999999326e-01
1005       8.066800000000000637e-01
1189       8.066800000000000637e-01
1298       8.067000000000000837e-01
758        8.068800000000000416e-01
56         8.071000000000000396e-01
1551       8.072599999999999776e-01
841        8.072799999999999976e-01
1343       8.073200000000000376e-01
751        8.074200000000001376e-01
1051       8.075999999999999845e-01
1475       8.078400000000000025e-01
914        8.078600000000000225e-01
1541       8.081800000000001205e-01
487        8.082000000000000295e-01
1276       8.083000000000001295e-01
85         8.084999999999999964e-01
1063       8.090600000000001124e-01
869        8.093600000000000794e-01
1104       8.094800000000000884e-01
1224       8.095800000000000773e-01
1289       8.098800000000000443e-01
392        8.099800000000000333e-01
1281       8.100000000000000533e-01
1275       8.100199999999999623e-01
147        8.101000000000000423e-01
1269       8.108400000000000052e-01
1252       8.111200000000000632e-01
55         8.111399999999999721e-01
1312       8.115200000000000191e-01
824        8.115999999999999881e-01
547        8.116800000000000681e-01
232        8.117000000000000881e-01
1447       8.118400000000000061e-01
1106       8.122400000000000730e-01
1145       8.126400000000000290e-01
261        8.127400000000000180e-01
1029       8.130000000000000560e-01
653        8.130199999999999649e-01
74         8.130600000000001160e-01
384        8.131800000000001249e-01
20         8.133000000000001339e-01
1336       8.133200000000000429e-01
1014       8.133400000000000629e-01
301        8.134400000000000519e-01
1006       8.135600000000000609e-01
1253       8.137000000000000899e-01
1335       8.138200000000000989e-01
1389       8.138800000000000479e-01
1193       8.139600000000000168e-01
1557       8.139800000000000368e-01
1384       8.140399999999999858e-01
1328       8.141000000000000458e-01
738        8.141200000000000658e-01
353        8.141599999999999948e-01
1266       8.142200000000000548e-01
1243       8.145800000000000818e-01
109        8.146599999999999397e-01
226        8.147000000000000908e-01
70         8.148999999999999577e-01
211        8.148999999999999577e-01
1180       8.151000000000000467e-01
412        8.151399999999999757e-01
1349       8.153200000000000447e-01
12         8.158200000000001006e-01
276        8.158800000000000496e-01
374        8.159200000000000896e-01
1472       8.159800000000000386e-01
696        8.161000000000000476e-01
685        8.161399999999999766e-01
503        8.163200000000000456e-01
1574       8.164799999999999836e-01
1561       8.165200000000000236e-01
296        8.165399999999999325e-01
394        8.165399999999999325e-01
1286       8.165999999999999925e-01
1016       8.167799999999999505e-01
572        8.170600000000001195e-01
900        8.176200000000000134e-01
48         8.177799999999999514e-01
1064       8.182000000000000384e-01
401        8.182599999999999874e-01
176        8.184799999999999853e-01
817        8.185000000000000053e-01
1209       8.186200000000000143e-01
1575       8.186400000000000343e-01
1408       8.187600000000000433e-01
1052       8.189400000000001123e-01
221        8.189600000000000213e-01
694        8.189600000000000213e-01
29         8.190000000000000613e-01
929        8.190000000000000613e-01
927        8.191599999999999993e-01
1514       8.194200000000000372e-01
1272       8.194799999999999862e-01
1548       8.195600000000000662e-01
1049       8.196599999999999442e-01
1031       8.197600000000000442e-01
1191       8.199400000000001132e-01
1273       8.201200000000000712e-01
1167       8.201399999999999801e-01
917        8.205200000000000271e-01
1225       8.205999999999999961e-01
65         8.208999999999999631e-01
1281       8.212200000000000610e-01
1308       8.213000000000000300e-01
843        8.215399999999999370e-01
1202       8.216599999999999460e-01
260        8.216800000000000770e-01
922        8.217799999999999550e-01
1127       8.219800000000000439e-01
1390       8.219800000000000439e-01
645        8.224000000000000199e-01
1087       8.224200000000000399e-01
1319       8.224200000000000399e-01
657        8.224600000000000799e-01
847        8.225200000000000289e-01
1097       8.225399999999999379e-01
577        8.227200000000000069e-01
1392       8.227400000000000269e-01
596        8.227600000000000469e-01
111        8.228000000000000869e-01
1222       8.228000000000000869e-01
268        8.229800000000000448e-01
1133       8.230800000000000338e-01
1280       8.231800000000001338e-01
1416       8.232000000000000428e-01
1199       8.235000000000000098e-01
1153       8.238999999999999657e-01
1185       8.246200000000000196e-01
1254       8.246400000000000396e-01
1083       8.246800000000000797e-01
650        8.247200000000000086e-01
782        8.248000000000000886e-01
1353       8.249400000000001176e-01
1506       8.250399999999999956e-01
1261       8.254799999999999915e-01
1000       8.256599999999999495e-01
584        8.263000000000000345e-01
72         8.263400000000000745e-01
1568       8.264200000000000434e-01
1246       8.267000000000001014e-01
418        8.269400000000001194e-01
1596       8.272200000000000664e-01
158        8.273000000000000353e-01
1141       8.274799999999999933e-01
1354       8.275399999999999423e-01
1179       8.275600000000000733e-01
898        8.276200000000000223e-01
695        8.276400000000000423e-01
1218       8.278200000000001113e-01
1134       8.278600000000000403e-01
1146       8.279400000000001203e-01
373        8.280000000000000693e-01
289        8.280399999999999983e-01
625        8.280399999999999983e-01
1182       8.281000000000000583e-01
1166       8.283200000000000562e-01
1267       8.284000000000000252e-01
507        8.284600000000000852e-01
178        8.284799999999999942e-01
853        8.286400000000000432e-01
1584       8.286400000000000432e-01
1284       8.286599999999999522e-01
155        8.287000000000001032e-01
1275       8.288800000000000612e-01
1524       8.289400000000001212e-01
1176       8.291199999999999681e-01
1401       8.291199999999999681e-01
1240       8.292800000000000171e-01
57         8.295399999999999441e-01
1224       8.296400000000000441e-01
903        8.297600000000000531e-01
1573       8.299600000000000311e-01
1367       8.301600000000000090e-01
1123       8.302000000000000490e-01
379        8.302200000000000690e-01
598        8.302200000000000690e-01
1073       8.302800000000000180e-01
764        8.303200000000000580e-01
279        8.303400000000000780e-01
533        8.305600000000000760e-01
1355       8.306000000000000050e-01
1341       8.306200000000000250e-01
750        8.306599999999999540e-01
520        8.307400000000000340e-01
897        8.307600000000000540e-01
1180       8.308600000000000430e-01
329        8.310400000000000009e-01
1446       8.316000000000000059e-01
249        8.318800000000000638e-01
1518       8.319800000000000528e-01
1052       8.320400000000000018e-01
1540       8.323000000000000398e-01
1302       8.324799999999999978e-01
566        8.326000000000000068e-01
1129       8.326599999999999557e-01
1187       8.327400000000000357e-01
165        8.327600000000000557e-01
409        8.327799999999999647e-01
1172       8.328200000000001157e-01
1171       8.329200000000001047e-01
1209       8.332600000000000007e-01
1307       8.332600000000000007e-01
434        8.333400000000000807e-01
928        8.334200000000000497e-01
294        8.335200000000000387e-01
837        8.335800000000000987e-01
523        8.337799999999999656e-01
1476       8.338600000000000456e-01
86         8.346400000000000485e-01
1099       8.348000000000000975e-01
1236       8.348000000000000975e-01
1318       8.349200000000001065e-01
1261       8.351000000000000645e-01
715        8.351399999999999935e-01
1305       8.354200000000000514e-01
1314       8.355000000000000204e-01
1344       8.356800000000000894e-01
1234       8.357000000000001094e-01
1055       8.357400000000000384e-01
1462       8.362000000000000544e-01
77         8.363200000000000633e-01
1136       8.364800000000000013e-01
967        8.365399999999999503e-01
1501       8.366200000000000303e-01
2          8.366800000000000903e-01
811        8.366800000000000903e-01
854        8.367200000000000193e-01
1371       8.375399999999999512e-01
1282       8.380600000000000271e-01
1345       8.380800000000000471e-01
685        8.383400000000000851e-01
1088       8.386200000000000321e-01
1078       8.387000000000001121e-01
328        8.387799999999999701e-01
586        8.387799999999999701e-01
1304       8.388999999999999790e-01
1096       8.389400000000000190e-01
972        8.391000000000000680e-01
1452       8.395200000000000440e-01
1207       8.398000000000001020e-01
756        8.399200000000001110e-01
1316       8.400199999999999889e-01
856        8.401399999999999979e-01
1210       8.401399999999999979e-01
651        8.402600000000000069e-01
962        8.406400000000000539e-01
904        8.407400000000000428e-01
1297       8.408200000000001229e-01
930        8.409999999999999698e-01
810        8.410400000000000098e-01
1294       8.410400000000000098e-01
507        8.411399999999999988e-01
1277       8.413800000000000168e-01
1359       8.414000000000000368e-01
1279       8.414800000000000058e-01
1186       8.415000000000000258e-01
829        8.417000000000001148e-01
1584       8.417600000000000637e-01
467        8.422399999999999887e-01
76         8.422600000000000087e-01
270        8.423400000000000887e-01
933        8.424200000000000577e-01
1370       8.425600000000000867e-01
796        8.425800000000001067e-01
1122       8.426400000000000556e-01
1325       8.427599999999999536e-01
599        8.430600000000000316e-01
644        8.431800000000000406e-01
850        8.432200000000000806e-01
906        8.432600000000000096e-01
1232       8.433200000000000696e-01
338        8.433800000000000185e-01
704        8.436599999999999655e-01
1246       8.437599999999999545e-01
131        8.438200000000000145e-01
422        8.438600000000000545e-01
1196       8.443400000000000905e-01
21         8.444000000000000394e-01
1021       8.447000000000001174e-01
1323       8.447000000000001174e-01
1214       8.448000000000001064e-01
1283       8.448000000000001064e-01
1212       8.452200000000000824e-01
1181       8.452600000000000113e-01
1331       8.456400000000000583e-01
441        8.457599999999999563e-01
492        8.459200000000001163e-01
1291       8.460400000000000142e-01
990        8.461000000000000743e-01
1133       8.462000000000000632e-01
159        8.462200000000000832e-01
1301       8.464400000000000812e-01
1412       8.466200000000000392e-01
1191       8.468200000000000172e-01
680        8.468600000000000572e-01
1511       8.468999999999999861e-01
1445       8.470800000000000551e-01
1110       8.471600000000000241e-01
509        8.472800000000000331e-01
1290       8.473200000000000731e-01
1313       8.476200000000000401e-01
1586       8.478400000000000380e-01
1189       8.478600000000000581e-01
694        8.479400000000000270e-01
1222       8.484600000000001030e-01
1205       8.485800000000001120e-01
759        8.488400000000000389e-01
1141       8.490199999999999969e-01
1130       8.493600000000000039e-01
1512       8.494600000000001039e-01
1165       8.496399999999999508e-01
133        8.497000000000000108e-01
1451       8.497000000000000108e-01
1299       8.500600000000000378e-01
1312       8.501000000000000778e-01
1336       8.503200000000000758e-01
1254       8.503600000000000048e-01
1352       8.511800000000000477e-01
1320       8.516800000000001036e-01
1314       8.517000000000000126e-01
1150       8.517400000000000526e-01
1226       8.520199999999999996e-01
499        8.524000000000000465e-01
684        8.526000000000000245e-01
812        8.528000000000001135e-01
849        8.529400000000000315e-01
1480       8.530600000000000405e-01
562        8.531000000000000805e-01
979        8.532800000000000384e-01
1216       8.533600000000000074e-01
528        8.533800000000000274e-01
1240       8.533800000000000274e-01
1553       8.535399999999999654e-01
673        8.536399999999999544e-01
147        8.538200000000000234e-01
1072       8.538400000000000434e-01
898        8.539200000000001234e-01
968        8.539800000000000724e-01
466        8.540200000000000014e-01
123        8.543200000000000793e-01
1143       8.543400000000000993e-01
465        8.543600000000000083e-01
1333       8.545399999999999663e-01
921        8.545600000000000973e-01
318        8.548799999999999732e-01
1269       8.550400000000000222e-01
1461       8.551400000000000112e-01
661        8.552000000000000712e-01
1234       8.552200000000000912e-01
634        8.552400000000000002e-01
1359       8.553800000000000292e-01
1160       8.554000000000000492e-01
843        8.555800000000000072e-01
143        8.556399999999999562e-01
706        8.558000000000001162e-01
1355       8.558000000000001162e-01
100        8.558999999999999941e-01
1178       8.559200000000001252e-01
1155       8.560200000000000031e-01
134        8.561400000000000121e-01
1403       8.562400000000000011e-01
1326       8.563000000000000611e-01
1540       8.563400000000001011e-01
273        8.564800000000000191e-01
729        8.567599999999999660e-01
1170       8.568400000000000460e-01
1132       8.569200000000001261e-01
879        8.569400000000000350e-01
565        8.571000000000000840e-01
47         8.573200000000000820e-01
671        8.573999999999999400e-01
1544       8.574200000000000710e-01
1036       8.576599999999999779e-01
1325       8.576800000000001090e-01
613        8.577599999999999669e-01
541        8.578000000000001180e-01
1163       8.581400000000000139e-01
1342       8.581400000000000139e-01
1185       8.583000000000000629e-01
1253       8.584800000000000209e-01
278        8.587200000000000388e-01
1243       8.588400000000000478e-01
1246       8.589200000000001278e-01
291        8.589600000000000568e-01
464        8.589999999999999858e-01
1138       8.589999999999999858e-01
935        8.591600000000000348e-01
1279       8.594400000000000928e-01
1233       8.596200000000000507e-01
1139       8.602600000000000247e-01
1294       8.602600000000000247e-01
1027       8.605600000000001026e-01
1153       8.606000000000000316e-01
1221       8.606399999999999606e-01
1259       8.607799999999999896e-01
1231       8.614600000000000035e-01
1025       8.616800000000001125e-01
346        8.617200000000000415e-01
436        8.617599999999999705e-01
218        8.618200000000000305e-01
1327       8.630400000000000293e-01
1179       8.631800000000000583e-01
1271       8.632799999999999363e-01
1239       8.633000000000000673e-01
857        8.633399999999999963e-01
1311       8.635399999999999743e-01
714        8.637000000000000233e-01
345        8.637400000000000633e-01
606        8.637799999999999923e-01
336        8.638200000000000323e-01
923        8.638200000000000323e-01
1242       8.638799999999999812e-01
718        8.640800000000000702e-01
1154       8.642600000000000282e-01
1015       8.643999999999999462e-01
1195       8.643999999999999462e-01
1202       8.644400000000000972e-01
175        8.647400000000000642e-01
1357       8.647599999999999731e-01
1586       8.648000000000001242e-01
1496       8.648200000000000331e-01
1194       8.648600000000000732e-01
1261       8.648799999999999821e-01
1029       8.649600000000000621e-01
1301       8.650200000000000111e-01
1346       8.650400000000000311e-01
16         8.650600000000000511e-01
1530       8.651200000000000001e-01
1136       8.651600000000000401e-01
1151       8.652600000000000291e-01
1289       8.652799999999999381e-01
947        8.653200000000000891e-01
1297       8.653200000000000891e-01
184        8.655399999999999761e-01
1209       8.656800000000001161e-01
1174       8.657000000000000250e-01
95         8.658000000000001251e-01
488        8.659999999999999920e-01
529        8.660600000000000520e-01
747        8.660600000000000520e-01
115        8.661000000000000920e-01
550        8.661200000000000010e-01
773        8.661800000000000610e-01
1247       8.661800000000000610e-01
1137       8.662000000000000810e-01
1570       8.663399999999999990e-01
996        8.664200000000000790e-01
1417       8.665800000000000169e-01
459        8.666000000000000369e-01
1258       8.666000000000000369e-01
1302       8.666200000000000570e-01
1229       8.666800000000001170e-01
369        8.668000000000001259e-01
1349       8.671599999999999309e-01
256        8.672000000000000819e-01
83         8.674800000000000288e-01
1034       8.678600000000000758e-01
1162       8.680400000000000338e-01
1459       8.680400000000000338e-01
1298       8.681000000000000938e-01
1262       8.681200000000000028e-01
644        8.681400000000000228e-01
967        8.681599999999999318e-01
171        8.682199999999999918e-01
262        8.684200000000000808e-01
341        8.684200000000000808e-01
1337       8.684600000000000097e-01
1079       8.685000000000000497e-01
1226       8.685600000000001097e-01
696        8.685800000000000187e-01
183        8.687000000000000277e-01
1263       8.687599999999999767e-01
165        8.687799999999999967e-01
315        8.688799999999999857e-01
1359       8.688799999999999857e-01
1181       8.689000000000000057e-01
684        8.689400000000000457e-01
1431       8.689600000000000657e-01
993        8.691599999999999326e-01
1138       8.692000000000000837e-01
768        8.692400000000000126e-01
437        8.692799999999999416e-01
1225       8.693000000000000727e-01
1492       8.693400000000000016e-01
1324       8.693999999999999506e-01
1259       8.694600000000000106e-01
1329       8.694800000000000306e-01
1193       8.696000000000000396e-01
913        8.696200000000000596e-01
1278       8.697200000000000486e-01
487        8.697599999999999776e-01
1251       8.698000000000001286e-01
1304       8.698000000000001286e-01
1146       8.698200000000000376e-01
317        8.698400000000000576e-01
119        8.698799999999999866e-01
1198       8.699400000000000466e-01
1142       8.699999999999999956e-01
1272       8.699999999999999956e-01
1176       8.700400000000000356e-01
1243       8.700800000000000756e-01
1235       8.701200000000000045e-01
1135       8.701400000000000245e-01
1245       8.701599999999999335e-01
779        8.702000000000000846e-01
1157       8.703600000000000225e-01
1191       8.707799999999999985e-01
1328       8.715199999999999614e-01
532        8.716800000000001214e-01
1532       8.719600000000000684e-01
740        8.721800000000000663e-01
31         8.722000000000000863e-01
1282       8.722400000000000153e-01
1491       8.722400000000000153e-01
523        8.722799999999999443e-01
764        8.724400000000001043e-01
1427       8.724400000000001043e-01
504        8.725199999999999623e-01
535        8.725600000000001133e-01
813        8.725600000000001133e-01
1189       8.725800000000000223e-01
160        8.726399999999999713e-01
920        8.726599999999999913e-01
1336       8.727800000000000002e-01
875        8.728200000000000403e-01
1312       8.729000000000000092e-01
1227       8.731599999999999362e-01
1203       8.731800000000000672e-01
763        8.732600000000000362e-01
296        8.733200000000000962e-01
1133       8.734400000000001052e-01
1129       8.735600000000001142e-01
1351       8.735800000000000232e-01
1196       8.736000000000000432e-01
1494       8.736000000000000432e-01
1316       8.737400000000000722e-01
1161       8.738000000000001322e-01
52         8.739000000000000101e-01
1285       8.742199999999999971e-01
514        8.742600000000000371e-01
1136       8.744200000000000861e-01
1228       8.744400000000001061e-01
864        8.745199999999999640e-01
118        8.745600000000001151e-01
1147       8.746000000000000441e-01
966        8.746200000000000641e-01
1067       8.748000000000001330e-01
1294       8.749200000000001420e-01
1286       8.749600000000000710e-01
34         8.751200000000000090e-01
1056       8.752199999999999980e-01
1190       8.753600000000000270e-01
729        8.753999999999999559e-01
1187       8.754200000000000870e-01
1049       8.756399999999999739e-01
1160       8.756599999999999939e-01
6          8.757200000000000539e-01
827        8.757200000000000539e-01
1145       8.757800000000000029e-01
1317       8.758600000000000829e-01
997        8.758799999999999919e-01
757        8.759000000000000119e-01
383        8.759400000000000519e-01
775        8.759600000000000719e-01
1113       8.759800000000000919e-01
935        8.761800000000000699e-01
1205       8.762799999999999478e-01
1320       8.763400000000000079e-01
1344       8.763400000000000079e-01
1166       8.763600000000000279e-01
166        8.765000000000000568e-01
770        8.766599999999999948e-01
1354       8.768000000000001348e-01
1213       8.769400000000000528e-01
703        8.770800000000000818e-01
599        8.771800000000000708e-01
1179       8.774800000000000377e-01
506        8.777000000000000357e-01
414        8.777400000000000757e-01
1206       8.778400000000000647e-01
1281       8.779799999999999827e-01
1447       8.780800000000000827e-01
642        8.781800000000000717e-01
1142       8.782600000000000406e-01
1283       8.785399999999999876e-01
1330       8.786399999999999766e-01
1322       8.786800000000001276e-01
995        8.787599999999999856e-01
676        8.788000000000001366e-01
1088       8.788200000000000456e-01
1212       8.792799999999999505e-01
1347       8.793400000000000105e-01
1126       8.793999999999999595e-01
1303       8.794800000000000395e-01
325        8.795399999999999885e-01
600        8.795800000000000285e-01
1305       8.797200000000000575e-01
1140       8.798000000000001375e-01
548        8.798200000000000465e-01
521        8.799200000000001465e-01
1004       8.799400000000000555e-01
516        8.800000000000000044e-01
67         8.800800000000000844e-01
131        8.801599999999999424e-01
648        8.801599999999999424e-01
1313       8.805000000000000604e-01
1410       8.805199999999999694e-01
1550       8.806399999999999784e-01
78         8.807000000000000384e-01
201        8.807800000000000074e-01
577        8.810600000000000653e-01
1173       8.810999999999999943e-01
1144       8.812600000000000433e-01
1192       8.814200000000000923e-01
1230       8.821599999999999442e-01
247        8.824200000000000932e-01
231        8.824600000000000222e-01
1335       8.825199999999999712e-01
1308       8.826399999999999801e-01
1234       8.829000000000000181e-01
1468       8.829200000000000381e-01
1184       8.829799999999999871e-01
57         8.830600000000000671e-01
612        8.830800000000000871e-01
1188       8.830999999999999961e-01
1250       8.832000000000000961e-01
1244       8.832200000000000051e-01
478        8.833200000000001051e-01
1337       8.834800000000000431e-01
1170       8.835600000000001231e-01
346        8.838200000000000500e-01
528        8.839200000000000390e-01
812        8.839200000000000390e-01
215        8.840600000000000680e-01
1269       8.840800000000000880e-01
1174       8.841400000000000370e-01
1222       8.841599999999999460e-01
1390       8.841800000000000770e-01
195        8.850600000000000689e-01
562        8.851400000000000379e-01
1012       8.852600000000000469e-01
84         8.853000000000000869e-01
559        8.855199999999999738e-01
936        8.855199999999999738e-01
1143       8.856600000000000028e-01
700        8.857800000000000118e-01
1515       8.860000000000000098e-01
310        8.862799999999999567e-01
512        8.862799999999999567e-01
1243       8.862799999999999567e-01
408        8.863200000000001078e-01
1218       8.863800000000000567e-01
61         8.866399999999999837e-01
826        8.869000000000000217e-01
1135       8.869600000000000817e-01
870        8.870200000000000307e-01
836        8.870999999999999996e-01
152        8.871400000000000396e-01
1293       8.871800000000000797e-01
551        8.875000000000000666e-01
1585       8.879400000000000626e-01
1341       8.880800000000000916e-01
1121       8.882400000000000295e-01
285        8.883800000000000585e-01
1290       8.885800000000000365e-01
818        8.889400000000000635e-01
1147       8.890000000000000124e-01
313        8.892400000000000304e-01
674        8.893000000000000904e-01
425        8.894600000000000284e-01
1137       8.905000000000000693e-01
1148       8.906399999999999872e-01
95         8.906600000000000072e-01
1200       8.908000000000000362e-01
259        8.909200000000000452e-01
1245       8.915399999999999991e-01
115        8.915800000000000392e-01
1299       8.919200000000000461e-01
1349       8.927800000000000180e-01
1126       8.928800000000000070e-01
292        8.931599999999999540e-01
1188       8.932000000000001050e-01
1348       8.932799999999999629e-01
419        8.933400000000000230e-01
986        8.933400000000000230e-01
795        8.936399999999999899e-01
146        8.937599999999999989e-01
1381       8.938000000000000389e-01
1489       8.938400000000000789e-01
1282       8.939799999999999969e-01
1239       8.940399999999999459e-01
1176       8.941000000000000059e-01
1136       8.943600000000000438e-01
1321       8.943600000000000438e-01
1231       8.943800000000000638e-01
1453       8.943999999999999728e-01
845        8.945600000000001328e-01
8          8.948200000000000598e-01
1060       8.950000000000000178e-01
1340       8.950000000000000178e-01
1405       8.952000000000001068e-01
1250       8.954800000000000537e-01
213        8.957000000000000517e-01
1402       8.960399999999999476e-01
1001       8.962200000000000166e-01
1343       8.963800000000000656e-01
1283       8.965400000000000036e-01
1280       8.966000000000000636e-01
1197       8.966600000000000126e-01
246        8.967000000000000526e-01
1204       8.967000000000000526e-01
1237       8.968200000000000616e-01
1315       8.968800000000000106e-01
760        8.969000000000000306e-01
179        8.975400000000000045e-01
1599       8.975400000000000045e-01
56         8.975600000000000245e-01
349        8.977600000000000025e-01
1322       8.979200000000000514e-01
985        8.980800000000001004e-01
1533       8.981200000000000294e-01
1389       8.984800000000000564e-01
1333       8.984999999999999654e-01
76         8.985600000000000254e-01
936        8.986399999999999944e-01
976        8.987000000000000544e-01
1342       8.988200000000000633e-01
1306       8.992799999999999683e-01
1295       8.993000000000000993e-01
1463       8.993000000000000993e-01
391        8.993999999999999773e-01
27         8.999200000000000532e-01
495        8.999200000000000532e-01
1334       8.999200000000000532e-01
1117       8.999400000000000732e-01
1228       9.001599999999999602e-01
1347       9.002400000000000402e-01
736        9.003000000000001002e-01
1257       9.004999999999999671e-01
1224       9.007200000000000761e-01
783        9.007600000000000051e-01
1246       9.007800000000000251e-01
1040       9.008400000000000851e-01
1208       9.009600000000000941e-01
1332       9.011400000000000521e-01
1357       9.011400000000000521e-01
457        9.014800000000000590e-01
825        9.014999999999999680e-01
672        9.016199999999999770e-01
1327       9.017000000000000570e-01
296        9.018400000000000860e-01
1310       9.018400000000000860e-01
1307       9.018400000000000860e-01
1150       9.018599999999999950e-01
1184       9.020000000000000240e-01
1141       9.020200000000000440e-01
1497       9.020600000000000840e-01
1179       9.020800000000001040e-01
712        9.022400000000000420e-01
1167       9.022400000000000420e-01
548        9.022799999999999709e-01
1244       9.023200000000001220e-01
257        9.024800000000000599e-01
1292       9.025199999999999889e-01
1168       9.025600000000000289e-01
1205       9.025800000000000489e-01
1199       9.026199999999999779e-01
1075       9.027600000000000069e-01
1079       9.029200000000000559e-01
1213       9.030200000000000449e-01
1190       9.030399999999999539e-01
1175       9.030600000000000849e-01
1255       9.031000000000000139e-01
1156       9.031599999999999628e-01
891        9.032200000000000228e-01
1352       9.032400000000000428e-01
1202       9.033999999999999808e-01
1223       9.034400000000000208e-01
413        9.035600000000000298e-01
510        9.036600000000000188e-01
882        9.037000000000000588e-01
1214       9.039200000000000568e-01
1421       9.040200000000000458e-01
348        9.041000000000000147e-01
154        9.041800000000000948e-01
1286       9.045600000000000307e-01
1074       9.045800000000000507e-01
1366       9.046000000000000707e-01
1261       9.046199999999999797e-01
1216       9.046399999999999997e-01
1294       9.047000000000000597e-01
1124       9.047399999999999887e-01
1556       9.049000000000000377e-01
1337       9.049200000000000577e-01
1483       9.049600000000000977e-01
1149       9.050200000000000466e-01
656        9.050800000000001067e-01
429        9.051599999999999646e-01
1282       9.051599999999999646e-01
1335       9.052400000000000446e-01
208        9.053000000000001046e-01
1401       9.053000000000001046e-01
748        9.053799999999999626e-01
1320       9.053799999999999626e-01
1084       9.054200000000001136e-01
1361       9.054600000000000426e-01
1581       9.054600000000000426e-01
1293       9.055600000000000316e-01
93         9.063999999999999835e-01
939        9.064400000000000235e-01
1218       9.064600000000000435e-01
456        9.065199999999999925e-01
850        9.066000000000000725e-01
821        9.068599999999999994e-01
1241       9.069000000000000394e-01
326        9.071000000000000174e-01
1164       9.071200000000000374e-01
1313       9.072599999999999554e-01
992        9.073200000000000154e-01
303        9.073600000000000554e-01
1258       9.073999999999999844e-01
1380       9.073999999999999844e-01
1572       9.074800000000000644e-01
1229       9.075800000000000534e-01
1284       9.076199999999999823e-01
173        9.077800000000000313e-01
578        9.078200000000000713e-01
1259       9.079200000000000603e-01
1324       9.079800000000000093e-01
1345       9.080200000000000493e-01
1287       9.082799999999999763e-01
1434       9.083000000000001073e-01
1144       9.083799999999999653e-01
493        9.084200000000001163e-01
1118       9.084200000000001163e-01
1186       9.085800000000000542e-01
1309       9.086400000000000032e-01
276        9.088400000000000922e-01
254        9.089600000000001012e-01
1227       9.089800000000000102e-01
854        9.091000000000000192e-01
1126       9.091000000000000192e-01
1153       9.091000000000000192e-01
264        9.091599999999999682e-01
943        9.092599999999999572e-01
1303       9.093799999999999661e-01
1095       9.093999999999999861e-01
1159       9.093999999999999861e-01
1500       9.094200000000001172e-01
1121       9.094600000000000461e-01
1318       9.096800000000000441e-01
1174       9.098200000000000731e-01
206        9.098400000000000931e-01
1226       9.098400000000000931e-01
1400       9.099400000000000821e-01
1493       9.099600000000001021e-01
1591       9.099600000000001021e-01
28         9.099800000000000111e-01
1281       9.100200000000000511e-01
1004       9.100399999999999601e-01
1428       9.100600000000000911e-01
15         9.101800000000001001e-01
1096       9.101800000000001001e-01
1535       9.102000000000000091e-01
1201       9.102799999999999780e-01
1404       9.103999999999999870e-01
745        9.104999999999999760e-01
1200       9.106600000000000250e-01
1192       9.106800000000000450e-01
1370       9.106800000000000450e-01
84         9.108200000000000740e-01
1254       9.109200000000000630e-01
1399       9.109600000000001030e-01
1311       9.113200000000000189e-01
1450       9.113999999999999879e-01
1188       9.116000000000000769e-01
247        9.117000000000000659e-01
1138       9.118200000000000749e-01
1250       9.118600000000000039e-01
1276       9.122599999999999598e-01
221        9.122799999999999798e-01
718        9.124999999999999778e-01
23         9.127000000000000668e-01
1308       9.128200000000000758e-01
1314       9.128200000000000758e-01
280        9.129200000000000648e-01
0          9.132400000000000517e-01
198        9.133000000000001117e-01
1378       9.134200000000001207e-01
1355       9.134600000000000497e-01
1081       9.136600000000000277e-01
1185       9.137000000000000677e-01
1146       9.137399999999999967e-01
277        9.138400000000000967e-01
1187       9.138400000000000967e-01
1264       9.140000000000000346e-01
1136       9.140200000000000546e-01
607        9.140600000000000946e-01
749        9.141200000000000436e-01
167        9.142400000000000526e-01
1235       9.142400000000000526e-01
1172       9.145199999999999996e-01
1240       9.145800000000000596e-01
1343       9.145800000000000596e-01
1109       9.147600000000000176e-01
1327       9.148600000000000065e-01
41         9.151200000000000445e-01
1316       9.151599999999999735e-01
1137       9.153600000000000625e-01
1130       9.153600000000000625e-01
1353       9.153799999999999715e-01
1232       9.154800000000000715e-01
1183       9.155200000000000005e-01
1142       9.155600000000000405e-01
1245       9.157000000000000695e-01
1238       9.159000000000000474e-01
340        9.159400000000000874e-01
1123       9.160800000000000054e-01
1203       9.160800000000000054e-01
1178       9.162799999999999834e-01
546        9.163200000000000234e-01
1521       9.164999999999999813e-01
1120       9.166800000000000503e-01
222        9.167000000000000703e-01
1508       9.167200000000000903e-01
1086       9.167399999999999993e-01
1270       9.167600000000000193e-01
1256       9.167600000000000193e-01
847        9.169000000000000483e-01
1234       9.169600000000001083e-01
765        9.170000000000000373e-01
1177       9.170399999999999663e-01
605        9.171800000000001063e-01
205        9.172799999999999843e-01
896        9.175400000000000222e-01
1210       9.176000000000000822e-01
988        9.179000000000000492e-01
1193       9.182200000000000362e-01
606        9.183999999999999941e-01
1122       9.183999999999999941e-01
1296       9.185800000000000631e-01
1328       9.189400000000000901e-01
731        9.191000000000000281e-01
926        9.193000000000001171e-01
1215       9.193400000000000460e-01
1233       9.194600000000000550e-01
1312       9.195200000000000040e-01
1154       9.197000000000000730e-01
1285       9.197000000000000730e-01
1351       9.198400000000001020e-01
1069       9.198800000000000310e-01
80         9.200800000000000090e-01
1119       9.202200000000000379e-01
1195       9.202200000000000379e-01
1324       9.203000000000001180e-01
669        9.203600000000000669e-01
954        9.203799999999999759e-01
1337       9.204600000000000559e-01
519        9.205600000000000449e-01
248        9.207000000000000739e-01
1194       9.207200000000000939e-01
1134       9.208400000000001029e-01
1294       9.208600000000000119e-01
598        9.209200000000000719e-01
1182       9.210800000000000098e-01
601        9.213200000000000278e-01
1459       9.218600000000000128e-01
874        9.218999999999999417e-01
1188       9.218999999999999417e-01
1022       9.220000000000000417e-01
1282       9.223400000000000487e-01
1300       9.225400000000000267e-01
1243       9.225600000000000467e-01
1320       9.228000000000000647e-01
540        9.228800000000000336e-01
1056       9.230199999999999516e-01
338        9.232799999999999896e-01
394        9.235800000000000676e-01
67         9.236199999999999966e-01
230        9.236199999999999966e-01
1222       9.236600000000000366e-01
21         9.236800000000000566e-01
1198       9.236800000000000566e-01
851        9.237200000000000966e-01
1115       9.237200000000000966e-01
1147       9.237800000000000455e-01
1280       9.238200000000000855e-01
1126       9.238400000000001056e-01
197        9.238800000000000345e-01
730        9.239800000000000235e-01
636        9.241399999999999615e-01
1437       9.241599999999999815e-01
373        9.242400000000000615e-01
1529       9.243799999999999795e-01
171        9.243999999999999995e-01
1287       9.244600000000000595e-01
1140       9.245600000000000485e-01
1348       9.246600000000000374e-01
1279       9.247600000000000264e-01
1322       9.248800000000000354e-01
1261       9.250000000000000444e-01
423        9.251399999999999624e-01
235        9.251599999999999824e-01
1155       9.253799999999999804e-01
1252       9.254600000000000604e-01
388        9.255600000000000493e-01
443        9.256000000000000894e-01
1037       9.257800000000000473e-01
1247       9.259400000000000963e-01
975        9.269400000000000972e-01
1343       9.269400000000000972e-01
1303       9.270199999999999552e-01
199        9.271800000000001152e-01
1143       9.274200000000001332e-01
854        9.276200000000000001e-01
1323       9.277400000000000091e-01
614        9.279600000000000071e-01
1275       9.280000000000000471e-01
78         9.285200000000000120e-01
384        9.288800000000000390e-01
8          9.289200000000000790e-01
1225       9.291000000000000369e-01
1092       9.291399999999999659e-01
1201       9.291800000000001170e-01
987        9.294600000000000639e-01
1124       9.294999999999999929e-01
134        9.298200000000000909e-01
756        9.298200000000000909e-01
1123       9.298200000000000909e-01
1346       9.299600000000000088e-01
1310       9.300399999999999778e-01
1235       9.300800000000000178e-01
1219       9.301399999999999668e-01
1299       9.301599999999999868e-01
1567       9.302200000000000468e-01
12         9.303000000000001268e-01
965        9.303799999999999848e-01
617        9.304800000000000848e-01
1237       9.305400000000000338e-01
1167       9.305600000000000538e-01
842        9.307000000000000828e-01
863        9.307199999999999918e-01
1333       9.308000000000000718e-01
161        9.309200000000000808e-01
1359       9.313400000000000567e-01
1226       9.316599999999999326e-01
1186       9.318000000000000727e-01
900        9.319400000000001016e-01
383        9.321200000000000596e-01
390        9.321200000000000596e-01
774        9.321200000000000596e-01
1587       9.321200000000000596e-01
1203       9.321800000000001196e-01
1246       9.322000000000000286e-01
1306       9.322400000000000686e-01
1557       9.323799999999999866e-01
50         9.324200000000001376e-01
816        9.326200000000000045e-01
1238       9.327000000000000846e-01
1285       9.328400000000000025e-01
500        9.329400000000001025e-01
1191       9.331000000000000405e-01
788        9.331200000000000605e-01
287        9.331599999999999895e-01
389        9.331599999999999895e-01
1149       9.332799999999999985e-01
1502       9.334600000000000675e-01
1352       9.335600000000000565e-01
1284       9.336800000000000654e-01
451        9.338999999999999524e-01
989        9.338999999999999524e-01
1276       9.341000000000000414e-01
628        9.341599999999999904e-01
461        9.342599999999999794e-01
1290       9.342599999999999794e-01
1264       9.343000000000001304e-01
1268       9.350000000000000533e-01
1133       9.350600000000001133e-01
157        9.353799999999999892e-01
988        9.355400000000000382e-01
635        9.355600000000000582e-01
737        9.355800000000000782e-01
775        9.358200000000000962e-01
1142       9.360000000000000542e-01
1267       9.360399999999999832e-01
1315       9.363400000000000611e-01
1185       9.364600000000000701e-01
1230       9.370600000000001151e-01
447        9.371599999999999930e-01
1278       9.373400000000000620e-01
1337       9.373600000000000820e-01
36         9.374600000000000710e-01
1175       9.375600000000000600e-01
534        9.376599999999999380e-01
1304       9.377400000000000180e-01
1069       9.378000000000000780e-01
1162       9.378000000000000780e-01
1593       9.378600000000000270e-01
1148       9.379800000000000360e-01
1338       9.380800000000000249e-01
387        9.381599999999999939e-01
1168       9.381800000000001249e-01
250        9.382000000000000339e-01
803        9.382000000000000339e-01
710        9.383200000000000429e-01
985        9.385200000000000209e-01
1317       9.387799999999999478e-01
1383       9.390399999999999858e-01
1563       9.392599999999999838e-01
1596       9.395000000000000018e-01
254        9.395200000000000218e-01
691        9.395200000000000218e-01
480        9.396400000000000308e-01
1434       9.401000000000000467e-01
1179       9.401599999999999957e-01
1240       9.402000000000000357e-01
1269       9.403400000000000647e-01
1281       9.403400000000000647e-01
1329       9.404000000000000137e-01
1308       9.408000000000000806e-01
1224       9.408600000000000296e-01
1243       9.408800000000000496e-01
1343       9.409400000000001096e-01
925        9.411599999999999966e-01
1188       9.412800000000000056e-01
1027       9.413000000000001366e-01
1166       9.413200000000000456e-01
1187       9.413400000000000656e-01
1068       9.415200000000000236e-01
1141       9.416800000000000725e-01
1182       9.418800000000000505e-01
953        9.418999999999999595e-01
563        9.420199999999999685e-01
1198       9.421800000000001285e-01
1080       9.422000000000000375e-01
224        9.424400000000000555e-01
1154       9.424400000000000555e-01
1398       9.424600000000000755e-01
961        9.425800000000000844e-01
899        9.428200000000001024e-01
1252       9.429400000000001114e-01
719        9.430399999999999894e-01
714        9.430800000000000294e-01
1344       9.433000000000001384e-01
244        9.434000000000000163e-01
1289       9.434000000000000163e-01
1378       9.434000000000000163e-01
57         9.434200000000001474e-01
1283       9.434799999999999853e-01
369        9.435000000000000053e-01
1106       9.435000000000000053e-01
1478       9.436400000000000343e-01
1345       9.438400000000000123e-01
1203       9.438600000000000323e-01
31         9.438800000000000523e-01
1294       9.438999999999999613e-01
1232       9.439600000000000213e-01
869        9.439800000000000413e-01
1263       9.445399999999999352e-01
660        9.446599999999999442e-01
301        9.447600000000000442e-01
1145       9.449200000000000932e-01
1321       9.450199999999999712e-01
1517       9.450199999999999712e-01
1158       9.451800000000001312e-01
34         9.452599999999999891e-01
231        9.453400000000000691e-01
1292       9.453599999999999781e-01
1213       9.454200000000000381e-01
1261       9.454200000000000381e-01
1060       9.457600000000000451e-01
1146       9.458200000000001051e-01
44         9.459400000000001141e-01
1171       9.460399999999999920e-01
1233       9.461000000000000520e-01
1001       9.464200000000000390e-01
117        9.464400000000000590e-01
239        9.465200000000000280e-01
518        9.466599999999999460e-01
1287       9.469200000000000950e-01
104        9.469600000000000239e-01
267        9.470800000000000329e-01
726        9.471600000000000019e-01
1184       9.472200000000000619e-01
1215       9.473000000000001419e-01
365        9.473200000000000509e-01
843        9.474000000000000199e-01
857        9.474200000000000399e-01
1415       9.474200000000000399e-01
1451       9.476400000000000379e-01
954        9.480600000000001248e-01
1034       9.484000000000000208e-01
1324       9.484000000000000208e-01
1270       9.484600000000000808e-01
94         9.484799999999999898e-01
1129       9.485200000000000298e-01
173        9.485600000000000698e-01
269        9.486800000000000788e-01
503        9.487200000000000077e-01
1312       9.487400000000000277e-01
1192       9.488600000000000367e-01
520        9.489200000000000967e-01
1339       9.489200000000000967e-01
1207       9.490399999999999947e-01
1365       9.490399999999999947e-01
1194       9.490800000000000347e-01
1305       9.490800000000000347e-01
789        9.492400000000000837e-01
1177       9.492599999999999927e-01
1197       9.493599999999999817e-01
1272       9.494400000000000617e-01
1235       9.495600000000000707e-01
1226       9.495600000000000707e-01
1265       9.495999999999999996e-01
1302       9.496800000000000797e-01
901        9.497000000000000997e-01
1168       9.497000000000000997e-01
956        9.499400000000001176e-01
833        9.500399999999999956e-01
1169       9.501399999999999846e-01
1181       9.501600000000000046e-01
1212       9.502000000000000446e-01
1314       9.502000000000000446e-01
868        9.502399999999999736e-01
976        9.502399999999999736e-01
1137       9.502599999999999936e-01
1249       9.502599999999999936e-01
1341       9.504000000000000226e-01
16         9.504200000000000426e-01
975        9.505000000000000115e-01
633        9.505200000000000315e-01
1240       9.505200000000000315e-01
1165       9.505800000000000916e-01
610        9.507600000000000495e-01
1358       9.510000000000000675e-01
1360       9.510800000000000365e-01
1081       9.511000000000000565e-01
1160       9.511000000000000565e-01
1282       9.516200000000000214e-01
1319       9.518400000000000194e-01
947        9.523800000000000043e-01
1120       9.527799999999999603e-01
1159       9.528000000000000913e-01
1155       9.528000000000000913e-01
1273       9.528600000000000403e-01
1128       9.528800000000000603e-01
1246       9.529200000000001003e-01
458        9.532599999999999962e-01
1320       9.534000000000000252e-01
1183       9.535200000000000342e-01
777        9.535399999999999432e-01
1072       9.535600000000000742e-01
1122       9.536200000000000232e-01
533        9.536599999999999522e-01
812        9.537000000000001032e-01
285        9.537200000000000122e-01
1299       9.538400000000000212e-01
1223       9.539400000000001212e-01
1130       9.540199999999999791e-01
509        9.540399999999999991e-01
1294       9.541600000000000081e-01
1245       9.543599999999999861e-01
1295       9.543599999999999861e-01
64         9.543800000000000061e-01
697        9.544000000000000261e-01
1244       9.544600000000000861e-01
1275       9.544600000000000861e-01
402        9.544799999999999951e-01
362        9.545000000000000151e-01
1276       9.545600000000000751e-01
1131       9.545800000000000951e-01
292        9.546400000000000441e-01
1211       9.546599999999999531e-01
1309       9.547600000000000531e-01
1095       9.548000000000000931e-01
1174       9.548000000000000931e-01
1368       9.549600000000000311e-01
257        9.549800000000000511e-01
688        9.550400000000000000e-01
1251       9.551800000000000290e-01
1162       9.552399999999999780e-01
569        9.552800000000000180e-01
376        9.553599999999999870e-01
1346       9.554600000000000870e-01
816        9.556800000000000850e-01
809        9.559400000000001230e-01
1332       9.559600000000000319e-01
1158       9.559800000000000519e-01
1205       9.560800000000000409e-01
1138       9.561199999999999699e-01
1262       9.561600000000000099e-01
1146       9.562000000000000499e-01
1083       9.562399999999999789e-01
180        9.562599999999999989e-01
1248       9.563800000000000079e-01
1259       9.564000000000000279e-01
1484       9.564799999999999969e-01
1331       9.565200000000000369e-01
1167       9.566599999999999548e-01
1241       9.568600000000000438e-01
1329       9.570199999999999818e-01
1213       9.571399999999999908e-01
616        9.571800000000000308e-01
409        9.573800000000000088e-01
1315       9.574000000000000288e-01
1247       9.574400000000000688e-01
1269       9.574400000000000688e-01
1196       9.574600000000000888e-01
1154       9.575600000000000778e-01
698        9.576000000000000068e-01
1356       9.576599999999999557e-01
1343       9.577400000000000357e-01
1135       9.578200000000001157e-01
1179       9.578200000000001157e-01
1198       9.580400000000000027e-01
1526       9.583200000000000607e-01
1133       9.583800000000000097e-01
1125       9.585000000000000187e-01
1387       9.586800000000000876e-01
462        9.589200000000001056e-01
514        9.589400000000001256e-01
891        9.590600000000000236e-01
452        9.591199999999999726e-01
1255       9.593200000000000616e-01
1161       9.593599999999999905e-01
1139       9.596599999999999575e-01
251        9.597000000000001085e-01
1134       9.599400000000001265e-01
1149       9.599600000000000355e-01
1279       9.599600000000000355e-01
1216       9.599999999999999645e-01
475        9.600400000000000045e-01
1254       9.601399999999999935e-01
1018       9.604800000000000004e-01
1143       9.605399999999999494e-01
1355       9.607400000000000384e-01
1486       9.607400000000000384e-01
1272       9.607600000000000584e-01
1227       9.609200000000001074e-01
1221       9.610400000000000054e-01
855        9.610600000000000254e-01
540        9.611600000000000144e-01
1229       9.612600000000000033e-01
1305       9.612600000000000033e-01
1176       9.613000000000000433e-01
1290       9.614200000000000523e-01
1136       9.615200000000000413e-01
713        9.615800000000001013e-01
1069       9.616599999999999593e-01
1335       9.617000000000001103e-01
72         9.617400000000000393e-01
509        9.617600000000000593e-01
1123       9.617600000000000593e-01
1284       9.618999999999999773e-01
1316       9.618999999999999773e-01
1189       9.619600000000000373e-01
690        9.620400000000000063e-01
1238       9.620600000000000263e-01
1323       9.620800000000000463e-01
470        9.621000000000000663e-01
1153       9.621600000000000152e-01
1168       9.624000000000000332e-01
1321       9.624600000000000932e-01
1218       9.625000000000000222e-01
44         9.626599999999999602e-01
1236       9.627000000000001112e-01
1336       9.627600000000000602e-01
1344       9.628000000000001002e-01
1334       9.628200000000001202e-01
1443       9.629200000000001092e-01
1092       9.629600000000000382e-01
212        9.630400000000000071e-01
336        9.630600000000000271e-01
466        9.630600000000000271e-01
1199       9.630600000000000271e-01
885        9.631399999999999961e-01
1325       9.631399999999999961e-01
1283       9.632200000000000761e-01
1461       9.633800000000000141e-01
1210       9.635800000000001031e-01
1293       9.638999999999999790e-01
1264       9.639200000000001101e-01
66         9.639400000000001301e-01
1281       9.640800000000000480e-01
1151       9.643800000000000150e-01
1219       9.649800000000000599e-01
1064       9.650199999999999889e-01
1207       9.654800000000000049e-01
1179       9.655000000000000249e-01
801        9.656800000000000939e-01
1455       9.657600000000000628e-01
1150       9.659200000000001118e-01
287        9.659600000000000408e-01
1147       9.661399999999999988e-01
1132       9.664800000000000058e-01
834        9.666200000000000347e-01
383        9.668200000000001237e-01
1257       9.668200000000001237e-01
45         9.672399999999999887e-01
653        9.673400000000000887e-01
124        9.677400000000000446e-01
1193       9.677400000000000446e-01
233        9.678799999999999626e-01
1338       9.678999999999999826e-01
1306       9.679600000000000426e-01
1230       9.680600000000000316e-01
1313       9.683200000000000696e-01
1378       9.684000000000000385e-01
1231       9.685600000000000875e-01
814        9.686200000000000365e-01
1353       9.687200000000000255e-01
1451       9.687600000000000655e-01
1237       9.687799999999999745e-01
1152       9.688799999999999635e-01
1190       9.689600000000000435e-01
1347       9.689999999999999725e-01
1326       9.690400000000000125e-01
1162       9.691400000000000015e-01
395        9.693000000000000504e-01
2          9.694400000000000794e-01
1178       9.694600000000000994e-01
961        9.695200000000000484e-01
1011       9.696000000000000174e-01
324        9.696400000000000574e-01
1320       9.698000000000001064e-01
1333       9.698600000000000554e-01
378        9.699999999999999734e-01
1249       9.699999999999999734e-01
1292       9.700800000000000534e-01
646        9.701600000000000223e-01
1217       9.704600000000001003e-01
1222       9.705000000000000293e-01
262        9.706800000000000983e-01
1261       9.706800000000000983e-01
317        9.708000000000001073e-01
1351       9.708400000000000363e-01
949        9.710199999999999942e-01
1130       9.711000000000000743e-01
1245       9.711400000000000032e-01
439        9.712200000000000832e-01
417        9.712399999999999922e-01
820        9.712600000000000122e-01
544        9.713200000000000722e-01
1286       9.713800000000000212e-01
1138       9.715800000000001102e-01
1127       9.716200000000000392e-01
1197       9.716800000000000992e-01
1124       9.717200000000000282e-01
1121       9.718000000000001082e-01
731        9.719600000000000461e-01
1561       9.721199999999999841e-01
876        9.721600000000000241e-01
1337       9.722399999999999931e-01
1136       9.723200000000000731e-01
810        9.724400000000000821e-01
1299       9.724800000000000111e-01
1315       9.726000000000000201e-01
1163       9.726400000000000601e-01
1300       9.728000000000001091e-01
1311       9.728200000000000180e-01
1310       9.728799999999999670e-01
1266       9.729200000000001181e-01
1212       9.730199999999999960e-01
502        9.730600000000000360e-01
616        9.731000000000000760e-01
1329       9.731800000000000450e-01
229        9.732800000000000340e-01
1214       9.733600000000000030e-01
550        9.734000000000000430e-01
243        9.734800000000000120e-01
1100       9.735600000000000920e-01
319        9.736200000000000410e-01
295        9.736400000000000610e-01
1208       9.737599999999999589e-01
904        9.739400000000000279e-01
1354       9.740800000000000569e-01
113        9.741400000000000059e-01
197        9.742600000000000149e-01
1307       9.743000000000000549e-01
1335       9.743200000000000749e-01
1206       9.743800000000000239e-01
1296       9.744200000000000639e-01
1129       9.750800000000000578e-01
228        9.753600000000000048e-01
223        9.756000000000000227e-01
1173       9.756800000000001027e-01
1165       9.756800000000001027e-01
688        9.757799999999999807e-01
1314       9.758200000000000207e-01
1425       9.759200000000001207e-01
707        9.765200000000000546e-01
54         9.765600000000000946e-01
1228       9.765600000000000946e-01
271        9.767000000000000126e-01
615        9.767400000000000526e-01
1342       9.767599999999999616e-01
585        9.768200000000000216e-01
1221       9.776599999999999735e-01
1140       9.777799999999999825e-01
1133       9.779400000000000315e-01
1201       9.779999999999999805e-01
921        9.780600000000000405e-01
136        9.781000000000000805e-01
1207       9.781199999999999894e-01
998        9.782800000000000384e-01
297        9.784200000000000674e-01
684        9.785399999999999654e-01
1295       9.787200000000000344e-01
1203       9.788000000000001144e-01
1275       9.789999999999999813e-01
1154       9.790800000000000614e-01
1334       9.793000000000000593e-01
1316       9.793400000000000993e-01
1238       9.794000000000000483e-01
393        9.796399999999999553e-01
156        9.798600000000000643e-01
1250       9.798999999999999932e-01
328        9.799800000000000733e-01
1359       9.800200000000000022e-01
1358       9.800200000000000022e-01
1148       9.800400000000000222e-01
72         9.801199999999999912e-01
330        9.803800000000000292e-01
972        9.804000000000000492e-01
697        9.804600000000001092e-01
1183       9.804800000000000182e-01
1125       9.807000000000000162e-01
491        9.807400000000000562e-01
1102       9.807400000000000562e-01
1291       9.807599999999999651e-01
624        9.808200000000000252e-01
1303       9.809400000000000341e-01
1192       9.811199999999999921e-01
390        9.811600000000000321e-01
1352       9.812000000000000721e-01
1          9.812200000000000921e-01
1215       9.813800000000000301e-01
821        9.814000000000000501e-01
78         9.814600000000001101e-01
1224       9.814600000000001101e-01
205        9.815399999999999681e-01
1186       9.816399999999999570e-01
1242       9.817000000000000171e-01
1220       9.819200000000001261e-01
1287       9.819200000000001261e-01
1196       9.819999999999999840e-01
1324       9.821800000000000530e-01
1194       9.822200000000000930e-01
1283       9.825399999999999689e-01
1445       9.826200000000000490e-01
396        9.826399999999999579e-01
1156       9.827000000000000179e-01
1272       9.828600000000000669e-01
1193       9.828999999999999959e-01
1153       9.830600000000000449e-01
1126       9.832200000000000939e-01
1320       9.832400000000000029e-01
487        9.837200000000000388e-01
391        9.838600000000000678e-01
1243       9.838600000000000678e-01
227        9.838999999999999968e-01
1210       9.842200000000000948e-01
1216       9.843800000000000328e-01
612        9.844600000000000017e-01
1347       9.845600000000001017e-01
1244       9.846000000000000307e-01
660        9.846200000000000507e-01
409        9.846800000000001107e-01
239        9.847400000000000597e-01
1241       9.847400000000000597e-01
1260       9.851600000000000357e-01
1343       9.853600000000000136e-01
1351       9.853600000000000136e-01
1030       9.857000000000000206e-01
1309       9.857200000000000406e-01
1121       9.859999999999999876e-01
423        9.862200000000000966e-01
1245       9.862600000000000255e-01
1258       9.868000000000001215e-01
1144       9.868799999999999795e-01
1259       9.868799999999999795e-01
1135       9.868999999999999995e-01
1276       9.869400000000000395e-01
761        9.871199999999999974e-01
516        9.871600000000000374e-01
773        9.872400000000000064e-01
1355       9.872600000000000264e-01
1318       9.872800000000000464e-01
1251       9.873200000000000864e-01
1336       9.873200000000000864e-01
1213       9.873800000000000354e-01
881        9.874600000000000044e-01
1157       9.875400000000000844e-01
1284       9.876599999999999824e-01
478        9.877000000000000224e-01
1353       9.877200000000000424e-01
313        9.879400000000000404e-01
1305       9.879800000000000804e-01
1326       9.880400000000001404e-01
250        9.880600000000000493e-01
1035       9.880600000000000493e-01
1273       9.880800000000000693e-01
1314       9.880800000000000693e-01
1452       9.881000000000000894e-01
386        9.884600000000000053e-01
1174       9.884800000000000253e-01
1145       9.885600000000001053e-01
1261       9.885800000000000143e-01
1544       9.886200000000000543e-01
356        9.887200000000000433e-01
1492       9.887400000000000633e-01
1151       9.888000000000001233e-01
1137       9.888200000000000323e-01
1279       9.888799999999999812e-01
1168       9.889000000000000012e-01
1223       9.890600000000000502e-01
1169       9.891199999999999992e-01
1142       9.892600000000000282e-01
107        9.893600000000000172e-01
1518       9.893600000000000172e-01
1202       9.893999999999999462e-01
1119       9.896399999999999642e-01
1098       9.897799999999999931e-01
1332       9.898000000000001242e-01
109        9.898799999999999821e-01
1222       9.899800000000000821e-01
709        9.900200000000000111e-01
1282       9.900800000000000711e-01
335        9.901200000000000001e-01
1056       9.901200000000000001e-01
1040       9.901800000000000601e-01
1230       9.901800000000000601e-01
1214       9.903000000000000691e-01
1306       9.903800000000000381e-01
836        9.903999999999999471e-01
428        9.904800000000000271e-01
613        9.906200000000000561e-01
493        9.906599999999999850e-01
340        9.906800000000001161e-01
264        9.907000000000000250e-01
601        9.907000000000000250e-01
242        9.907200000000000450e-01
890        9.907200000000000450e-01
727        9.907599999999999740e-01
1594       9.908000000000001251e-01
1299       9.909400000000000430e-01
1271       9.909600000000000630e-01
1200       9.909800000000000830e-01
1059       9.910400000000001430e-01
465        9.911400000000000210e-01
638        9.911600000000000410e-01
1338       9.911800000000000610e-01
1110       9.912600000000000300e-01
1278       9.913999999999999480e-01
1348       9.915199999999999569e-01
1298       9.918600000000000749e-01
1325       9.921600000000000419e-01
1346       9.921600000000000419e-01
1229       9.922400000000000109e-01
1204       9.922600000000000309e-01
1185       9.923000000000000709e-01
1241       9.923399999999999999e-01
1197       9.926000000000000378e-01
1357       9.927000000000000268e-01
1311       9.927599999999999758e-01
1192       9.928000000000001268e-01
1308       9.928799999999999848e-01
1330       9.929200000000001358e-01
1122       9.929600000000000648e-01
1375       9.931000000000000938e-01
1248       9.931400000000000228e-01
1345       9.932400000000000118e-01
286        9.933000000000000718e-01
1281       9.935400000000000897e-01
1277       9.936000000000000387e-01
1380       9.936000000000000387e-01
1139       9.936200000000000587e-01
1538       9.937599999999999767e-01
1166       9.938799999999999857e-01
1164       9.941200000000000037e-01
1161       9.941800000000000637e-01
1182       9.944200000000000816e-01
1408       9.944400000000001016e-01
1167       9.945800000000000196e-01
1256       9.945800000000000196e-01
1105       9.948000000000001286e-01
1165       9.948600000000000776e-01
483        9.949400000000000466e-01
503        9.951000000000000956e-01
314        9.951200000000000045e-01
787        9.953200000000000935e-01
1149       9.955400000000000915e-01
1294       9.956800000000001205e-01
530        9.957200000000000495e-01
64         9.957400000000000695e-01
1531       9.957799999999999985e-01
137        9.958000000000001295e-01
1146       9.959200000000001385e-01
1358       9.959600000000000675e-01
705        9.962199999999999944e-01
1290       9.962199999999999944e-01
1288       9.962400000000000144e-01
1257       9.962799999999999434e-01
1221       9.963200000000000944e-01
1275       9.963800000000000434e-01
1224       9.967799999999999994e-01
1126       9.968200000000000394e-01
1351       9.969600000000000684e-01
65         9.971800000000000663e-01
151        9.972199999999999953e-01
1335       9.972799999999999443e-01
1140       9.975000000000000533e-01
691        9.975400000000000933e-01
61         9.975600000000001133e-01
1236       9.977599999999999802e-01
1205       9.978200000000000403e-01
1493       9.978799999999999892e-01
1539       9.979800000000000892e-01
963        9.982799999999999452e-01
395        9.984200000000000852e-01
1206       9.984600000000000142e-01
394        9.984800000000000342e-01
1254       9.987000000000000322e-01
792        9.987400000000000722e-01
276        9.988200000000000411e-01
1187       9.989200000000001411e-01
1160       9.989400000000000501e-01
1315       9.990600000000000591e-01
1          9.992199999999999971e-01
237        9.992600000000000371e-01
1178       9.993200000000000971e-01
1053       9.993999999999999551e-01
571        9.994200000000000861e-01
1133       9.995000000000000551e-01
1344       9.995400000000000951e-01
1147       9.995600000000001151e-01
1341       9.996399999999999730e-01
1134       9.996800000000001241e-01
1124       9.997000000000000330e-01
1129       9.997200000000000530e-01
1280       9.997400000000000730e-01
894        9.998000000000001330e-01
1162       9.998200000000000420e-01
1001       9.998400000000000620e-01
1312       9.999200000000001420e-01
1336       1.000019999999999909e+00
1169       1.000140000000000029e+00
1354       1.000259999999999927e+00
1148       1.000300000000000189e+00
40         1.000340000000000007e+00
1327       1.000399999999999956e+00
794        1.000420000000000087e+00
1158       1.000420000000000087e+00
461        1.000439999999999996e+00
1305       1.000460000000000127e+00
140        1.000480000000000036e+00
1198       1.000520000000000076e+00
1333       1.000560000000000116e+00
1180       1.000580000000000025e+00
438        1.000639999999999974e+00
584        1.000659999999999883e+00
1227       1.000659999999999883e+00
1210       1.000700000000000145e+00
1339       1.000700000000000145e+00
1125       1.000720000000000054e+00
1246       1.000800000000000134e+00
1255       1.000960000000000072e+00
949        1.001000000000000112e+00
626        1.001079999999999970e+00
1317       1.001100000000000101e+00
1247       1.001160000000000050e+00
830        1.001400000000000068e+00
758        1.001420000000000199e+00
296        1.001619999999999955e+00
1270       1.001640000000000086e+00
858        1.001840000000000064e+00
1271       1.001900000000000013e+00
1299       1.002080000000000082e+00
1262       1.002300000000000191e+00
1297       1.002620000000000067e+00
872        1.003000000000000114e+00
497        1.003020000000000023e+00
1008       1.003040000000000154e+00
1350       1.003040000000000154e+00
1222       1.003120000000000012e+00
600        1.003139999999999921e+00
956        1.003180000000000183e+00
1422       1.003220000000000001e+00
165        1.003240000000000132e+00
1512       1.003300000000000081e+00
1267       1.003379999999999939e+00
1194       1.003460000000000019e+00
1223       1.003519999999999968e+00
515        1.003779999999999895e+00
1193       1.003820000000000157e+00
1073       1.003940000000000055e+00
1200       1.003980000000000095e+00
29         1.004060000000000175e+00
1228       1.004140000000000033e+00
1122       1.004220000000000113e+00
1209       1.004300000000000193e+00
1213       1.004380000000000051e+00
1195       1.004399999999999959e+00
1289       1.004839999999999955e+00
680        1.005020000000000024e+00
1332       1.005060000000000064e+00
1112       1.005079999999999973e+00
614        1.005120000000000013e+00
1594       1.005279999999999951e+00
695        1.005300000000000082e+00
1304       1.005500000000000060e+00
1251       1.005659999999999998e+00
1132       1.005900000000000016e+00
1183       1.005920000000000147e+00
834        1.006060000000000176e+00
1197       1.006080000000000085e+00
1349       1.006199999999999983e+00
1423       1.006220000000000114e+00
336        1.006360000000000143e+00
1286       1.006399999999999961e+00
1192       1.006780000000000008e+00
1167       1.006800000000000139e+00
1306       1.007020000000000026e+00
352        1.007100000000000106e+00
1599       1.007100000000000106e+00
118        1.007260000000000044e+00
95         1.007420000000000204e+00
1156       1.007420000000000204e+00
1302       1.007580000000000142e+00
441        1.007740000000000080e+00
1182       1.007740000000000080e+00
1347       1.007920000000000149e+00
1265       1.007959999999999967e+00
1128       1.008320000000000105e+00
1323       1.008320000000000105e+00
1314       1.008360000000000145e+00
1162       1.008420000000000094e+00
1359       1.008440000000000003e+00
685        1.008499999999999952e+00
1249       1.008560000000000123e+00
1127       1.008839999999999959e+00
1263       1.009220000000000006e+00
1310       1.009400000000000075e+00
387        1.009560000000000013e+00
813        1.009800000000000031e+00
317        1.009859999999999980e+00
194        1.009980000000000100e+00
1243       1.010040000000000049e+00
1238       1.010040000000000049e+00
1043       1.010080000000000089e+00
300        1.010159999999999947e+00
566        1.010259999999999936e+00
538        1.010340000000000016e+00
878        1.010780000000000012e+00
1171       1.010880000000000001e+00
1336       1.010920000000000041e+00
1312       1.010940000000000172e+00
835        1.010979999999999990e+00
918        1.011120000000000019e+00
1149       1.011279999999999957e+00
1216       1.011419999999999986e+00
1330       1.011460000000000026e+00
385        1.011519999999999975e+00
274        1.011700000000000044e+00
1142       1.011840000000000073e+00
1266       1.011959999999999971e+00
940        1.012000000000000011e+00
1346       1.012080000000000091e+00
1173       1.012120000000000131e+00
1356       1.012120000000000131e+00
1003       1.012140000000000040e+00
1293       1.012180000000000080e+00
1159       1.012280000000000069e+00
1354       1.012380000000000058e+00
1134       1.012420000000000098e+00
1260       1.012580000000000036e+00
1301       1.012620000000000076e+00
903        1.012659999999999894e+00
1280       1.012680000000000025e+00
1224       1.012739999999999974e+00
731        1.012800000000000145e+00
1121       1.012800000000000145e+00
1180       1.012860000000000094e+00
299        1.012899999999999912e+00
100        1.012940000000000174e+00
1239       1.012940000000000174e+00
1207       1.012960000000000083e+00
1244       1.013020000000000032e+00
137        1.013060000000000072e+00
1071       1.013060000000000072e+00
470        1.013100000000000112e+00
919        1.013120000000000021e+00
1311       1.013139999999999930e+00
1122       1.013160000000000061e+00
415        1.013260000000000050e+00
1318       1.013260000000000050e+00
1281       1.013340000000000130e+00
1212       1.013360000000000039e+00
1186       1.013500000000000068e+00
1274       1.013519999999999976e+00
1255       1.013519999999999976e+00
1298       1.013540000000000108e+00
1155       1.013619999999999965e+00
86         1.013640000000000096e+00
1256       1.013800000000000034e+00
576        1.013820000000000165e+00
1288       1.013859999999999983e+00
1160       1.014060000000000183e+00
1194       1.014080000000000092e+00
1163       1.014140000000000041e+00
1233       1.014180000000000081e+00
655        1.014199999999999990e+00
1229       1.014220000000000121e+00
1014       1.014320000000000110e+00
1227       1.014320000000000110e+00
244        1.014399999999999968e+00
1188       1.014480000000000048e+00
995        1.014680000000000026e+00
1138       1.014680000000000026e+00
1329       1.014720000000000066e+00
1242       1.014780000000000015e+00
1153       1.014820000000000055e+00
358        1.015040000000000164e+00
1200       1.015220000000000011e+00
1245       1.015220000000000011e+00
1337       1.015220000000000011e+00
1222       1.015279999999999960e+00
1296       1.015279999999999960e+00
1338       1.015340000000000131e+00
43         1.015479999999999938e+00
586        1.015479999999999938e+00
1158       1.015479999999999938e+00
1289       1.015500000000000069e+00
1339       1.015560000000000018e+00
1214       1.015580000000000149e+00
1152       1.015600000000000058e+00
656        1.015640000000000098e+00
1021       1.015640000000000098e+00
1157       1.015660000000000007e+00
1147       1.015700000000000047e+00
562        1.015740000000000087e+00
1126       1.015759999999999996e+00
1335       1.015779999999999905e+00
881        1.015840000000000076e+00
156        1.015859999999999985e+00
759        1.015859999999999985e+00
804        1.015859999999999985e+00
943        1.015859999999999985e+00
1317       1.015859999999999985e+00
1276       1.015880000000000116e+00
229        1.015900000000000025e+00
1249       1.015940000000000065e+00
363        1.015980000000000105e+00
1132       1.016100000000000003e+00
1000       1.016120000000000134e+00
1320       1.016140000000000043e+00
1131       1.016340000000000021e+00
1183       1.016359999999999930e+00
1130       1.016380000000000061e+00
1167       1.016420000000000101e+00
1272       1.016520000000000090e+00
1074       1.016539999999999999e+00
991        1.016620000000000079e+00
1136       1.016620000000000079e+00
93         1.016639999999999988e+00
873        1.016720000000000068e+00
1195       1.016760000000000108e+00
1052       1.016820000000000057e+00
1211       1.016820000000000057e+00
1148       1.016880000000000006e+00
1331       1.016960000000000086e+00
427        1.017000000000000126e+00
1072       1.017000000000000126e+00
484        1.017040000000000166e+00
708        1.017060000000000075e+00
1116       1.017060000000000075e+00
1309       1.017160000000000064e+00
1327       1.017260000000000053e+00
347        1.017340000000000133e+00
407        1.017360000000000042e+00
276        1.017419999999999991e+00
1053       1.017440000000000122e+00
1259       1.017619999999999969e+00
1541       1.017640000000000100e+00
153        1.017660000000000009e+00
1351       1.017660000000000009e+00
1347       1.017759999999999998e+00
1340       1.017779999999999907e+00
1263       1.017920000000000158e+00
221        1.017959999999999976e+00
1303       1.018399999999999972e+00
1287       1.018399999999999972e+00
709        1.018499999999999961e+00
926        1.018540000000000001e+00
1284       1.018560000000000132e+00
817        1.018580000000000041e+00
1291       1.018860000000000099e+00
1232       1.018880000000000008e+00
1273       1.018899999999999917e+00
33         1.019079999999999986e+00
1175       1.019100000000000117e+00
1285       1.019179999999999975e+00
1354       1.019239999999999924e+00
1143       1.019300000000000095e+00
1418       1.019300000000000095e+00
807        1.019360000000000044e+00
1206       1.019500000000000073e+00
190        1.019560000000000022e+00
1353       1.019779999999999909e+00
1307       1.020159999999999956e+00
350        1.020320000000000116e+00
1345       1.020420000000000105e+00
1174       1.020520000000000094e+00
1181       1.020599999999999952e+00
1162       1.020700000000000163e+00
1199       1.020860000000000101e+00
977        1.020979999999999999e+00
735        1.021060000000000079e+00
1359       1.021279999999999966e+00
1349       1.021360000000000046e+00
1122       1.021640000000000104e+00
55         1.021660000000000013e+00
1246       1.021800000000000042e+00
377        1.022040000000000060e+00
1305       1.022159999999999958e+00
1140       1.022299999999999986e+00
1125       1.022680000000000033e+00
1245       1.022920000000000051e+00
1308       1.023079999999999989e+00
906        1.023239999999999927e+00
1236       1.023300000000000098e+00
1251       1.023379999999999956e+00
368        1.023400000000000087e+00
1248       1.023880000000000123e+00
1330       1.023940000000000072e+00
1177       1.024019999999999930e+00
1189       1.024040000000000061e+00
1294       1.024079999999999879e+00
1176       1.024120000000000141e+00
1160       1.024319999999999897e+00
571        1.024340000000000028e+00
1597       1.024420000000000108e+00
1219       1.024559999999999915e+00
1173       1.024720000000000075e+00
1235       1.024780000000000024e+00
1218       1.024799999999999933e+00
1155       1.024900000000000144e+00
1326       1.024920000000000053e+00
278        1.025059999999999860e+00
1196       1.025079999999999991e+00
1247       1.025140000000000162e+00
1179       1.025160000000000071e+00
1258       1.025299999999999878e+00
1270       1.025339999999999918e+00
1172       1.025680000000000147e+00
1323       1.025719999999999965e+00
1135       1.025819999999999954e+00
1295       1.025880000000000125e+00
1319       1.025880000000000125e+00
438        1.026200000000000001e+00
454        1.026200000000000001e+00
661        1.026280000000000081e+00
1113       1.026280000000000081e+00
1163       1.026280000000000081e+00
625        1.026620000000000088e+00
1351       1.026660000000000128e+00
515        1.026760000000000117e+00
1306       1.026760000000000117e+00
1188       1.026920000000000055e+00
1154       1.027039999999999953e+00
621        1.027079999999999993e+00
1214       1.027220000000000022e+00
1137       1.027320000000000011e+00
748        1.027519999999999989e+00
1240       1.027779999999999916e+00
1254       1.027819999999999956e+00
1138       1.027839999999999865e+00
1277       1.027900000000000036e+00
1207       1.028220000000000134e+00
1222       1.028220000000000134e+00
1334       1.028340000000000032e+00
1269       1.028400000000000203e+00
1317       1.028420000000000112e+00
1253       1.028540000000000010e+00
1259       1.028559999999999919e+00
455        1.028599999999999959e+00
937        1.028700000000000170e+00
1386       1.028739999999999988e+00
1346       1.028760000000000119e+00
1170       1.028839999999999977e+00
1166       1.028860000000000108e+00
166        1.028939999999999966e+00
1139       1.028939999999999966e+00
1293       1.028939999999999966e+00
1152       1.029079999999999995e+00
687        1.029299999999999882e+00
1180       1.029320000000000013e+00
1304       1.029320000000000013e+00
567        1.029360000000000053e+00
1057       1.029360000000000053e+00
1286       1.029539999999999900e+00
499        1.029740000000000100e+00
518        1.029760000000000009e+00
795        1.029819999999999958e+00
1343       1.029819999999999958e+00
1244       1.029839999999999867e+00
1299       1.029880000000000129e+00
1226       1.029940000000000078e+00
1264       1.030000000000000027e+00
1212       1.030019999999999936e+00
851        1.030100000000000016e+00
1233       1.030140000000000056e+00
1197       1.030280000000000085e+00
1263       1.030360000000000165e+00
206        1.030499999999999972e+00
1260       1.030499999999999972e+00
1141       1.030620000000000092e+00
1133       1.030620000000000092e+00
606        1.030660000000000132e+00
738        1.030680000000000041e+00
905        1.030960000000000099e+00
1202       1.030999999999999917e+00
1083       1.031039999999999957e+00
1285       1.031140000000000168e+00
501        1.031320000000000014e+00
1280       1.031519999999999992e+00
1241       1.031660000000000021e+00
1171       1.031760000000000010e+00
1331       1.031880000000000130e+00
1151       1.031920000000000170e+00
1143       1.032000000000000028e+00
1105       1.032019999999999937e+00
1276       1.032079999999999886e+00
1312       1.032120000000000148e+00
1307       1.032200000000000006e+00
1128       1.032760000000000122e+00
1124       1.032780000000000031e+00
257        1.032819999999999849e+00
1121       1.032860000000000111e+00
1129       1.032880000000000020e+00
609        1.032900000000000151e+00
980        1.032900000000000151e+00
1136       1.032920000000000060e+00
1319       1.032920000000000060e+00
1349       1.032939999999999969e+00
490        1.032960000000000100e+00
1315       1.033020000000000049e+00
1266       1.033039999999999958e+00
1131       1.033120000000000038e+00
1161       1.033140000000000169e+00
1311       1.033160000000000078e+00
1301       1.033160000000000078e+00
1353       1.033239999999999936e+00
1126       1.033339999999999925e+00
630        1.033500000000000085e+00
1309       1.033560000000000034e+00
843        1.033719999999999972e+00
1147       1.033839999999999870e+00
1238       1.034120000000000150e+00
144        1.034140000000000059e+00
1351       1.034140000000000059e+00
1282       1.034200000000000008e+00
1359       1.034200000000000008e+00
1198       1.034400000000000208e+00
1024       1.034440000000000026e+00
1075       1.034460000000000157e+00
1252       1.034480000000000066e+00
231        1.034580000000000055e+00
823        1.034620000000000095e+00
1250       1.034620000000000095e+00
1291       1.034700000000000175e+00
1355       1.034759999999999902e+00
1182       1.034939999999999971e+00
1175       1.034939999999999971e+00
1174       1.034939999999999971e+00
234        1.034960000000000102e+00
1316       1.035080000000000000e+00
1336       1.035140000000000171e+00
1228       1.035479999999999956e+00
258        1.035740000000000105e+00
69         1.036360000000000170e+00
1277       1.036380000000000079e+00
1357       1.036499999999999977e+00
1127       1.036599999999999966e+00
1120       1.036599999999999966e+00
743        1.036620000000000097e+00
1339       1.036640000000000228e+00
1251       1.036660000000000137e+00
452        1.036759999999999904e+00
665        1.036900000000000155e+00
1204       1.037039999999999962e+00
1348       1.037080000000000002e+00
1217       1.037099999999999911e+00
293        1.037140000000000173e+00
1179       1.037200000000000122e+00
1324       1.037279999999999980e+00
64         1.037299999999999889e+00
468        1.037339999999999929e+00
1157       1.037380000000000191e+00
1209       1.037380000000000191e+00
1299       1.037460000000000049e+00
109        1.037500000000000089e+00
380        1.037500000000000089e+00
812        1.037500000000000089e+00
555        1.037539999999999907e+00
1323       1.037640000000000118e+00
1302       1.037680000000000158e+00
710        1.037700000000000067e+00
1146       1.037700000000000067e+00
1254       1.037700000000000067e+00
504        1.037760000000000016e+00
1310       1.037760000000000016e+00
205        1.037839999999999874e+00
577        1.037839999999999874e+00
1166       1.037920000000000176e+00
1199       1.037980000000000125e+00
1267       1.038220000000000143e+00
1350       1.038240000000000052e+00
1026       1.038280000000000092e+00
766        1.038319999999999910e+00
1195       1.038319999999999910e+00
1345       1.038340000000000041e+00
253        1.038460000000000161e+00
729        1.038520000000000110e+00
1159       1.038759999999999906e+00
333        1.038839999999999986e+00
1132       1.038939999999999975e+00
1184       1.039120000000000044e+00
1360       1.039120000000000044e+00
154        1.039200000000000124e+00
967        1.039220000000000033e+00
950        1.039400000000000102e+00
1172       1.039460000000000051e+00
1160       1.039539999999999909e+00
1158       1.039560000000000040e+00
1368       1.039560000000000040e+00
1173       1.039620000000000211e+00
121        1.039680000000000160e+00
1338       1.039680000000000160e+00
158        1.039740000000000109e+00
289        1.039740000000000109e+00
1011       1.039800000000000058e+00
1140       1.039819999999999967e+00
1230       1.039819999999999967e+00
476        1.039839999999999876e+00
1202       1.039880000000000138e+00
1009       1.039940000000000087e+00
1015       1.040000000000000036e+00
1035       1.040100000000000025e+00
1227       1.040100000000000025e+00
1296       1.040100000000000025e+00
526        1.040200000000000014e+00
59         1.040220000000000145e+00
1200       1.040259999999999962e+00
1330       1.040259999999999962e+00
807        1.040300000000000002e+00
1171       1.040319999999999911e+00
650        1.040360000000000174e+00
1142       1.040400000000000214e+00
1136       1.040400000000000214e+00
707        1.040460000000000163e+00
1231       1.040480000000000071e+00
1289       1.040480000000000071e+00
1292       1.040540000000000020e+00
1129       1.040579999999999838e+00
1240       1.040579999999999838e+00
961        1.040620000000000100e+00
74         1.040660000000000140e+00
827        1.040660000000000140e+00
1298       1.040819999999999856e+00
1237       1.040999999999999925e+00
931        1.041020000000000056e+00
1118       1.041179999999999994e+00
1207       1.041200000000000125e+00
1358       1.041200000000000125e+00
538        1.041299999999999892e+00
1340       1.041339999999999932e+00
1335       1.041420000000000012e+00
61         1.041460000000000052e+00
1264       1.041479999999999961e+00
1307       1.041500000000000092e+00
1156       1.041700000000000070e+00
851        1.041819999999999968e+00
943        1.041860000000000230e+00
1247       1.041940000000000088e+00
1334       1.041940000000000088e+00
119        1.042000000000000037e+00
1187       1.042000000000000037e+00
1253       1.042000000000000037e+00
1506       1.042100000000000026e+00
1138       1.042280000000000095e+00
1295       1.042340000000000044e+00
1352       1.042360000000000175e+00
371        1.042420000000000124e+00
1154       1.042480000000000073e+00
40         1.042559999999999931e+00
315        1.042640000000000011e+00
1318       1.042680000000000051e+00
1193       1.042999999999999927e+00
1148       1.043080000000000007e+00
1328       1.043120000000000047e+00
514        1.043140000000000178e+00
1214       1.043220000000000036e+00
647        1.043299999999999894e+00
899        1.043400000000000105e+00
1196       1.043620000000000214e+00
147        1.043680000000000163e+00
1167       1.043700000000000072e+00
1143       1.043819999999999970e+00
1124       1.043900000000000050e+00
1245       1.043900000000000050e+00
1192       1.044000000000000039e+00
446        1.044140000000000068e+00
342        1.044259999999999966e+00
1150       1.044400000000000217e+00
384        1.044460000000000166e+00
1212       1.044519999999999893e+00
1018       1.044599999999999973e+00
1197       1.044640000000000013e+00
1308       1.044640000000000013e+00
477        1.044660000000000144e+00
129        1.044740000000000002e+00
648        1.044819999999999860e+00
39         1.045080000000000009e+00
1322       1.045120000000000049e+00
798        1.045140000000000180e+00
913        1.045160000000000089e+00
1321       1.045220000000000038e+00
362        1.045239999999999947e+00
584        1.045260000000000078e+00
1188       1.045260000000000078e+00
1341       1.045260000000000078e+00
916        1.045279999999999987e+00
1239       1.045279999999999987e+00
210        1.045299999999999896e+00
1246       1.045299999999999896e+00
1268       1.045320000000000027e+00
1343       1.045400000000000107e+00
1294       1.045420000000000016e+00
132        1.045440000000000147e+00
1203       1.045440000000000147e+00
1165       1.045479999999999965e+00
1085       1.045560000000000045e+00
1283       1.045560000000000045e+00
1249       1.045719999999999983e+00
1175       1.045800000000000063e+00
7          1.045860000000000234e+00
1315       1.045860000000000234e+00
1277       1.045900000000000052e+00
1198       1.045980000000000132e+00
373        1.046000000000000041e+00
1274       1.046000000000000041e+00
1354       1.046019999999999950e+00
1587       1.046040000000000081e+00
1269       1.046059999999999990e+00
26         1.046079999999999899e+00
1151       1.046100000000000030e+00
1201       1.046120000000000161e+00
96         1.046259999999999968e+00
969        1.046259999999999968e+00
1226       1.046259999999999968e+00
1262       1.046259999999999968e+00
869        1.046280000000000099e+00
1306       1.046400000000000219e+00
1302       1.046420000000000128e+00
1182       1.046460000000000168e+00
1279       1.046499999999999986e+00
1331       1.046519999999999895e+00
1373       1.046579999999999844e+00
1177       1.046740000000000004e+00
1319       1.046799999999999953e+00
1210       1.046880000000000033e+00
1189       1.046960000000000113e+00
1135       1.047039999999999971e+00
1204       1.047039999999999971e+00
1178       1.047099999999999920e+00
1224       1.047160000000000091e+00
1229       1.047320000000000029e+00
313        1.047360000000000069e+00
1235       1.047360000000000069e+00
992        1.047380000000000200e+00
1179       1.047420000000000018e+00
892        1.047440000000000149e+00
177        1.047500000000000098e+00
682        1.047539999999999916e+00
985        1.047640000000000127e+00
475        1.047920000000000185e+00
1286       1.048079999999999901e+00
1282       1.048400000000000221e+00
1208       1.048459999999999948e+00
1338       1.048640000000000017e+00
1327       1.048740000000000006e+00
1242       1.048839999999999995e+00
1194       1.048900000000000166e+00
1252       1.048939999999999984e+00
212        1.048960000000000115e+00
572        1.048960000000000115e+00
806        1.048999999999999932e+00
1344       1.048999999999999932e+00
1164       1.049180000000000001e+00
1186       1.049220000000000041e+00
1170       1.049260000000000081e+00
1191       1.049380000000000202e+00
1128       1.049460000000000059e+00
1107       1.049479999999999968e+00
810        1.049539999999999917e+00
68         1.049560000000000048e+00
547        1.049560000000000048e+00
532        1.049620000000000219e+00
201        1.049640000000000128e+00
1261       1.049640000000000128e+00
336        1.049680000000000168e+00
520        1.050000000000000044e+00
1332       1.050140000000000073e+00
1195       1.050220000000000153e+00
755        1.050259999999999971e+00
1355       1.050280000000000102e+00
462        1.050339999999999829e+00
1153       1.050360000000000182e+00
804        1.050380000000000091e+00
1103       1.050480000000000080e+00
1231       1.050540000000000029e+00
25         1.050720000000000098e+00
1185       1.050720000000000098e+00
1162       1.050740000000000007e+00
1325       1.050799999999999956e+00
1266       1.050920000000000076e+00
326        1.050939999999999985e+00
8          1.050999999999999934e+00
1312       1.051059999999999883e+00
100        1.051120000000000054e+00
1320       1.051160000000000094e+00
12         1.051180000000000003e+00
1006       1.051220000000000043e+00
1357       1.051220000000000043e+00
1351       1.051239999999999952e+00
1278       1.051279999999999992e+00
1221       1.051339999999999941e+00
1152       1.051360000000000072e+00
597        1.051560000000000050e+00
1446       1.051700000000000079e+00
972        1.051860000000000239e+00
93         1.051900000000000057e+00
1159       1.051920000000000188e+00
223        1.052000000000000046e+00
528        1.052180000000000115e+00
1350       1.052400000000000002e+00
633        1.052420000000000133e+00
707        1.052420000000000133e+00
1440       1.052640000000000020e+00
1205       1.052720000000000100e+00
530        1.052759999999999918e+00
1322       1.052799999999999958e+00
942        1.052860000000000129e+00
1144       1.053099999999999925e+00
1298       1.053120000000000056e+00
1471       1.053140000000000187e+00
1296       1.053220000000000045e+00
1309       1.053279999999999994e+00
402        1.053400000000000114e+00
589        1.053479999999999972e+00
667        1.053500000000000103e+00
1333       1.053539999999999921e+00
877        1.053620000000000223e+00
206        1.053719999999999990e+00
443        1.053719999999999990e+00
1137       1.053779999999999939e+00
1214       1.053779999999999939e+00
104        1.053880000000000150e+00
1133       1.053880000000000150e+00
1273       1.053880000000000150e+00
1184       1.053940000000000099e+00
1174       1.053980000000000139e+00
867        1.054059999999999997e+00
1335       1.054120000000000168e+00
510        1.054140000000000077e+00
34         1.054180000000000117e+00
984        1.054200000000000026e+00
486        1.054240000000000066e+00
354        1.054259999999999975e+00
1263       1.054339999999999833e+00
428        1.054360000000000186e+00
1340       1.054380000000000095e+00
405        1.054400000000000004e+00
1270       1.054519999999999902e+00
1187       1.054640000000000022e+00
1210       1.054819999999999869e+00
496        1.054900000000000171e+00
1197       1.054939999999999989e+00
1282       1.054960000000000120e+00
1310       1.054980000000000029e+00
1305       1.055099999999999927e+00
1220       1.055120000000000058e+00
238        1.055140000000000189e+00
80         1.055239999999999956e+00
598        1.055360000000000076e+00
693        1.055380000000000207e+00
1281       1.055400000000000116e+00
1200       1.055479999999999974e+00
1280       1.055479999999999974e+00
1326       1.055479999999999974e+00
1223       1.055500000000000105e+00
459        1.055520000000000014e+00
1155       1.055740000000000123e+00
974        1.055760000000000032e+00
1329       1.055760000000000032e+00
1232       1.055860000000000243e+00
487        1.055880000000000152e+00
1165       1.055880000000000152e+00
360        1.055920000000000192e+00
1334       1.055940000000000101e+00
10         1.056000000000000050e+00
1127       1.056040000000000090e+00
1259       1.056079999999999908e+00
383        1.056120000000000170e+00
1317       1.056120000000000170e+00
345        1.056160000000000210e+00
1134       1.056200000000000028e+00
711        1.056420000000000137e+00
1066       1.056680000000000064e+00
788        1.056740000000000013e+00
1262       1.056840000000000002e+00
1163       1.056860000000000133e+00
1241       1.056980000000000031e+00
1341       1.057039999999999980e+00
609        1.057080000000000020e+00
362        1.057099999999999929e+00
1156       1.057339999999999947e+00
1306       1.057360000000000078e+00
1318       1.057400000000000118e+00
1234       1.057520000000000016e+00
1179       1.057560000000000056e+00
692        1.057640000000000136e+00
239        1.057680000000000176e+00
1122       1.057700000000000085e+00
1258       1.057719999999999994e+00
1264       1.057740000000000125e+00
1063       1.058160000000000212e+00
1147       1.058180000000000121e+00
637        1.058339999999999836e+00
437        1.058400000000000007e+00
1141       1.058459999999999956e+00
1287       1.058599999999999985e+00
107        1.058660000000000156e+00
1208       1.058699999999999974e+00
406        1.058720000000000105e+00
290        1.058740000000000014e+00
1168       1.058799999999999963e+00
310        1.058840000000000003e+00
1145       1.058880000000000043e+00
1192       1.058920000000000083e+00
320        1.059020000000000072e+00
824        1.059039999999999981e+00
1256       1.059059999999999890e+00
1125       1.059099999999999930e+00
1354       1.059099999999999930e+00
512        1.059299999999999908e+00
1247       1.059320000000000039e+00
830        1.059380000000000210e+00
576        1.059400000000000119e+00
1321       1.059640000000000137e+00
1295       1.059760000000000035e+00
902        1.059819999999999984e+00
719        1.059860000000000246e+00
1173       1.059920000000000195e+00
1227       1.059920000000000195e+00
1291       1.060140000000000082e+00
1182       1.060300000000000020e+00
568        1.060480000000000089e+00
1235       1.060480000000000089e+00
1017       1.060519999999999907e+00
785        1.060540000000000038e+00
1245       1.060540000000000038e+00
221        1.060559999999999947e+00
1225       1.060620000000000118e+00
1024       1.060640000000000027e+00
1169       1.060740000000000016e+00
1041       1.060860000000000136e+00
1126       1.060900000000000176e+00
1211       1.060900000000000176e+00
1323       1.061020000000000074e+00
723        1.061160000000000103e+00
1140       1.061180000000000012e+00
1330       1.061180000000000012e+00
545        1.061220000000000052e+00
1149       1.061299999999999910e+00
1344       1.061360000000000081e+00
1137       1.061400000000000121e+00
1205       1.061400000000000121e+00
332        1.061460000000000070e+00
1297       1.061660000000000048e+00
1213       1.061700000000000088e+00
1130       1.061719999999999997e+00
1115       1.061760000000000037e+00
1308       1.061839999999999895e+00
1337       1.061900000000000066e+00
1248       1.062079999999999913e+00
177        1.062140000000000084e+00
304        1.062200000000000033e+00
448        1.062219999999999942e+00
1278       1.062240000000000073e+00
356        1.062339999999999840e+00
1311       1.062380000000000102e+00
1176       1.062660000000000160e+00
1162       1.063299999999999912e+00
429        1.063360000000000083e+00
903        1.063400000000000123e+00
1598       1.063620000000000232e+00
640        1.063640000000000141e+00
1274       1.063700000000000090e+00
1142       1.063719999999999999e+00
1212       1.063719999999999999e+00
1175       1.063760000000000039e+00
196        1.063800000000000079e+00
1184       1.063839999999999897e+00
1216       1.064120000000000177e+00
219        1.064140000000000086e+00
1152       1.064279999999999893e+00
1128       1.064319999999999933e+00
1154       1.064339999999999842e+00
143        1.064459999999999962e+00
1223       1.064519999999999911e+00
60         1.064540000000000042e+00
1292       1.064599999999999991e+00
789        1.064660000000000162e+00
1098       1.064660000000000162e+00
1310       1.064819999999999878e+00
1203       1.065080000000000027e+00
440        1.065099999999999936e+00
685        1.065200000000000147e+00
753        1.065260000000000096e+00
1219       1.065280000000000005e+00
863        1.065320000000000045e+00
1129       1.065479999999999983e+00
231        1.065500000000000114e+00
953        1.065579999999999972e+00
1318       1.065599999999999881e+00
1267       1.065680000000000183e+00
1350       1.065740000000000132e+00
1461       1.066000000000000059e+00
1307       1.066060000000000008e+00
338        1.066140000000000088e+00
1193       1.066140000000000088e+00
1143       1.066159999999999997e+00
1195       1.066279999999999895e+00
1242       1.066339999999999844e+00
820        1.066360000000000197e+00
1236       1.066519999999999913e+00
1233       1.066519999999999913e+00
1037       1.066559999999999953e+00
1141       1.066559999999999953e+00
1301       1.066559999999999953e+00
1131       1.066620000000000124e+00
5          1.066680000000000073e+00
389        1.066680000000000073e+00
1170       1.066840000000000011e+00
1288       1.066900000000000182e+00
1231       1.066980000000000040e+00
1275       1.066980000000000040e+00
1261       1.066999999999999948e+00
394        1.067039999999999988e+00
1229       1.067120000000000068e+00
1228       1.067220000000000057e+00
381        1.067320000000000046e+00
520        1.067360000000000086e+00
1272       1.067380000000000217e+00
1005       1.067620000000000235e+00
1034       1.067660000000000053e+00
521        1.067700000000000093e+00
1276       1.067700000000000093e+00
1249       1.067800000000000082e+00
250        1.067940000000000111e+00
170        1.067960000000000020e+00
759        1.068060000000000009e+00
1150       1.068180000000000129e+00
1324       1.068200000000000038e+00
1161       1.068240000000000078e+00
1298       1.068259999999999987e+00
537        1.068339999999999845e+00
1268       1.068339999999999845e+00
18         1.068380000000000107e+00
535        1.068380000000000107e+00
744        1.068400000000000016e+00
1256       1.068459999999999965e+00
1239       1.068519999999999914e+00
1221       1.068559999999999954e+00
1349       1.068559999999999954e+00
1226       1.068579999999999863e+00
1351       1.068579999999999863e+00
1282       1.068599999999999994e+00
1513       1.068620000000000125e+00
134        1.068660000000000165e+00
461        1.068660000000000165e+00
1314       1.068680000000000074e+00
72         1.068699999999999983e+00
1439       1.068720000000000114e+00
1186       1.068740000000000023e+00
1340       1.068880000000000052e+00
1302       1.068980000000000041e+00
377        1.068999999999999950e+00
115        1.069059999999999899e+00
1183       1.069120000000000070e+00
1270       1.069120000000000070e+00
1262       1.069140000000000201e+00
1328       1.069140000000000201e+00
1432       1.069160000000000110e+00
615        1.069180000000000019e+00
273        1.069320000000000048e+00
1238       1.069400000000000128e+00
329        1.069420000000000037e+00
673        1.069440000000000168e+00
479        1.069460000000000077e+00
248        1.069539999999999935e+00
350        1.069560000000000066e+00
999        1.069819999999999993e+00
1289       1.069960000000000022e+00
1125       1.070099999999999829e+00
1046       1.070459999999999967e+00
1159       1.070480000000000098e+00
1115       1.070860000000000145e+00
1214       1.071099999999999941e+00
1258       1.071160000000000112e+00
1173       1.071220000000000061e+00
1194       1.071220000000000061e+00
850        1.071239999999999970e+00
1218       1.071479999999999988e+00
1311       1.071700000000000097e+00
1148       1.071720000000000006e+00
538        1.071740000000000137e+00
1196       1.071760000000000046e+00
1277       1.071760000000000046e+00
1257       1.071860000000000257e+00
643        1.071960000000000024e+00
1357       1.072300000000000031e+00
634        1.072459999999999969e+00
1168       1.072480000000000100e+00
286        1.072579999999999867e+00
1126       1.072620000000000129e+00
1269       1.072699999999999987e+00
784        1.072759999999999936e+00
1358       1.072759999999999936e+00
967        1.072880000000000056e+00
1147       1.072999999999999954e+00
1137       1.073080000000000034e+00
688        1.073260000000000103e+00
266        1.073360000000000092e+00
1163       1.073360000000000092e+00
1121       1.073380000000000223e+00
1234       1.073620000000000241e+00
1132       1.073640000000000150e+00
682        1.073760000000000048e+00
1293       1.073819999999999997e+00
105        1.073880000000000168e+00
1273       1.073979999999999935e+00
1197       1.074000000000000066e+00
1010       1.074039999999999884e+00
1165       1.074060000000000015e+00
1285       1.074140000000000095e+00
324        1.074180000000000135e+00
1244       1.074219999999999953e+00
1343       1.074259999999999993e+00
1153       1.074279999999999902e+00
433        1.074319999999999942e+00
1217       1.074319999999999942e+00
168        1.074400000000000022e+00
1138       1.074400000000000022e+00
348        1.074440000000000062e+00
1085       1.074480000000000102e+00
508        1.074500000000000011e+00
1192       1.074579999999999869e+00
1255       1.074640000000000040e+00
1123       1.074680000000000080e+00
1180       1.074740000000000029e+00
171        1.074799999999999978e+00
1174       1.074819999999999887e+00
1245       1.074880000000000058e+00
1522       1.074900000000000189e+00
1304       1.074920000000000098e+00
1315       1.074999999999999956e+00
1334       1.075099999999999945e+00
1210       1.075180000000000025e+00
363        1.075220000000000065e+00
699        1.075220000000000065e+00
1191       1.075260000000000105e+00
1117       1.075360000000000094e+00
1178       1.075460000000000083e+00
192        1.075479999999999992e+00
1158       1.075479999999999992e+00
1028       1.075500000000000123e+00
1280       1.075500000000000123e+00
1188       1.075520000000000032e+00
1266       1.075520000000000032e+00
1355       1.075560000000000072e+00
1048       1.075620000000000243e+00
1146       1.075700000000000101e+00
1353       1.075819999999999999e+00
680        1.075860000000000261e+00
1261       1.075900000000000079e+00
1204       1.075960000000000027e+00
1310       1.075979999999999936e+00
1263       1.076039999999999885e+00
963        1.076120000000000188e+00
950        1.076279999999999903e+00
1268       1.076339999999999852e+00
1198       1.076500000000000012e+00
1356       1.076500000000000012e+00
47         1.076720000000000121e+00
709        1.076860000000000150e+00
1346       1.077039999999999997e+00
962        1.077059999999999906e+00
1187       1.077200000000000157e+00
1329       1.077299999999999924e+00
1271       1.077400000000000135e+00
1160       1.077420000000000044e+00
668        1.077479999999999993e+00
1284       1.077979999999999938e+00
1093       1.078060000000000018e+00
1139       1.078140000000000098e+00
761        1.078180000000000138e+00
1301       1.078319999999999945e+00
571        1.078360000000000207e+00
1322       1.078480000000000105e+00
1152       1.078600000000000003e+00
1349       1.078720000000000123e+00
1179       1.078740000000000032e+00
764        1.078819999999999890e+00
1308       1.079039999999999999e+00
470        1.079120000000000079e+00
838        1.079700000000000104e+00
1314       1.080019999999999980e+00
214        1.080200000000000049e+00
1149       1.080279999999999907e+00
589        1.080300000000000038e+00
757        1.080339999999999856e+00
1323       1.080459999999999976e+00
873        1.080680000000000085e+00
1209       1.080740000000000034e+00
1277       1.080799999999999983e+00
1172       1.081059999999999910e+00
1260       1.081080000000000041e+00
1313       1.081080000000000041e+00
1272       1.081099999999999950e+00
1133       1.081180000000000030e+00
210        1.081260000000000110e+00
1250       1.081260000000000110e+00
1216       1.081560000000000077e+00
684        1.081620000000000248e+00
1253       1.081660000000000066e+00
1128       1.081680000000000197e+00
906        1.081700000000000106e+00
1169       1.081720000000000015e+00
1319       1.082180000000000142e+00
1223       1.082200000000000051e+00
461        1.082219999999999960e+00
1248       1.082240000000000091e+00
483        1.082339999999999858e+00
1129       1.082420000000000160e+00
1237       1.082459999999999978e+00
872        1.082500000000000018e+00
1161       1.082500000000000018e+00
1352       1.082600000000000007e+00
1150       1.082699999999999996e+00
1125       1.082720000000000127e+00
1211       1.082740000000000036e+00
1155       1.082759999999999945e+00
1184       1.082819999999999894e+00
1299       1.082819999999999894e+00
1176       1.082880000000000065e+00
1416       1.082920000000000105e+00
1167       1.082940000000000014e+00
294        1.082980000000000054e+00
1199       1.083059999999999912e+00
1309       1.083059999999999912e+00
1330       1.083160000000000123e+00
475        1.083339999999999970e+00
1173       1.083339999999999970e+00
1265       1.083339999999999970e+00
1347       1.083339999999999970e+00
1296       1.083380000000000232e+00
798        1.083400000000000141e+00
1182       1.083420000000000050e+00
1304       1.083440000000000181e+00
345        1.083520000000000039e+00
1292       1.083520000000000039e+00
1321       1.083520000000000039e+00
1090       1.083660000000000068e+00
1316       1.083660000000000068e+00
1337       1.083720000000000017e+00
1318       1.083739999999999926e+00
1350       1.083739999999999926e+00
614        1.083760000000000057e+00
669        1.083779999999999966e+00
751        1.083779999999999966e+00
852        1.083779999999999966e+00
1246       1.083799999999999875e+00
1554       1.083799999999999875e+00
1366       1.083820000000000006e+00
1168       1.083860000000000046e+00
1208       1.083860000000000046e+00
337        1.083919999999999995e+00
666        1.083940000000000126e+00
964        1.083940000000000126e+00
1336       1.083979999999999944e+00
1290       1.084099999999999842e+00
1320       1.084099999999999842e+00
1206       1.084140000000000104e+00
385        1.084260000000000002e+00
1288       1.084339999999999860e+00
1236       1.084440000000000071e+00
827        1.084459999999999980e+00
1225       1.084559999999999969e+00
1134       1.084579999999999878e+00
1110       1.084640000000000049e+00
290        1.084860000000000158e+00
1157       1.084900000000000198e+00
569        1.084920000000000107e+00
1328       1.084940000000000015e+00
913        1.084999999999999964e+00
1178       1.085180000000000033e+00
1294       1.085280000000000022e+00
1227       1.085400000000000142e+00
313        1.085420000000000051e+00
1339       1.085420000000000051e+00
1232       1.085440000000000182e+00
543        1.085500000000000131e+00
1221       1.085500000000000131e+00
1275       1.085559999999999858e+00
1252       1.085599999999999898e+00
1333       1.085620000000000251e+00
1121       1.085739999999999927e+00
1193       1.085779999999999967e+00
1326       1.085779999999999967e+00
1131       1.085860000000000047e+00
1205       1.085900000000000087e+00
1487       1.085900000000000087e+00
1344       1.086000000000000076e+00
810        1.086099999999999843e+00
1270       1.086160000000000014e+00
1283       1.086180000000000145e+00
1185       1.086260000000000003e+00
1222       1.086339999999999861e+00
1284       1.086380000000000123e+00
469        1.086420000000000163e+00
1286       1.086480000000000112e+00
1115       1.086519999999999930e+00
1215       1.086559999999999970e+00
1342       1.086600000000000010e+00
1423       1.086640000000000050e+00
1141       1.086660000000000181e+00
1303       1.086660000000000181e+00
1156       1.086699999999999999e+00
1228       1.086699999999999999e+00
1196       1.086780000000000079e+00
1345       1.086880000000000068e+00
1204       1.086960000000000148e+00
1279       1.086980000000000057e+00
1164       1.087020000000000097e+00
1132       1.087180000000000035e+00
214        1.087239999999999984e+00
1354       1.087320000000000064e+00
1142       1.087420000000000053e+00
387        1.087480000000000002e+00
1358       1.087559999999999860e+00
720        1.087599999999999900e+00
1172       1.087599999999999900e+00
1052       1.087640000000000162e+00
1201       1.087679999999999980e+00
61         1.087700000000000111e+00
1130       1.087739999999999929e+00
1243       1.087739999999999929e+00
1224       1.087739999999999929e+00
908        1.087760000000000060e+00
1285       1.087760000000000060e+00
1247       1.087779999999999969e+00
312        1.087820000000000009e+00
1338       1.087900000000000089e+00
417        1.088060000000000027e+00
1269       1.088099999999999845e+00
1233       1.088160000000000016e+00
1280       1.088160000000000016e+00
1295       1.088260000000000005e+00
1220       1.088480000000000114e+00
1162       1.088579999999999881e+00
1254       1.088640000000000052e+00
1355       1.088680000000000092e+00
813        1.088700000000000001e+00
1312       1.088700000000000001e+00
539        1.088720000000000132e+00
344        1.088759999999999950e+00
15         1.088840000000000030e+00
1202       1.088880000000000070e+00
1148       1.088920000000000110e+00
107        1.088960000000000150e+00
1138       1.088960000000000150e+00
1317       1.089020000000000099e+00
1203       1.089040000000000008e+00
1197       1.089099999999999957e+00
331        1.089120000000000088e+00
1322       1.089140000000000219e+00
384        1.089280000000000026e+00
567        1.089360000000000106e+00
1251       1.089360000000000106e+00
1351       1.089440000000000186e+00
893        1.089499999999999913e+00
765        1.089679999999999982e+00
1258       1.089760000000000062e+00
1165       1.089860000000000051e+00
1307       1.090400000000000036e+00
1255       1.090440000000000076e+00
1262       1.090480000000000116e+00
104        1.090819999999999901e+00
1287       1.090819999999999901e+00
1136       1.090980000000000061e+00
1214       1.091140000000000221e+00
58         1.091260000000000119e+00
574        1.091320000000000068e+00
1241       1.091320000000000068e+00
224        1.091520000000000046e+00
612        1.091559999999999864e+00
1356       1.091660000000000075e+00
1123       1.091700000000000115e+00
896        1.091860000000000053e+00
1291       1.091860000000000053e+00
1327       1.092140000000000111e+00
1353       1.092219999999999969e+00
864        1.092279999999999918e+00
1191       1.092459999999999987e+00
1217       1.092680000000000096e+00
1190       1.092799999999999994e+00
1154       1.092880000000000074e+00
1246       1.092880000000000074e+00
1179       1.092920000000000114e+00
1314       1.092940000000000023e+00
318        1.092999999999999972e+00
19         1.093059999999999921e+00
1335       1.093160000000000132e+00
1346       1.093299999999999939e+00
1200       1.093380000000000241e+00
1580       1.093400000000000150e+00
1175       1.093439999999999968e+00
1181       1.093499999999999917e+00
473        1.093539999999999957e+00
27         1.093620000000000037e+00
1152       1.093700000000000117e+00
634        1.093799999999999883e+00
36         1.093940000000000135e+00
1231       1.093979999999999952e+00
1122       1.094000000000000083e+00
923        1.094219999999999970e+00
795        1.094260000000000010e+00
845        1.094279999999999919e+00
1239       1.094440000000000079e+00
814        1.094459999999999988e+00
1325       1.094500000000000028e+00
1318       1.094540000000000068e+00
1289       1.094660000000000188e+00
1347       1.094759999999999955e+00
550        1.094799999999999995e+00
1250       1.094799999999999995e+00
142        1.094880000000000075e+00
449        1.095160000000000133e+00
1293       1.095180000000000042e+00
95         1.095200000000000173e+00
52         1.095220000000000082e+00
1187       1.095239999999999991e+00
1315       1.095239999999999991e+00
1444       1.095299999999999940e+00
1240       1.095339999999999980e+00
276        1.095360000000000111e+00
506        1.095439999999999969e+00
1554       1.095439999999999969e+00
611        1.095460000000000100e+00
1320       1.095460000000000100e+00
1010       1.095520000000000049e+00
1355       1.095660000000000078e+00
1324       1.095679999999999987e+00
1244       1.095820000000000016e+00
1329       1.095820000000000016e+00
1348       1.095860000000000056e+00
1330       1.096000000000000085e+00
528        1.096140000000000114e+00
1194       1.096240000000000103e+00
1127       1.096260000000000012e+00
1147       1.096339999999999870e+00
1290       1.096360000000000223e+00
1326       1.096420000000000172e+00
1133       1.096519999999999939e+00
1210       1.096620000000000150e+00
1273       1.096620000000000150e+00
1352       1.096620000000000150e+00
1253       1.096720000000000139e+00
1304       1.096880000000000077e+00
220        1.096940000000000026e+00
1359       1.096940000000000026e+00
553        1.097040000000000015e+00
1205       1.097080000000000055e+00
1281       1.097120000000000095e+00
1206       1.097360000000000113e+00
949        1.097460000000000102e+00
1296       1.097559999999999869e+00
1295       1.097679999999999989e+00
1226       1.097779999999999978e+00
1345       1.098240000000000105e+00
1126       1.098300000000000054e+00
1288       1.098360000000000225e+00
1233       1.098400000000000043e+00
724        1.098440000000000083e+00
1149       1.098480000000000123e+00
1272       1.098480000000000123e+00
1043       1.098559999999999981e+00
1180       1.098559999999999981e+00
1130       1.098579999999999890e+00
1249       1.098579999999999890e+00
1145       1.098600000000000243e+00
103        1.098620000000000152e+00
1266       1.098759999999999959e+00
1177       1.098799999999999999e+00
581        1.098840000000000039e+00
1185       1.098840000000000039e+00
1262       1.098880000000000079e+00
1572       1.098900000000000210e+00
1292       1.098940000000000028e+00
1316       1.098940000000000028e+00
253        1.098960000000000159e+00
62         1.098999999999999977e+00
1017       1.099059999999999926e+00
1141       1.099059999999999926e+00
1198       1.099100000000000188e+00
1298       1.099140000000000228e+00
572        1.099200000000000177e+00
1357       1.099259999999999904e+00
865        1.099400000000000155e+00
1309       1.099520000000000053e+00
1284       1.099520000000000053e+00
1098       1.099559999999999871e+00
1120       1.099679999999999991e+00
682        1.099739999999999940e+00
1258       1.099779999999999980e+00
252        1.099880000000000191e+00
407        1.099880000000000191e+00
907        1.099900000000000100e+00
1213       1.099920000000000009e+00
356        1.099940000000000140e+00
1153       1.100180000000000158e+00
1047       1.100240000000000107e+00
1151       1.100240000000000107e+00
513        1.100380000000000136e+00
1132       1.100459999999999994e+00
1199       1.100480000000000125e+00
1195       1.100559999999999983e+00
343        1.100720000000000143e+00
372        1.100860000000000172e+00
821        1.100860000000000172e+00
105        1.100880000000000081e+00
1128       1.100920000000000121e+00
1182       1.100920000000000121e+00
1305       1.101080000000000059e+00
1356       1.101080000000000059e+00
1024       1.101200000000000179e+00
1221       1.101220000000000088e+00
643        1.101239999999999997e+00
1247       1.101280000000000037e+00
552        1.101319999999999855e+00
1278       1.101400000000000157e+00
1259       1.101480000000000015e+00
1431       1.101539999999999964e+00
1297       1.101580000000000004e+00
1261       1.101660000000000084e+00
1313       1.101700000000000124e+00
1219       1.101779999999999982e+00
151        1.101960000000000051e+00
397        1.101979999999999960e+00
1173       1.102060000000000040e+00
632        1.102100000000000080e+00
1341       1.102100000000000080e+00
183        1.102140000000000120e+00
451        1.102160000000000029e+00
1275       1.102160000000000029e+00
1473       1.102279999999999927e+00
793        1.102300000000000058e+00
1203       1.102300000000000058e+00
84         1.102319999999999967e+00
1343       1.102319999999999967e+00
1332       1.102319999999999967e+00
1163       1.102339999999999876e+00
1445       1.102360000000000229e+00
1232       1.102400000000000047e+00
1237       1.102459999999999996e+00
1021       1.102640000000000065e+00
242        1.102700000000000014e+00
1353       1.102720000000000145e+00
371        1.102940000000000031e+00
1351       1.102940000000000031e+00
1231       1.102980000000000071e+00
1277       1.102980000000000071e+00
999        1.103020000000000111e+00
1208       1.103059999999999929e+00
467        1.103120000000000100e+00
394        1.103360000000000118e+00
1183       1.103439999999999976e+00
696        1.103480000000000016e+00
489        1.103520000000000056e+00
339        1.103580000000000005e+00
1245       1.103760000000000074e+00
1168       1.103839999999999932e+00
1350       1.104140000000000121e+00
317        1.104260000000000019e+00
1025       1.104420000000000179e+00
1093       1.104480000000000128e+00
879        1.104519999999999946e+00
1263       1.104759999999999964e+00
1230       1.104840000000000044e+00
86         1.104860000000000175e+00
1285       1.105040000000000022e+00
1157       1.105120000000000102e+00
65         1.105160000000000142e+00
996        1.105180000000000051e+00
1131       1.105220000000000091e+00
1220       1.105240000000000000e+00
1324       1.105240000000000000e+00
488        1.105520000000000058e+00
6          1.105539999999999967e+00
1280       1.105580000000000007e+00
1235       1.105739999999999945e+00
1250       1.105839999999999934e+00
181        1.106020000000000003e+00
1282       1.106039999999999912e+00
830        1.106100000000000083e+00
1308       1.106160000000000032e+00
426        1.106180000000000163e+00
425        1.106319999999999970e+00
123        1.106339999999999879e+00
914        1.106360000000000232e+00
1167       1.106360000000000232e+00
1307       1.106480000000000130e+00
1321       1.106500000000000039e+00
883        1.106559999999999988e+00
1178       1.106579999999999897e+00
1267       1.106660000000000199e+00
1225       1.106680000000000108e+00
661        1.106700000000000017e+00
1276       1.106720000000000148e+00
495        1.106759999999999966e+00
521        1.106759999999999966e+00
1249       1.106880000000000086e+00
1127       1.107199999999999962e+00
1148       1.107220000000000093e+00
1162       1.107280000000000042e+00
1264       1.107280000000000042e+00
650        1.107319999999999860e+00
1184       1.107319999999999860e+00
1158       1.107380000000000031e+00
1253       1.107380000000000031e+00
788        1.107439999999999980e+00
291        1.107480000000000020e+00
1201       1.107499999999999929e+00
1288       1.107539999999999969e+00
1125       1.107580000000000009e+00
587        1.107739999999999947e+00
1234       1.107779999999999987e+00
1294       1.107979999999999965e+00
1181       1.108000000000000096e+00
1215       1.108000000000000096e+00
1166       1.108079999999999954e+00
1287       1.108180000000000165e+00
1327       1.108219999999999983e+00
1271       1.108240000000000114e+00
1212       1.108420000000000183e+00
715        1.108519999999999950e+00
1262       1.108579999999999899e+00
1140       1.108720000000000150e+00
378        1.108759999999999968e+00
1155       1.108900000000000219e+00
898        1.109019999999999895e+00
1193       1.109040000000000026e+00
956        1.109100000000000197e+00
1306       1.109220000000000095e+00
1357       1.109360000000000124e+00
723        1.109439999999999982e+00
1117       1.109680000000000000e+00
1163       1.109799999999999898e+00
1298       1.109900000000000109e+00
1256       1.110039999999999916e+00
1251       1.110060000000000047e+00
1195       1.110160000000000036e+00
1339       1.110180000000000167e+00
1345       1.110360000000000236e+00
1356       1.110519999999999952e+00
784        1.110540000000000083e+00
1139       1.110660000000000203e+00
1121       1.110720000000000152e+00
1228       1.110720000000000152e+00
629        1.110759999999999970e+00
1311       1.110780000000000101e+00
1161       1.110819999999999919e+00
1338       1.110920000000000130e+00
1241       1.110999999999999988e+00
1331       1.111019999999999897e+00
724        1.111160000000000148e+00
1074       1.111280000000000046e+00
554        1.111380000000000035e+00
1185       1.111559999999999881e+00
573        1.111660000000000093e+00
1319       1.111680000000000001e+00
1149       1.111739999999999950e+00
1274       1.111779999999999990e+00
927        1.111799999999999899e+00
1164       1.111820000000000030e+00
1355       1.111860000000000070e+00
1242       1.111920000000000019e+00
1353       1.111940000000000150e+00
1342       1.112020000000000008e+00
1317       1.112140000000000128e+00
1322       1.112240000000000117e+00
698        1.112339999999999884e+00
1286       1.112660000000000204e+00
1362       1.112720000000000153e+00
1316       1.112980000000000080e+00
1183       1.112999999999999989e+00
1031       1.113040000000000029e+00
1209       1.113059999999999938e+00
1173       1.113079999999999847e+00
361        1.113120000000000109e+00
1175       1.113160000000000149e+00
730        1.113240000000000007e+00
1136       1.113439999999999985e+00
389        1.113460000000000116e+00
1291       1.113539999999999974e+00
920        1.113720000000000043e+00
1238       1.113720000000000043e+00
1214       1.113880000000000203e+00
1171       1.113940000000000152e+00
1348       1.113940000000000152e+00
1303       1.113960000000000061e+00
1109       1.114020000000000010e+00
1192       1.114039999999999919e+00
1222       1.114120000000000221e+00
1141       1.114400000000000057e+00
1240       1.114440000000000097e+00
217        1.114559999999999995e+00
1336       1.114579999999999904e+00
1202       1.114759999999999973e+00
1205       1.115019999999999900e+00
1116       1.115059999999999940e+00
1142       1.115100000000000202e+00
140        1.115120000000000111e+00
1293       1.115180000000000060e+00
945        1.115259999999999918e+00
631        1.115420000000000078e+00
1259       1.115580000000000016e+00
726        1.115640000000000187e+00
1266       1.115820000000000034e+00
1165       1.115900000000000114e+00
991        1.115920000000000023e+00
1095       1.116000000000000103e+00
1305       1.116079999999999961e+00
1126       1.116160000000000041e+00
701        1.116240000000000121e+00
1375       1.116300000000000070e+00
1318       1.116319999999999979e+00
1575       1.116339999999999888e+00
0          1.116540000000000088e+00
1350       1.116540000000000088e+00
1325       1.116579999999999906e+00
1092       1.116800000000000015e+00
1177       1.116819999999999924e+00
1132       1.116880000000000095e+00
762        1.116999999999999993e+00
1323       1.116999999999999993e+00
678        1.117019999999999902e+00
1265       1.117019999999999902e+00
764        1.117040000000000033e+00
1341       1.117199999999999971e+00
1237       1.117220000000000102e+00
683        1.117259999999999920e+00
676        1.117480000000000029e+00
1147       1.117559999999999887e+00
1344       1.117820000000000036e+00
333        1.117839999999999945e+00
1324       1.118380000000000152e+00
1212       1.118460000000000010e+00
888        1.118779999999999886e+00
1206       1.118900000000000006e+00
481        1.118980000000000086e+00
567        1.118999999999999995e+00
943        1.118999999999999995e+00
1184       1.119059999999999944e+00
1156       1.119199999999999973e+00
1307       1.119240000000000013e+00
1200       1.119360000000000133e+00
947        1.119400000000000173e+00
1236       1.119499999999999940e+00
957        1.119520000000000071e+00
1340       1.119640000000000191e+00
367        1.119720000000000049e+00
1130       1.119720000000000049e+00
1302       1.119839999999999947e+00
1485       1.119860000000000078e+00
1283       1.119979999999999976e+00
1145       1.120020000000000016e+00
1143       1.120100000000000096e+00
164        1.120160000000000045e+00
1257       1.120260000000000034e+00
1201       1.120300000000000074e+00
1083       1.120400000000000063e+00
1243       1.120400000000000063e+00
280        1.120420000000000194e+00
1139       1.120500000000000052e+00
695        1.120519999999999960e+00
1065       1.120519999999999960e+00
1122       1.120560000000000000e+00
1334       1.120579999999999909e+00
1292       1.120700000000000029e+00
1189       1.120720000000000161e+00
1227       1.120759999999999978e+00
2          1.120800000000000018e+00
761        1.120839999999999836e+00
1268       1.120880000000000098e+00
407        1.120900000000000007e+00
614        1.120920000000000138e+00
1238       1.120980000000000087e+00
1287       1.120999999999999996e+00
1269       1.121120000000000116e+00
1169       1.121140000000000025e+00
1157       1.121140000000000025e+00
1134       1.121160000000000156e+00
290        1.121180000000000065e+00
558        1.121180000000000065e+00
963        1.121180000000000065e+00
1123       1.121180000000000065e+00
876        1.121240000000000014e+00
1150       1.121259999999999923e+00
1234       1.121319999999999872e+00
1273       1.121460000000000123e+00
1233       1.121499999999999941e+00
108        1.121539999999999981e+00
1260       1.121600000000000152e+00
1170       1.121620000000000061e+00
902        1.121680000000000010e+00
1349       1.121739999999999959e+00
1118       1.121760000000000090e+00
235        1.121839999999999948e+00
924        1.122000000000000108e+00
1146       1.122020000000000017e+00
1162       1.122020000000000017e+00
1128       1.122219999999999995e+00
1247       1.122260000000000035e+00
511        1.122300000000000075e+00
1289       1.122480000000000144e+00
1279       1.122560000000000002e+00
1374       1.122560000000000002e+00
211        1.122700000000000031e+00
929        1.122700000000000031e+00
145        1.122839999999999838e+00
1313       1.122839999999999838e+00
1168       1.122880000000000100e+00
1242       1.122980000000000089e+00
1256       1.122999999999999998e+00
1204       1.123019999999999907e+00
489        1.123079999999999856e+00
1185       1.123100000000000209e+00
1304       1.123199999999999976e+00
1327       1.123240000000000016e+00
665        1.123600000000000154e+00
1317       1.123700000000000143e+00
616        1.124020000000000019e+00
1310       1.124020000000000019e+00
1414       1.124020000000000019e+00
157        1.124079999999999968e+00
1199       1.124260000000000037e+00
1198       1.124260000000000037e+00
1195       1.124319999999999986e+00
86         1.124480000000000146e+00
581        1.124600000000000266e+00
659        1.124620000000000175e+00
135        1.124640000000000084e+00
1055       1.124880000000000102e+00
1328       1.124980000000000091e+00
461        1.125019999999999909e+00
387        1.125100000000000211e+00
1277       1.125160000000000160e+00
559        1.125199999999999978e+00
1321       1.125259999999999927e+00
1160       1.125319999999999876e+00
475        1.125480000000000036e+00
1248       1.125480000000000036e+00
632        1.125499999999999945e+00
1274       1.125799999999999912e+00
1276       1.125900000000000123e+00
1216       1.126120000000000232e+00
1129       1.126140000000000141e+00
1221       1.126440000000000108e+00
1121       1.126519999999999966e+00
1120       1.126579999999999915e+00
1319       1.126719999999999944e+00
1300       1.126800000000000024e+00
1203       1.126839999999999842e+00
1299       1.126900000000000013e+00
639        1.126920000000000144e+00
1112       1.126920000000000144e+00
1205       1.127199999999999980e+00
890        1.127220000000000111e+00
1138       1.127600000000000158e+00
1355       1.127700000000000147e+00
51         1.127720000000000056e+00
1296       1.127820000000000045e+00
1359       1.127820000000000045e+00
1305       1.127860000000000085e+00
1241       1.128120000000000234e+00
252        1.128160000000000052e+00
1229       1.128160000000000052e+00
1212       1.128279999999999950e+00
20         1.128400000000000070e+00
1161       1.128400000000000070e+00
1240       1.128460000000000019e+00
1142       1.128500000000000059e+00
1511       1.128539999999999877e+00
837        1.128900000000000015e+00
1209       1.128900000000000015e+00
1307       1.128900000000000015e+00
551        1.128920000000000146e+00
126        1.128980000000000095e+00
1141       1.129019999999999913e+00
1281       1.129059999999999953e+00
1306       1.129120000000000124e+00
1211       1.129140000000000033e+00
1297       1.129140000000000033e+00
141        1.129199999999999982e+00
1131       1.129299999999999971e+00
1201       1.129299999999999971e+00
1348       1.129319999999999879e+00
1358       1.129380000000000051e+00
1192       1.129440000000000000e+00
1159       1.129499999999999948e+00
808        1.129539999999999988e+00
1137       1.129539999999999988e+00
1315       1.129559999999999897e+00
1278       1.129580000000000028e+00
1217       1.129620000000000068e+00
91         1.129680000000000017e+00
720        1.129799999999999915e+00
462        1.129880000000000217e+00
231        1.129940000000000166e+00
1213       1.129979999999999984e+00
1188       1.130200000000000093e+00
1044       1.130260000000000042e+00
1094       1.130579999999999918e+00
1163       1.130579999999999918e+00
310        1.130600000000000049e+00
1133       1.131160000000000165e+00
1126       1.131160000000000165e+00
577        1.131360000000000143e+00
903        1.131480000000000041e+00
1172       1.131660000000000110e+00
1251       1.131860000000000088e+00
1338       1.131900000000000128e+00
1267       1.131960000000000077e+00
1283       1.132100000000000106e+00
491        1.132440000000000113e+00
1224       1.132579999999999920e+00
1230       1.132600000000000051e+00
1109       1.132779999999999898e+00
328        1.132900000000000018e+00
1214       1.132980000000000098e+00
109        1.133199999999999985e+00
1590       1.133319999999999883e+00
1464       1.133480000000000043e+00
1173       1.133620000000000072e+00
640        1.133700000000000152e+00
1233       1.133720000000000061e+00
1423       1.133739999999999970e+00
680        1.133960000000000079e+00
1309       1.133979999999999988e+00
263        1.134300000000000086e+00
448        1.134300000000000086e+00
1260       1.134400000000000075e+00
175        1.134460000000000024e+00
800        1.135040000000000049e+00
1208       1.135059999999999958e+00
1350       1.135140000000000038e+00
1177       1.135180000000000078e+00
1354       1.135180000000000078e+00
74         1.135199999999999987e+00
1308       1.135199999999999987e+00
1151       1.135220000000000118e+00
460        1.135259999999999936e+00
64         1.135400000000000187e+00
866        1.135440000000000005e+00
1312       1.135539999999999994e+00
1190       1.135600000000000165e+00
1330       1.135620000000000074e+00
535        1.135680000000000023e+00
1138       1.135700000000000154e+00
1264       1.135700000000000154e+00
1195       1.135739999999999972e+00
1182       1.135799999999999921e+00
1325       1.135820000000000052e+00
585        1.135960000000000081e+00
1345       1.136000000000000121e+00
1144       1.136039999999999939e+00
308        1.136079999999999979e+00
148        1.136120000000000241e+00
1128       1.136140000000000150e+00
1434       1.136200000000000099e+00
1197       1.136300000000000088e+00
1066       1.136360000000000259e+00
1219       1.136360000000000259e+00
1123       1.136380000000000168e+00
1134       1.136440000000000117e+00
77         1.136539999999999884e+00
926        1.136600000000000055e+00
1318       1.136660000000000004e+00
949        1.136700000000000044e+00
1098       1.136700000000000044e+00
663        1.136740000000000084e+00
192        1.136920000000000153e+00
867        1.136920000000000153e+00
331        1.136940000000000062e+00
486        1.136980000000000102e+00
1303       1.136980000000000102e+00
1014       1.137019999999999920e+00
1154       1.137059999999999960e+00
1140       1.137120000000000131e+00
1347       1.137120000000000131e+00
1239       1.137140000000000040e+00
1280       1.137180000000000080e+00
345        1.137199999999999989e+00
1018       1.137199999999999989e+00
1225       1.137199999999999989e+00
1136       1.137280000000000069e+00
59         1.137299999999999978e+00
1153       1.137360000000000149e+00
1250       1.137360000000000149e+00
1246       1.137420000000000098e+00
151        1.137499999999999956e+00
1351       1.137539999999999996e+00
1176       1.137640000000000207e+00
1156       1.137660000000000116e+00
1184       1.137660000000000116e+00
871        1.137799999999999923e+00
1148       1.137860000000000094e+00
1262       1.137960000000000083e+00
344        1.138020000000000032e+00
1162       1.138180000000000192e+00
1198       1.138299999999999867e+00
1181       1.138339999999999907e+00
1288       1.138440000000000119e+00
1322       1.138839999999999852e+00
421        1.138860000000000205e+00
727        1.138860000000000205e+00
1307       1.138860000000000205e+00
1220       1.139160000000000172e+00
1210       1.139199999999999990e+00
786        1.139280000000000070e+00
1251       1.139539999999999997e+00
1171       1.139660000000000117e+00
1255       1.139680000000000026e+00
419        1.139799999999999924e+00
1271       1.139799999999999924e+00
1247       1.139920000000000044e+00
1317       1.140000000000000124e+00
367        1.140100000000000113e+00
643        1.140220000000000011e+00
1237       1.140220000000000011e+00
1017       1.140380000000000171e+00
761        1.140460000000000029e+00
1223       1.140539999999999887e+00
715        1.140660000000000007e+00
1324       1.140920000000000156e+00
1175       1.141240000000000032e+00
1235       1.141280000000000072e+00
657        1.141340000000000021e+00
1129       1.141400000000000192e+00
1139       1.141420000000000101e+00
1336       1.141460000000000141e+00
1201       1.141480000000000050e+00
252        1.141520000000000090e+00
1357       1.141580000000000039e+00
627        1.141600000000000170e+00
1217       1.141600000000000170e+00
707        1.141640000000000210e+00
1147       1.141680000000000028e+00
1253       1.141799999999999926e+00
752        1.141860000000000097e+00
743        1.141979999999999995e+00
1296       1.142020000000000035e+00
349        1.142039999999999944e+00
1340       1.142100000000000115e+00
1135       1.142120000000000246e+00
768        1.142400000000000082e+00
1328       1.142479999999999940e+00
1276       1.142500000000000071e+00
1257       1.142660000000000009e+00
607        1.142740000000000089e+00
1059       1.142740000000000089e+00
1122       1.142740000000000089e+00
1334       1.142759999999999998e+00
1265       1.142779999999999907e+00
1006       1.142819999999999947e+00
389        1.142860000000000209e+00
1212       1.142860000000000209e+00
1196       1.142860000000000209e+00
1268       1.143000000000000016e+00
1199       1.143079999999999874e+00
1291       1.143160000000000176e+00
62         1.143220000000000125e+00
582        1.143240000000000034e+00
169        1.143280000000000074e+00
258        1.143299999999999983e+00
1254       1.143299999999999983e+00
1141       1.143400000000000194e+00
1245       1.143600000000000172e+00
1286       1.143600000000000172e+00
1314       1.143960000000000088e+00
1174       1.144000000000000128e+00
1295       1.144000000000000128e+00
1341       1.144160000000000066e+00
1236       1.144299999999999873e+00
1261       1.144539999999999891e+00
1248       1.144560000000000022e+00
964        1.144719999999999960e+00
1143       1.144779999999999909e+00
1269       1.144940000000000069e+00
1140       1.145199999999999996e+00
1164       1.145299999999999985e+00
1127       1.145340000000000025e+00
1289       1.145420000000000105e+00
1264       1.145700000000000163e+00
1278       1.145760000000000112e+00
456        1.145860000000000101e+00
1162       1.145880000000000232e+00
1150       1.146039999999999948e+00
1333       1.146100000000000119e+00
1299       1.146160000000000068e+00
1342       1.146200000000000108e+00
1241       1.146220000000000017e+00
1157       1.146339999999999915e+00
910        1.146740000000000093e+00
1185       1.147059999999999969e+00
1277       1.147199999999999998e+00
1205       1.147480000000000055e+00
1337       1.147760000000000113e+00
892        1.147900000000000142e+00
1345       1.147900000000000142e+00
1151       1.147940000000000182e+00
1145       1.148200000000000109e+00
1137       1.148200000000000109e+00
1322       1.148200000000000109e+00
1308       1.148339999999999916e+00
1218       1.148400000000000087e+00
1270       1.148479999999999945e+00
1595       1.148839999999999861e+00
1121       1.148920000000000163e+00
1124       1.149259999999999948e+00
1149       1.149340000000000028e+00
1165       1.149360000000000159e+00
1262       1.149360000000000159e+00
1123       1.149440000000000017e+00
1166       1.149559999999999915e+00
1133       1.149580000000000046e+00
1348       1.149739999999999984e+00
1282       1.149760000000000115e+00
1240       1.150020000000000042e+00
215        1.150380000000000180e+00
196        1.150760000000000005e+00
1232       1.150819999999999954e+00
269        1.151100000000000234e+00
1343       1.151140000000000052e+00
1353       1.151140000000000052e+00
245        1.151240000000000041e+00
1354       1.151360000000000161e+00
1251       1.151380000000000070e+00
1285       1.151380000000000070e+00
497        1.151499999999999968e+00
848        1.151600000000000179e+00
1173       1.151660000000000128e+00
1072       1.151680000000000037e+00
1163       1.151720000000000077e+00
1280       1.151780000000000026e+00
1039       1.151799999999999935e+00
1256       1.151799999999999935e+00
1307       1.151839999999999975e+00
173        1.151860000000000106e+00
1187       1.151860000000000106e+00
82         1.151880000000000237e+00
1330       1.151960000000000095e+00
1208       1.152039999999999953e+00
1180       1.152299999999999880e+00
1215       1.152320000000000011e+00
873        1.152339999999999920e+00
1095       1.152420000000000000e+00
876        1.152440000000000131e+00
1144       1.152660000000000018e+00
939        1.152740000000000098e+00
1206       1.152760000000000007e+00
1259       1.152760000000000007e+00
1311       1.152760000000000007e+00
1150       1.152860000000000218e+00
1298       1.152880000000000127e+00
1068       1.153180000000000094e+00
1352       1.153460000000000152e+00
946        1.153480000000000061e+00
1260       1.153499999999999970e+00
1178       1.153820000000000068e+00
1192       1.153820000000000068e+00
1099       1.153940000000000188e+00
1273       1.153940000000000188e+00
1199       1.153980000000000006e+00
519        1.154299999999999882e+00
1154       1.154460000000000042e+00
1279       1.154539999999999900e+00
1334       1.154560000000000031e+00
1141       1.154620000000000202e+00
1236       1.154740000000000100e+00
1309       1.154940000000000078e+00
959        1.155040000000000067e+00
247        1.155079999999999885e+00
1170       1.155100000000000238e+00
1182       1.155120000000000147e+00
1264       1.155220000000000136e+00
1142       1.155380000000000074e+00
883        1.155460000000000154e+00
1167       1.155480000000000063e+00
1326       1.155540000000000012e+00
103        1.155640000000000223e+00
1230       1.155660000000000132e+00
1328       1.155900000000000150e+00
251        1.155920000000000059e+00
905        1.155940000000000190e+00
1332       1.156059999999999865e+00
1224       1.156140000000000168e+00
1162       1.156200000000000117e+00
1153       1.156200000000000117e+00
1323       1.156279999999999974e+00
1310       1.156380000000000186e+00
78         1.156440000000000135e+00
1268       1.156440000000000135e+00
797        1.156539999999999901e+00
1161       1.156539999999999901e+00
307        1.156560000000000032e+00
1278       1.156579999999999941e+00
1299       1.156719999999999970e+00
1249       1.156760000000000010e+00
1357       1.156760000000000010e+00
159        1.156779999999999919e+00
1151       1.156819999999999959e+00
874        1.156839999999999868e+00
1263       1.156839999999999868e+00
1271       1.156860000000000221e+00
1324       1.156959999999999988e+00
465        1.157000000000000028e+00
1172       1.157019999999999937e+00
870        1.157040000000000068e+00
863        1.157059999999999977e+00
1283       1.157059999999999977e+00
602        1.157120000000000148e+00
810        1.157299999999999995e+00
1184       1.157299999999999995e+00
1319       1.157299999999999995e+00
184        1.157319999999999904e+00
1270       1.157380000000000075e+00
803        1.157420000000000115e+00
1202       1.157420000000000115e+00
1177       1.157440000000000024e+00
1346       1.157499999999999973e+00
1336       1.157520000000000104e+00
794        1.157580000000000053e+00
459        1.157720000000000082e+00
927        1.157900000000000151e+00
1288       1.157980000000000009e+00
1152       1.157999999999999918e+00
1244       1.158020000000000049e+00
1300       1.158039999999999958e+00
1325       1.158079999999999998e+00
1185       1.158179999999999987e+00
1186       1.158299999999999885e+00
420        1.158320000000000016e+00
629        1.158320000000000016e+00
1198       1.158339999999999925e+00
239        1.158360000000000056e+00
1155       1.158400000000000096e+00
1193       1.158400000000000096e+00
58         1.158460000000000045e+00
425        1.158479999999999954e+00
1242       1.158519999999999994e+00
1266       1.158539999999999903e+00
919        1.158620000000000205e+00
1213       1.158680000000000154e+00
1190       1.158740000000000103e+00
823        1.158760000000000012e+00
1132       1.158760000000000012e+00
1358       1.158760000000000012e+00
254        1.158819999999999961e+00
625        1.158839999999999870e+00
186        1.158860000000000223e+00
1284       1.158860000000000223e+00
1267       1.159120000000000150e+00
778        1.159140000000000059e+00
1344       1.159180000000000099e+00
1131       1.159220000000000139e+00
886        1.159559999999999924e+00
1191       1.159620000000000095e+00
1306       1.160200000000000120e+00
1331       1.160279999999999978e+00
743        1.160400000000000098e+00
1147       1.160400000000000098e+00
1203       1.160440000000000138e+00
1146       1.160460000000000047e+00
1130       1.160479999999999956e+00
1294       1.160700000000000065e+00
1220       1.160719999999999974e+00
253        1.160740000000000105e+00
1247       1.160760000000000014e+00
1171       1.160880000000000134e+00
1252       1.160920000000000174e+00
1255       1.160959999999999992e+00
1227       1.161200000000000010e+00
1218       1.161400000000000210e+00
1243       1.161440000000000028e+00
1211       1.161460000000000159e+00
649        1.161480000000000068e+00
1165       1.161499999999999977e+00
1216       1.161559999999999926e+00
1320       1.161780000000000035e+00
432        1.161860000000000115e+00
1140       1.161999999999999922e+00
274        1.162080000000000002e+00
1240       1.162140000000000173e+00
1327       1.162320000000000020e+00
846        1.162360000000000060e+00
1238       1.162539999999999907e+00
1302       1.162579999999999947e+00
1313       1.162660000000000027e+00
365        1.162700000000000067e+00
714        1.162700000000000067e+00
1150       1.162740000000000107e+00
826        1.162839999999999874e+00
1330       1.162860000000000227e+00
618        1.162900000000000045e+00
641        1.162959999999999994e+00
1143       1.162959999999999994e+00
1305       1.163180000000000103e+00
1188       1.163319999999999910e+00
1339       1.163340000000000041e+00
43         1.163380000000000081e+00
1274       1.163380000000000081e+00
552        1.163440000000000030e+00
1312       1.163499999999999979e+00
1315       1.163540000000000019e+00
798        1.163600000000000190e+00
593        1.163700000000000179e+00
1314       1.163720000000000088e+00
615        1.163759999999999906e+00
1205       1.163759999999999906e+00
42         1.163799999999999946e+00
1200       1.163799999999999946e+00
1195       1.163799999999999946e+00
1593       1.163819999999999855e+00
1226       1.163839999999999986e+00
1280       1.163880000000000026e+00
1114       1.163939999999999975e+00
393        1.164020000000000055e+00
1281       1.164020000000000055e+00
417        1.164080000000000004e+00
1142       1.164200000000000124e+00
1126       1.164279999999999982e+00
553        1.164320000000000022e+00
1210       1.164320000000000022e+00
865        1.164579999999999949e+00
1285       1.164980000000000127e+00
477        1.165079999999999893e+00
1298       1.165160000000000196e+00
799        1.165300000000000002e+00
1172       1.165480000000000071e+00
1186       1.165480000000000071e+00
1337       1.165520000000000111e+00
1278       1.165540000000000020e+00
1273       1.165580000000000060e+00
1233       1.165720000000000089e+00
1123       1.165880000000000027e+00
1028       1.165920000000000067e+00
1163       1.166039999999999965e+00
1160       1.166059999999999874e+00
62         1.166299999999999892e+00
912        1.166380000000000194e+00
1303       1.166400000000000103e+00
304        1.166479999999999961e+00
664        1.166640000000000121e+00
1228       1.166660000000000030e+00
1162       1.166700000000000070e+00
1207       1.166819999999999968e+00
37         1.166839999999999877e+00
1352       1.166880000000000139e+00
1258       1.166980000000000128e+00
1257       1.166980000000000128e+00
1234       1.167000000000000037e+00
1328       1.167000000000000037e+00
1307       1.167040000000000077e+00
1173       1.167059999999999986e+00
1291       1.167200000000000015e+00
1481       1.167200000000000015e+00
1204       1.167380000000000084e+00
1322       1.167480000000000073e+00
1193       1.167520000000000113e+00
435        1.167580000000000062e+00
1341       1.167740000000000000e+00
1159       1.167799999999999949e+00
1245       1.167880000000000029e+00
1282       1.167900000000000160e+00
431        1.168339999999999934e+00
332        1.168539999999999912e+00
1141       1.168539999999999912e+00
364        1.168620000000000214e+00
1212       1.168620000000000214e+00
1136       1.168760000000000021e+00
1299       1.168760000000000021e+00
484        1.168880000000000141e+00
1290       1.168940000000000090e+00
1308       1.168980000000000130e+00
1134       1.169059999999999988e+00
1155       1.169200000000000017e+00
1287       1.169200000000000017e+00
438        1.169240000000000057e+00
199        1.169480000000000075e+00
1170       1.169520000000000115e+00
951        1.169540000000000024e+00
1024       1.169540000000000024e+00
1137       1.169600000000000195e+00
1089       1.169620000000000104e+00
175        1.169680000000000053e+00
1522       1.169839999999999991e+00
1156       1.170039999999999969e+00
180        1.170100000000000140e+00
1246       1.170200000000000129e+00
1295       1.170239999999999947e+00
1242       1.170299999999999896e+00
1327       1.170320000000000027e+00
1353       1.170339999999999936e+00
1236       1.170380000000000198e+00
1166       1.170440000000000147e+00
79         1.170479999999999965e+00
1171       1.170479999999999965e+00
52         1.170560000000000045e+00
1334       1.170579999999999954e+00
1587       1.170680000000000165e+00
1198       1.170719999999999983e+00
1184       1.170719999999999983e+00
1289       1.170779999999999932e+00
1356       1.170800000000000063e+00
1350       1.170880000000000143e+00
373        1.170940000000000092e+00
1302       1.170940000000000092e+00
1255       1.171160000000000201e+00
791        1.171220000000000150e+00
1230       1.171380000000000088e+00
1153       1.171460000000000168e+00
1196       1.171660000000000146e+00
1189       1.171660000000000146e+00
1313       1.171980000000000022e+00
1219       1.172120000000000051e+00
1161       1.172299999999999898e+00
1197       1.172360000000000069e+00
1145       1.172460000000000058e+00
1231       1.172479999999999967e+00
1223       1.172479999999999967e+00
1157       1.172579999999999956e+00
1194       1.172640000000000127e+00
1133       1.172960000000000003e+00
677        1.173019999999999952e+00
260        1.173040000000000083e+00
1283       1.173059999999999992e+00
47         1.173100000000000254e+00
1241       1.173120000000000163e+00
1358       1.173180000000000112e+00
1261       1.173200000000000021e+00
1276       1.173280000000000101e+00
854        1.173440000000000039e+00
305        1.173499999999999988e+00
132        1.173540000000000028e+00
1349       1.173559999999999937e+00
1335       1.173600000000000199e+00
564        1.173839999999999995e+00
751        1.173980000000000024e+00
1270       1.173980000000000024e+00
1262       1.173999999999999932e+00
1128       1.174120000000000053e+00
1183       1.174200000000000133e+00
1286       1.174460000000000059e+00
1178       1.174539999999999917e+00
1181       1.174579999999999957e+00
1147       1.174620000000000219e+00
1396       1.174680000000000168e+00
1239       1.174700000000000077e+00
1182       1.174719999999999986e+00
1202       1.174860000000000237e+00
841        1.174960000000000004e+00
1250       1.175019999999999953e+00
1140       1.175040000000000084e+00
999        1.175059999999999993e+00
1199       1.175100000000000255e+00
1275       1.175120000000000164e+00
1203       1.175140000000000073e+00
1249       1.175140000000000073e+00
1208       1.175180000000000113e+00
1215       1.175240000000000062e+00
1359       1.175340000000000051e+00
103        1.175579999999999847e+00
1218       1.175600000000000200e+00
843        1.175640000000000018e+00
1227       1.175780000000000047e+00
794        1.175819999999999865e+00
1105       1.175819999999999865e+00
1200       1.175860000000000127e+00
1279       1.175920000000000076e+00
887        1.176020000000000065e+00
1084       1.176039999999999974e+00
694        1.176059999999999883e+00
1244       1.176059999999999883e+00
1129       1.176080000000000014e+00
329        1.176120000000000054e+00
1268       1.176120000000000054e+00
1150       1.176180000000000003e+00
71         1.176200000000000134e+00
1174       1.176220000000000043e+00
1325       1.176220000000000043e+00
1154       1.176339999999999941e+00
261        1.176400000000000112e+00
1159       1.176440000000000152e+00
1282       1.176479999999999970e+00
155        1.176500000000000101e+00
1179       1.176620000000000221e+00
1254       1.176660000000000039e+00
1348       1.176680000000000170e+00
136        1.176719999999999988e+00
711        1.176719999999999988e+00
386        1.176740000000000119e+00
1292       1.176760000000000028e+00
1331       1.176860000000000239e+00
1495       1.176880000000000148e+00
43         1.176900000000000057e+00
1079       1.176900000000000057e+00
1149       1.176940000000000097e+00
1471       1.177040000000000086e+00
1210       1.177079999999999904e+00
1251       1.177079999999999904e+00
1175       1.177120000000000166e+00
1300       1.177120000000000166e+00
1044       1.177160000000000206e+00
1267       1.177180000000000115e+00
295        1.177259999999999973e+00
566        1.177280000000000104e+00
1248       1.177340000000000053e+00
196        1.177360000000000184e+00
1245       1.177400000000000224e+00
1127       1.177459999999999951e+00
167        1.177480000000000082e+00
106        1.177620000000000111e+00
1226       1.177720000000000100e+00
1242       1.177819999999999867e+00
1187       1.177839999999999998e+00
1071       1.177999999999999936e+00
1326       1.178120000000000056e+00
458        1.178200000000000136e+00
1130       1.178600000000000092e+00
1280       1.178640000000000132e+00
823        1.178680000000000172e+00
130        1.178740000000000121e+00
1310       1.178860000000000241e+00
715        1.178900000000000059e+00
1217       1.179079999999999906e+00
341        1.179200000000000026e+00
1253       1.179499999999999993e+00
1152       1.179720000000000102e+00
1114       1.179819999999999869e+00
914        1.180140000000000189e+00
1304       1.180140000000000189e+00
1259       1.180200000000000138e+00
1155       1.180239999999999956e+00
131        1.180339999999999945e+00
1131       1.180440000000000156e+00
1172       1.180440000000000156e+00
1148       1.180860000000000243e+00
1432       1.180920000000000192e+00
1319       1.181019999999999959e+00
164        1.181079999999999908e+00
1138       1.181180000000000119e+00
1306       1.181200000000000028e+00
1351       1.181300000000000017e+00
885        1.181380000000000097e+00
644        1.181519999999999904e+00
1165       1.181620000000000115e+00
820        1.181640000000000024e+00
1145       1.181759999999999922e+00
1169       1.181759999999999922e+00
1206       1.181780000000000053e+00
1235       1.181819999999999871e+00
262        1.182080000000000020e+00
468        1.182120000000000060e+00
1105       1.182320000000000038e+00
1195       1.182360000000000078e+00
1214       1.182380000000000209e+00
1328       1.182380000000000209e+00
1293       1.182400000000000118e+00
1288       1.182400000000000118e+00
1342       1.182420000000000027e+00
1357       1.182440000000000158e+00
653        1.182479999999999976e+00
1277       1.182500000000000107e+00
86         1.182719999999999994e+00
562        1.182740000000000125e+00
1468       1.182800000000000074e+00
1349       1.182880000000000154e+00
1373       1.182920000000000194e+00
1320       1.182960000000000012e+00
646        1.183000000000000052e+00
1265       1.183060000000000000e+00
1352       1.183060000000000000e+00
1135       1.183120000000000172e+00
1301       1.183120000000000172e+00
1225       1.183140000000000081e+00
907        1.183279999999999887e+00
1284       1.183319999999999927e+00
1189       1.183459999999999956e+00
674        1.183640000000000025e+00
1185       1.183640000000000025e+00
1317       1.183680000000000065e+00
775        1.183799999999999963e+00
579        1.183840000000000003e+00
1272       1.183840000000000003e+00
1290       1.183920000000000083e+00
1299       1.184160000000000101e+00
1237       1.184299999999999908e+00
129        1.184460000000000068e+00
782        1.184620000000000228e+00
1201       1.184700000000000086e+00
1355       1.184900000000000064e+00
1298       1.184920000000000195e+00
592        1.184940000000000104e+00
1269       1.184940000000000104e+00
1325       1.184980000000000144e+00
1203       1.185100000000000264e+00
1209       1.185140000000000082e+00
1322       1.185140000000000082e+00
1341       1.185180000000000122e+00
1316       1.185200000000000031e+00
1358       1.185200000000000031e+00
137        1.185319999999999929e+00
1133       1.185360000000000191e+00
1297       1.185380000000000100e+00
1346       1.185380000000000100e+00
362        1.185400000000000009e+00
510        1.185400000000000009e+00
960        1.185420000000000140e+00
1223       1.185459999999999958e+00
37         1.185480000000000089e+00
1309       1.185559999999999947e+00
705        1.185640000000000027e+00
1287       1.185640000000000027e+00
1356       1.185840000000000005e+00
1307       1.185860000000000136e+00
744        1.185880000000000045e+00
864        1.185880000000000045e+00
1157       1.185960000000000125e+00
69         1.185999999999999943e+00
1132       1.186059999999999892e+00
1291       1.186080000000000023e+00
1234       1.186160000000000103e+00
205        1.186200000000000143e+00
599        1.186260000000000092e+00
1314       1.186360000000000081e+00
1174       1.186380000000000212e+00
1275       1.186420000000000030e+00
1313       1.186560000000000059e+00
1271       1.186579999999999968e+00
1005       1.186600000000000099e+00
1194       1.186640000000000139e+00
1164       1.186660000000000048e+00
678        1.186700000000000088e+00
1186       1.186740000000000128e+00
1261       1.186920000000000197e+00
1163       1.186940000000000106e+00
1282       1.186960000000000015e+00
460        1.186980000000000146e+00
1347       1.186980000000000146e+00
421        1.187019999999999964e+00
1127       1.187120000000000175e+00
993        1.187140000000000084e+00
328        1.187240000000000073e+00
1121       1.187240000000000073e+00
1236       1.187240000000000073e+00
1151       1.187300000000000022e+00
1192       1.187319999999999931e+00
565        1.187339999999999840e+00
1311       1.187360000000000193e+00
772        1.187380000000000102e+00
1191       1.187400000000000011e+00
1303       1.187420000000000142e+00
1247       1.187440000000000051e+00
1130       1.187480000000000091e+00
272        1.187500000000000000e+00
1153       1.187500000000000000e+00
185        1.187519999999999909e+00
1330       1.187620000000000120e+00
1224       1.187640000000000029e+00
1233       1.187680000000000069e+00
389        1.187720000000000109e+00
1252       1.187740000000000018e+00
1302       1.187780000000000058e+00
1128       1.187860000000000138e+00
44         1.187900000000000178e+00
628        1.187900000000000178e+00
883        1.187980000000000036e+00
1318       1.188039999999999985e+00
1166       1.188140000000000196e+00
1182       1.188160000000000105e+00
1565       1.188160000000000105e+00
1162       1.188180000000000014e+00
1274       1.188180000000000014e+00
146        1.188200000000000145e+00
1016       1.188200000000000145e+00
1052       1.188260000000000094e+00
918        1.188280000000000003e+00
1231       1.188460000000000072e+00
1262       1.188460000000000072e+00
1243       1.188660000000000050e+00
1285       1.188660000000000050e+00
1263       1.188719999999999999e+00
1255       1.188719999999999999e+00
1155       1.188800000000000079e+00
1260       1.188839999999999897e+00
1183       1.189079999999999915e+00
1197       1.189180000000000126e+00
1321       1.189200000000000035e+00
438        1.189279999999999893e+00
1148       1.189279999999999893e+00
234        1.189339999999999842e+00
1310       1.189420000000000144e+00
478        1.189440000000000053e+00
594        1.189559999999999951e+00
187        1.189579999999999860e+00
1286       1.189579999999999860e+00
788        1.189620000000000122e+00
1329       1.189759999999999929e+00
1048       1.189819999999999878e+00
1336       1.189860000000000140e+00
629        1.189960000000000129e+00
1145       1.190039999999999987e+00
1340       1.190100000000000158e+00
1257       1.190280000000000005e+00
1226       1.190320000000000045e+00
499        1.190800000000000081e+00
1150       1.190819999999999990e+00
1154       1.190980000000000150e+00
1199       1.191060000000000008e+00
1232       1.191200000000000037e+00
335        1.191360000000000197e+00
1167       1.191380000000000106e+00
1122       1.191400000000000015e+00
382        1.191420000000000146e+00
774        1.191420000000000146e+00
1177       1.191440000000000055e+00
1256       1.191440000000000055e+00
1242       1.191579999999999862e+00
1013       1.191900000000000182e+00
526        1.192059999999999897e+00
546        1.192059999999999897e+00
216        1.192200000000000149e+00
1305       1.192220000000000057e+00
693        1.192479999999999984e+00
1288       1.192660000000000053e+00
1299       1.192800000000000082e+00
1141       1.192960000000000020e+00
1119       1.193339999999999845e+00
1249       1.193540000000000045e+00
1180       1.193620000000000125e+00
1294       1.193660000000000165e+00
406        1.193720000000000114e+00
1327       1.194020000000000081e+00
1261       1.194160000000000110e+00
1301       1.194320000000000048e+00
1353       1.194479999999999986e+00
1346       1.194539999999999935e+00
1265       1.194640000000000146e+00
1143       1.194860000000000255e+00
1146       1.195060000000000011e+00
1345       1.195180000000000131e+00
1018       1.195339999999999847e+00
178        1.195420000000000149e+00
797        1.195440000000000058e+00
1248       1.195579999999999865e+00
1231       1.195660000000000167e+00
973        1.195740000000000025e+00
1296       1.195799999999999974e+00
1335       1.195880000000000054e+00
379        1.195900000000000185e+00
1136       1.196059999999999901e+00
1200       1.196260000000000101e+00
809        1.196299999999999919e+00
1308       1.196320000000000050e+00
1127       1.196339999999999959e+00
556        1.196400000000000130e+00
1310       1.196400000000000130e+00
1268       1.196440000000000170e+00
1218       1.196579999999999977e+00
454        1.196700000000000097e+00
732        1.196700000000000097e+00
1273       1.196800000000000086e+00
1281       1.196819999999999995e+00
1246       1.196839999999999904e+00
1213       1.196880000000000166e+00
1300       1.196900000000000075e+00
500        1.196920000000000206e+00
275        1.196940000000000115e+00
1320       1.196940000000000115e+00
477        1.197039999999999882e+00
1137       1.197079999999999922e+00
1279       1.197079999999999922e+00
880        1.197140000000000093e+00
1160       1.197160000000000002e+00
1025       1.197279999999999900e+00
1457       1.197279999999999900e+00
1258       1.197319999999999940e+00
675        1.197360000000000202e+00
1240       1.197400000000000020e+00
1331       1.197400000000000020e+00
1332       1.197559999999999958e+00
1212       1.197759999999999936e+00
775        1.197819999999999885e+00
1295       1.197840000000000016e+00
1130       1.197860000000000147e+00
1158       1.197920000000000096e+00
1184       1.197940000000000005e+00
1176       1.197960000000000136e+00
1033       1.197980000000000045e+00
1198       1.198160000000000114e+00
1315       1.198280000000000012e+00
579        1.198339999999999961e+00
503        1.198479999999999990e+00
157        1.198740000000000139e+00
1172       1.198760000000000048e+00
353        1.198779999999999957e+00
1244       1.198900000000000077e+00
1337       1.199000000000000066e+00
1075       1.199160000000000004e+00
1142       1.199180000000000135e+00
1426       1.199279999999999902e+00
1236       1.199380000000000113e+00
1309       1.199400000000000022e+00
1317       1.199400000000000022e+00
1224       1.199540000000000051e+00
1276       1.199559999999999960e+00
1155       1.199579999999999869e+00
1216       1.199640000000000040e+00
1221       1.199660000000000171e+00
1229       1.199680000000000080e+00
582        1.199720000000000120e+00
127        1.199740000000000029e+00
1151       1.199759999999999938e+00
1165       1.199759999999999938e+00
122        1.199780000000000069e+00
1197       1.199819999999999887e+00
1186       1.199920000000000098e+00
1147       1.199960000000000138e+00
405        1.199980000000000047e+00
747        1.200100000000000167e+00
5          1.200239999999999974e+00
1313       1.200400000000000134e+00
769        1.200460000000000083e+00
1156       1.200579999999999981e+00
1129       1.200640000000000152e+00
1123       1.200640000000000152e+00
264        1.200680000000000192e+00
1014       1.200720000000000010e+00
1174       1.200760000000000050e+00
16         1.200900000000000079e+00
1341       1.200900000000000079e+00
584        1.201000000000000068e+00
1275       1.201019999999999976e+00
1324       1.201079999999999925e+00
1021       1.201120000000000188e+00
963        1.201319999999999943e+00
1179       1.201360000000000205e+00
1284       1.201420000000000154e+00
278        1.201559999999999961e+00
922        1.201600000000000223e+00
1214       1.201600000000000223e+00
1241       1.201640000000000041e+00
1132       1.201660000000000172e+00
1223       1.201780000000000070e+00
1425       1.201840000000000019e+00
1222       1.201860000000000150e+00
1290       1.201980000000000048e+00
1291       1.201999999999999957e+00
1356       1.201999999999999957e+00
1359       1.202059999999999906e+00
1181       1.202180000000000026e+00
1208       1.202260000000000106e+00
1193       1.202280000000000015e+00
1303       1.202400000000000135e+00
1122       1.202500000000000124e+00
757        1.202520000000000033e+00
1167       1.202660000000000062e+00
1340       1.202740000000000142e+00
1350       1.202839999999999909e+00
1432       1.202900000000000080e+00
1343       1.202919999999999989e+00
1192       1.202940000000000120e+00
354        1.202960000000000029e+00
1330       1.203000000000000069e+00
313        1.203060000000000018e+00
1194       1.203120000000000189e+00
1183       1.203160000000000007e+00
655        1.203180000000000138e+00
1262       1.203200000000000047e+00
820        1.203339999999999854e+00
1178       1.203620000000000134e+00
1189       1.203620000000000134e+00
1175       1.203680000000000083e+00
1144       1.203699999999999992e+00
1325       1.203740000000000032e+00
1319       1.203740000000000032e+00
1311       1.203759999999999941e+00
1209       1.203860000000000152e+00
1306       1.203900000000000192e+00
432        1.203980000000000050e+00
795        1.203999999999999959e+00
1294       1.203999999999999959e+00
268        1.204039999999999999e+00
523        1.204039999999999999e+00
305        1.204059999999999908e+00
1293       1.204100000000000170e+00
1345       1.204160000000000119e+00
1138       1.204260000000000108e+00
1353       1.204260000000000108e+00
196        1.204280000000000017e+00
683        1.204299999999999926e+00
552        1.204380000000000228e+00
1228       1.204420000000000046e+00
1139       1.204500000000000126e+00
152        1.204539999999999944e+00
1354       1.204539999999999944e+00
1304       1.204560000000000075e+00
171        1.204579999999999984e+00
1247       1.204620000000000246e+00
591        1.204680000000000195e+00
1239       1.204700000000000104e+00
538        1.204820000000000002e+00
1338       1.204839999999999911e+00
512        1.204900000000000082e+00
1206       1.205120000000000191e+00
1069       1.205140000000000100e+00
1159       1.205160000000000009e+00
1250       1.205180000000000140e+00
1190       1.205200000000000049e+00
1278       1.205219999999999958e+00
1207       1.205240000000000089e+00
1346       1.205259999999999998e+00
1264       1.205319999999999947e+00
86         1.205339999999999856e+00
346        1.205380000000000118e+00
1202       1.205440000000000067e+00
1171       1.205500000000000016e+00
1283       1.205500000000000016e+00
1163       1.205579999999999874e+00
1230       1.205660000000000176e+00
1342       1.205660000000000176e+00
1145       1.205920000000000103e+00
1204       1.205960000000000143e+00
954        1.206239999999999979e+00
1161       1.206280000000000019e+00
1225       1.206280000000000019e+00
707        1.206320000000000059e+00
1140       1.206339999999999968e+00
1344       1.206339999999999968e+00
416        1.206380000000000230e+00
983        1.206380000000000230e+00
403        1.206400000000000139e+00
821        1.206460000000000088e+00
1128       1.206520000000000037e+00
1257       1.206539999999999946e+00
1331       1.206539999999999946e+00
1428       1.206539999999999946e+00
10         1.206600000000000117e+00
550        1.206660000000000066e+00
851        1.206839999999999913e+00
931        1.207000000000000073e+00
156        1.207120000000000193e+00
1131       1.207180000000000142e+00
1270       1.207540000000000058e+00
1348       1.207759999999999945e+00
1314       1.208100000000000174e+00
1252       1.208220000000000072e+00
836        1.208479999999999999e+00
1295       1.208539999999999948e+00
1280       1.208579999999999988e+00
1249       1.209000000000000075e+00
1122       1.209019999999999984e+00
1191       1.209079999999999933e+00
1136       1.209120000000000195e+00
1166       1.209120000000000195e+00
1320       1.209219999999999962e+00
964        1.209360000000000213e+00
1285       1.209380000000000122e+00
265        1.209420000000000162e+00
1513       1.209440000000000071e+00
1227       1.209519999999999929e+00
1327       1.209540000000000060e+00
1260       1.209600000000000231e+00
1165       1.209840000000000027e+00
1323       1.210200000000000164e+00
342        1.210239999999999982e+00
1222       1.210600000000000120e+00
1133       1.211300000000000043e+00
303        1.211360000000000214e+00
1200       1.211480000000000112e+00
1238       1.211500000000000021e+00
455        1.211780000000000079e+00
1196       1.211780000000000079e+00
1332       1.212020000000000097e+00
1226       1.212080000000000046e+00
1242       1.212140000000000217e+00
682        1.212220000000000075e+00
1299       1.212260000000000115e+00
1126       1.212400000000000144e+00
1579       1.212460000000000093e+00
977        1.212480000000000002e+00
1172       1.212640000000000162e+00
1141       1.212700000000000111e+00
88         1.212720000000000020e+00
1347       1.212979999999999947e+00
494        1.213120000000000198e+00
956        1.213240000000000096e+00
344        1.213319999999999954e+00
837        1.213319999999999954e+00
1275       1.213319999999999954e+00
1272       1.213480000000000114e+00
1330       1.213559999999999972e+00
1120       1.213600000000000234e+00
1265       1.213600000000000234e+00
1216       1.213640000000000052e+00
1169       1.213680000000000092e+00
1149       1.213799999999999990e+00
1130       1.213860000000000161e+00
1184       1.213880000000000070e+00
29         1.213900000000000201e+00
1224       1.213900000000000201e+00
1109       1.214020000000000099e+00
1357       1.214020000000000099e+00
1152       1.214080000000000048e+00
1011       1.214120000000000088e+00
54         1.214140000000000219e+00
1237       1.214160000000000128e+00
1198       1.214180000000000037e+00
1351       1.214239999999999986e+00
1201       1.214260000000000117e+00
1188       1.214280000000000026e+00
1313       1.214400000000000146e+00
1182       1.214520000000000044e+00
807        1.214620000000000033e+00
948        1.214660000000000073e+00
1310       1.214760000000000062e+00
864        1.214860000000000051e+00
1234       1.214920000000000000e+00
1263       1.214940000000000131e+00
1277       1.214960000000000040e+00
1164       1.215000000000000080e+00
386        1.215019999999999989e+00
1159       1.215140000000000109e+00
1286       1.215260000000000007e+00
854        1.215360000000000218e+00
1304       1.215360000000000218e+00
1168       1.215420000000000167e+00
697        1.215459999999999985e+00
1266       1.215500000000000025e+00
87         1.215519999999999934e+00
1129       1.215540000000000065e+00
8          1.215640000000000054e+00
1359       1.215660000000000185e+00
272        1.215740000000000043e+00
668        1.215799999999999992e+00
463        1.215920000000000112e+00
1274       1.215920000000000112e+00
250        1.215940000000000021e+00
1292       1.216100000000000181e+00
1290       1.216120000000000090e+00
427        1.216280000000000028e+00
537        1.216380000000000239e+00
1355       1.216400000000000148e+00
594        1.216440000000000188e+00
1208       1.216539999999999955e+00
1307       1.216539999999999955e+00
1289       1.216539999999999955e+00
287        1.216559999999999864e+00
341        1.216760000000000064e+00
1580       1.216799999999999882e+00
508        1.216820000000000013e+00
1247       1.216979999999999951e+00
485        1.217000000000000082e+00
1135       1.217019999999999991e+00
1326       1.217160000000000020e+00
1358       1.217160000000000020e+00
65         1.217180000000000151e+00
1167       1.217319999999999958e+00
1246       1.217420000000000169e+00
1321       1.217500000000000027e+00
1366       1.217540000000000067e+00
850        1.217999999999999972e+00
1193       1.218040000000000012e+00
251        1.218239999999999990e+00
298        1.218239999999999990e+00
1145       1.218360000000000110e+00
1202       1.218440000000000190e+00
1298       1.218499999999999917e+00
1230       1.218640000000000168e+00
207        1.218679999999999986e+00
1087       1.218739999999999934e+00
577        1.218760000000000066e+00
1297       1.218779999999999974e+00
1178       1.218799999999999883e+00
1156       1.218900000000000095e+00
1211       1.218920000000000003e+00
515        1.218960000000000043e+00
1243       1.219060000000000032e+00
1220       1.219060000000000032e+00
1147       1.219079999999999941e+00
1157       1.219079999999999941e+00
1148       1.219120000000000203e+00
1267       1.219180000000000152e+00
1116       1.219279999999999919e+00
20         1.219380000000000130e+00
848        1.219380000000000130e+00
637        1.219459999999999988e+00
1218       1.219459999999999988e+00
1143       1.219519999999999937e+00
1128       1.219620000000000148e+00
1329       1.219640000000000057e+00
132        1.220020000000000104e+00
562        1.220059999999999922e+00
1256       1.220059999999999922e+00
1210       1.220100000000000184e+00
1176       1.220120000000000093e+00
1186       1.220180000000000042e+00
1257       1.220180000000000042e+00
1123       1.220220000000000082e+00
1318       1.220220000000000082e+00
1315       1.220260000000000122e+00
179        1.220280000000000031e+00
884        1.220320000000000071e+00
1080       1.220320000000000071e+00
364        1.220360000000000111e+00
1170       1.220380000000000242e+00
1134       1.220420000000000060e+00
1228       1.220480000000000009e+00
1199       1.220520000000000049e+00
1334       1.220559999999999867e+00
1250       1.220579999999999998e+00
892        1.220660000000000078e+00
923        1.220660000000000078e+00
1131       1.220739999999999936e+00
98         1.220779999999999976e+00
1187       1.220979999999999954e+00
504        1.221039999999999903e+00
1144       1.221039999999999903e+00
1215       1.221060000000000034e+00
1036       1.221120000000000205e+00
1151       1.221219999999999972e+00
1222       1.221260000000000012e+00
1341       1.221260000000000012e+00
1259       1.221300000000000052e+00
1261       1.221339999999999870e+00
1354       1.221420000000000172e+00
534        1.221519999999999939e+00
1320       1.221559999999999979e+00
1161       1.221780000000000088e+00
1132       1.221799999999999997e+00
1291       1.221840000000000037e+00
1137       1.221900000000000208e+00
1196       1.221940000000000026e+00
1229       1.221960000000000157e+00
273        1.221999999999999975e+00
1221       1.221999999999999975e+00
1301       1.222040000000000015e+00
979        1.222100000000000186e+00
1066       1.222100000000000186e+00
1235       1.222100000000000186e+00
1356       1.222100000000000186e+00
348        1.222120000000000095e+00
1224       1.222140000000000226e+00
1142       1.222200000000000175e+00
1263       1.222239999999999993e+00
1245       1.222299999999999942e+00
1100       1.222360000000000113e+00
1162       1.222580000000000000e+00
1304       1.222760000000000069e+00
1140       1.222839999999999927e+00
704        1.222920000000000007e+00
1268       1.222960000000000047e+00
1082       1.222979999999999956e+00
1309       1.222979999999999956e+00
1266       1.223039999999999905e+00
1192       1.223079999999999945e+00
40         1.223120000000000207e+00
492        1.223160000000000025e+00
1236       1.223200000000000065e+00
1121       1.223240000000000105e+00
830        1.223260000000000014e+00
839        1.223279999999999923e+00
189        1.223400000000000043e+00
1075       1.223400000000000043e+00
1173       1.223400000000000043e+00
1029       1.223420000000000174e+00
1153       1.223420000000000174e+00
1317       1.223480000000000123e+00
922        1.223500000000000032e+00
1212       1.223500000000000032e+00
159        1.223559999999999981e+00
1324       1.223660000000000192e+00
738        1.223720000000000141e+00
173        1.223740000000000050e+00
588        1.223740000000000050e+00
1254       1.223840000000000039e+00
1264       1.223960000000000159e+00
961        1.223999999999999977e+00
2          1.224059999999999926e+00
691        1.224059999999999926e+00
622        1.224120000000000097e+00
1163       1.224200000000000177e+00
1139       1.224260000000000126e+00
1238       1.224360000000000115e+00
816        1.224439999999999973e+00
882        1.224460000000000104e+00
31         1.224620000000000042e+00
115        1.224660000000000082e+00
559        1.224660000000000082e+00
234        1.224679999999999991e+00
284        1.224679999999999991e+00
1369       1.224679999999999991e+00
648        1.224720000000000031e+00
1281       1.224760000000000071e+00
211        1.224839999999999929e+00
1138       1.225000000000000089e+00
97         1.225019999999999998e+00
1322       1.225019999999999998e+00
1271       1.225140000000000118e+00
292        1.225180000000000158e+00
833        1.225180000000000158e+00
1202       1.225180000000000158e+00
199        1.225200000000000067e+00
1319       1.225339999999999874e+00
1251       1.225380000000000136e+00
1122       1.225400000000000045e+00
1167       1.225440000000000085e+00
1335       1.225459999999999994e+00
1225       1.225480000000000125e+00
401        1.225519999999999943e+00
1198       1.225579999999999892e+00
1037       1.225600000000000245e+00
1231       1.225620000000000154e+00
1290       1.225780000000000092e+00
1213       1.225840000000000041e+00
138        1.225920000000000121e+00
1342       1.226120000000000099e+00
1136       1.226140000000000230e+00
1214       1.226140000000000230e+00
831        1.226160000000000139e+00
1248       1.226160000000000139e+00
1277       1.226220000000000088e+00
1195       1.226420000000000066e+00
1234       1.226420000000000066e+00
145        1.226539999999999964e+00
1288       1.226620000000000044e+00
1278       1.226640000000000175e+00
1208       1.226679999999999993e+00
282        1.226720000000000033e+00
1182       1.226900000000000102e+00
1120       1.227000000000000091e+00
1252       1.227079999999999949e+00
1201       1.227160000000000029e+00
516        1.227200000000000069e+00
1160       1.227480000000000127e+00
624        1.227500000000000036e+00
1223       1.227559999999999985e+00
1282       1.227620000000000156e+00
1240       1.227720000000000145e+00
1175       1.227800000000000002e+00
333        1.228020000000000111e+00
1287       1.228080000000000060e+00
1197       1.228100000000000191e+00
1126       1.228180000000000049e+00
1337       1.228460000000000107e+00
1165       1.228600000000000136e+00
1171       1.228679999999999994e+00
847        1.228799999999999892e+00
728        1.228820000000000023e+00
240        1.229060000000000041e+00
1205       1.229079999999999950e+00
1193       1.229500000000000037e+00
1241       1.229660000000000197e+00
293        1.229700000000000015e+00
1300       1.229700000000000015e+00
1283       1.229759999999999964e+00
542        1.229860000000000175e+00
539        1.229860000000000175e+00
1345       1.229860000000000175e+00
1128       1.229920000000000124e+00
410        1.230140000000000233e+00
1130       1.230140000000000233e+00
969        1.230160000000000142e+00
1135       1.230160000000000142e+00
1233       1.230160000000000142e+00
1328       1.230199999999999960e+00
130        1.230220000000000091e+00
1232       1.230220000000000091e+00
1249       1.230259999999999909e+00
1004       1.230400000000000160e+00
1172       1.230400000000000160e+00
901        1.230439999999999978e+00
1191       1.230499999999999927e+00
1177       1.230580000000000007e+00
1330       1.230620000000000047e+00
467        1.230660000000000087e+00
1325       1.230839999999999934e+00
1242       1.230880000000000196e+00
600        1.230920000000000014e+00
1189       1.230940000000000145e+00
563        1.231000000000000094e+00
1186       1.231100000000000083e+00
382        1.231140000000000123e+00
1316       1.231160000000000032e+00
999        1.231219999999999981e+00
367        1.231700000000000017e+00
16         1.231720000000000148e+00
1155       1.231720000000000148e+00
1247       1.231740000000000057e+00
1181       1.231800000000000006e+00
65         1.231880000000000086e+00
1327       1.231880000000000086e+00
1013       1.231900000000000217e+00
660        1.231960000000000166e+00
1207       1.231960000000000166e+00
1046       1.231980000000000075e+00
1272       1.232079999999999842e+00
1124       1.232439999999999980e+00
1376       1.233020000000000005e+00
1244       1.233060000000000045e+00
1265       1.233060000000000045e+00
1348       1.233060000000000045e+00
1228       1.233079999999999954e+00
756        1.233140000000000125e+00
1341       1.233160000000000034e+00
1281       1.233200000000000074e+00
1358       1.233279999999999932e+00
1267       1.233339999999999881e+00
1347       1.233400000000000052e+00
1125       1.233700000000000019e+00
1144       1.233940000000000037e+00
1221       1.234059999999999935e+00
358        1.234280000000000044e+00
1352       1.234539999999999971e+00
1293       1.234700000000000131e+00
38         1.234900000000000109e+00
1245       1.235120000000000218e+00
1178       1.235240000000000116e+00
598        1.235260000000000025e+00
186        1.235420000000000185e+00
1169       1.235540000000000083e+00
1184       1.235680000000000112e+00
1314       1.236040000000000028e+00
369        1.236059999999999937e+00
1353       1.236059999999999937e+00
577        1.236100000000000199e+00
1140       1.236120000000000108e+00
1214       1.236280000000000046e+00
1194       1.236319999999999864e+00
118        1.236420000000000075e+00
966        1.236499999999999932e+00
1266       1.236620000000000053e+00
1121       1.236779999999999990e+00
1258       1.236799999999999899e+00
1255       1.236799999999999899e+00
1176       1.236860000000000070e+00
1251       1.236860000000000070e+00
1127       1.236880000000000202e+00
280        1.236920000000000019e+00
1335       1.237020000000000008e+00
300        1.237060000000000048e+00
1073       1.237079999999999957e+00
1291       1.237160000000000037e+00
1185       1.237200000000000077e+00
1196       1.237219999999999986e+00
553        1.237300000000000066e+00
1230       1.237319999999999975e+00
1284       1.237400000000000055e+00
703        1.237420000000000186e+00
1122       1.237460000000000004e+00
1210       1.237500000000000044e+00
1260       1.237640000000000073e+00
1356       1.237660000000000204e+00
1200       1.237680000000000113e+00
1334       1.237819999999999920e+00
1308       1.237860000000000182e+00
1170       1.237900000000000222e+00
7          1.237940000000000040e+00
1342       1.238059999999999938e+00
40         1.238140000000000018e+00
1337       1.238180000000000058e+00
1168       1.238480000000000025e+00
1148       1.238559999999999883e+00
1302       1.238559999999999883e+00
1137       1.238580000000000014e+00
1203       1.238580000000000014e+00
1333       1.238600000000000145e+00
1163       1.238620000000000054e+00
1338       1.238820000000000032e+00
903        1.238920000000000021e+00
1286       1.238979999999999970e+00
226        1.239060000000000050e+00
385        1.239140000000000130e+00
1243       1.239140000000000130e+00
1227       1.239180000000000170e+00
201        1.239219999999999988e+00
1254       1.239339999999999886e+00
185        1.239360000000000239e+00
954        1.239360000000000239e+00
204        1.239480000000000137e+00
1171       1.239480000000000137e+00
1306       1.239519999999999955e+00
61         1.239579999999999904e+00
1303       1.239579999999999904e+00
1164       1.239600000000000257e+00
656        1.239680000000000115e+00
1433       1.239700000000000024e+00
1173       1.239720000000000155e+00
322        1.239740000000000064e+00
831        1.239819999999999922e+00
1238       1.239860000000000184e+00
29         1.239940000000000042e+00
333        1.239940000000000042e+00
1275       1.240019999999999900e+00
1473       1.240120000000000111e+00
1153       1.240160000000000151e+00
554        1.240339999999999998e+00
1247       1.240420000000000078e+00
1141       1.240559999999999885e+00
1138       1.240600000000000147e+00
1233       1.240660000000000096e+00
1145       1.240720000000000045e+00
1312       1.240739999999999954e+00
762        1.240779999999999994e+00
1204       1.240820000000000034e+00
1240       1.240839999999999943e+00
1290       1.240839999999999943e+00
1354       1.240839999999999943e+00
1321       1.240940000000000154e+00
1415       1.240940000000000154e+00
1276       1.241060000000000052e+00
1326       1.241079999999999961e+00
289        1.241140000000000132e+00
1167       1.241180000000000172e+00
1264       1.241219999999999990e+00
1339       1.241260000000000030e+00
1327       1.241400000000000059e+00
1166       1.241440000000000099e+00
535        1.241579999999999906e+00
1195       1.242140000000000022e+00
1310       1.242240000000000011e+00
1288       1.242259999999999920e+00
1076       1.242299999999999960e+00
1207       1.242319999999999869e+00
1051       1.242480000000000029e+00
1319       1.242620000000000058e+00
1215       1.242680000000000007e+00
1149       1.242720000000000047e+00
904        1.242760000000000087e+00
1269       1.243060000000000054e+00
1144       1.243100000000000094e+00
412        1.243160000000000043e+00
1029       1.243180000000000174e+00
1274       1.243180000000000174e+00
1287       1.243180000000000174e+00
579        1.243260000000000032e+00
1234       1.243279999999999941e+00
438        1.243339999999999890e+00
1299       1.243360000000000243e+00
1102       1.243400000000000061e+00
1322       1.243420000000000192e+00
1211       1.243540000000000090e+00
1186       1.243540000000000090e+00
1278       1.243559999999999999e+00
1311       1.243620000000000170e+00
1120       1.243740000000000068e+00
223        1.243819999999999926e+00
1253       1.243980000000000086e+00
1206       1.244040000000000035e+00
1160       1.244079999999999853e+00
1161       1.244120000000000115e+00
490        1.244140000000000024e+00
919        1.244140000000000024e+00
1305       1.244180000000000064e+00
765        1.244240000000000013e+00
1307       1.244259999999999922e+00
1309       1.244299999999999962e+00
804        1.244319999999999871e+00
14         1.244340000000000002e+00
1222       1.244360000000000133e+00
1156       1.244620000000000060e+00
1346       1.244660000000000100e+00
1330       1.244739999999999958e+00
1154       1.244779999999999998e+00
1332       1.244820000000000038e+00
305        1.244839999999999947e+00
1136       1.244839999999999947e+00
1280       1.245020000000000016e+00
991        1.245319999999999983e+00
1165       1.245480000000000143e+00
1018       1.245660000000000212e+00
1277       1.245800000000000018e+00
1059       1.246059999999999945e+00
1291       1.246199999999999974e+00
1119       1.246280000000000054e+00
133        1.246319999999999872e+00
1159       1.246420000000000083e+00
1219       1.246420000000000083e+00
1129       1.246539999999999981e+00
1226       1.246559999999999890e+00
478        1.246660000000000101e+00
957        1.246720000000000050e+00
1158       1.246760000000000090e+00
197        1.246820000000000039e+00
1192       1.246880000000000210e+00
1074       1.246900000000000119e+00
1209       1.246940000000000159e+00
655        1.246960000000000068e+00
1249       1.246979999999999977e+00
1250       1.247100000000000097e+00
755        1.247140000000000137e+00
1281       1.247219999999999995e+00
870        1.247240000000000126e+00
511        1.247500000000000053e+00
1196       1.247540000000000093e+00
1013       1.247600000000000264e+00
961        1.247620000000000173e+00
1245       1.247800000000000020e+00
1301       1.247880000000000100e+00
1271       1.247940000000000049e+00
213        1.247959999999999958e+00
1157       1.247959999999999958e+00
1270       1.248019999999999907e+00
1297       1.248059999999999947e+00
1019       1.248100000000000209e+00
1217       1.248120000000000118e+00
1138       1.248180000000000067e+00
139        1.248220000000000107e+00
1197       1.248220000000000107e+00
1150       1.248259999999999925e+00
871        1.248299999999999965e+00
1237       1.248380000000000045e+00
772        1.248480000000000034e+00
144        1.248520000000000074e+00
78         1.248739999999999961e+00
1193       1.248780000000000001e+00
1146       1.249120000000000230e+00
1344       1.249140000000000139e+00
1339       1.249200000000000088e+00
1357       1.249279999999999946e+00
1142       1.249339999999999895e+00
1145       1.249360000000000248e+00
1194       1.249360000000000248e+00
1148       1.249380000000000157e+00
1187       1.249420000000000197e+00
710        1.249660000000000215e+00
1342       1.249680000000000124e+00
1152       1.249819999999999931e+00
1312       1.250220000000000109e+00
1191       1.250259999999999927e+00
1185       1.250259999999999927e+00
469        1.250420000000000087e+00
1296       1.250460000000000127e+00
923        1.250520000000000076e+00
1294       1.250680000000000014e+00
354        1.250780000000000003e+00
1285       1.250799999999999912e+00
648        1.250860000000000083e+00
1286       1.250880000000000214e+00
121        1.250979999999999981e+00
1256       1.251000000000000112e+00
1275       1.251219999999999999e+00
1304       1.251240000000000130e+00
936        1.251339999999999897e+00
1180       1.251519999999999966e+00
350        1.251600000000000268e+00
1203       1.251620000000000177e+00
1155       1.251759999999999984e+00
687        1.251900000000000013e+00
1188       1.252140000000000031e+00
1262       1.252220000000000111e+00
754        1.252319999999999878e+00
251        1.252360000000000140e+00
1259       1.252460000000000129e+00
1206       1.252620000000000067e+00
1335       1.252680000000000016e+00
391        1.252760000000000096e+00
1300       1.252760000000000096e+00
1214       1.252799999999999914e+00
1329       1.253100000000000103e+00
1140       1.253140000000000143e+00
1265       1.253260000000000041e+00
922        1.253440000000000110e+00
1183       1.253600000000000270e+00
1359       1.253620000000000179e+00
1169       1.253660000000000219e+00
1228       1.253800000000000026e+00
1284       1.253920000000000146e+00
1221       1.253940000000000055e+00
1336       1.254059999999999953e+00
493        1.254079999999999862e+00
1229       1.254140000000000033e+00
651        1.254199999999999982e+00
980        1.254220000000000113e+00
1311       1.254220000000000113e+00
1195       1.254319999999999879e+00
1240       1.254319999999999879e+00
1168       1.254460000000000131e+00
1358       1.254640000000000200e+00
1179       1.254660000000000108e+00
1230       1.254660000000000108e+00
988        1.254680000000000017e+00
1120       1.254700000000000149e+00
1291       1.254700000000000149e+00
1205       1.254780000000000006e+00
730        1.254799999999999915e+00
848        1.254799999999999915e+00
1100       1.254900000000000126e+00
1232       1.255100000000000104e+00
636        1.255120000000000235e+00
1253       1.255120000000000235e+00
278        1.255180000000000184e+00
499        1.255260000000000042e+00
867        1.255300000000000082e+00
1270       1.255339999999999900e+00
1049       1.255360000000000253e+00
1302       1.255360000000000253e+00
1207       1.255400000000000071e+00
1354       1.255420000000000202e+00
1223       1.255460000000000020e+00
285        1.255480000000000151e+00
1181       1.255620000000000180e+00
1231       1.255659999999999998e+00
1125       1.255680000000000129e+00
112        1.255800000000000027e+00
1226       1.255860000000000198e+00
1000       1.256059999999999954e+00
1174       1.256059999999999954e+00
1199       1.256160000000000165e+00
1087       1.256180000000000074e+00
1244       1.256199999999999983e+00
1135       1.256400000000000183e+00
1211       1.256420000000000092e+00
1219       1.256440000000000001e+00
211        1.256460000000000132e+00
729        1.256480000000000041e+00
1165       1.256520000000000081e+00
1204       1.256539999999999990e+00
1343       1.256580000000000030e+00
1334       1.256600000000000161e+00
563        1.256620000000000070e+00
1299       1.256620000000000070e+00
1350       1.256720000000000059e+00
1141       1.256760000000000099e+00
1298       1.256780000000000008e+00
1307       1.256839999999999957e+00
1154       1.256860000000000088e+00
558        1.256900000000000128e+00
1539       1.256900000000000128e+00
118        1.256940000000000168e+00
1139       1.256960000000000077e+00
253        1.257020000000000026e+00
1251       1.257079999999999975e+00
1124       1.257120000000000237e+00
1257       1.257140000000000146e+00
1143       1.257220000000000004e+00
1210       1.257220000000000004e+00
1327       1.257240000000000135e+00
649        1.257339999999999902e+00
1216       1.257360000000000255e+00
990        1.257420000000000204e+00
1317       1.257460000000000022e+00
1170       1.257500000000000062e+00
1151       1.257560000000000011e+00
1127       1.257600000000000273e+00
1220       1.257640000000000091e+00
1276       1.257640000000000091e+00
309        1.257660000000000000e+00
1147       1.257680000000000131e+00
1313       1.257719999999999949e+00
1166       1.257779999999999898e+00
239        1.257800000000000029e+00
670        1.257900000000000018e+00
1323       1.257940000000000058e+00
1068       1.257959999999999967e+00
1157       1.257959999999999967e+00
1306       1.257980000000000098e+00
1308       1.258059999999999956e+00
1177       1.258140000000000036e+00
1325       1.258259999999999934e+00
145        1.258299999999999974e+00
1295       1.258420000000000094e+00
124        1.258520000000000083e+00
324        1.258559999999999901e+00
1235       1.258880000000000221e+00
1324       1.258880000000000221e+00
1267       1.258979999999999988e+00
1321       1.258979999999999988e+00
1305       1.259260000000000046e+00
1122       1.259579999999999922e+00
880        1.259640000000000093e+00
713        1.259740000000000082e+00
1237       1.259819999999999940e+00
1326       1.259920000000000151e+00
1352       1.260160000000000169e+00
1255       1.260220000000000118e+00
1167       1.260259999999999936e+00
1312       1.260299999999999976e+00
1137       1.260460000000000136e+00
1303       1.260480000000000045e+00
1191       1.260620000000000074e+00
792        1.260640000000000205e+00
1294       1.260720000000000063e+00
375        1.260780000000000012e+00
1203       1.260880000000000223e+00
1197       1.260900000000000132e+00
1528       1.260900000000000132e+00
1297       1.260960000000000081e+00
1190       1.261060000000000070e+00
1176       1.261120000000000241e+00
1138       1.261180000000000190e+00
1187       1.261180000000000190e+00
726        1.261319999999999997e+00
1287       1.261360000000000259e+00
1227       1.261500000000000066e+00
1064       1.261560000000000015e+00
1341       1.261700000000000044e+00
1332       1.261740000000000084e+00
932        1.261860000000000204e+00
1196       1.261860000000000204e+00
1202       1.261880000000000113e+00
1198       1.261920000000000153e+00
878        1.261980000000000102e+00
1437       1.262040000000000051e+00
1314       1.262100000000000222e+00
770        1.262199999999999989e+00
524        1.262220000000000120e+00
54         1.262280000000000069e+00
1331       1.262280000000000069e+00
1148       1.262299999999999978e+00
1217       1.262340000000000018e+00
1371       1.262340000000000018e+00
977        1.262520000000000087e+00
1309       1.262640000000000207e+00
968        1.262760000000000105e+00
1318       1.262839999999999963e+00
1283       1.262860000000000094e+00
425        1.262880000000000225e+00
1161       1.262880000000000225e+00
1337       1.262900000000000134e+00
854        1.262920000000000043e+00
409        1.263039999999999941e+00
238        1.263079999999999981e+00
279        1.263279999999999959e+00
512        1.263339999999999907e+00
1132       1.263339999999999907e+00
1125       1.263500000000000068e+00
1280       1.263500000000000068e+00
1222       1.263600000000000056e+00
472        1.263640000000000096e+00
1322       1.263640000000000096e+00
1005       1.263660000000000005e+00
1160       1.263660000000000005e+00
831        1.263800000000000034e+00
1134       1.263880000000000114e+00
380        1.263940000000000063e+00
1200       1.263959999999999972e+00
1339       1.263959999999999972e+00
1145       1.263980000000000103e+00
1208       1.264019999999999921e+00
270        1.264199999999999990e+00
393        1.264199999999999990e+00
1173       1.264280000000000070e+00
1213       1.264340000000000019e+00
1055       1.264400000000000190e+00
1316       1.264400000000000190e+00
134        1.264420000000000099e+00
1315       1.264460000000000139e+00
1136       1.264499999999999957e+00
1090       1.264600000000000168e+00
1162       1.264600000000000168e+00
1195       1.264799999999999924e+00
1155       1.265000000000000124e+00
1212       1.265020000000000033e+00
1206       1.265140000000000153e+00
215        1.265220000000000011e+00
327        1.265380000000000171e+00
1289       1.265519999999999978e+00
345        1.265579999999999927e+00
1185       1.265600000000000058e+00
439        1.265620000000000189e+00
1293       1.265700000000000047e+00
1159       1.265800000000000036e+00
824        1.265920000000000156e+00
1150       1.266040000000000054e+00
1245       1.266220000000000123e+00
81         1.266340000000000021e+00
1248       1.266539999999999999e+00
1168       1.266620000000000079e+00
630        1.266739999999999977e+00
197        1.266820000000000057e+00
1199       1.266900000000000137e+00
1128       1.266960000000000086e+00
69         1.266979999999999995e+00
1118       1.267000000000000126e+00
628        1.267020000000000035e+00
581        1.267039999999999944e+00
1306       1.267180000000000195e+00
1163       1.267419999999999991e+00
1281       1.267479999999999940e+00
11         1.267539999999999889e+00
1156       1.267579999999999929e+00
1133       1.267620000000000191e+00
1127       1.267759999999999998e+00
1340       1.267800000000000038e+00
808        1.267940000000000067e+00
1141       1.268120000000000136e+00
1015       1.268340000000000023e+00
1274       1.268340000000000023e+00
1164       1.268420000000000103e+00
1124       1.268480000000000052e+00
508        1.268520000000000092e+00
1328       1.268700000000000161e+00
1320       1.268780000000000019e+00
1313       1.268940000000000179e+00
1201       1.269039999999999946e+00
1256       1.269320000000000004e+00
454        1.269519999999999982e+00
1121       1.269600000000000062e+00
1188       1.269700000000000051e+00
1107       1.269800000000000040e+00
249        1.270000000000000018e+00
1194       1.270120000000000138e+00
1252       1.270319999999999894e+00
392        1.270340000000000025e+00
436        1.270360000000000156e+00
1057       1.270360000000000156e+00
1233       1.270460000000000145e+00
1266       1.270460000000000145e+00
1302       1.270520000000000094e+00
274        1.270540000000000003e+00
1189       1.270660000000000123e+00
1250       1.270660000000000123e+00
620        1.270700000000000163e+00
1229       1.270700000000000163e+00
1210       1.270720000000000072e+00
1184       1.270780000000000021e+00
1273       1.270860000000000101e+00
1219       1.270920000000000050e+00
213        1.271000000000000130e+00
1334       1.271020000000000039e+00
606        1.271039999999999948e+00
1285       1.271060000000000079e+00
1257       1.271180000000000199e+00
1343       1.271200000000000108e+00
1123       1.271239999999999926e+00
1284       1.271279999999999966e+00
1241       1.271339999999999915e+00
1258       1.271360000000000046e+00
1347       1.271400000000000086e+00
1236       1.271419999999999995e+00
1304       1.271419999999999995e+00
123        1.271620000000000195e+00
1177       1.271640000000000104e+00
1249       1.271660000000000013e+00
1212       1.272059999999999969e+00
1179       1.272140000000000049e+00
1216       1.272299999999999986e+00
1226       1.272400000000000198e+00
1246       1.272440000000000015e+00
1330       1.272499999999999964e+00
1260       1.272620000000000084e+00
1286       1.272640000000000216e+00
1341       1.272739999999999982e+00
1264       1.272880000000000233e+00
1288       1.272880000000000233e+00
347        1.272900000000000142e+00
607        1.272900000000000142e+00
1414       1.272900000000000142e+00
715        1.272940000000000182e+00
1157       1.273000000000000131e+00
1129       1.273039999999999949e+00
1017       1.273160000000000069e+00
1314       1.273160000000000069e+00
624        1.273200000000000109e+00
678        1.273200000000000109e+00
188        1.273299999999999876e+00
1336       1.273320000000000007e+00
1146       1.273380000000000178e+00
1198       1.273479999999999945e+00
1291       1.273560000000000025e+00
360        1.273600000000000065e+00
1191       1.273980000000000112e+00
1283       1.274059999999999970e+00
1265       1.274220000000000130e+00
1234       1.274299999999999988e+00
1142       1.274340000000000028e+00
1206       1.274340000000000028e+00
1230       1.274460000000000148e+00
1228       1.274460000000000148e+00
1298       1.274480000000000057e+00
1280       1.274580000000000046e+00
1329       1.274640000000000217e+00
1131       1.274680000000000035e+00
1355       1.274720000000000075e+00
1056       1.274799999999999933e+00
1221       1.274839999999999973e+00
1039       1.274860000000000104e+00
1359       1.274900000000000144e+00
1144       1.275020000000000042e+00
1277       1.275039999999999951e+00
1151       1.275060000000000082e+00
1356       1.275079999999999991e+00
608        1.275100000000000122e+00
1326       1.275220000000000020e+00
22         1.275320000000000009e+00
1311       1.275419999999999998e+00
555        1.275440000000000129e+00
1143       1.275660000000000016e+00
821        1.275920000000000165e+00
1299       1.276019999999999932e+00
1325       1.276019999999999932e+00
1207       1.276059999999999972e+00
1243       1.276100000000000234e+00
1253       1.276140000000000052e+00
169        1.276160000000000183e+00
227        1.276180000000000092e+00
1154       1.276259999999999950e+00
1295       1.276259999999999950e+00
1161       1.276299999999999990e+00
1156       1.276299999999999990e+00
1308       1.276319999999999899e+00
1276       1.276340000000000030e+00
1272       1.276400000000000201e+00
1353       1.276400000000000201e+00
1166       1.276420000000000110e+00
878        1.276640000000000219e+00
1147       1.276640000000000219e+00
616        1.276720000000000077e+00
403        1.276780000000000026e+00
1231       1.276860000000000106e+00
1183       1.276920000000000055e+00
1315       1.276940000000000186e+00
378        1.277079999999999993e+00
1251       1.277120000000000255e+00
1133       1.277360000000000051e+00
1327       1.277360000000000051e+00
1122       1.277460000000000040e+00
1203       1.277539999999999898e+00
783        1.277560000000000029e+00
481        1.277700000000000058e+00
1076       1.277800000000000047e+00
1225       1.277819999999999956e+00
1339       1.277880000000000127e+00
937        1.278000000000000025e+00
1301       1.278040000000000065e+00
1009       1.278140000000000054e+00
1127       1.278200000000000003e+00
1240       1.278220000000000134e+00
681        1.278299999999999992e+00
1172       1.278400000000000203e+00
595        1.278420000000000112e+00
1305       1.278640000000000221e+00
1242       1.278660000000000130e+00
684        1.278960000000000097e+00
1400       1.279000000000000137e+00
368        1.279120000000000035e+00
1180       1.279160000000000075e+00
925        1.279299999999999882e+00
1275       1.279420000000000002e+00
1197       1.279479999999999951e+00
1164       1.279500000000000082e+00
1152       1.279539999999999900e+00
1167       1.279579999999999940e+00
1519       1.279700000000000060e+00
1309       1.279860000000000220e+00
1098       1.280100000000000238e+00
1357       1.280100000000000238e+00
1165       1.280380000000000074e+00
388        1.280480000000000063e+00
1330       1.280540000000000012e+00
1282       1.280620000000000092e+00
709        1.280739999999999990e+00
1162       1.280799999999999939e+00
1261       1.280940000000000190e+00
449        1.281100000000000128e+00
1066       1.281220000000000026e+00
1352       1.281500000000000083e+00
895        1.281579999999999941e+00
1139       1.281680000000000152e+00
979        1.281719999999999970e+00
992        1.281740000000000101e+00
1300       1.281760000000000010e+00
898        1.281779999999999919e+00
1230       1.281900000000000039e+00
1155       1.281959999999999988e+00
1254       1.282120000000000148e+00
1205       1.282540000000000013e+00
1169       1.282600000000000184e+00
1186       1.282660000000000133e+00
1163       1.282900000000000151e+00
1296       1.283120000000000038e+00
1317       1.283299999999999885e+00
1125       1.283440000000000136e+00
1187       1.283440000000000136e+00
1404       1.283740000000000103e+00
718        1.283900000000000041e+00
750        1.284079999999999888e+00
1235       1.284200000000000008e+00
831        1.284380000000000077e+00
1177       1.284380000000000077e+00
1259       1.284380000000000077e+00
369        1.284780000000000033e+00
1233       1.285020000000000051e+00
556        1.285120000000000040e+00
1171       1.285279999999999978e+00
1232       1.285380000000000189e+00
363        1.285740000000000105e+00
154        1.285839999999999872e+00
1199       1.285940000000000083e+00
1323       1.286220000000000141e+00
1227       1.286360000000000170e+00
1222       1.286380000000000079e+00
229        1.286559999999999926e+00
1265       1.286600000000000188e+00
1201       1.286680000000000046e+00
1219       1.286680000000000046e+00
1263       1.286780000000000035e+00
1238       1.286880000000000246e+00
1320       1.286900000000000155e+00
1274       1.286920000000000064e+00
833        1.286980000000000013e+00
490        1.287100000000000133e+00
1158       1.287140000000000173e+00
1190       1.287140000000000173e+00
1216       1.287140000000000173e+00
1340       1.287200000000000122e+00
1156       1.287220000000000031e+00
654        1.287239999999999940e+00
1213       1.287239999999999940e+00
1236       1.287320000000000020e+00
1250       1.287339999999999929e+00
1331       1.287500000000000089e+00
1195       1.287519999999999998e+00
1328       1.287579999999999947e+00
1153       1.287640000000000118e+00
1174       1.287680000000000158e+00
1455       1.287700000000000067e+00
376        1.287719999999999976e+00
1130       1.287760000000000016e+00
1097       1.287779999999999925e+00
1210       1.287800000000000056e+00
830        1.287940000000000085e+00
1298       1.287940000000000085e+00
727        1.288019999999999943e+00
496        1.288040000000000074e+00
75         1.288079999999999892e+00
430        1.288160000000000194e+00
1251       1.288180000000000103e+00
1036       1.288220000000000143e+00
1324       1.288240000000000052e+00
1246       1.288259999999999961e+00
524        1.288340000000000041e+00
1120       1.288340000000000041e+00
92         1.288380000000000081e+00
1267       1.288440000000000030e+00
500        1.288499999999999979e+00
1277       1.288499999999999979e+00
29         1.288580000000000059e+00
1245       1.288580000000000059e+00
31         1.288780000000000037e+00
1138       1.288780000000000037e+00
315        1.288920000000000066e+00
683        1.288999999999999924e+00
805        1.289059999999999873e+00
1181       1.289100000000000135e+00
1287       1.289140000000000175e+00
1292       1.289279999999999982e+00
1523       1.289299999999999891e+00
1306       1.289339999999999931e+00
1321       1.289420000000000011e+00
1279       1.289479999999999960e+00
1308       1.289560000000000040e+00
1272       1.289700000000000069e+00
1176       1.290000000000000036e+00
1208       1.290019999999999945e+00
1303       1.290019999999999945e+00
225        1.290120000000000156e+00
671        1.290220000000000145e+00
1167       1.290280000000000094e+00
1215       1.290280000000000094e+00
915        1.290319999999999911e+00
1302       1.290319999999999911e+00
1170       1.290360000000000174e+00
1310       1.290380000000000082e+00
1200       1.290440000000000031e+00
1315       1.290620000000000100e+00
489        1.290780000000000038e+00
534        1.290920000000000067e+00
825        1.291100000000000136e+00
1224       1.291120000000000045e+00
697        1.291200000000000125e+00
1202       1.291299999999999892e+00
689        1.291600000000000081e+00
1241       1.291600000000000081e+00
1141       1.291640000000000121e+00
184        1.291860000000000230e+00
1273       1.291920000000000179e+00
1343       1.291920000000000179e+00
1337       1.291959999999999997e+00
1184       1.292079999999999895e+00
813        1.292200000000000015e+00
1329       1.292280000000000095e+00
1237       1.292300000000000004e+00
692        1.292400000000000215e+00
543        1.292440000000000033e+00
1270       1.292559999999999931e+00
1229       1.292580000000000062e+00
1178       1.292920000000000069e+00
63         1.292980000000000018e+00
178        1.293120000000000047e+00
1127       1.293160000000000087e+00
1149       1.293220000000000036e+00
1132       1.293220000000000036e+00
1192       1.293260000000000076e+00
1220       1.293360000000000065e+00
1297       1.293360000000000065e+00
1305       1.293520000000000003e+00
1123       1.293539999999999912e+00
1211       1.293560000000000043e+00
1281       1.293579999999999952e+00
1172       1.293640000000000123e+00
1209       1.293740000000000112e+00
1051       1.294000000000000039e+00
1322       1.294160000000000199e+00
662        1.294180000000000108e+00
1150       1.294319999999999915e+00
1350       1.294620000000000104e+00
1143       1.294660000000000144e+00
1278       1.294740000000000002e+00
1217       1.295080000000000009e+00
1228       1.295100000000000140e+00
600        1.295239999999999947e+00
1330       1.295320000000000027e+00
1140       1.295339999999999936e+00
1336       1.295339999999999936e+00
1233       1.295400000000000107e+00
383        1.295539999999999914e+00
1198       1.295819999999999972e+00
408        1.296240000000000059e+00
1175       1.296240000000000059e+00
1154       1.296259999999999968e+00
1128       1.296319999999999917e+00
1029       1.296340000000000048e+00
274        1.296699999999999964e+00
94         1.296839999999999993e+00
1159       1.296900000000000164e+00
558        1.297239999999999949e+00
1196       1.297440000000000149e+00
686        1.297460000000000058e+00
1171       1.297620000000000218e+00
595        1.297779999999999934e+00
1130       1.297880000000000145e+00
1335       1.297880000000000145e+00
882        1.297900000000000054e+00
1214       1.297960000000000003e+00
1354       1.298000000000000043e+00
1253       1.298100000000000254e+00
1226       1.298140000000000072e+00
1313       1.298140000000000072e+00
931        1.298200000000000021e+00
446        1.298220000000000152e+00
1283       1.298360000000000181e+00
1122       1.298380000000000090e+00
522        1.298400000000000221e+00
1058       1.298499999999999988e+00
1207       1.298860000000000126e+00
1246       1.298980000000000024e+00
1239       1.299080000000000013e+00
250        1.299120000000000053e+00
284        1.299160000000000093e+00
1133       1.299160000000000093e+00
1318       1.299160000000000093e+00
1315       1.299180000000000001e+00
195        1.299200000000000133e+00
38         1.299239999999999950e+00
270        1.299440000000000150e+00
1332       1.299440000000000150e+00
266        1.299579999999999957e+00
1156       1.299579999999999957e+00
1323       1.299880000000000146e+00
1248       1.300140000000000073e+00
1311       1.300380000000000091e+00
1341       1.300460000000000171e+00
1200       1.300499999999999989e+00
1317       1.300620000000000109e+00
658        1.300680000000000058e+00
1186       1.300680000000000058e+00
981        1.300720000000000098e+00
1280       1.300720000000000098e+00
1168       1.300780000000000047e+00
1153       1.300819999999999865e+00
1262       1.300939999999999985e+00
1179       1.301059999999999883e+00
1234       1.301160000000000094e+00
1145       1.301220000000000043e+00
1314       1.301260000000000083e+00
1247       1.301380000000000203e+00
1344       1.301479999999999970e+00
1308       1.301520000000000010e+00
1286       1.301520000000000010e+00
830        1.301620000000000221e+00
1340       1.301700000000000079e+00
1225       1.301719999999999988e+00
1437       1.301779999999999937e+00
1151       1.301800000000000068e+00
1236       1.301800000000000068e+00
1127       1.302040000000000086e+00
1144       1.302180000000000115e+00
1223       1.302200000000000024e+00
1337       1.302220000000000155e+00
0          1.302240000000000064e+00
122        1.302240000000000064e+00
899        1.302259999999999973e+00
1255       1.302360000000000184e+00
1155       1.302440000000000042e+00
1095       1.302480000000000082e+00
1276       1.302519999999999900e+00
1177       1.302579999999999849e+00
953        1.302600000000000202e+00
1296       1.302740000000000009e+00
1327       1.302999999999999936e+00
1167       1.303020000000000067e+00
698        1.303140000000000187e+00
1352       1.303180000000000005e+00
150        1.303539999999999921e+00
917        1.303620000000000223e+00
1306       1.303920000000000190e+00
1325       1.304019999999999957e+00
281        1.304100000000000259e+00
1357       1.304120000000000168e+00
1194       1.304360000000000186e+00
1100       1.304380000000000095e+00
536        1.304400000000000226e+00
181        1.304420000000000135e+00
1358       1.304420000000000135e+00
1219       1.304480000000000084e+00
860        1.304499999999999993e+00
1217       1.304519999999999902e+00
444        1.304540000000000033e+00
1244       1.304559999999999942e+00
1349       1.304579999999999851e+00
893        1.304680000000000062e+00
1148       1.304720000000000102e+00
1183       1.304880000000000040e+00
1302       1.305020000000000069e+00
1138       1.305360000000000076e+00
1271       1.305360000000000076e+00
236        1.305400000000000116e+00
456        1.305460000000000065e+00
886        1.305479999999999974e+00
1326       1.305479999999999974e+00
1172       1.305539999999999923e+00
1059       1.305579999999999963e+00
605        1.305640000000000134e+00
1150       1.305640000000000134e+00
1216       1.305680000000000174e+00
1190       1.305700000000000083e+00
784        1.305760000000000032e+00
1252       1.305900000000000061e+00
1221       1.305960000000000010e+00
1184       1.306059999999999999e+00
1346       1.306079999999999908e+00
1251       1.306120000000000170e+00
885        1.306180000000000119e+00
1201       1.306220000000000159e+00
1492       1.306259999999999977e+00
673        1.306339999999999835e+00
1152       1.306380000000000097e+00
1198       1.306380000000000097e+00
935        1.306400000000000228e+00
382        1.306420000000000137e+00
969        1.306499999999999995e+00
1197       1.306519999999999904e+00
1137       1.306540000000000035e+00
1213       1.306559999999999944e+00
520        1.306579999999999853e+00
735        1.306600000000000206e+00
1316       1.306600000000000206e+00
193        1.306640000000000024e+00
1264       1.306640000000000024e+00
455        1.306680000000000064e+00
398        1.306780000000000053e+00
1347       1.306819999999999871e+00
1298       1.306900000000000173e+00
1343       1.306980000000000031e+00
1181       1.306999999999999940e+00
539        1.307020000000000071e+00
1191       1.307020000000000071e+00
790        1.307039999999999980e+00
1359       1.307080000000000020e+00
1241       1.307180000000000009e+00
1331       1.307220000000000049e+00
1532       1.307239999999999958e+00
1185       1.307299999999999907e+00
1158       1.307360000000000078e+00
1133       1.307380000000000209e+00
546        1.307460000000000067e+00
212        1.307479999999999976e+00
1345       1.307479999999999976e+00
1292       1.307500000000000107e+00
183        1.307600000000000096e+00
1293       1.307640000000000136e+00
1109       1.307680000000000176e+00
1175       1.307700000000000085e+00
1165       1.307719999999999994e+00
1300       1.307779999999999943e+00
1287       1.307800000000000074e+00
1224       1.307880000000000154e+00
1274       1.308079999999999909e+00
436        1.308140000000000081e+00
1017       1.308140000000000081e+00
137        1.308240000000000069e+00
1136       1.308259999999999978e+00
719        1.308339999999999836e+00
108        1.308440000000000047e+00
1290       1.308459999999999956e+00
797        1.308480000000000087e+00
1341       1.308519999999999905e+00
1239       1.308600000000000207e+00
1267       1.308600000000000207e+00
1330       1.308600000000000207e+00
1123       1.308680000000000065e+00
53         1.308740000000000014e+00
1199       1.308799999999999963e+00
312        1.308900000000000174e+00
1258       1.309360000000000079e+00
1319       1.309400000000000119e+00
309        1.309500000000000108e+00
1042       1.309620000000000228e+00
1237       1.309640000000000137e+00
868        1.309700000000000086e+00
1256       1.309700000000000086e+00
1186       1.309779999999999944e+00
890        1.309819999999999984e+00
1259       1.309860000000000246e+00
1179       1.309960000000000013e+00
1120       1.310000000000000053e+00
1206       1.310259999999999980e+00
1218       1.310319999999999929e+00
904        1.310420000000000140e+00
1323       1.310459999999999958e+00
1318       1.310499999999999998e+00
691        1.310720000000000107e+00
1254       1.310720000000000107e+00
1189       1.310759999999999925e+00
1208       1.310840000000000005e+00
1261       1.310880000000000045e+00
327        1.311020000000000074e+00
695        1.311059999999999892e+00
1170       1.311080000000000023e+00
1223       1.311120000000000063e+00
1299       1.311120000000000063e+00
601        1.311220000000000052e+00
1121       1.311239999999999961e+00
1083       1.311260000000000092e+00
1297       1.311360000000000081e+00
1400       1.311380000000000212e+00
1301       1.311440000000000161e+00
1284       1.311479999999999979e+00
1125       1.311539999999999928e+00
1212       1.311560000000000059e+00
154        1.311740000000000128e+00
1242       1.311860000000000248e+00
1282       1.311880000000000157e+00
1353       1.311920000000000197e+00
1226       1.312000000000000055e+00
19         1.312019999999999964e+00
473        1.312319999999999931e+00
1130       1.312420000000000142e+00
1154       1.312600000000000211e+00
214        1.312640000000000029e+00
1233       1.312699999999999978e+00
1260       1.312740000000000018e+00
1270       1.312780000000000058e+00
1325       1.312799999999999967e+00
1320       1.312880000000000047e+00
1332       1.312980000000000036e+00
929        1.313039999999999985e+00
1240       1.313080000000000025e+00
1268       1.313200000000000145e+00
1135       1.313320000000000043e+00
1339       1.313339999999999952e+00
1253       1.313440000000000163e+00
278        1.313460000000000072e+00
1139       1.313560000000000061e+00
799        1.313579999999999970e+00
1131       1.313719999999999999e+00
551        1.313839999999999897e+00
1124       1.314060000000000006e+00
961        1.314120000000000177e+00
1129       1.314219999999999944e+00
1173       1.314339999999999842e+00
610        1.314360000000000195e+00
1324       1.314699999999999980e+00
1342       1.314840000000000009e+00
1164       1.314880000000000049e+00
920        1.314920000000000089e+00
1275       1.314920000000000089e+00
1294       1.315039999999999987e+00
1255       1.315080000000000027e+00
170        1.315120000000000067e+00
829        1.315160000000000107e+00
6          1.315260000000000096e+00
1311       1.315740000000000132e+00
1144       1.315960000000000019e+00
1133       1.315960000000000019e+00
1200       1.316100000000000270e+00
1305       1.316100000000000270e+00
1065       1.316140000000000088e+00
1238       1.316140000000000088e+00
1159       1.316420000000000146e+00
1247       1.316459999999999964e+00
1194       1.316559999999999953e+00
613        1.316579999999999862e+00
911        1.316680000000000073e+00
775        1.316720000000000113e+00
1167       1.316740000000000022e+00
29         1.316759999999999931e+00
1290       1.316900000000000182e+00
1291       1.317080000000000028e+00
1163       1.317160000000000108e+00
246        1.317220000000000057e+00
1276       1.317299999999999915e+00
1203       1.317360000000000086e+00
1195       1.317360000000000086e+00
1257       1.317360000000000086e+00
1185       1.317420000000000035e+00
1309       1.317460000000000075e+00
1334       1.317560000000000064e+00
1351       1.317579999999999973e+00
754        1.317620000000000235e+00
1201       1.317660000000000053e+00
516        1.317740000000000133e+00
819        1.317779999999999951e+00
1236       1.317880000000000162e+00
1153       1.317900000000000071e+00
1147       1.317920000000000202e+00
244        1.317980000000000151e+00
789        1.318000000000000060e+00
959        1.318000000000000060e+00
957        1.318040000000000100e+00
1117       1.318040000000000100e+00
1158       1.318040000000000100e+00
1266       1.318060000000000009e+00
674        1.318140000000000089e+00
1209       1.318159999999999998e+00
1265       1.318159999999999998e+00
1350       1.318159999999999998e+00
1520       1.318200000000000038e+00
250        1.318240000000000078e+00
1272       1.318300000000000027e+00
1356       1.318319999999999936e+00
1250       1.318360000000000198e+00
1345       1.318440000000000056e+00
1029       1.318519999999999914e+00
1182       1.318600000000000216e+00
415        1.318960000000000132e+00
1143       1.319100000000000161e+00
1348       1.319140000000000201e+00
706        1.319180000000000019e+00
759        1.319220000000000059e+00
401        1.319500000000000117e+00
1184       1.319620000000000237e+00
1241       1.319620000000000237e+00
1352       1.319740000000000135e+00
178        1.319839999999999902e+00
1138       1.319839999999999902e+00
1289       1.319940000000000113e+00
1245       1.319960000000000022e+00
913        1.319980000000000153e+00
1202       1.320060000000000011e+00
273        1.320079999999999920e+00
942        1.320100000000000273e+00
870        1.320140000000000091e+00
1207       1.320140000000000091e+00
824        1.320200000000000040e+00
1004       1.320200000000000040e+00
1197       1.320219999999999949e+00
316        1.320259999999999989e+00
165        1.320360000000000200e+00
1230       1.320360000000000200e+00
1292       1.320440000000000058e+00
1166       1.320459999999999967e+00
1210       1.320459999999999967e+00
504        1.320559999999999956e+00
1243       1.320579999999999865e+00
1355       1.320579999999999865e+00
1321       1.320600000000000218e+00
1146       1.320660000000000167e+00
1172       1.320660000000000167e+00
1155       1.320699999999999985e+00
1149       1.320780000000000065e+00
1134       1.320799999999999974e+00
1324       1.320799999999999974e+00
877        1.320819999999999883e+00
1152       1.320840000000000014e+00
1246       1.320920000000000094e+00
1244       1.320920000000000094e+00
1242       1.320920000000000094e+00
1357       1.320980000000000043e+00
1069       1.321039999999999992e+00
1306       1.321059999999999901e+00
1322       1.321140000000000203e+00
192        1.321239999999999970e+00
410        1.321280000000000010e+00
909        1.321420000000000039e+00
52         1.321740000000000137e+00
981        1.321760000000000046e+00
968        1.321779999999999955e+00
1335       1.321779999999999955e+00
293        1.321880000000000166e+00
502        1.321880000000000166e+00
1253       1.321900000000000075e+00
1193       1.322039999999999882e+00
206        1.322079999999999922e+00
190        1.322180000000000133e+00
1251       1.322240000000000082e+00
1132       1.322319999999999940e+00
1304       1.322339999999999849e+00
733        1.322380000000000111e+00
195        1.322440000000000060e+00
1344       1.322999999999999954e+00
454        1.323180000000000023e+00
1198       1.323620000000000241e+00
814        1.323640000000000150e+00
227        1.324000000000000066e+00
1300       1.324120000000000186e+00
1295       1.324120000000000186e+00
1339       1.324160000000000004e+00
1180       1.324219999999999953e+00
1279       1.324339999999999851e+00
1297       1.324380000000000113e+00
1275       1.324440000000000062e+00
1347       1.324699999999999989e+00
264        1.324740000000000029e+00
1231       1.324999999999999956e+00
1263       1.324999999999999956e+00
1302       1.325160000000000116e+00
1249       1.325299999999999923e+00
391        1.325339999999999963e+00
929        1.325360000000000094e+00
1247       1.325400000000000134e+00
1179       1.325420000000000043e+00
1299       1.325440000000000174e+00
709        1.325579999999999981e+00
1227       1.325579999999999981e+00
1354       1.325860000000000261e+00
107        1.325880000000000170e+00
1259       1.326060000000000016e+00
478        1.326079999999999925e+00
1187       1.326079999999999925e+00
1269       1.326100000000000056e+00
451        1.326140000000000096e+00
1303       1.326279999999999903e+00
908        1.326380000000000114e+00
1164       1.326380000000000114e+00
1148       1.326600000000000223e+00
1308       1.326640000000000041e+00
1130       1.326799999999999979e+00
1232       1.326940000000000008e+00
1176       1.326960000000000139e+00
1137       1.327059999999999906e+00
1215       1.327180000000000026e+00
1189       1.327180000000000026e+00
1271       1.327180000000000026e+00
303        1.327200000000000157e+00
923        1.327220000000000066e+00
1224       1.327220000000000066e+00
85         1.327339999999999964e+00
880        1.327360000000000095e+00
1330       1.327420000000000044e+00
441        1.327460000000000084e+00
413        1.327620000000000244e+00
1305       1.327640000000000153e+00
1238       1.327700000000000102e+00
1255       1.327720000000000011e+00
1342       1.327720000000000011e+00
1315       1.327779999999999960e+00
1331       1.327940000000000120e+00
816        1.327960000000000029e+00
1136       1.328000000000000069e+00
104        1.328120000000000189e+00
1201       1.328319999999999945e+00
1183       1.328380000000000116e+00
1229       1.328380000000000116e+00
1287       1.328600000000000225e+00
1350       1.328620000000000134e+00
1217       1.328740000000000032e+00
1207       1.329140000000000210e+00
1286       1.329180000000000028e+00
1075       1.329280000000000017e+00
492        1.329320000000000057e+00
1205       1.329479999999999995e+00
1090       1.329600000000000115e+00
1333       1.329919999999999991e+00
1170       1.330100000000000060e+00
1254       1.330140000000000100e+00
1326       1.330240000000000089e+00
1357       1.330680000000000085e+00
1293       1.330819999999999892e+00
1171       1.330840000000000023e+00
1178       1.330880000000000063e+00
1336       1.331200000000000161e+00
1210       1.331320000000000059e+00
1262       1.331339999999999968e+00
553        1.331479999999999997e+00
1214       1.331600000000000117e+00
759        1.331760000000000055e+00
1155       1.331960000000000033e+00
998        1.332060000000000022e+00
1288       1.332380000000000120e+00
1505       1.332380000000000120e+00
1316       1.332600000000000229e+00
1338       1.332819999999999894e+00
1159       1.332960000000000145e+00
278        1.333040000000000003e+00
1313       1.333140000000000214e+00
1268       1.333180000000000032e+00
1282       1.333220000000000072e+00
260        1.333260000000000112e+00
1270       1.333320000000000061e+00
1222       1.333339999999999970e+00
605        1.333380000000000232e+00
1228       1.333400000000000141e+00
1510       1.333400000000000141e+00
1063       1.333560000000000079e+00
1311       1.333779999999999966e+00
1220       1.333799999999999875e+00
909        1.334100000000000064e+00
1319       1.334420000000000162e+00
952        1.334500000000000020e+00
1281       1.334500000000000020e+00
994        1.334559999999999969e+00
1328       1.334579999999999878e+00
1235       1.334620000000000140e+00
160        1.334680000000000089e+00
1240       1.334699999999999998e+00
1122       1.334720000000000129e+00
186        1.334759999999999946e+00
1143       1.334880000000000067e+00
1202       1.334880000000000067e+00
1234       1.334900000000000198e+00
817        1.334980000000000055e+00
1325       1.334980000000000055e+00
1261       1.335040000000000004e+00
1134       1.335059999999999913e+00
229        1.335100000000000176e+00
1203       1.335100000000000176e+00
777        1.335120000000000084e+00
736        1.335260000000000113e+00
1161       1.335440000000000182e+00
933        1.335579999999999989e+00
1289       1.335579999999999989e+00
1544       1.335700000000000109e+00
1314       1.335760000000000058e+00
1151       1.335799999999999876e+00
951        1.335820000000000007e+00
1165       1.335820000000000007e+00
797        1.335860000000000047e+00
1219       1.335860000000000047e+00
111        1.336120000000000196e+00
1195       1.336140000000000105e+00
1177       1.336160000000000014e+00
1295       1.336200000000000054e+00
1124       1.336400000000000032e+00
1324       1.336400000000000032e+00
1249       1.336420000000000163e+00
1284       1.336459999999999981e+00
1335       1.336459999999999981e+00
1247       1.336500000000000021e+00
1472       1.336519999999999930e+00
1179       1.336540000000000061e+00
503        1.336579999999999879e+00
1173       1.336600000000000232e+00
1189       1.336620000000000141e+00
75         1.336880000000000068e+00
1232       1.336920000000000108e+00
1192       1.336940000000000017e+00
1252       1.336960000000000148e+00
954        1.336980000000000057e+00
1331       1.336999999999999966e+00
1349       1.337020000000000097e+00
1260       1.337100000000000177e+00
1132       1.337200000000000166e+00
704        1.337299999999999933e+00
253        1.337360000000000104e+00
1359       1.337360000000000104e+00
1344       1.337360000000000104e+00
729        1.337480000000000002e+00
921        1.337600000000000122e+00
1320       1.337640000000000162e+00
1145       1.337680000000000202e+00
872        1.337700000000000111e+00
1209       1.337700000000000111e+00
1217       1.337739999999999929e+00
1309       1.337779999999999969e+00
1334       1.337799999999999878e+00
1131       1.337960000000000038e+00
1167       1.337960000000000038e+00
1123       1.338019999999999987e+00
1153       1.338039999999999896e+00
1227       1.338039999999999896e+00
1150       1.338060000000000027e+00
1447       1.338060000000000027e+00
1298       1.338160000000000016e+00
850        1.338180000000000147e+00
890        1.338200000000000056e+00
194        1.338339999999999863e+00
1263       1.338380000000000125e+00
969        1.338420000000000165e+00
491        1.338440000000000074e+00
1321       1.338459999999999983e+00
1236       1.338480000000000114e+00
732        1.338579999999999881e+00
1221       1.338620000000000143e+00
314        1.338640000000000052e+00
1341       1.338640000000000052e+00
1213       1.338660000000000183e+00
1329       1.338660000000000183e+00
33         1.338680000000000092e+00
1291       1.338700000000000001e+00
1051       1.338720000000000132e+00
304        1.338740000000000041e+00
1318       1.338860000000000161e+00
1264       1.338880000000000070e+00
1224       1.338900000000000201e+00
1218       1.338920000000000110e+00
1326       1.338920000000000110e+00
905        1.338980000000000059e+00
1204       1.339020000000000099e+00
357        1.339080000000000048e+00
1358       1.339080000000000048e+00
61         1.339100000000000179e+00
274        1.339100000000000179e+00
220        1.339120000000000088e+00
1196       1.339140000000000219e+00
1125       1.339180000000000037e+00
1176       1.339180000000000037e+00
1570       1.339220000000000077e+00
10         1.339260000000000117e+00
381        1.339280000000000026e+00
1197       1.339299999999999935e+00
1525       1.339320000000000066e+00
16         1.339339999999999975e+00
1297       1.339339999999999975e+00
531        1.339380000000000237e+00
1277       1.339380000000000237e+00
1296       1.339380000000000237e+00
815        1.339400000000000146e+00
1208       1.339420000000000055e+00
101        1.339440000000000186e+00
978        1.339440000000000186e+00
1216       1.339480000000000004e+00
1149       1.339520000000000044e+00
867        1.339539999999999953e+00
1355       1.339539999999999953e+00
476        1.339560000000000084e+00
1139       1.339700000000000113e+00
1142       1.339720000000000022e+00
421        1.339760000000000062e+00
1198       1.339839999999999920e+00
1205       1.340019999999999989e+00
1257       1.340540000000000065e+00
1166       1.340640000000000054e+00
22         1.340680000000000094e+00
97         1.340700000000000003e+00
397        1.340940000000000021e+00
1269       1.340940000000000021e+00
1337       1.341020000000000101e+00
1285       1.341059999999999919e+00
673        1.341339999999999977e+00
1278       1.341380000000000239e+00
275        1.341440000000000188e+00
52         1.341520000000000046e+00
1138       1.341539999999999955e+00
1172       1.341539999999999955e+00
1231       1.341660000000000075e+00
526        1.341679999999999984e+00
544        1.341679999999999984e+00
1002       1.341720000000000024e+00
1280       1.341720000000000024e+00
665        1.341779999999999973e+00
1202       1.341799999999999882e+00
1186       1.341839999999999922e+00
1190       1.342039999999999900e+00
1091       1.342120000000000202e+00
1181       1.342160000000000020e+00
1162       1.342240000000000100e+00
366        1.342420000000000169e+00
1293       1.342459999999999987e+00
1310       1.342559999999999976e+00
300        1.342999999999999972e+00
227        1.343080000000000052e+00
311        1.343120000000000092e+00
1267       1.343200000000000172e+00
25         1.343239999999999990e+00
1253       1.343260000000000121e+00
1136       1.343400000000000150e+00
1238       1.343539999999999957e+00
1343       1.343600000000000128e+00
614        1.343739999999999934e+00
59         1.343860000000000054e+00
868        1.344079999999999941e+00
1230       1.344219999999999970e+00
1319       1.344260000000000010e+00
1294       1.344440000000000079e+00
1271       1.344700000000000006e+00
1128       1.344759999999999955e+00
1000       1.344819999999999904e+00
1276       1.344880000000000075e+00
813        1.344900000000000206e+00
1165       1.345020000000000104e+00
1252       1.345220000000000082e+00
1143       1.345260000000000122e+00
1347       1.345280000000000031e+00
1215       1.345299999999999940e+00
602        1.345339999999999980e+00
308        1.345380000000000242e+00
893        1.345440000000000191e+00
1174       1.345480000000000009e+00
156        1.345600000000000129e+00
1168       1.345679999999999987e+00
1338       1.345739999999999936e+00
1352       1.345860000000000056e+00
1141       1.345880000000000187e+00
901        1.345920000000000005e+00
1222       1.345940000000000136e+00
816        1.345979999999999954e+00
569        1.346000000000000085e+00
446        1.346019999999999994e+00
592        1.346120000000000205e+00
716        1.346200000000000063e+00
500        1.346339999999999870e+00
1184       1.346459999999999990e+00
1223       1.346500000000000030e+00
1301       1.346900000000000208e+00
1197       1.346920000000000117e+00
119        1.346940000000000026e+00
1296       1.347040000000000015e+00
107        1.347280000000000033e+00
1354       1.347559999999999869e+00
1126       1.347660000000000080e+00
915        1.347720000000000029e+00
827        1.347779999999999978e+00
1268       1.347779999999999978e+00
1274       1.347820000000000018e+00
538        1.347839999999999927e+00
1214       1.347839999999999927e+00
1286       1.347860000000000058e+00
527        1.347900000000000098e+00
1245       1.347920000000000007e+00
425        1.347960000000000047e+00
583        1.347979999999999956e+00
1231       1.348039999999999905e+00
327        1.348060000000000036e+00
1185       1.348140000000000116e+00
468        1.348160000000000025e+00
1160       1.348160000000000025e+00
1328       1.348160000000000025e+00
292        1.348180000000000156e+00
778        1.348260000000000014e+00
1306       1.348260000000000014e+00
590        1.348300000000000054e+00
1183       1.348360000000000225e+00
1040       1.348380000000000134e+00
401        1.348400000000000043e+00
1303       1.348400000000000043e+00
431        1.348440000000000083e+00
346        1.348620000000000152e+00
1357       1.348640000000000061e+00
1325       1.348660000000000192e+00
1289       1.348759999999999959e+00
1130       1.349040000000000017e+00
1127       1.349040000000000017e+00
1193       1.349059999999999926e+00
1256       1.349059999999999926e+00
1241       1.349120000000000097e+00
1290       1.349120000000000097e+00
1180       1.349180000000000046e+00
1170       1.349339999999999984e+00
1349       1.349339999999999984e+00
822        1.349420000000000064e+00
1082       1.349460000000000104e+00
249        1.349520000000000053e+00
1288       1.349520000000000053e+00
607        1.349580000000000002e+00
1061       1.349600000000000133e+00
247        1.349640000000000173e+00
211        1.349679999999999991e+00
1309       1.349760000000000071e+00
513        1.349799999999999889e+00
1159       1.349799999999999889e+00
1028       1.349820000000000020e+00
1345       1.349880000000000191e+00
1249       1.349900000000000100e+00
269        1.349920000000000009e+00
1248       1.349940000000000140e+00
1144       1.350079999999999947e+00
426        1.350100000000000078e+00
1021       1.350200000000000067e+00
482        1.350279999999999925e+00
692        1.350319999999999965e+00
1152       1.350339999999999874e+00
396        1.350360000000000227e+00
1163       1.350380000000000136e+00
1187       1.350380000000000136e+00
462        1.350459999999999994e+00
1243       1.350480000000000125e+00
1191       1.350500000000000034e+00
1333       1.350559999999999983e+00
1229       1.350700000000000012e+00
1235       1.350720000000000143e+00
266        1.350740000000000052e+00
1334       1.350759999999999961e+00
1122       1.350800000000000001e+00
1251       1.350860000000000172e+00
604        1.350940000000000030e+00
918        1.351120000000000099e+00
336        1.351220000000000088e+00
1167       1.351220000000000088e+00
672        1.351260000000000128e+00
1285       1.351260000000000128e+00
955        1.351280000000000037e+00
1178       1.351339999999999986e+00
433        1.351460000000000106e+00
1262       1.351480000000000015e+00
1324       1.351520000000000055e+00
1348       1.351600000000000135e+00
1147       1.351679999999999993e+00
1146       1.351739999999999942e+00
1279       1.351860000000000062e+00
1186       1.351960000000000051e+00
411        1.352100000000000080e+00
1312       1.352180000000000160e+00
1307       1.352459999999999996e+00
1350       1.352620000000000156e+00
528        1.352759999999999962e+00
1317       1.352780000000000094e+00
1078       1.352840000000000042e+00
836        1.353439999999999976e+00
1293       1.353640000000000176e+00
1198       1.353700000000000125e+00
443        1.353820000000000023e+00
1337       1.353820000000000023e+00
1158       1.354020000000000001e+00
1151       1.354140000000000121e+00
350        1.354600000000000248e+00
837        1.354600000000000248e+00
752        1.354620000000000157e+00
1257       1.354660000000000197e+00
1124       1.355220000000000091e+00
1181       1.355299999999999949e+00
675        1.355420000000000069e+00
1263       1.355420000000000069e+00
724        1.355439999999999978e+00
141        1.355460000000000109e+00
1565       1.355480000000000018e+00
668        1.355559999999999876e+00
1521       1.355660000000000087e+00
1321       1.355700000000000127e+00
1190       1.355779999999999985e+00
1323       1.355820000000000025e+00
104        1.355979999999999963e+00
1233       1.356020000000000003e+00
1277       1.356020000000000003e+00
621        1.356039999999999912e+00
1160       1.356039999999999912e+00
1129       1.356060000000000043e+00
1189       1.356060000000000043e+00
1157       1.356079999999999952e+00
741        1.356100000000000083e+00
1139       1.356100000000000083e+00
1245       1.356100000000000083e+00
1336       1.356100000000000083e+00
576        1.356120000000000214e+00
342        1.356160000000000032e+00
94         1.356180000000000163e+00
65         1.356200000000000072e+00
1188       1.356200000000000072e+00
1303       1.356200000000000072e+00
1455       1.356260000000000021e+00
1171       1.356339999999999879e+00
1352       1.356400000000000050e+00
1009       1.356559999999999988e+00
1093       1.356559999999999988e+00
1075       1.356759999999999966e+00
1228       1.356840000000000046e+00
1264       1.356900000000000217e+00
822        1.356960000000000166e+00
38         1.357059999999999933e+00
1331       1.357120000000000104e+00
1104       1.357160000000000144e+00
1516       1.357180000000000053e+00
543        1.357400000000000162e+00
1299       1.357420000000000071e+00
128        1.357439999999999980e+00
1132       1.357480000000000020e+00
1137       1.357580000000000009e+00
1148       1.357679999999999998e+00
1207       1.357679999999999998e+00
1196       1.357839999999999936e+00
1281       1.357900000000000107e+00
807        1.357920000000000016e+00
1443       1.357940000000000147e+00
273        1.357960000000000056e+00
1260       1.357960000000000056e+00
852        1.357979999999999965e+00
236        1.358039999999999914e+00
1254       1.358100000000000085e+00
598        1.358120000000000216e+00
1332       1.358140000000000125e+00
330        1.358160000000000034e+00
1194       1.358180000000000165e+00
1292       1.358279999999999932e+00
1289       1.358279999999999932e+00
1216       1.358339999999999881e+00
1287       1.358440000000000092e+00
1302       1.358460000000000001e+00
1338       1.358600000000000252e+00
1143       1.358680000000000110e+00
1214       1.358759999999999968e+00
1162       1.358900000000000219e+00
1486       1.359100000000000197e+00
1180       1.359220000000000095e+00
1311       1.359259999999999913e+00
1297       1.359339999999999993e+00
1298       1.359520000000000062e+00
1145       1.359539999999999971e+00
1202       1.359580000000000011e+00
1300       1.359600000000000142e+00
705        1.359779999999999989e+00
275        1.359860000000000069e+00
369        1.359860000000000069e+00
424        1.359860000000000069e+00
1164       1.359940000000000149e+00
1322       1.359979999999999967e+00
1326       1.360000000000000098e+00
782        1.360039999999999916e+00
243        1.360100000000000087e+00
651        1.360140000000000127e+00
1473       1.360160000000000036e+00
1295       1.360240000000000116e+00
108        1.360260000000000025e+00
1220       1.360360000000000236e+00
1256       1.360380000000000145e+00
1329       1.360420000000000185e+00
1134       1.360500000000000043e+00
903        1.360519999999999952e+00
1320       1.360600000000000254e+00
702        1.360680000000000112e+00
417        1.360759999999999970e+00
634        1.360780000000000101e+00
1379       1.360920000000000130e+00
1314       1.360940000000000039e+00
552        1.361040000000000028e+00
1131       1.361040000000000028e+00
1212       1.361160000000000148e+00
670        1.361240000000000006e+00
494        1.361400000000000166e+00
1198       1.361460000000000115e+00
180        1.361559999999999881e+00
1259       1.361600000000000144e+00
1341       1.361620000000000053e+00
726        1.361640000000000184e+00
1313       1.361660000000000093e+00
1291       1.361680000000000001e+00
1296       1.361720000000000041e+00
12         1.361779999999999990e+00
455        1.361839999999999939e+00
1175       1.361839999999999939e+00
1318       1.361860000000000070e+00
1169       1.361900000000000110e+00
1251       1.361940000000000150e+00
383        1.361979999999999968e+00
154        1.362100000000000088e+00
1576       1.362100000000000088e+00
1324       1.362200000000000077e+00
883        1.362240000000000117e+00
178        1.362279999999999935e+00
1271       1.362279999999999935e+00
1156       1.362319999999999975e+00
1223       1.362339999999999884e+00
1351       1.362380000000000146e+00
1125       1.362400000000000055e+00
209        1.362500000000000044e+00
1286       1.362880000000000091e+00
785        1.362960000000000171e+00
1095       1.362960000000000171e+00
1232       1.362980000000000080e+00
1121       1.363199999999999967e+00
1120       1.363400000000000167e+00
92         1.363520000000000065e+00
1249       1.363520000000000065e+00
1237       1.363779999999999992e+00
1217       1.363779999999999992e+00
1166       1.363820000000000032e+00
1265       1.363860000000000072e+00
1208       1.363960000000000061e+00
1335       1.364360000000000239e+00
1270       1.364540000000000086e+00
644        1.364559999999999995e+00
1106       1.364600000000000257e+00
1187       1.364600000000000257e+00
1185       1.364620000000000166e+00
1176       1.364940000000000042e+00
1328       1.364999999999999991e+00
1177       1.365019999999999900e+00
1255       1.365040000000000031e+00
1316       1.365040000000000031e+00
1272       1.365079999999999849e+00
1210       1.365100000000000202e+00
917        1.365220000000000100e+00
1135       1.365299999999999958e+00
1190       1.365339999999999998e+00
754        1.365380000000000038e+00
1153       1.365460000000000118e+00
1172       1.365600000000000147e+00
1159       1.365620000000000056e+00
358        1.365660000000000096e+00
525        1.365660000000000096e+00
1149       1.365920000000000023e+00
1122       1.365940000000000154e+00
857        1.365979999999999972e+00
558        1.366000000000000103e+00
1171       1.366020000000000012e+00
638        1.366100000000000092e+00
194        1.366140000000000132e+00
240        1.366140000000000132e+00
1282       1.366140000000000132e+00
1152       1.366160000000000041e+00
1274       1.366160000000000041e+00
1258       1.366160000000000041e+00
1195       1.366380000000000150e+00
1126       1.366440000000000099e+00
1238       1.366440000000000099e+00
1333       1.366480000000000139e+00
1229       1.366600000000000259e+00
71         1.366780000000000106e+00
1267       1.366920000000000135e+00
1241       1.366960000000000175e+00
1279       1.367180000000000062e+00
1222       1.367480000000000029e+00
1031       1.367559999999999887e+00
1268       1.367739999999999956e+00
1141       1.368020000000000014e+00
1257       1.368060000000000054e+00
849        1.368079999999999963e+00
1248       1.368120000000000225e+00
1162       1.368540000000000090e+00
1114       1.368559999999999999e+00
1201       1.368660000000000210e+00
1182       1.368819999999999926e+00
1218       1.368840000000000057e+00
895        1.368920000000000137e+00
1163       1.368940000000000046e+00
709        1.368959999999999955e+00
1327       1.369059999999999944e+00
1337       1.369140000000000024e+00
981        1.369180000000000064e+00
1307       1.369280000000000053e+00
1252       1.370660000000000212e+00
230        1.370800000000000018e+00
1236       1.370800000000000018e+00
276        1.370839999999999836e+00
189        1.370940000000000047e+00
605        1.370980000000000087e+00
1402       1.371120000000000116e+00
1157       1.371199999999999974e+00
1207       1.371220000000000105e+00
738        1.371380000000000043e+00
1136       1.371620000000000061e+00
1297       1.371680000000000010e+00
437        1.371720000000000050e+00
831        1.371779999999999999e+00
1347       1.371839999999999948e+00
1244       1.371900000000000119e+00
956        1.371920000000000028e+00
1151       1.371920000000000028e+00
1291       1.372000000000000108e+00
1205       1.372100000000000097e+00
1230       1.372140000000000137e+00
1189       1.372160000000000046e+00
1250       1.372160000000000046e+00
943        1.372200000000000086e+00
481        1.372219999999999995e+00
1342       1.372339999999999893e+00
118        1.372360000000000246e+00
1184       1.372480000000000144e+00
1173       1.372500000000000053e+00
1047       1.372660000000000213e+00
592        1.372680000000000122e+00
1284       1.372720000000000162e+00
141        1.372740000000000071e+00
1287       1.372819999999999929e+00
1204       1.372839999999999838e+00
765        1.372860000000000191e+00
1186       1.372880000000000100e+00
1243       1.372900000000000009e+00
1285       1.372959999999999958e+00
1245       1.372980000000000089e+00
1200       1.373079999999999856e+00
1336       1.373140000000000027e+00
1301       1.373160000000000158e+00
1296       1.373160000000000158e+00
1283       1.373220000000000107e+00
196        1.373240000000000016e+00
1302       1.373240000000000016e+00
1239       1.373259999999999925e+00
1160       1.373280000000000056e+00
687        1.373360000000000136e+00
1129       1.373400000000000176e+00
1356       1.373420000000000085e+00
1330       1.373439999999999994e+00
181        1.373480000000000034e+00
1261       1.373539999999999983e+00
1139       1.373600000000000154e+00
1145       1.373620000000000063e+00
560        1.373640000000000194e+00
1193       1.373640000000000194e+00
1281       1.373660000000000103e+00
436        1.373680000000000012e+00
1066       1.373720000000000052e+00
1118       1.373720000000000052e+00
1177       1.373839999999999950e+00
116        1.373960000000000070e+00
282        1.373960000000000070e+00
1179       1.374000000000000110e+00
1187       1.374060000000000059e+00
977        1.374120000000000230e+00
419        1.374319999999999986e+00
1208       1.374319999999999986e+00
999        1.374339999999999895e+00
1149       1.374420000000000197e+00
1352       1.374420000000000197e+00
928        1.374440000000000106e+00
1181       1.374540000000000095e+00
1082       1.374600000000000266e+00
1172       1.374620000000000175e+00
1247       1.374779999999999891e+00
61         1.374900000000000011e+00
1273       1.374900000000000011e+00
888        1.375120000000000120e+00
1219       1.375180000000000069e+00
1067       1.375240000000000018e+00
1290       1.375299999999999967e+00
1161       1.375460000000000127e+00
990        1.375520000000000076e+00
1447       1.375539999999999985e+00
1142       1.375559999999999894e+00
1246       1.375600000000000156e+00
1357       1.375880000000000214e+00
1235       1.375900000000000123e+00
739        1.376060000000000061e+00
340        1.376140000000000141e+00
1174       1.376240000000000130e+00
1466       1.376240000000000130e+00
1270       1.376440000000000108e+00
1192       1.376460000000000017e+00
1351       1.376480000000000148e+00
1349       1.376500000000000057e+00
1127       1.376519999999999966e+00
963        1.376620000000000177e+00
1132       1.376640000000000086e+00
924        1.376680000000000126e+00
179        1.376700000000000035e+00
1292       1.376700000000000035e+00
1293       1.376800000000000024e+00
1125       1.376880000000000104e+00
1215       1.376920000000000144e+00
1313       1.376920000000000144e+00
1228       1.376940000000000053e+00
1339       1.376959999999999962e+00
109        1.376980000000000093e+00
754        1.376980000000000093e+00
1322       1.377120000000000122e+00
125        1.377220000000000111e+00
327        1.377220000000000111e+00
1210       1.377340000000000009e+00
1256       1.377340000000000009e+00
378        1.377420000000000089e+00
1167       1.377520000000000078e+00
1305       1.377620000000000067e+00
1318       1.377620000000000067e+00
1271       1.377780000000000005e+00
1267       1.377900000000000125e+00
1165       1.378060000000000063e+00
334        1.378360000000000252e+00
1354       1.378360000000000252e+00
1197       1.378680000000000128e+00
1240       1.378700000000000037e+00
660        1.378719999999999946e+00
494        1.378759999999999986e+00
1248       1.378800000000000026e+00
1233       1.378860000000000197e+00
832        1.378900000000000015e+00
1194       1.378900000000000015e+00
833        1.378940000000000055e+00
1307       1.378959999999999964e+00
1141       1.379040000000000044e+00
1155       1.379059999999999953e+00
279        1.379079999999999862e+00
72         1.379100000000000215e+00
421        1.379100000000000215e+00
1148       1.379100000000000215e+00
1415       1.379100000000000215e+00
1206       1.379140000000000033e+00
971        1.379160000000000164e+00
1223       1.379160000000000164e+00
879        1.379180000000000073e+00
1227       1.379280000000000062e+00
1272       1.379280000000000062e+00
495        1.379299999999999971e+00
1199       1.379299999999999971e+00
412        1.379380000000000051e+00
1241       1.379460000000000131e+00
160        1.379480000000000040e+00
1123       1.379559999999999897e+00
1282       1.379620000000000068e+00
1201       1.379640000000000200e+00
1275       1.379640000000000200e+00
1041       1.379680000000000017e+00
1343       1.379780000000000006e+00
26         1.379820000000000046e+00
129        1.379880000000000217e+00
267        1.379900000000000126e+00
443        1.379920000000000035e+00
534        1.379960000000000075e+00
166        1.380020000000000024e+00
1078       1.380100000000000104e+00
1159       1.380140000000000144e+00
1229       1.380260000000000042e+00
1121       1.380300000000000082e+00
1231       1.380460000000000020e+00
1355       1.380480000000000151e+00
577        1.380519999999999969e+00
679        1.380579999999999918e+00
1198       1.380740000000000078e+00
1053       1.380800000000000027e+00
1051       1.381019999999999914e+00
1092       1.381040000000000045e+00
618        1.381079999999999863e+00
1196       1.381199999999999983e+00
1340       1.381199999999999983e+00
773        1.381240000000000023e+00
1278       1.381340000000000012e+00
1232       1.381400000000000183e+00
392        1.381420000000000092e+00
772        1.381480000000000041e+00
964        1.381520000000000081e+00
1203       1.381559999999999899e+00
1200       1.381559999999999899e+00
1346       1.381559999999999899e+00
1130       1.381600000000000161e+00
1056       1.381720000000000059e+00
1556       1.381720000000000059e+00
167        1.381839999999999957e+00
487        1.381900000000000128e+00
1190       1.381940000000000168e+00
1249       1.381979999999999986e+00
725        1.382079999999999975e+00
1152       1.382120000000000237e+00
151        1.382200000000000095e+00
173        1.382279999999999953e+00
305        1.382420000000000204e+00
1350       1.382460000000000022e+00
711        1.382500000000000062e+00
1205       1.382500000000000062e+00
1216       1.382500000000000062e+00
1274       1.382540000000000102e+00
1283       1.382560000000000011e+00
1317       1.382560000000000011e+00
209        1.382620000000000182e+00
796        1.382719999999999949e+00
1146       1.382759999999999989e+00
839        1.382779999999999898e+00
743        1.382800000000000029e+00
720        1.382819999999999938e+00
1258       1.382900000000000018e+00
446        1.383199999999999985e+00
472        1.383280000000000065e+00
1263       1.383299999999999974e+00
1316       1.383319999999999883e+00
1304       1.383340000000000014e+00
468        1.383400000000000185e+00
1251       1.383440000000000003e+00
536        1.383460000000000134e+00
1331       1.383580000000000032e+00
669        1.384079999999999977e+00
1243       1.384100000000000108e+00
96         1.384200000000000097e+00
980        1.384440000000000115e+00
1220       1.384460000000000024e+00
485        1.384759999999999991e+00
1532       1.384819999999999940e+00
1153       1.384839999999999849e+00
91         1.384860000000000202e+00
1163       1.384940000000000060e+00
1237       1.385040000000000049e+00
1027       1.385220000000000118e+00
877        1.385460000000000136e+00
751        1.385600000000000165e+00
1109       1.385640000000000205e+00
1202       1.385640000000000205e+00
1247       1.385820000000000052e+00
227        1.385920000000000041e+00
69         1.386319999999999997e+00
1244       1.386519999999999975e+00
1219       1.386620000000000186e+00
1178       1.386680000000000135e+00
1225       1.386860000000000204e+00
453        1.386880000000000113e+00
699        1.386959999999999971e+00
1147       1.387059999999999960e+00
1260       1.387100000000000222e+00
1195       1.387220000000000120e+00
1253       1.387420000000000098e+00
1125       1.387559999999999905e+00
1348       1.387559999999999905e+00
1357       1.387580000000000036e+00
593        1.387600000000000167e+00
1031       1.387640000000000207e+00
1289       1.387680000000000025e+00
231        1.387700000000000156e+00
1330       1.387780000000000014e+00
1294       1.387880000000000225e+00
1292       1.387880000000000225e+00
219        1.387960000000000083e+00
630        1.387979999999999992e+00
1313       1.388140000000000152e+00
1209       1.388260000000000050e+00
360        1.388800000000000034e+00
1150       1.388800000000000034e+00
75         1.389019999999999921e+00
924        1.389019999999999921e+00
1212       1.389059999999999961e+00
1140       1.389079999999999870e+00
1329       1.389100000000000223e+00
865        1.389140000000000041e+00
1129       1.389180000000000081e+00
1234       1.389180000000000081e+00
985        1.389240000000000030e+00
1257       1.389299999999999979e+00
223        1.389400000000000190e+00
1280       1.389460000000000139e+00
35         1.389559999999999906e+00
1222       1.389620000000000077e+00
1337       1.389620000000000077e+00
1137       1.389640000000000208e+00
1264       1.389640000000000208e+00
1351       1.389660000000000117e+00
1148       1.389799999999999924e+00
1136       1.390020000000000033e+00
1246       1.390140000000000153e+00
303        1.390220000000000011e+00
1277       1.390320000000000000e+00
878        1.390339999999999909e+00
2          1.390360000000000262e+00
716        1.390479999999999938e+00
644        1.390620000000000189e+00
1184       1.390620000000000189e+00
1303       1.390620000000000189e+00
771        1.390640000000000098e+00
1345       1.390680000000000138e+00
1323       1.390719999999999956e+00
319        1.390819999999999945e+00
1173       1.390959999999999974e+00
157        1.390980000000000105e+00
1273       1.390980000000000105e+00
1179       1.391019999999999923e+00
216        1.391040000000000054e+00
463        1.391299999999999981e+00
1180       1.391319999999999890e+00
940        1.391520000000000090e+00
1160       1.391539999999999999e+00
218        1.391600000000000170e+00
1293       1.391600000000000170e+00
1098       1.391720000000000068e+00
1228       1.391739999999999977e+00
1165       1.391799999999999926e+00
1091       1.391820000000000057e+00
1172       1.392000000000000126e+00
1238       1.392079999999999984e+00
1166       1.392160000000000064e+00
1143       1.392180000000000195e+00
859        1.392240000000000144e+00
1319       1.392260000000000053e+00
1127       1.392400000000000082e+00
1164       1.392400000000000082e+00
1266       1.392419999999999991e+00
695        1.392500000000000071e+00
1287       1.392519999999999980e+00
1353       1.392579999999999929e+00
1239       1.392600000000000060e+00
1144       1.392620000000000191e+00
1252       1.392680000000000140e+00
1290       1.392680000000000140e+00
866        1.392719999999999958e+00
1128       1.392740000000000089e+00
1183       1.392779999999999907e+00
1203       1.392779999999999907e+00
1151       1.393019999999999925e+00
1328       1.393059999999999965e+00
759        1.393120000000000136e+00
1161       1.393180000000000085e+00
1304       1.393280000000000074e+00
1299       1.393299999999999983e+00
624        1.393319999999999892e+00
456        1.393340000000000023e+00
1271       1.393340000000000023e+00
915        1.393360000000000154e+00
1154       1.393360000000000154e+00
1347       1.393360000000000154e+00
1269       1.393380000000000063e+00
1216       1.393400000000000194e+00
1159       1.393499999999999961e+00
272        1.393520000000000092e+00
654        1.393520000000000092e+00
1268       1.393520000000000092e+00
1283       1.393540000000000001e+00
1326       1.393540000000000001e+00
1134       1.393580000000000041e+00
1194       1.393580000000000041e+00
883        1.393720000000000070e+00
1341       1.393820000000000059e+00
1595       1.393880000000000230e+00
1226       1.393940000000000179e+00
1218       1.393960000000000088e+00
1300       1.393960000000000088e+00
1263       1.394000000000000128e+00
607        1.394020000000000037e+00
1346       1.394079999999999986e+00
1191       1.394180000000000197e+00
481        1.394220000000000015e+00
992        1.394279999999999964e+00
1355       1.394299999999999873e+00
705        1.394339999999999913e+00
282        1.394360000000000266e+00
1296       1.394400000000000084e+00
184        1.394440000000000124e+00
1130       1.394440000000000124e+00
1202       1.394460000000000033e+00
1139       1.394560000000000022e+00
917        1.394620000000000193e+00
1321       1.394640000000000102e+00
381        1.394819999999999949e+00
1316       1.394819999999999949e+00
1366       1.394839999999999858e+00
815        1.394900000000000029e+00
297        1.394940000000000069e+00
221        1.395000000000000018e+00
217        1.395040000000000058e+00
1318       1.395100000000000229e+00
569        1.395120000000000138e+00
1124       1.395140000000000047e+00
1349       1.395160000000000178e+00
460        1.395299999999999985e+00
1198       1.395319999999999894e+00
671        1.395360000000000156e+00
1279       1.395380000000000065e+00
148        1.395440000000000014e+00
1259       1.395559999999999912e+00
411        1.395620000000000083e+00
259        1.396060000000000079e+00
872        1.396079999999999988e+00
1242       1.396140000000000159e+00
1253       1.396180000000000199e+00
254        1.396299999999999875e+00
1297       1.396339999999999915e+00
1240       1.396519999999999984e+00
146        1.396600000000000064e+00
343        1.396640000000000104e+00
337        1.396660000000000013e+00
1440       1.396680000000000144e+00
301        1.396700000000000053e+00
241        1.396740000000000093e+00
1158       1.396760000000000002e+00
811        1.396779999999999911e+00
1075       1.396779999999999911e+00
1276       1.397000000000000020e+00
324        1.397019999999999929e+00
1081       1.397180000000000089e+00
1225       1.397259999999999946e+00
1333       1.397319999999999895e+00
1447       1.397499999999999964e+00
1308       1.397680000000000033e+00
822        1.397820000000000062e+00
827        1.397960000000000091e+00
1281       1.397960000000000091e+00
67         1.398039999999999949e+00
1182       1.398039999999999949e+00
1256       1.398039999999999949e+00
1344       1.398039999999999949e+00
1180       1.398180000000000200e+00
1295       1.398180000000000200e+00
1212       1.398320000000000007e+00
1270       1.398320000000000007e+00
1254       1.398320000000000007e+00
1215       1.398419999999999996e+00
948        1.398519999999999985e+00
1251       1.398660000000000014e+00
379        1.398719999999999963e+00
1327       1.398719999999999963e+00
1491       1.398719999999999963e+00
1096       1.398779999999999912e+00
1185       1.398860000000000214e+00
1289       1.398880000000000123e+00
1287       1.398920000000000163e+00
1192       1.399000000000000021e+00
373        1.399019999999999930e+00
1236       1.399319999999999897e+00
1231       1.399520000000000097e+00
442        1.399580000000000046e+00
1339       1.399640000000000217e+00
1167       1.399680000000000035e+00
1123       1.399739999999999984e+00
10         1.399760000000000115e+00
831        1.399980000000000002e+00
1195       1.400000000000000133e+00
1208       1.400120000000000253e+00
319        1.400299999999999878e+00
1121       1.400299999999999878e+00
1306       1.400299999999999878e+00
728        1.400360000000000049e+00
1343       1.400440000000000129e+00
985        1.400579999999999936e+00
1235       1.400660000000000016e+00
185        1.400719999999999965e+00
1133       1.400819999999999954e+00
741        1.400880000000000125e+00
1219       1.400880000000000125e+00
1122       1.400980000000000114e+00
50         1.401000000000000023e+00
1244       1.401079999999999881e+00
854        1.401120000000000143e+00
1282       1.401220000000000132e+00
696        1.401259999999999950e+00
877        1.401280000000000081e+00
1128       1.401280000000000081e+00
1462       1.401319999999999899e+00
116        1.401340000000000030e+00
198        1.401440000000000019e+00
739        1.401440000000000019e+00
1315       1.401499999999999968e+00
1334       1.401640000000000219e+00
923        1.401700000000000168e+00
1001       1.401760000000000117e+00
1288       1.401760000000000117e+00
1261       1.401820000000000066e+00
27         1.402020000000000044e+00
1221       1.402020000000000044e+00
1331       1.402020000000000044e+00
64         1.402120000000000255e+00
152        1.402260000000000062e+00
150        1.402320000000000011e+00
1147       1.402460000000000040e+00
462        1.402519999999999989e+00
16         1.402640000000000109e+00
541        1.402779999999999916e+00
1262       1.402779999999999916e+00
389        1.402800000000000047e+00
60         1.402860000000000218e+00
97         1.403000000000000025e+00
1311       1.403000000000000025e+00
1255       1.403059999999999974e+00
893        1.403120000000000145e+00
1359       1.403240000000000043e+00
1088       1.403380000000000072e+00
1159       1.403480000000000061e+00
1234       1.403580000000000050e+00
1145       1.403600000000000181e+00
1298       1.403680000000000039e+00
1291       1.403760000000000119e+00
1353       1.403799999999999937e+00
1179       1.403880000000000239e+00
461        1.403900000000000148e+00
1165       1.404020000000000046e+00
1260       1.404020000000000046e+00
994        1.404039999999999955e+00
1268       1.404100000000000126e+00
1336       1.404140000000000166e+00
1330       1.404140000000000166e+00
1265       1.404160000000000075e+00
1526       1.404179999999999984e+00
1314       1.404320000000000013e+00
234        1.404440000000000133e+00
1211       1.404579999999999940e+00
1305       1.404700000000000060e+00
1341       1.404700000000000060e+00
388        1.404740000000000100e+00
1247       1.404800000000000049e+00
622        1.404860000000000220e+00
1222       1.404860000000000220e+00
1310       1.404959999999999987e+00
208        1.405000000000000027e+00
1230       1.405040000000000067e+00
1356       1.405059999999999976e+00
574        1.405120000000000147e+00
1086       1.405160000000000187e+00
800        1.405580000000000052e+00
1337       1.405600000000000183e+00
1207       1.405620000000000092e+00
1321       1.405640000000000223e+00
273        1.405739999999999990e+00
1350       1.405780000000000030e+00
41         1.405820000000000070e+00
522        1.405880000000000241e+00
632        1.405920000000000059e+00
1275       1.406100000000000128e+00
566        1.406200000000000117e+00
1174       1.406220000000000026e+00
1186       1.406320000000000014e+00
8          1.406339999999999923e+00
509        1.406360000000000054e+00
594        1.406400000000000095e+00
1120       1.406400000000000095e+00
850        1.406460000000000043e+00
1205       1.406500000000000083e+00
1181       1.406560000000000032e+00
1144       1.406680000000000152e+00
1173       1.406680000000000152e+00
1214       1.406719999999999970e+00
648        1.406760000000000010e+00
507        1.406800000000000050e+00
1585       1.406819999999999959e+00
1361       1.406959999999999988e+00
1111       1.407059999999999977e+00
928        1.407200000000000006e+00
1293       1.407240000000000046e+00
1196       1.407360000000000166e+00
1162       1.407420000000000115e+00
1163       1.407440000000000024e+00
224        1.407460000000000155e+00
1307       1.407540000000000013e+00
220        1.407600000000000184e+00
712        1.407600000000000184e+00
1178       1.407760000000000122e+00
265        1.407839999999999980e+00
1143       1.408020000000000049e+00
1146       1.408200000000000118e+00
1248       1.408400000000000096e+00
1322       1.408539999999999903e+00
1216       1.408880000000000132e+00
1325       1.409200000000000008e+00
1199       1.409480000000000066e+00
437        1.409540000000000015e+00
1278       1.409600000000000186e+00
531        1.409660000000000135e+00
1358       1.409700000000000175e+00
1326       1.409860000000000113e+00
1258       1.409900000000000153e+00
1213       1.409920000000000062e+00
278        1.410120000000000040e+00
1160       1.410120000000000040e+00
1274       1.410239999999999938e+00
1280       1.410339999999999927e+00
1122       1.410400000000000098e+00
1132       1.410440000000000138e+00
3          1.410519999999999996e+00
1250       1.410519999999999996e+00
1253       1.410539999999999905e+00
1138       1.410560000000000036e+00
1191       1.410579999999999945e+00
1317       1.410800000000000054e+00
1217       1.410980000000000123e+00
1335       1.410980000000000123e+00
1277       1.411079999999999890e+00
1197       1.411259999999999959e+00
1183       1.411299999999999999e+00
340        1.411380000000000079e+00
1237       1.411400000000000210e+00
1259       1.411499999999999977e+00
1034       1.411520000000000108e+00
956        1.411700000000000177e+00
1131       1.411739999999999995e+00
426        1.411880000000000246e+00
212        1.412039999999999962e+00
1203       1.412380000000000191e+00
1296       1.412440000000000140e+00
1312       1.412500000000000089e+00
313        1.412560000000000038e+00
529        1.412640000000000118e+00
1271       1.412860000000000227e+00
1345       1.412940000000000085e+00
1301       1.413240000000000052e+00
1202       1.413259999999999961e+00
1309       1.413300000000000001e+00
1269       1.413360000000000172e+00
1224       1.413440000000000030e+00
457        1.413480000000000070e+00
368        1.413660000000000139e+00
1310       1.413660000000000139e+00
1161       1.413780000000000037e+00
1093       1.413860000000000117e+00
1219       1.413960000000000106e+00
274        1.414039999999999964e+00
77         1.414200000000000124e+00
1166       1.414200000000000124e+00
1188       1.414220000000000033e+00
598        1.414299999999999891e+00
186        1.414440000000000142e+00
1200       1.414440000000000142e+00
1287       1.414660000000000029e+00
301        1.414680000000000160e+00
133        1.414719999999999978e+00
1171       1.414779999999999927e+00
881        1.414980000000000127e+00
1285       1.414980000000000127e+00
1332       1.415019999999999945e+00
364        1.415040000000000076e+00
1273       1.415059999999999985e+00
1357       1.415120000000000156e+00
29         1.415160000000000196e+00
521        1.415220000000000145e+00
679        1.415220000000000145e+00
983        1.415280000000000094e+00
691        1.415319999999999911e+00
829        1.415360000000000174e+00
292        1.415420000000000122e+00
1204       1.415420000000000122e+00
1284       1.415460000000000163e+00
1147       1.415499999999999980e+00
1133       1.415499999999999980e+00
1300       1.415540000000000020e+00
1348       1.415559999999999929e+00
812        1.415600000000000191e+00
306        1.415680000000000049e+00
1189       1.415780000000000038e+00
1201       1.415880000000000249e+00
1137       1.415999999999999925e+00
1265       1.416100000000000136e+00
1195       1.416220000000000034e+00
1150       1.416279999999999983e+00
546        1.416339999999999932e+00
946        1.416339999999999932e+00
1196       1.416360000000000063e+00
1311       1.416360000000000063e+00
803        1.416380000000000194e+00
1329       1.416420000000000012e+00
1152       1.416460000000000052e+00
1241       1.416600000000000081e+00
1047       1.416620000000000212e+00
1181       1.416620000000000212e+00
676        1.416640000000000121e+00
1270       1.416680000000000161e+00
1263       1.416680000000000161e+00
1143       1.416700000000000070e+00
295        1.416719999999999979e+00
47         1.416740000000000110e+00
1354       1.416779999999999928e+00
1151       1.416800000000000059e+00
1281       1.416800000000000059e+00
548        1.416940000000000088e+00
175        1.416980000000000128e+00
1141       1.416980000000000128e+00
1198       1.417019999999999946e+00
863        1.417040000000000077e+00
1176       1.417040000000000077e+00
231        1.417059999999999986e+00
1333       1.417100000000000248e+00
1349       1.417100000000000248e+00
1302       1.417140000000000066e+00
228        1.417180000000000106e+00
534        1.417180000000000106e+00
1170       1.417180000000000106e+00
1485       1.417180000000000106e+00
1260       1.417220000000000146e+00
1039       1.417280000000000095e+00
693        1.417319999999999913e+00
782        1.417380000000000084e+00
615        1.417440000000000033e+00
468        1.417499999999999982e+00
1220       1.417520000000000113e+00
1193       1.417559999999999931e+00
1146       1.417600000000000193e+00
1155       1.417640000000000233e+00
1180       1.417660000000000142e+00
363        1.417880000000000029e+00
1294       1.417880000000000029e+00
1256       1.417939999999999978e+00
637        1.417960000000000109e+00
978        1.417980000000000018e+00
604        1.418039999999999967e+00
1299       1.418059999999999876e+00
279        1.418080000000000007e+00
641        1.418080000000000007e+00
1280       1.418140000000000178e+00
1142       1.418200000000000127e+00
1186       1.418260000000000076e+00
1262       1.418279999999999985e+00
1313       1.418400000000000105e+00
1279       1.418479999999999963e+00
1158       1.418500000000000094e+00
11         1.418520000000000003e+00
1149       1.418520000000000003e+00
1334       1.418520000000000003e+00
1255       1.418539999999999912e+00
126        1.418600000000000083e+00
1168       1.418640000000000123e+00
1227       1.418660000000000032e+00
1261       1.418660000000000032e+00
1342       1.418700000000000072e+00
707        1.418800000000000061e+00
1134       1.418819999999999970e+00
1559       1.418819999999999970e+00
1266       1.418839999999999879e+00
1243       1.418920000000000181e+00
1564       1.418920000000000181e+00
28         1.418940000000000090e+00
1305       1.418940000000000090e+00
1290       1.418959999999999999e+00
1315       1.418959999999999999e+00
1235       1.419019999999999948e+00
1330       1.419079999999999897e+00
1252       1.419140000000000068e+00
1304       1.419160000000000199e+00
1135       1.419240000000000057e+00
351        1.419280000000000097e+00
1175       1.419360000000000177e+00
738        1.419460000000000166e+00
1283       1.419480000000000075e+00
1295       1.419499999999999984e+00
1272       1.419700000000000184e+00
1172       1.419799999999999951e+00
1264       1.419819999999999860e+00
520        1.419839999999999991e+00
486        1.419880000000000031e+00
769        1.419980000000000020e+00
1359       1.419980000000000020e+00
1318       1.420140000000000180e+00
1317       1.420140000000000180e+00
1254       1.420200000000000129e+00
932        1.420220000000000038e+00
1145       1.420500000000000096e+00
1542       1.420640000000000125e+00
1246       1.420719999999999983e+00
1275       1.421000000000000041e+00
1194       1.421079999999999899e+00
1244       1.421200000000000019e+00
1215       1.421480000000000077e+00
98         1.421499999999999986e+00
1226       1.421759999999999913e+00
410        1.422140000000000182e+00
1356       1.422160000000000091e+00
539        1.422299999999999898e+00
1216       1.422440000000000149e+00
1331       1.422500000000000098e+00
560        1.422539999999999916e+00
674        1.422740000000000116e+00
1075       1.422760000000000025e+00
1217       1.422760000000000025e+00
1404       1.423019999999999952e+00
36         1.423440000000000039e+00
1136       1.423640000000000239e+00
1343       1.423660000000000148e+00
1340       1.423699999999999966e+00
897        1.423759999999999915e+00
1169       1.423839999999999995e+00
670        1.423900000000000166e+00
1293       1.424200000000000133e+00
1148       1.424279999999999990e+00
1250       1.424279999999999990e+00
664        1.424500000000000099e+00
1247       1.424500000000000099e+00
331        1.424520000000000008e+00
1240       1.424520000000000008e+00
540        1.424539999999999917e+00
1207       1.424760000000000026e+00
1164       1.424779999999999935e+00
1141       1.424800000000000066e+00
602        1.424839999999999884e+00
1125       1.424860000000000237e+00
1184       1.424900000000000055e+00
1303       1.424900000000000055e+00
1245       1.424940000000000095e+00
315        1.425000000000000044e+00
1132       1.425100000000000255e+00
1120       1.425140000000000073e+00
449        1.425160000000000204e+00
1187       1.425220000000000153e+00
237        1.425259999999999971e+00
184        1.425319999999999920e+00
324        1.425319999999999920e+00
21         1.425340000000000051e+00
1139       1.425420000000000131e+00
1413       1.425420000000000131e+00
501        1.425480000000000080e+00
904        1.425499999999999989e+00
1205       1.425499999999999989e+00
1251       1.425620000000000109e+00
525        1.425640000000000240e+00
1260       1.425640000000000240e+00
1165       1.425660000000000149e+00
1221       1.425660000000000149e+00
1328       1.425680000000000058e+00
1156       1.425699999999999967e+00
256        1.425720000000000098e+00
1147       1.425780000000000047e+00
1163       1.425819999999999865e+00
917        1.425880000000000036e+00
1122       1.425939999999999985e+00
1276       1.425980000000000025e+00
300        1.426080000000000014e+00
896        1.426160000000000094e+00
604        1.426180000000000003e+00
303        1.426200000000000134e+00
1257       1.426220000000000043e+00
1314       1.426380000000000203e+00
1308       1.426440000000000152e+00
1212       1.426479999999999970e+00
1325       1.426479999999999970e+00
1338       1.426500000000000101e+00
20         1.426600000000000090e+00
1171       1.426620000000000221e+00
600        1.426700000000000079e+00
531        1.426760000000000028e+00
293        1.426779999999999937e+00
1192       1.426839999999999886e+00
1197       1.426920000000000188e+00
1348       1.426960000000000006e+00
574        1.426980000000000137e+00
1191       1.427100000000000257e+00
1229       1.427259999999999973e+00
1239       1.427280000000000104e+00
1209       1.427360000000000184e+00
1201       1.427440000000000042e+00
1316       1.427440000000000042e+00
432        1.427460000000000173e+00
1291       1.427460000000000173e+00
1266       1.427480000000000082e+00
567        1.427559999999999940e+00
155        1.427640000000000020e+00
1162       1.427640000000000020e+00
1151       1.427720000000000100e+00
209        1.427740000000000009e+00
409        1.427740000000000009e+00
1358       1.427839999999999998e+00
1253       1.427860000000000129e+00
1138       1.427939999999999987e+00
1154       1.427939999999999987e+00
1248       1.427939999999999987e+00
994        1.427980000000000027e+00
697        1.427999999999999936e+00
1186       1.428020000000000067e+00
1334       1.428020000000000067e+00
1329       1.428020000000000067e+00
1182       1.428039999999999976e+00
1345       1.428059999999999885e+00
1129       1.428100000000000147e+00
1157       1.428160000000000096e+00
1415       1.428299999999999903e+00
776        1.428320000000000034e+00
1235       1.428420000000000023e+00
1128       1.428560000000000052e+00
1269       1.428579999999999961e+00
1117       1.428620000000000223e+00
1323       1.428640000000000132e+00
1317       1.428719999999999990e+00
1131       1.428740000000000121e+00
743        1.428839999999999888e+00
33         1.428940000000000099e+00
1286       1.428980000000000139e+00
158        1.429280000000000106e+00
150        1.429300000000000015e+00
1230       1.429319999999999924e+00
1301       1.429499999999999993e+00
667        1.429620000000000113e+00
1263       1.429620000000000113e+00
285        1.429680000000000062e+00
1344       1.429680000000000062e+00
456        1.429780000000000051e+00
1249       1.429840000000000000e+00
1315       1.429920000000000080e+00
1238       1.429939999999999989e+00
1296       1.429980000000000029e+00
130        1.430080000000000018e+00
1015       1.430080000000000018e+00
461        1.430120000000000058e+00
1256       1.430120000000000058e+00
1183       1.430239999999999956e+00
714        1.430260000000000087e+00
1341       1.430320000000000036e+00
323        1.430400000000000116e+00
1310       1.430400000000000116e+00
1025       1.430420000000000025e+00
314        1.430479999999999974e+00
550        1.430479999999999974e+00
1106       1.430520000000000014e+00
444        1.430620000000000225e+00
610        1.430640000000000134e+00
1231       1.430660000000000043e+00
376        1.430680000000000174e+00
1333       1.430760000000000032e+00
1297       1.430779999999999941e+00
1126       1.430839999999999890e+00
247        1.430920000000000192e+00
1305       1.430920000000000192e+00
1353       1.430980000000000141e+00
838        1.431000000000000050e+00
1146       1.431059999999999999e+00
1150       1.431079999999999908e+00
1312       1.431100000000000261e+00
1130       1.431140000000000079e+00
1339       1.431220000000000159e+00
71         1.431240000000000068e+00
811        1.431240000000000068e+00
774        1.431259999999999977e+00
227        1.431280000000000108e+00
1189       1.431280000000000108e+00
1228       1.431280000000000108e+00
1216       1.431319999999999926e+00
548        1.431340000000000057e+00
1035       1.431340000000000057e+00
1166       1.431360000000000188e+00
1271       1.431420000000000137e+00
1002       1.431440000000000046e+00
1093       1.431499999999999995e+00
1311       1.431499999999999995e+00
789        1.431540000000000035e+00
931        1.431540000000000035e+00
1354       1.431540000000000035e+00
249        1.431579999999999853e+00
1307       1.431579999999999853e+00
1214       1.431600000000000206e+00
1213       1.431620000000000115e+00
648        1.431640000000000024e+00
1153       1.431660000000000155e+00
1241       1.431660000000000155e+00
1265       1.431680000000000064e+00
1196       1.431759999999999922e+00
83         1.431780000000000053e+00
749        1.431799999999999962e+00
386        1.431819999999999871e+00
196        1.431860000000000133e+00
1458       1.431860000000000133e+00
1173       1.431980000000000031e+00
877        1.432100000000000151e+00
846        1.432239999999999958e+00
1318       1.432239999999999958e+00
563        1.432320000000000038e+00
649        1.432320000000000038e+00
1091       1.432339999999999947e+00
1482       1.432380000000000209e+00
1121       1.432460000000000067e+00
1195       1.432579999999999965e+00
1292       1.432760000000000034e+00
115        1.432900000000000063e+00
886        1.432900000000000063e+00
1452       1.432940000000000103e+00
1322       1.433180000000000121e+00
1288       1.433360000000000190e+00
1287       1.433420000000000138e+00
900        1.433680000000000065e+00
348        1.433720000000000105e+00
466        1.433819999999999872e+00
1221       1.433819999999999872e+00
1174       1.433880000000000043e+00
1215       1.433880000000000043e+00
1204       1.433960000000000123e+00
1199       1.433980000000000032e+00
1124       1.434039999999999981e+00
7          1.434059999999999890e+00
1340       1.434160000000000101e+00
1242       1.434220000000000050e+00
720        1.434299999999999908e+00
836        1.434320000000000039e+00
772        1.434339999999999948e+00
1156       1.434339999999999948e+00
969        1.434400000000000119e+00
1135       1.434440000000000159e+00
1022       1.434460000000000068e+00
1290       1.434560000000000057e+00
319        1.434579999999999966e+00
1303       1.434579999999999966e+00
1257       1.434600000000000097e+00
61         1.434640000000000137e+00
1161       1.434680000000000177e+00
1299       1.434680000000000177e+00
1308       1.434779999999999944e+00
225        1.434819999999999984e+00
1198       1.434819999999999984e+00
1309       1.434819999999999984e+00
635        1.434860000000000246e+00
1224       1.434880000000000155e+00
561        1.434920000000000195e+00
1149       1.434960000000000013e+00
1252       1.434960000000000013e+00
1346       1.434960000000000013e+00
1137       1.435000000000000053e+00
243        1.435060000000000002e+00
378        1.435060000000000002e+00
1251       1.435100000000000264e+00
1332       1.435100000000000264e+00
1327       1.435120000000000173e+00
283        1.435180000000000122e+00
1171       1.435200000000000031e+00
1274       1.435240000000000071e+00
1285       1.435280000000000111e+00
339        1.435300000000000020e+00
1170       1.435319999999999929e+00
1336       1.435339999999999838e+00
1337       1.435360000000000191e+00
265        1.435420000000000140e+00
320        1.435420000000000140e+00
608        1.435499999999999998e+00
1162       1.435579999999999856e+00
1328       1.435579999999999856e+00
330        1.435620000000000118e+00
553        1.435620000000000118e+00
1158       1.435660000000000158e+00
1284       1.435860000000000136e+00
1223       1.436140000000000194e+00
1192       1.436360000000000081e+00
1295       1.436360000000000081e+00
1122       1.436400000000000121e+00
1304       1.436400000000000121e+00
1187       1.436420000000000030e+00
185        1.436460000000000070e+00
257        1.436520000000000019e+00
1202       1.436579999999999968e+00
1272       1.436719999999999997e+00
478        1.436740000000000128e+00
1222       1.436779999999999946e+00
1194       1.436800000000000077e+00
1063       1.436819999999999986e+00
1226       1.436920000000000197e+00
562        1.436960000000000015e+00
1152       1.436960000000000015e+00
1127       1.437040000000000095e+00
1141       1.437380000000000102e+00
1203       1.437420000000000142e+00
1185       1.437420000000000142e+00
479        1.437440000000000051e+00
26         1.437680000000000069e+00
1254       1.437999999999999945e+00
1326       1.438299999999999912e+00
1218       1.438600000000000101e+00
171        1.438620000000000232e+00
865        1.438779999999999948e+00
1314       1.438880000000000159e+00
1175       1.439000000000000057e+00
1217       1.439079999999999915e+00
1317       1.439079999999999915e+00
1145       1.439220000000000166e+00
654        1.439279999999999893e+00
1182       1.439279999999999893e+00
1261       1.439300000000000024e+00
462        1.439420000000000144e+00
678        1.439420000000000144e+00
1321       1.439519999999999911e+00
1143       1.439600000000000213e+00
1313       1.439600000000000213e+00
1583       1.439640000000000031e+00
1227       1.439699999999999980e+00
1269       1.439720000000000111e+00
1142       1.439759999999999929e+00
1276       1.439780000000000060e+00
417        1.439819999999999878e+00
1298       1.440160000000000107e+00
1268       1.440180000000000016e+00
1358       1.440220000000000056e+00
1351       1.440239999999999965e+00
1349       1.440320000000000045e+00
1128       1.440440000000000165e+00
1319       1.440539999999999932e+00
92         1.440579999999999972e+00
1177       1.440600000000000103e+00
1237       1.440600000000000103e+00
1343       1.440620000000000234e+00
458        1.440819999999999990e+00
549        1.440880000000000161e+00
0          1.440980000000000150e+00
1350       1.441040000000000099e+00
1167       1.441140000000000088e+00
748        1.441160000000000219e+00
1200       1.441220000000000168e+00
248        1.441300000000000026e+00
25         1.441319999999999935e+00
1153       1.441319999999999935e+00
1144       1.441380000000000106e+00
524        1.441400000000000015e+00
1169       1.441440000000000055e+00
519        1.441519999999999913e+00
1178       1.441579999999999862e+00
1150       1.441860000000000142e+00
1010       1.441920000000000091e+00
1207       1.441920000000000091e+00
1344       1.442020000000000080e+00
1245       1.442160000000000108e+00
618        1.442280000000000006e+00
1263       1.442339999999999955e+00
1240       1.442520000000000024e+00
1212       1.442539999999999933e+00
1316       1.442560000000000064e+00
1220       1.442740000000000133e+00
1258       1.442740000000000133e+00
1247       1.442760000000000042e+00
1270       1.442819999999999991e+00
1286       1.442819999999999991e+00
338        1.442900000000000071e+00
716        1.442960000000000020e+00
1248       1.443120000000000180e+00
1113       1.443240000000000078e+00
1332       1.443300000000000027e+00
1188       1.443440000000000056e+00
1206       1.443519999999999914e+00
1051       1.443600000000000216e+00
1214       1.443680000000000074e+00
1230       1.443699999999999983e+00
1315       1.443819999999999881e+00
262        1.443860000000000143e+00
835        1.443860000000000143e+00
1148       1.443860000000000143e+00
1191       1.443880000000000052e+00
412        1.443920000000000092e+00
240        1.443960000000000132e+00
1176       1.443960000000000132e+00
659        1.444080000000000030e+00
1151       1.444120000000000070e+00
538        1.444260000000000099e+00
1243       1.444440000000000168e+00
1019       1.444460000000000077e+00
1271       1.444500000000000117e+00
1121       1.444560000000000066e+00
1133       1.444579999999999975e+00
1341       1.444660000000000055e+00
250        1.444980000000000153e+00
1262       1.445040000000000102e+00
447        1.445140000000000091e+00
1168       1.445160000000000222e+00
1126       1.445279999999999898e+00
1333       1.445339999999999847e+00
1185       1.445360000000000200e+00
818        1.445400000000000018e+00
1187       1.445420000000000149e+00
850        1.445540000000000047e+00
1210       1.445559999999999956e+00
664        1.445579999999999865e+00
1306       1.445699999999999985e+00
1275       1.445720000000000116e+00
627        1.445920000000000094e+00
1338       1.445960000000000134e+00
1180       1.445999999999999952e+00
1279       1.445999999999999952e+00
1300       1.445999999999999952e+00
1131       1.446020000000000083e+00
1234       1.446039999999999992e+00
1310       1.446140000000000203e+00
570        1.446220000000000061e+00
1152       1.446220000000000061e+00
775        1.446380000000000221e+00
1110       1.446380000000000221e+00
1218       1.446380000000000221e+00
1232       1.446400000000000130e+00
348        1.446479999999999988e+00
1229       1.446479999999999988e+00
17         1.446500000000000119e+00
267        1.446500000000000119e+00
1140       1.446520000000000028e+00
878        1.446539999999999937e+00
1302       1.446680000000000188e+00
66         1.446819999999999995e+00
872        1.446839999999999904e+00
1255       1.446839999999999904e+00
1356       1.446900000000000075e+00
696        1.446920000000000206e+00
1285       1.446920000000000206e+00
1305       1.446940000000000115e+00
1120       1.446980000000000155e+00
1205       1.446980000000000155e+00
867        1.447079999999999922e+00
682        1.447279999999999900e+00
1145       1.447300000000000031e+00
1312       1.447360000000000202e+00
1165       1.447380000000000111e+00
500        1.447400000000000020e+00
1318       1.447400000000000020e+00
1297       1.447420000000000151e+00
1342       1.447519999999999918e+00
909        1.447600000000000220e+00
1320       1.447600000000000220e+00
327        1.447660000000000169e+00
666        1.447660000000000169e+00
445        1.447720000000000118e+00
1328       1.447740000000000027e+00
1138       1.447840000000000016e+00
1146       1.447920000000000096e+00
1211       1.448039999999999994e+00
311        1.448080000000000034e+00
804        1.448080000000000034e+00
980        1.448120000000000074e+00
179        1.448239999999999972e+00
1100       1.448239999999999972e+00
1182       1.448299999999999921e+00
1132       1.448320000000000052e+00
1156       1.448400000000000132e+00
1253       1.448420000000000041e+00
1337       1.448479999999999990e+00
1193       1.448500000000000121e+00
573        1.448640000000000150e+00
417        1.448819999999999997e+00
2          1.448860000000000259e+00
1216       1.448900000000000077e+00
1266       1.448920000000000208e+00
1345       1.448940000000000117e+00
1170       1.448980000000000157e+00
1162       1.449060000000000015e+00
1173       1.449100000000000277e+00
1290       1.449120000000000186e+00
188        1.449140000000000095e+00
1139       1.449140000000000095e+00
1273       1.449140000000000095e+00
370        1.449219999999999953e+00
1323       1.449339999999999851e+00
652        1.449360000000000204e+00
1149       1.449380000000000113e+00
64         1.449480000000000102e+00
1348       1.449480000000000102e+00
703        1.449500000000000011e+00
1313       1.449579999999999869e+00
1268       1.449680000000000080e+00
1284       1.449680000000000080e+00
1299       1.449699999999999989e+00
614        1.449780000000000069e+00
1194       1.449840000000000018e+00
1009       1.449880000000000058e+00
1259       1.449900000000000189e+00
1249       1.449940000000000007e+00
648        1.449980000000000047e+00
1352       1.450220000000000065e+00
510        1.450299999999999923e+00
677        1.450460000000000083e+00
1171       1.450640000000000152e+00
887        1.450819999999999999e+00
452        1.450960000000000027e+00
1265       1.450960000000000027e+00
1330       1.451060000000000016e+00
1196       1.451120000000000188e+00
1332       1.451120000000000188e+00
1225       1.451360000000000205e+00
15         1.451440000000000063e+00
1202       1.451440000000000063e+00
1340       1.451440000000000063e+00
1331       1.451519999999999921e+00
1190       1.451579999999999870e+00
1163       1.451759999999999939e+00
1272       1.451860000000000150e+00
1174       1.452120000000000077e+00
1233       1.452180000000000026e+00
1116       1.452299999999999924e+00
1184       1.452339999999999964e+00
1283       1.452360000000000095e+00
1128       1.452380000000000226e+00
1203       1.452560000000000073e+00
1224       1.452660000000000062e+00
1281       1.452700000000000102e+00
422        1.452720000000000011e+00
218        1.452740000000000142e+00
1277       1.452740000000000142e+00
1160       1.452760000000000051e+00
374        1.452779999999999960e+00
623        1.452820000000000000e+00
1322       1.452880000000000171e+00
986        1.452900000000000080e+00
1353       1.453000000000000069e+00
1238       1.453019999999999978e+00
1278       1.453019999999999978e+00
1262       1.453019999999999978e+00
189        1.453060000000000018e+00
1220       1.453060000000000018e+00
1242       1.453140000000000098e+00
948        1.453180000000000138e+00
936        1.453219999999999956e+00
1336       1.453240000000000087e+00
282        1.453300000000000036e+00
1257       1.453300000000000036e+00
430        1.453440000000000065e+00
1464       1.453519999999999923e+00
808        1.453600000000000225e+00
603        1.453640000000000043e+00
1209       1.453660000000000174e+00
423        1.453720000000000123e+00
548        1.453759999999999941e+00
1321       1.453759999999999941e+00
1236       1.453840000000000021e+00
1001       1.453860000000000152e+00
1068       1.453860000000000152e+00
1245       1.453860000000000152e+00
1324       1.453880000000000061e+00
1127       1.453920000000000101e+00
870        1.453940000000000010e+00
825        1.453960000000000141e+00
1188       1.453999999999999959e+00
1298       1.453999999999999959e+00
1270       1.454180000000000028e+00
1302       1.454180000000000028e+00
1166       1.454720000000000013e+00
1158       1.455000000000000071e+00
295        1.455019999999999980e+00
1304       1.455039999999999889e+00
550        1.455240000000000089e+00
1347       1.455279999999999907e+00
233        1.455300000000000038e+00
1355       1.455339999999999856e+00
1157       1.455579999999999874e+00
1165       1.455600000000000227e+00
1142       1.455699999999999994e+00
568        1.455819999999999892e+00
122        1.456020000000000092e+00
1263       1.456059999999999910e+00
1335       1.456080000000000041e+00
1316       1.456280000000000019e+00
1250       1.456420000000000048e+00
436        1.456660000000000066e+00
1297       1.456700000000000106e+00
1186       1.456880000000000175e+00
498        1.456900000000000084e+00
592        1.456919999999999993e+00
1122       1.456979999999999942e+00
1358       1.457000000000000073e+00
847        1.457019999999999982e+00
317        1.457060000000000022e+00
387        1.457160000000000011e+00
1218       1.457180000000000142e+00
1344       1.457319999999999949e+00
778        1.457400000000000029e+00
1172       1.457440000000000069e+00
1164       1.457480000000000109e+00
1351       1.457540000000000058e+00
1208       1.457640000000000047e+00
1273       1.457680000000000087e+00
1008       1.457799999999999985e+00
1285       1.457880000000000065e+00
409        1.457920000000000105e+00
155        1.457980000000000054e+00
746        1.458040000000000003e+00
213        1.458160000000000123e+00
1048       1.458200000000000163e+00
1153       1.458239999999999981e+00
1159       1.458420000000000050e+00
1260       1.458420000000000050e+00
541        1.458640000000000159e+00
573        1.458640000000000159e+00
5          1.458660000000000068e+00
63         1.458720000000000017e+00
1193       1.458779999999999966e+00
1192       1.458779999999999966e+00
717        1.458799999999999875e+00
1226       1.458900000000000086e+00
244        1.459019999999999984e+00
1219       1.459060000000000024e+00
1363       1.459140000000000104e+00
1203       1.459160000000000013e+00
278        1.459200000000000053e+00
410        1.459260000000000002e+00
1319       1.459260000000000002e+00
1126       1.459279999999999911e+00
1289       1.459279999999999911e+00
655        1.459380000000000122e+00
1212       1.459380000000000122e+00
1042       1.459620000000000140e+00
1175       1.459720000000000129e+00
1147       1.459920000000000107e+00
910        1.460160000000000124e+00
974        1.460280000000000022e+00
600        1.460320000000000062e+00
1327       1.460360000000000102e+00
1248       1.460400000000000142e+00
156        1.460440000000000182e+00
1261       1.460500000000000131e+00
1204       1.460620000000000251e+00
1168       1.460640000000000160e+00
1239       1.460740000000000149e+00
1342       1.460740000000000149e+00
970        1.460799999999999876e+00
1092       1.460799999999999876e+00
1244       1.460839999999999916e+00
1150       1.460880000000000178e+00
1288       1.460900000000000087e+00
1307       1.461000000000000076e+00
1195       1.461019999999999985e+00
1274       1.461120000000000196e+00
1339       1.461120000000000196e+00
669        1.461160000000000014e+00
1277       1.461160000000000014e+00
1121       1.461200000000000054e+00
841        1.461240000000000094e+00
1359       1.461279999999999912e+00
611        1.461380000000000123e+00
1234       1.461380000000000123e+00
953        1.461440000000000072e+00
1231       1.461440000000000072e+00
663        1.461459999999999981e+00
1309       1.461480000000000112e+00
445        1.461500000000000021e+00
625        1.461680000000000090e+00
1189       1.461680000000000090e+00
334        1.461740000000000039e+00
1198       1.461780000000000079e+00
318        1.461799999999999988e+00
1331       1.461819999999999897e+00
106        1.461880000000000068e+00
202        1.461900000000000199e+00
566        1.461900000000000199e+00
925        1.461900000000000199e+00
1229       1.461920000000000108e+00
1332       1.461940000000000017e+00
1314       1.462020000000000097e+00
1305       1.462040000000000006e+00
829        1.462080000000000046e+00
186        1.462140000000000217e+00
1161       1.462160000000000126e+00
853        1.462180000000000035e+00
1256       1.462180000000000035e+00
1399       1.462180000000000035e+00
1207       1.462200000000000166e+00
1275       1.462200000000000166e+00
1282       1.462200000000000166e+00
1353       1.462220000000000075e+00
1311       1.462260000000000115e+00
1270       1.462339999999999973e+00
1250       1.462380000000000235e+00
401        1.462640000000000162e+00
101        1.462660000000000071e+00
1162       1.462820000000000009e+00
1266       1.462820000000000009e+00
1303       1.462860000000000049e+00
53         1.462960000000000038e+00
257        1.462960000000000038e+00
1326       1.462960000000000038e+00
1215       1.462979999999999947e+00
1251       1.463000000000000078e+00
1240       1.463039999999999896e+00
675        1.463060000000000027e+00
1585       1.463079999999999936e+00
1255       1.463120000000000198e+00
891        1.463160000000000016e+00
1281       1.463180000000000147e+00
219        1.463500000000000023e+00
1317       1.464180000000000037e+00
1350       1.464339999999999975e+00
1338       1.464400000000000146e+00
1125       1.464460000000000095e+00
756        1.464480000000000004e+00
1136       1.464560000000000084e+00
1276       1.464680000000000204e+00
1246       1.464900000000000091e+00
1134       1.464920000000000000e+00
1279       1.465079999999999938e+00
1173       1.465200000000000058e+00
1141       1.465279999999999916e+00
1278       1.465279999999999916e+00
1333       1.465319999999999956e+00
1301       1.465339999999999865e+00
1140       1.465360000000000218e+00
1335       1.465519999999999934e+00
1291       1.465540000000000065e+00
1232       1.465600000000000236e+00
1300       1.465640000000000054e+00
1181       1.465680000000000094e+00
19         1.465780000000000083e+00
1284       1.465880000000000072e+00
1308       1.466020000000000101e+00
1337       1.466059999999999919e+00
1067       1.466160000000000130e+00
1130       1.466239999999999988e+00
171        1.466280000000000028e+00
736        1.466299999999999937e+00
1329       1.466380000000000239e+00
1196       1.466420000000000057e+00
1340       1.466440000000000188e+00
399        1.466600000000000126e+00
1156       1.466679999999999984e+00
1343       1.466739999999999933e+00
1330       1.466739999999999933e+00
368        1.466760000000000064e+00
1149       1.466760000000000064e+00
1249       1.466760000000000064e+00
267        1.466779999999999973e+00
455        1.467019999999999991e+00
531        1.467019999999999991e+00
1290       1.467100000000000071e+00
1138       1.467140000000000111e+00
1355       1.467140000000000111e+00
1597       1.467240000000000100e+00
996        1.467319999999999958e+00
1142       1.467360000000000220e+00
1160       1.467640000000000056e+00
1296       1.467640000000000056e+00
423        1.467720000000000136e+00
1253       1.467759999999999954e+00
1185       1.467880000000000074e+00
1078       1.468040000000000012e+00
1176       1.468040000000000012e+00
1306       1.468080000000000052e+00
1139       1.468280000000000030e+00
650        1.468299999999999939e+00
704        1.468360000000000110e+00
1268       1.468360000000000110e+00
1349       1.468400000000000150e+00
1310       1.468420000000000059e+00
1143       1.468500000000000139e+00
1034       1.468600000000000128e+00
1497       1.468760000000000066e+00
1188       1.468900000000000095e+00
1183       1.468960000000000043e+00
1262       1.468979999999999952e+00
1175       1.469039999999999901e+00
1247       1.469079999999999941e+00
1250       1.469160000000000021e+00
1209       1.469459999999999988e+00
1348       1.469459999999999988e+00
1298       1.469500000000000028e+00
1295       1.469519999999999937e+00
1205       1.469579999999999886e+00
1184       1.469579999999999886e+00
1360       1.469780000000000086e+00
1328       1.469880000000000075e+00
1280       1.470140000000000224e+00
492        1.470180000000000042e+00
14         1.470320000000000071e+00
1206       1.470320000000000071e+00
137        1.470480000000000009e+00
150        1.470500000000000140e+00
191        1.470640000000000169e+00
1132       1.470700000000000118e+00
752        1.470739999999999936e+00
1222       1.470779999999999976e+00
1210       1.471000000000000085e+00
529        1.471019999999999994e+00
1178       1.471060000000000034e+00
373        1.471079999999999943e+00
1212       1.471160000000000023e+00
1224       1.471200000000000063e+00
1272       1.471300000000000052e+00
1263       1.471339999999999870e+00
369        1.471519999999999939e+00
1244       1.471600000000000241e+00
1120       1.471620000000000150e+00
1187       1.471620000000000150e+00
1334       1.471640000000000059e+00
1121       1.471660000000000190e+00
224        1.471840000000000037e+00
37         1.471860000000000168e+00
338        1.471860000000000168e+00
1294       1.471940000000000026e+00
779        1.471999999999999975e+00
1270       1.472299999999999942e+00
310        1.472320000000000073e+00
1144       1.472360000000000113e+00
1211       1.472420000000000062e+00
1307       1.472440000000000193e+00
1336       1.472499999999999920e+00
1146       1.472539999999999960e+00
1129       1.472580000000000000e+00
403        1.472620000000000040e+00
1259       1.472620000000000040e+00
571        1.472660000000000080e+00
588        1.472660000000000080e+00
1237       1.472679999999999989e+00
1283       1.472720000000000029e+00
1199       1.472739999999999938e+00
227        1.472799999999999887e+00
1063       1.472820000000000018e+00
1136       1.472820000000000018e+00
1037       1.472880000000000189e+00
66         1.473019999999999996e+00
442        1.473019999999999996e+00
1354       1.473019999999999996e+00
1289       1.473079999999999945e+00
1417       1.473160000000000025e+00
424        1.473200000000000065e+00
1163       1.473279999999999923e+00
1194       1.473279999999999923e+00
1312       1.473380000000000134e+00
1155       1.473400000000000043e+00
1323       1.473400000000000043e+00
804        1.473440000000000083e+00
1219       1.473440000000000083e+00
1269       1.473500000000000032e+00
1145       1.473579999999999890e+00
1337       1.473799999999999999e+00
1026       1.473860000000000170e+00
467        1.473960000000000159e+00
1339       1.473960000000000159e+00
1214       1.474080000000000057e+00
1322       1.474220000000000086e+00
1254       1.474260000000000126e+00
1271       1.474280000000000035e+00
1141       1.474299999999999944e+00
1351       1.474320000000000075e+00
652        1.474360000000000115e+00
760        1.474360000000000115e+00
1082       1.474480000000000013e+00
656        1.474499999999999922e+00
1319       1.474499999999999922e+00
924        1.474520000000000053e+00
1173       1.474679999999999991e+00
1193       1.474760000000000071e+00
1150       1.474779999999999980e+00
1221       1.474860000000000060e+00
1128       1.474900000000000100e+00
1213       1.474900000000000100e+00
1182       1.474940000000000140e+00
1170       1.475140000000000118e+00
1054       1.475219999999999976e+00
1181       1.475339999999999874e+00
1177       1.475519999999999943e+00
1142       1.475559999999999983e+00
1275       1.475600000000000245e+00
1164       1.475700000000000012e+00
1320       1.475700000000000012e+00
885        1.475759999999999961e+00
1207       1.475780000000000092e+00
1241       1.475860000000000172e+00
1124       1.475900000000000212e+00
648        1.475960000000000161e+00
711        1.475999999999999979e+00
83         1.476040000000000019e+00
1338       1.476059999999999928e+00
1162       1.476100000000000190e+00
1280       1.476239999999999997e+00
800        1.476280000000000037e+00
1341       1.476360000000000117e+00
781        1.476420000000000066e+00
1191       1.476439999999999975e+00
496        1.476480000000000015e+00
1098       1.476480000000000015e+00
200        1.476620000000000044e+00
999        1.476700000000000124e+00
508        1.476720000000000033e+00
1318       1.476839999999999931e+00
698        1.476880000000000193e+00
1204       1.476880000000000193e+00
259        1.476960000000000051e+00
556        1.476960000000000051e+00
131        1.476979999999999960e+00
1276       1.477000000000000091e+00
1321       1.477000000000000091e+00
1257       1.477020000000000000e+00
107        1.477120000000000211e+00
1291       1.477120000000000211e+00
106        1.477140000000000120e+00
1130       1.477200000000000069e+00
1166       1.477200000000000069e+00
1122       1.477240000000000109e+00
346        1.477279999999999927e+00
1340       1.477279999999999927e+00
1267       1.477339999999999876e+00
1233       1.477380000000000138e+00
318        1.477420000000000178e+00
1215       1.477420000000000178e+00
1313       1.477420000000000178e+00
1448       1.477480000000000127e+00
207        1.477540000000000076e+00
314        1.477540000000000076e+00
1197       1.477540000000000076e+00
1304       1.477600000000000247e+00
969        1.477620000000000156e+00
190        1.477640000000000065e+00
1157       1.477640000000000065e+00
1292       1.477680000000000105e+00
573        1.477700000000000014e+00
1281       1.477700000000000014e+00
611        1.477780000000000094e+00
1303       1.477780000000000094e+00
500        1.477840000000000042e+00
1158       1.477860000000000174e+00
1246       1.477860000000000174e+00
1277       1.477860000000000174e+00
1091       1.477940000000000031e+00
336        1.477960000000000163e+00
1200       1.477960000000000163e+00
968        1.477980000000000071e+00
1345       1.477980000000000071e+00
202        1.478100000000000191e+00
1333       1.478360000000000118e+00
1179       1.478400000000000158e+00
344        1.478480000000000016e+00
1278       1.478559999999999874e+00
1265       1.478559999999999874e+00
1104       1.478640000000000176e+00
1297       1.478900000000000103e+00
1131       1.479060000000000041e+00
1192       1.479140000000000121e+00
1346       1.479140000000000121e+00
895        1.479180000000000161e+00
1288       1.479219999999999979e+00
1205       1.479360000000000230e+00
1253       1.479400000000000048e+00
1245       1.479600000000000248e+00
1342       1.479720000000000146e+00
1238       1.479740000000000055e+00
1355       1.479759999999999964e+00
1172       1.480040000000000022e+00
6          1.480059999999999931e+00
730        1.480160000000000142e+00
1307       1.480180000000000051e+00
394        1.480240000000000000e+00
1160       1.480240000000000000e+00
70         1.480319999999999858e+00
965        1.480380000000000029e+00
351        1.480400000000000160e+00
1002       1.480420000000000069e+00
1190       1.480480000000000018e+00
1311       1.480600000000000138e+00
370        1.480620000000000047e+00
561        1.480620000000000047e+00
1123       1.480620000000000047e+00
1357       1.480620000000000047e+00
681        1.480660000000000087e+00
1306       1.480679999999999996e+00
974        1.480700000000000127e+00
1134       1.480739999999999945e+00
1353       1.480739999999999945e+00
1330       1.480760000000000076e+00
1180       1.480799999999999894e+00
1114       1.480880000000000196e+00
1356       1.480920000000000014e+00
1174       1.480940000000000145e+00
824        1.481100000000000083e+00
1329       1.481160000000000032e+00
1220       1.481180000000000163e+00
471        1.481200000000000072e+00
1251       1.481219999999999981e+00
1216       1.481400000000000050e+00
175        1.481420000000000181e+00
1335       1.481459999999999999e+00
789        1.481519999999999948e+00
1319       1.481740000000000057e+00
1218       1.481780000000000097e+00
1234       1.481900000000000217e+00
1167       1.482040000000000024e+00
1274       1.482180000000000053e+00
1325       1.482220000000000093e+00
834        1.482240000000000002e+00
1298       1.482280000000000042e+00
1263       1.482339999999999991e+00
1139       1.482460000000000111e+00
957        1.482580000000000009e+00
1286       1.482580000000000009e+00
1258       1.482739999999999947e+00
1332       1.482739999999999947e+00
1051       1.482799999999999896e+00
688        1.482820000000000027e+00
1214       1.482820000000000027e+00
1050       1.482860000000000067e+00
1132       1.482920000000000016e+00
105        1.482940000000000147e+00
794        1.482979999999999965e+00
1156       1.483000000000000096e+00
234        1.483020000000000005e+00
339        1.483079999999999954e+00
1293       1.483100000000000085e+00
1212       1.483160000000000034e+00
515        1.483200000000000074e+00
1537       1.483219999999999983e+00
1015       1.483319999999999972e+00
1328       1.483339999999999881e+00
653        1.483380000000000143e+00
876        1.483440000000000092e+00
909        1.483500000000000041e+00
1169       1.483519999999999950e+00
1195       1.483519999999999950e+00
995        1.483720000000000150e+00
494        1.483780000000000099e+00
1262       1.483800000000000008e+00
1249       1.483800000000000008e+00
301        1.483840000000000048e+00
1324       1.483900000000000219e+00
1201       1.483999999999999986e+00
1359       1.484020000000000117e+00
1150       1.484059999999999935e+00
1349       1.484059999999999935e+00
1188       1.484160000000000146e+00
169        1.484319999999999862e+00
1352       1.484319999999999862e+00
1213       1.484339999999999993e+00
1189       1.484400000000000164e+00
1162       1.484580000000000011e+00
687        1.484620000000000051e+00
1153       1.484680000000000000e+00
1243       1.484960000000000058e+00
1143       1.485039999999999916e+00
113        1.485420000000000185e+00
1175       1.485440000000000094e+00
342        1.485460000000000003e+00
444        1.485500000000000043e+00
1149       1.485540000000000083e+00
1125       1.485540000000000083e+00
1173       1.485540000000000083e+00
1264       1.485559999999999992e+00
1259       1.485680000000000112e+00
1147       1.485700000000000021e+00
513        1.485759999999999970e+00
913        1.485800000000000010e+00
1202       1.485860000000000181e+00
1225       1.485860000000000181e+00
1309       1.485860000000000181e+00
1315       1.485900000000000221e+00
1176       1.485920000000000130e+00
25         1.486120000000000108e+00
1093       1.486180000000000057e+00
110        1.486299999999999955e+00
1217       1.486319999999999864e+00
1272       1.486339999999999995e+00
1389       1.486400000000000166e+00
332        1.486620000000000053e+00
1252       1.486620000000000053e+00
1354       1.486720000000000041e+00
961        1.486760000000000081e+00
1237       1.486880000000000202e+00
1276       1.486880000000000202e+00
1444       1.486960000000000059e+00
1318       1.487000000000000099e+00
679        1.487160000000000037e+00
1279       1.487160000000000037e+00
1348       1.487160000000000037e+00
1314       1.487200000000000077e+00
567        1.487260000000000026e+00
1301       1.487339999999999884e+00
1184       1.487360000000000237e+00
12         1.487420000000000186e+00
1285       1.487420000000000186e+00
1211       1.487440000000000095e+00
426        1.487460000000000004e+00
1265       1.487500000000000044e+00
1126       1.488140000000000240e+00
864        1.488380000000000036e+00
1208       1.488439999999999985e+00
1313       1.488460000000000116e+00
1289       1.488640000000000185e+00
1386       1.488640000000000185e+00
1140       1.488700000000000134e+00
346        1.488779999999999992e+00
1308       1.488839999999999941e+00
999        1.488920000000000021e+00
1222       1.489160000000000039e+00
894        1.489180000000000170e+00
1271       1.489279999999999937e+00
36         1.489339999999999886e+00
1198       1.489400000000000057e+00
1261       1.489620000000000166e+00
734        1.489759999999999973e+00
1148       1.489900000000000224e+00
1305       1.489900000000000224e+00
1138       1.489940000000000042e+00
1197       1.490020000000000122e+00
293        1.490180000000000060e+00
1185       1.490220000000000100e+00
1229       1.490339999999999998e+00
389        1.490360000000000129e+00
1282       1.490400000000000169e+00
1224       1.490680000000000005e+00
1322       1.490880000000000205e+00
1163       1.490979999999999972e+00
1267       1.491380000000000150e+00
1146       1.491540000000000088e+00
1171       1.491540000000000088e+00
354        1.491640000000000077e+00
402        1.491980000000000084e+00
1159       1.492019999999999902e+00
828        1.492059999999999942e+00
150        1.492100000000000204e+00
1321       1.492100000000000204e+00
446        1.492120000000000113e+00
881        1.492120000000000113e+00
1362       1.492299999999999960e+00
920        1.492340000000000000e+00
1200       1.492340000000000000e+00
1215       1.492360000000000131e+00
116        1.492380000000000040e+00
44         1.492420000000000080e+00
1121       1.492420000000000080e+00
1012       1.492520000000000069e+00
1327       1.492539999999999978e+00
1241       1.492620000000000058e+00
1340       1.492640000000000189e+00
1001       1.492680000000000007e+00
548        1.492720000000000047e+00
1193       1.492739999999999956e+00
1331       1.492739999999999956e+00
1415       1.492739999999999956e+00
338        1.492880000000000207e+00
1283       1.492940000000000156e+00
1336       1.492940000000000156e+00
1181       1.492960000000000065e+00
1297       1.493000000000000105e+00
1231       1.493020000000000014e+00
695        1.493039999999999923e+00
729        1.493079999999999963e+00
1123       1.493079999999999963e+00
1190       1.493120000000000225e+00
1300       1.493120000000000225e+00
647        1.493160000000000043e+00
1170       1.493200000000000083e+00
1358       1.493200000000000083e+00
1157       1.493240000000000123e+00
1246       1.493260000000000032e+00
544        1.493319999999999981e+00
1250       1.493339999999999890e+00
16         1.493380000000000152e+00
1028       1.493460000000000010e+00
72         1.493519999999999959e+00
160        1.493559999999999999e+00
1177       1.493559999999999999e+00
1104       1.493579999999999908e+00
1345       1.493579999999999908e+00
423        1.493600000000000261e+00
1161       1.493860000000000188e+00
526        1.494040000000000035e+00
1255       1.494079999999999853e+00
1334       1.494120000000000115e+00
1346       1.494180000000000064e+00
1330       1.494199999999999973e+00
850        1.494240000000000013e+00
1223       1.494259999999999922e+00
1350       1.494259999999999922e+00
1356       1.494340000000000002e+00
725        1.494380000000000042e+00
1150       1.494380000000000042e+00
521        1.494420000000000082e+00
312        1.494559999999999889e+00
405        1.494680000000000009e+00
1195       1.494720000000000049e+00
1141       1.494739999999999958e+00
1186       1.494779999999999998e+00
690        1.494920000000000027e+00
1144       1.495260000000000034e+00
874        1.495319999999999983e+00
439        1.495339999999999892e+00
1311       1.495640000000000081e+00
1323       1.495720000000000161e+00
1221       1.495800000000000018e+00
827        1.495920000000000138e+00
1192       1.496040000000000036e+00
406        1.496059999999999945e+00
1393       1.496079999999999854e+00
771        1.496100000000000207e+00
1219       1.496180000000000065e+00
352        1.496220000000000105e+00
1236       1.496259999999999923e+00
1288       1.496460000000000123e+00
1140       1.496580000000000021e+00
1127       1.496580000000000021e+00
873        1.496600000000000152e+00
337        1.496680000000000010e+00
159        1.496720000000000050e+00
161        1.496760000000000090e+00
1280       1.496779999999999999e+00
344        1.496920000000000028e+00
810        1.496920000000000028e+00
1135       1.496920000000000028e+00
1209       1.496920000000000028e+00
1248       1.496960000000000068e+00
1201       1.497100000000000097e+00
498        1.497240000000000126e+00
458        1.497260000000000035e+00
334        1.497300000000000075e+00
1303       1.497319999999999984e+00
1326       1.497400000000000064e+00
1254       1.497420000000000195e+00
1341       1.497420000000000195e+00
1359       1.497480000000000144e+00
29         1.497519999999999962e+00
1152       1.497600000000000264e+00
1095       1.497640000000000082e+00
1274       1.497640000000000082e+00
1185       1.497680000000000122e+00
351        1.497780000000000111e+00
55         1.497860000000000191e+00
1122       1.497880000000000100e+00
797        1.497900000000000231e+00
4          1.497920000000000140e+00
749        1.497999999999999998e+00
318        1.498040000000000038e+00
1026       1.498040000000000038e+00
1148       1.498180000000000067e+00
626        1.498340000000000005e+00
1136       1.498360000000000136e+00
1285       1.498400000000000176e+00
98         1.498420000000000085e+00
1194       1.498439999999999994e+00
1357       1.498499999999999943e+00
1131       1.498640000000000194e+00
1260       1.498680000000000012e+00
1249       1.498700000000000143e+00
928        1.498760000000000092e+00
943        1.499100000000000099e+00
1272       1.499120000000000230e+00
1061       1.499300000000000077e+00
1200       1.499440000000000106e+00
821        1.499540000000000095e+00
1098       1.499579999999999913e+00
1153       1.499600000000000266e+00
1354       1.499600000000000266e+00
7          1.499680000000000124e+00
1178       1.499800000000000022e+00
1139       1.499900000000000233e+00
806        1.499940000000000051e+00
354        1.500000000000000000e+00
1197       1.500120000000000120e+00
1233       1.500240000000000018e+00
1333       1.500340000000000007e+00
1142       1.500559999999999894e+00
1262       1.500620000000000065e+00
511        1.500640000000000196e+00
1355       1.500680000000000014e+00
1230       1.500700000000000145e+00
1133       1.500839999999999952e+00
1277       1.501039999999999930e+00
1111       1.501100000000000101e+00
1147       1.501200000000000090e+00
757        1.501219999999999999e+00
1298       1.501260000000000039e+00
603        1.501279999999999948e+00
1210       1.501279999999999948e+00
1257       1.501300000000000079e+00
1335       1.501579999999999915e+00
1134       1.501839999999999842e+00
1251       1.501860000000000195e+00
1275       1.502079999999999860e+00
1227       1.502360000000000140e+00
1245       1.502380000000000049e+00
888        1.502499999999999947e+00
1339       1.502640000000000198e+00
1169       1.502839999999999954e+00
1175       1.502860000000000085e+00
1202       1.502940000000000165e+00
1213       1.502960000000000074e+00
441        1.503140000000000143e+00
1129       1.503160000000000052e+00
1166       1.503220000000000001e+00
364        1.503300000000000081e+00
698        1.503380000000000161e+00
1349       1.503400000000000070e+00
1309       1.503440000000000110e+00
1278       1.503540000000000099e+00
177        1.503640000000000088e+00
1021       1.503640000000000088e+00
1168       1.503680000000000128e+00
1244       1.503680000000000128e+00
1337       1.503680000000000128e+00
306        1.503700000000000037e+00
1242       1.503920000000000146e+00
1037       1.503980000000000095e+00
1076       1.503980000000000095e+00
1154       1.503980000000000095e+00
566        1.504000000000000004e+00
1217       1.504000000000000004e+00
22         1.504199999999999982e+00
1304       1.504199999999999982e+00
1145       1.504240000000000022e+00
1211       1.504240000000000022e+00
839        1.504259999999999931e+00
1366       1.504299999999999971e+00
1342       1.504380000000000051e+00
1252       1.504400000000000182e+00
1218       1.504420000000000091e+00
337        1.504440000000000000e+00
1176       1.504520000000000080e+00
1287       1.504539999999999988e+00
1184       1.504580000000000028e+00
1358       1.504580000000000028e+00
1307       1.504739999999999966e+00
1284       1.504780000000000006e+00
1165       1.505000000000000115e+00
138        1.505079999999999973e+00
1328       1.505160000000000053e+00
1240       1.505240000000000133e+00
1206       1.505260000000000042e+00
1293       1.505319999999999991e+00
182        1.505400000000000071e+00
1266       1.505519999999999969e+00
1268       1.505560000000000009e+00
1094       1.505579999999999918e+00
1338       1.505600000000000271e+00
1125       1.505680000000000129e+00
534        1.505759999999999987e+00
1241       1.505759999999999987e+00
1069       1.505920000000000147e+00
1007       1.505980000000000096e+00
448        1.506040000000000045e+00
1332       1.506040000000000045e+00
1263       1.506059999999999954e+00
1273       1.506180000000000074e+00
889        1.506199999999999983e+00
1132       1.506199999999999983e+00
1171       1.506299999999999972e+00
1296       1.506360000000000143e+00
1191       1.506420000000000092e+00
1231       1.506420000000000092e+00
1270       1.506600000000000161e+00
1187       1.506640000000000201e+00
1323       1.506660000000000110e+00
357        1.506780000000000008e+00
355        1.506839999999999957e+00
1325       1.506900000000000128e+00
342        1.507020000000000026e+00
1235       1.507079999999999975e+00
1159       1.507120000000000237e+00
1315       1.507300000000000084e+00
1137       1.507319999999999993e+00
1220       1.507380000000000164e+00
1318       1.507560000000000011e+00
570        1.507600000000000273e+00
758        1.507600000000000273e+00
1320       1.507660000000000222e+00
113        1.507680000000000131e+00
722        1.507800000000000029e+00
621        1.507819999999999938e+00
61         1.507920000000000149e+00
38         1.507920000000000149e+00
1243       1.507940000000000058e+00
965        1.508000000000000007e+00
1120       1.508059999999999956e+00
1124       1.508220000000000116e+00
208        1.508240000000000025e+00
1182       1.508280000000000065e+00
1247       1.508340000000000014e+00
870        1.508380000000000054e+00
1196       1.508620000000000072e+00
638        1.508700000000000152e+00
1261       1.508700000000000152e+00
1212       1.508720000000000061e+00
311        1.508860000000000090e+00
404        1.508920000000000039e+00
1299       1.508920000000000039e+00
1219       1.508940000000000170e+00
1286       1.508960000000000079e+00
960        1.509000000000000119e+00
1234       1.509020000000000028e+00
101        1.509220000000000006e+00
1139       1.509260000000000046e+00
1135       1.509260000000000046e+00
670        1.509300000000000086e+00
1265       1.509300000000000086e+00
1152       1.509440000000000115e+00
1521       1.509480000000000155e+00
1295       1.509640000000000093e+00
1020       1.509740000000000082e+00
1156       1.509839999999999849e+00
518        1.509940000000000060e+00
1357       1.509959999999999969e+00
21         1.510160000000000169e+00
1127       1.510220000000000118e+00
1346       1.510240000000000027e+00
1291       1.510340000000000016e+00
1317       1.510340000000000016e+00
569        1.510499999999999954e+00
419        1.510620000000000074e+00
627        1.510640000000000205e+00
1359       1.510640000000000205e+00
589        1.510739999999999972e+00
1168       1.511020000000000030e+00
471        1.511279999999999957e+00
1283       1.511300000000000088e+00
1142       1.511339999999999906e+00
1316       1.511560000000000015e+00
1173       1.511779999999999902e+00
1246       1.511779999999999902e+00
1174       1.511800000000000033e+00
11         1.511839999999999851e+00
966        1.511959999999999971e+00
1097       1.511980000000000102e+00
1136       1.512000000000000011e+00
767        1.512140000000000040e+00
1179       1.512160000000000171e+00
1133       1.512259999999999938e+00
1280       1.512280000000000069e+00
554        1.512380000000000058e+00
947        1.512400000000000189e+00
1322       1.512440000000000007e+00
528        1.512460000000000138e+00
176        1.512900000000000134e+00
345        1.512900000000000134e+00
1329       1.512900000000000134e+00
1053       1.513000000000000123e+00
951        1.513220000000000010e+00
1144       1.513220000000000010e+00
901        1.513279999999999959e+00
1281       1.513279999999999959e+00
1353       1.513300000000000090e+00
78         1.513360000000000261e+00
1188       1.513680000000000136e+00
1336       1.513680000000000136e+00
832        1.513719999999999954e+00
700        1.513740000000000085e+00
225        1.513940000000000063e+00
147        1.514000000000000012e+00
195        1.514000000000000012e+00
1272       1.514299999999999979e+00
651        1.514420000000000099e+00
1157       1.514420000000000099e+00
581        1.514559999999999906e+00
435        1.514680000000000026e+00
1311       1.514700000000000157e+00
1239       1.514799999999999924e+00
1258       1.514839999999999964e+00
851        1.514900000000000135e+00
609        1.514940000000000175e+00
1267       1.514940000000000175e+00
143        1.514979999999999993e+00
1158       1.515039999999999942e+00
771        1.515100000000000113e+00
203        1.515180000000000193e+00
137        1.515240000000000142e+00
1063       1.515360000000000262e+00
1207       1.515360000000000262e+00
108        1.515480000000000160e+00
659        1.515480000000000160e+00
47         1.515539999999999887e+00
836        1.515600000000000058e+00
156        1.515620000000000189e+00
1202       1.515700000000000047e+00
1247       1.515740000000000087e+00
1199       1.515880000000000116e+00
1269       1.515900000000000025e+00
1399       1.516160000000000174e+00
681        1.516220000000000123e+00
870        1.516319999999999890e+00
1195       1.516380000000000061e+00
858        1.516559999999999908e+00
1124       1.516600000000000170e+00
656        1.516700000000000159e+00
1244       1.516739999999999977e+00
1250       1.516739999999999977e+00
1297       1.516839999999999966e+00
1109       1.516880000000000228e+00
1122       1.516920000000000046e+00
1324       1.516960000000000086e+00
1183       1.517000000000000126e+00
693        1.517020000000000035e+00
1190       1.517020000000000035e+00
447        1.517039999999999944e+00
590        1.517120000000000246e+00
1170       1.517120000000000246e+00
1129       1.517220000000000013e+00
278        1.517279999999999962e+00
1313       1.517420000000000213e+00
1309       1.517440000000000122e+00
1138       1.517579999999999929e+00
1254       1.517579999999999929e+00
1217       1.517719999999999958e+00
1235       1.517779999999999907e+00
242        1.517880000000000118e+00
1210       1.517940000000000067e+00
586        1.518120000000000136e+00
99         1.518299999999999983e+00
27         1.518380000000000063e+00
288        1.518400000000000194e+00
1241       1.518400000000000194e+00
550        1.518480000000000052e+00
1545       1.518480000000000052e+00
1274       1.518499999999999961e+00
559        1.518720000000000070e+00
692        1.518739999999999979e+00
1359       1.518760000000000110e+00
1145       1.518880000000000230e+00
169        1.518900000000000139e+00
1147       1.518900000000000139e+00
558        1.518920000000000048e+00
1354       1.519039999999999946e+00
337        1.519120000000000248e+00
1308       1.519320000000000004e+00
340        1.519500000000000073e+00
422        1.519500000000000073e+00
1178       1.519579999999999931e+00
1225       1.519660000000000011e+00
1182       1.519719999999999960e+00
1189       1.519740000000000091e+00
1342       1.519800000000000040e+00
1196       1.519819999999999949e+00
130        1.519839999999999858e+00
1232       1.519900000000000029e+00
1059       1.519940000000000069e+00
1175       1.520140000000000047e+00
1143       1.520220000000000127e+00
1295       1.520240000000000036e+00
612        1.520460000000000145e+00
1141       1.520480000000000054e+00
1121       1.520520000000000094e+00
930        1.520600000000000174e+00
1252       1.520660000000000123e+00
1137       1.520780000000000021e+00
144        1.520839999999999970e+00
1120       1.520979999999999999e+00
1186       1.521000000000000130e+00
1146       1.521039999999999948e+00
1264       1.521260000000000057e+00
1289       1.521440000000000126e+00
1321       1.521479999999999944e+00
1339       1.521500000000000075e+00
468        1.521579999999999933e+00
1169       1.521579999999999933e+00
1273       1.521579999999999933e+00
543        1.521600000000000064e+00
1125       1.521620000000000195e+00
721        1.521660000000000013e+00
187        1.521680000000000144e+00
1304       1.521700000000000053e+00
509        1.521760000000000002e+00
1201       1.521819999999999951e+00
1317       1.521819999999999951e+00
1176       1.521920000000000162e+00
884        1.521980000000000111e+00
1338       1.522040000000000060e+00
1277       1.522140000000000049e+00
660        1.522160000000000180e+00
1159       1.522360000000000158e+00
1208       1.522400000000000198e+00
1265       1.522540000000000004e+00
1163       1.522600000000000176e+00
1177       1.523240000000000149e+00
1132       1.523299999999999876e+00
1231       1.523479999999999945e+00
506        1.523500000000000076e+00
1139       1.523640000000000105e+00
999        1.523700000000000054e+00
1134       1.523700000000000054e+00
1305       1.523779999999999912e+00
289        1.523839999999999861e+00
1084       1.523920000000000163e+00
397        1.524059999999999970e+00
123        1.524280000000000079e+00
285        1.524460000000000148e+00
1230       1.524620000000000086e+00
1180       1.524780000000000024e+00
1314       1.525120000000000253e+00
352        1.525180000000000202e+00
1111       1.525220000000000020e+00
850        1.525279999999999969e+00
1081       1.525400000000000089e+00
1248       1.525539999999999896e+00
1341       1.525539999999999896e+00
897        1.525640000000000107e+00
1218       1.525660000000000016e+00
513        1.525700000000000056e+00
1215       1.525819999999999954e+00
1326       1.525900000000000034e+00
34         1.525920000000000165e+00
1306       1.526180000000000092e+00
1271       1.526259999999999950e+00
1136       1.526360000000000161e+00
45         1.526499999999999968e+00
110        1.526499999999999968e+00
860        1.526540000000000008e+00
4          1.526580000000000048e+00
536        1.526640000000000219e+00
495        1.526660000000000128e+00
1165       1.526720000000000077e+00
1337       1.526880000000000237e+00
485        1.526900000000000146e+00
855        1.526960000000000095e+00
448        1.527000000000000135e+00
1150       1.527000000000000135e+00
1154       1.527060000000000084e+00
1256       1.527239999999999931e+00
1325       1.527279999999999971e+00
528        1.527299999999999880e+00
649        1.527360000000000051e+00
1193       1.527380000000000182e+00
606        1.527440000000000131e+00
1245       1.527539999999999898e+00
749        1.527560000000000029e+00
1268       1.527660000000000018e+00
1263       1.527660000000000018e+00
755        1.527719999999999967e+00
319        1.527740000000000098e+00
1282       1.527800000000000047e+00
1301       1.527819999999999956e+00
557        1.527860000000000218e+00
921        1.527920000000000167e+00
415        1.527959999999999985e+00
441        1.528000000000000025e+00
1148       1.528040000000000065e+00
1336       1.528120000000000145e+00
1228       1.528200000000000003e+00
730        1.528220000000000134e+00
946        1.528240000000000043e+00
1222       1.528299999999999992e+00
302        1.528319999999999901e+00
1217       1.528380000000000072e+00
325        1.528400000000000203e+00
578        1.528400000000000203e+00
1131       1.528440000000000021e+00
357        1.528499999999999970e+00
1279       1.528520000000000101e+00
1312       1.528559999999999919e+00
1350       1.528600000000000181e+00
624        1.528640000000000221e+00
183        1.528780000000000028e+00
1167       1.528820000000000068e+00
1164       1.528940000000000188e+00
1088       1.529000000000000137e+00
1357       1.529039999999999955e+00
1212       1.529060000000000086e+00
168        1.529079999999999995e+00
493        1.529079999999999995e+00
1331       1.529079999999999995e+00
22         1.529120000000000257e+00
1113       1.529120000000000257e+00
19         1.529160000000000075e+00
1319       1.529239999999999933e+00
118        1.529260000000000064e+00
1369       1.529260000000000064e+00
442        1.529340000000000144e+00
1295       1.529340000000000144e+00
1288       1.529360000000000053e+00
1343       1.529360000000000053e+00
1346       1.529360000000000053e+00
1334       1.529380000000000184e+00
1284       1.529420000000000002e+00
1116       1.529440000000000133e+00
268        1.529579999999999940e+00
1247       1.529600000000000071e+00
1251       1.529620000000000202e+00
1318       1.529620000000000202e+00
1234       1.529800000000000049e+00
1172       1.529860000000000220e+00
1205       1.530000000000000027e+00
648        1.530059999999999976e+00
194        1.530100000000000238e+00
661        1.530280000000000085e+00
2          1.530299999999999994e+00
1270       1.530580000000000052e+00
1242       1.530860000000000110e+00
1298       1.531239999999999934e+00
629        1.531279999999999974e+00
1153       1.531400000000000095e+00
1127       1.531460000000000043e+00
1152       1.531479999999999952e+00
1276       1.531479999999999952e+00
93         1.531640000000000112e+00
631        1.531680000000000152e+00
1126       1.531800000000000050e+00
1142       1.532040000000000068e+00
1162       1.532220000000000137e+00
766        1.532319999999999904e+00
868        1.532520000000000104e+00
802        1.532660000000000133e+00
460        1.532680000000000042e+00
839        1.532820000000000071e+00
1049       1.532860000000000111e+00
1344       1.532920000000000060e+00
402        1.533079999999999998e+00
175        1.533100000000000129e+00
1262       1.533140000000000169e+00
1323       1.533440000000000136e+00
1280       1.533600000000000074e+00
1257       1.533640000000000114e+00
651        1.533700000000000063e+00
1163       1.533819999999999961e+00
1332       1.533940000000000081e+00
68         1.533959999999999990e+00
1060       1.534040000000000070e+00
140        1.534100000000000241e+00
1311       1.534100000000000241e+00
1208       1.534120000000000150e+00
311        1.534200000000000008e+00
1226       1.534220000000000139e+00
497        1.534499999999999975e+00
589        1.534520000000000106e+00
421        1.534559999999999924e+00
1302       1.534620000000000095e+00
461        1.534680000000000044e+00
1194       1.534680000000000044e+00
1259       1.534720000000000084e+00
385        1.534780000000000033e+00
1214       1.534840000000000204e+00
1202       1.534900000000000153e+00
1204       1.535080000000000000e+00
552        1.535120000000000040e+00
716        1.535140000000000171e+00
524        1.535160000000000080e+00
1183       1.535260000000000069e+00
346        1.535320000000000018e+00
74         1.535380000000000189e+00
129        1.535420000000000007e+00
728        1.535519999999999996e+00
1306       1.535539999999999905e+00
1227       1.535579999999999945e+00
872        1.535640000000000116e+00
971        1.535719999999999974e+00
1190       1.535740000000000105e+00
224        1.535800000000000054e+00
1185       1.535920000000000174e+00
382        1.536019999999999941e+00
1348       1.536220000000000141e+00
1330       1.536280000000000090e+00
567        1.536380000000000079e+00
777        1.536380000000000079e+00
178        1.536420000000000119e+00
1267       1.536440000000000028e+00
31         1.536480000000000068e+00
1124       1.536480000000000068e+00
592        1.536600000000000188e+00
753        1.536700000000000177e+00
25         1.536760000000000126e+00
603        1.536900000000000155e+00
320        1.537020000000000053e+00
542        1.537020000000000053e+00
1278       1.537020000000000053e+00
1176       1.537179999999999991e+00
1352       1.537200000000000122e+00
1539       1.537260000000000071e+00
1335       1.537279999999999980e+00
924        1.537360000000000060e+00
1325       1.537380000000000191e+00
417        1.537400000000000100e+00
154        1.537519999999999998e+00
1236       1.537579999999999947e+00
804        1.537600000000000078e+00
969        1.537600000000000078e+00
1215       1.537620000000000209e+00
1209       1.537680000000000158e+00
1184       1.537680000000000158e+00
1292       1.537700000000000067e+00
1109       1.537719999999999976e+00
863        1.537880000000000136e+00
1165       1.537900000000000045e+00
1128       1.537940000000000085e+00
1291       1.537959999999999994e+00
437        1.538000000000000034e+00
1272       1.538059999999999983e+00
1141       1.538140000000000063e+00
1294       1.538140000000000063e+00
1151       1.538200000000000012e+00
1140       1.538259999999999961e+00
1193       1.538319999999999910e+00
1338       1.538380000000000081e+00
726        1.538420000000000121e+00
845        1.538440000000000030e+00
694        1.538460000000000161e+00
1246       1.538460000000000161e+00
1161       1.538580000000000059e+00
1099       1.538760000000000128e+00
1123       1.538840000000000208e+00
307        1.538880000000000248e+00
1255       1.538880000000000248e+00
1149       1.539120000000000044e+00
1178       1.539120000000000044e+00
1268       1.539120000000000044e+00
597        1.539239999999999942e+00
621        1.539279999999999982e+00
1253       1.539279999999999982e+00
1308       1.539340000000000153e+00
751        1.539460000000000051e+00
885        1.539520000000000000e+00
942        1.539539999999999909e+00
167        1.539579999999999949e+00
568        1.539680000000000160e+00
1238       1.539719999999999978e+00
1230       1.539800000000000058e+00
734        1.539840000000000098e+00
1205       1.539900000000000047e+00
1188       1.539959999999999996e+00
1286       1.540040000000000076e+00
1271       1.540100000000000247e+00
335        1.540319999999999911e+00
1240       1.540440000000000031e+00
1222       1.540480000000000071e+00
561        1.540559999999999929e+00
919        1.540580000000000060e+00
800        1.540600000000000191e+00
1121       1.540620000000000100e+00
1285       1.540660000000000140e+00
56         1.540700000000000180e+00
100        1.540799999999999947e+00
1334       1.540860000000000118e+00
1143       1.540920000000000067e+00
1197       1.541059999999999874e+00
1145       1.541080000000000005e+00
1298       1.541140000000000176e+00
1147       1.541239999999999943e+00
42         1.541260000000000074e+00
1450       1.541360000000000063e+00
1270       1.541380000000000194e+00
790        1.541400000000000103e+00
1317       1.541440000000000143e+00
1219       1.541539999999999910e+00
1231       1.541560000000000041e+00
1290       1.541640000000000121e+00
1159       1.541719999999999979e+00
1162       1.541740000000000110e+00
1248       1.541900000000000048e+00
1024       1.541920000000000179e+00
1175       1.542019999999999946e+00
537        1.542160000000000197e+00
1237       1.542220000000000146e+00
1339       1.542240000000000055e+00
29         1.542360000000000175e+00
1304       1.542360000000000175e+00
1057       1.542460000000000164e+00
1186       1.542819999999999858e+00
1148       1.542980000000000018e+00
1189       1.543120000000000047e+00
1244       1.543140000000000178e+00
1086       1.543160000000000087e+00
199        1.543179999999999996e+00
1239       1.543200000000000127e+00
112        1.543239999999999945e+00
153        1.543360000000000065e+00
1269       1.543360000000000065e+00
1139       1.543420000000000014e+00
1555       1.543440000000000145e+00
235        1.543500000000000094e+00
879        1.543620000000000214e+00
636        1.543640000000000123e+00
1316       1.543680000000000163e+00
1351       1.543680000000000163e+00
877        1.543779999999999930e+00
1277       1.543779999999999930e+00
1327       1.543840000000000101e+00
554        1.543860000000000232e+00
975        1.543880000000000141e+00
1211       1.544000000000000039e+00
1526       1.544079999999999897e+00
198        1.544120000000000159e+00
1206       1.544200000000000017e+00
1353       1.544200000000000017e+00
809        1.544220000000000148e+00
700        1.544240000000000057e+00
1192       1.544240000000000057e+00
1301       1.544280000000000097e+00
1122       1.544319999999999915e+00
1297       1.544319999999999915e+00
1355       1.544380000000000086e+00
1152       1.544799999999999951e+00
1313       1.544799999999999951e+00
1263       1.544960000000000111e+00
1102       1.544980000000000020e+00
1356       1.544999999999999929e+00
727        1.545179999999999998e+00
1264       1.545179999999999998e+00
1256       1.545179999999999998e+00
412        1.545200000000000129e+00
1212       1.545200000000000129e+00
1283       1.545340000000000158e+00
1158       1.545360000000000067e+00
1275       1.545400000000000107e+00
1080       1.545560000000000045e+00
1224       1.545579999999999954e+00
1229       1.545660000000000034e+00
822        1.545740000000000114e+00
1172       1.545740000000000114e+00
1220       1.545740000000000114e+00
286        1.545800000000000063e+00
1214       1.545860000000000234e+00
731        1.545960000000000001e+00
970        1.545980000000000132e+00
581        1.546079999999999899e+00
1328       1.546120000000000161e+00
888        1.546319999999999917e+00
1054       1.546340000000000270e+00
902        1.546380000000000088e+00
1163       1.546460000000000168e+00
1333       1.546780000000000044e+00
556        1.546819999999999862e+00
448        1.546999999999999931e+00
1201       1.547039999999999971e+00
203        1.547120000000000051e+00
1155       1.547200000000000131e+00
1225       1.547200000000000131e+00
1267       1.547279999999999989e+00
399        1.547340000000000160e+00
1187       1.547479999999999967e+00
765        1.547579999999999956e+00
1323       1.547620000000000218e+00
276        1.547760000000000025e+00
1228       1.547779999999999934e+00
1376       1.547819999999999974e+00
1218       1.547840000000000105e+00
1164       1.547900000000000054e+00
1337       1.547920000000000185e+00
1346       1.547940000000000094e+00
1335       1.548140000000000072e+00
1078       1.548220000000000152e+00
1130       1.548280000000000101e+00
1396       1.548280000000000101e+00
1513       1.548280000000000101e+00
12         1.548300000000000010e+00
185        1.548319999999999919e+00
347        1.548380000000000090e+00
615        1.548380000000000090e+00
1125       1.548400000000000221e+00
1261       1.548499999999999988e+00
733        1.548520000000000119e+00
1120       1.548520000000000119e+00
132        1.548600000000000199e+00
621        1.548640000000000239e+00
905        1.548700000000000188e+00
1311       1.548700000000000188e+00
1250       1.548799999999999955e+00
637        1.548939999999999984e+00
134        1.548960000000000115e+00
1062       1.548980000000000024e+00
1135       1.549039999999999973e+00
1165       1.549039999999999973e+00
1312       1.549100000000000144e+00
1194       1.549260000000000081e+00
169        1.549420000000000019e+00
1314       1.549579999999999957e+00
1281       1.549980000000000135e+00
275        1.550040000000000084e+00
1358       1.550040000000000084e+00
901        1.550079999999999902e+00
1199       1.550100000000000255e+00
435        1.550120000000000164e+00
501        1.550140000000000073e+00
1138       1.550200000000000022e+00
1181       1.550280000000000102e+00
1178       1.550280000000000102e+00
1154       1.550380000000000091e+00
1184       1.550400000000000222e+00
1137       1.550420000000000131e+00
1141       1.550520000000000120e+00
1306       1.550580000000000069e+00
1195       1.550600000000000200e+00
1217       1.550720000000000098e+00
1171       1.550740000000000007e+00
1305       1.550880000000000036e+00
1357       1.550880000000000036e+00
1203       1.550900000000000167e+00
1352       1.550900000000000167e+00
780        1.551100000000000145e+00
1150       1.551100000000000145e+00
588        1.551120000000000054e+00
1233       1.551140000000000185e+00
1157       1.551239999999999952e+00
995        1.551740000000000119e+00
699        1.551840000000000108e+00
350        1.552000000000000046e+00
1280       1.552240000000000064e+00
540        1.552259999999999973e+00
748        1.552360000000000184e+00
1162       1.552360000000000184e+00
1160       1.552440000000000042e+00
1254       1.552460000000000173e+00
1262       1.552480000000000082e+00
1266       1.552579999999999849e+00
957        1.552600000000000202e+00
1033       1.552620000000000111e+00
1007       1.552680000000000060e+00
1237       1.552880000000000038e+00
1331       1.552880000000000038e+00
1341       1.553020000000000067e+00
1344       1.553080000000000016e+00
298        1.553220000000000045e+00
693        1.553220000000000045e+00
1161       1.553279999999999994e+00
794        1.553299999999999903e+00
1179       1.553299999999999903e+00
1349       1.553320000000000034e+00
1190       1.553620000000000223e+00
1117       1.553840000000000110e+00
1127       1.553860000000000241e+00
1290       1.554019999999999957e+00
690        1.554180000000000117e+00
1351       1.554200000000000026e+00
77         1.554259999999999975e+00
1152       1.554380000000000095e+00
1338       1.554540000000000033e+00
1315       1.554540000000000033e+00
1236       1.554559999999999942e+00
201        1.554579999999999851e+00
1167       1.554579999999999851e+00
1594       1.554640000000000022e+00
993        1.554699999999999971e+00
576        1.554759999999999920e+00
1313       1.554759999999999920e+00
825        1.554780000000000051e+00
1346       1.554880000000000040e+00
1124       1.554939999999999989e+00
211        1.554980000000000029e+00
1291       1.554999999999999938e+00
1269       1.555020000000000069e+00
1122       1.555039999999999978e+00
1274       1.555039999999999978e+00
1198       1.555279999999999996e+00
1356       1.555299999999999905e+00
1286       1.555360000000000076e+00
314        1.555400000000000116e+00
719        1.555500000000000105e+00
1279       1.555560000000000054e+00
1355       1.555560000000000054e+00
886        1.555700000000000083e+00
1202       1.555700000000000083e+00
1052       1.555880000000000152e+00
1303       1.555920000000000192e+00
83         1.556019999999999959e+00
1185       1.556019999999999959e+00
420        1.556280000000000108e+00
1332       1.556340000000000279e+00
1172       1.556400000000000228e+00
25         1.556460000000000177e+00
1264       1.556519999999999904e+00
1153       1.556540000000000035e+00
754        1.556600000000000206e+00
1285       1.556660000000000155e+00
1427       1.556660000000000155e+00
1302       1.556699999999999973e+00
1170       1.556720000000000104e+00
1325       1.556720000000000104e+00
41         1.556759999999999922e+00
1245       1.556780000000000053e+00
1003       1.556799999999999962e+00
1519       1.556819999999999871e+00
711        1.556900000000000173e+00
123        1.556939999999999991e+00
1210       1.557120000000000060e+00
1116       1.557140000000000191e+00
1299       1.557160000000000100e+00
226        1.557260000000000089e+00
1120       1.557460000000000067e+00
1205       1.557520000000000016e+00
564        1.557600000000000096e+00
1134       1.557719999999999994e+00
90         1.557760000000000034e+00
1208       1.557760000000000034e+00
1309       1.557760000000000034e+00
1347       1.557840000000000114e+00
1243       1.557960000000000012e+00
300        1.558019999999999960e+00
1013       1.558160000000000212e+00
1218       1.558160000000000212e+00
792        1.558200000000000029e+00
1174       1.558220000000000161e+00
1326       1.558220000000000161e+00
817        1.558240000000000069e+00
676        1.558259999999999978e+00
1260       1.558319999999999927e+00
446        1.558340000000000281e+00
868        1.558340000000000281e+00
418        1.558380000000000098e+00
1157       1.558579999999999854e+00
1400       1.558600000000000207e+00
1226       1.558819999999999872e+00
377        1.558980000000000032e+00
1175       1.558980000000000032e+00
467        1.559020000000000072e+00
879        1.559100000000000152e+00
541        1.559120000000000061e+00
319        1.559340000000000170e+00
13         1.559500000000000108e+00
1121       1.559620000000000228e+00
1216       1.559620000000000228e+00
1251       1.559640000000000137e+00
884        1.559680000000000177e+00
1301       1.559719999999999995e+00
1194       1.559860000000000246e+00
1188       1.559900000000000064e+00
174        1.560060000000000002e+00
464        1.560140000000000082e+00
828        1.560319999999999929e+00
1096       1.560540000000000038e+00
397        1.560680000000000067e+00
1278       1.560840000000000227e+00
1295       1.560840000000000227e+00
689        1.560920000000000085e+00
655        1.560939999999999994e+00
1123       1.560960000000000125e+00
601        1.560999999999999943e+00
1294       1.561020000000000074e+00
1249       1.561120000000000063e+00
1276       1.561140000000000194e+00
1155       1.561440000000000161e+00
1126       1.561740000000000128e+00
707        1.561760000000000037e+00
1316       1.561819999999999986e+00
514        1.562079999999999913e+00
1180       1.562360000000000193e+00
1183       1.563200000000000145e+00
1196       1.563340000000000174e+00
462        1.563640000000000141e+00
914        1.563640000000000141e+00
67         1.563719999999999999e+00
995        1.564000000000000057e+00
1181       1.564180000000000126e+00
1265       1.564280000000000115e+00
497        1.564319999999999933e+00
1308       1.564440000000000053e+00
677        1.564480000000000093e+00
459        1.564680000000000071e+00
1142       1.564960000000000129e+00
624        1.565020000000000078e+00
918        1.565239999999999965e+00
1262       1.565239999999999965e+00
1305       1.565239999999999965e+00
1273       1.565280000000000005e+00
583        1.565400000000000125e+00
1279       1.565400000000000125e+00
1129       1.565420000000000034e+00
75         1.565579999999999972e+00
1154       1.565720000000000001e+00
1311       1.565880000000000161e+00
1322       1.565900000000000070e+00
1359       1.566079999999999917e+00
1238       1.566100000000000270e+00
694        1.566220000000000168e+00
1169       1.566300000000000026e+00
850        1.566319999999999935e+00
1256       1.566319999999999935e+00
1281       1.566340000000000288e+00
1172       1.566680000000000073e+00
657        1.566699999999999982e+00
1159       1.566759999999999931e+00
1253       1.566900000000000182e+00
571        1.566920000000000091e+00
666        1.566920000000000091e+00
978        1.566960000000000131e+00
1201       1.567059999999999897e+00
920        1.567180000000000017e+00
656        1.567299999999999915e+00
1168       1.567299999999999915e+00
1226       1.567320000000000046e+00
348        1.567400000000000126e+00
1244       1.567479999999999984e+00
1176       1.567520000000000024e+00
400        1.567539999999999933e+00
1152       1.567620000000000235e+00
1443       1.567620000000000235e+00
1085       1.567680000000000184e+00
1236       1.567800000000000082e+00
1035       1.567819999999999991e+00
1257       1.567819999999999991e+00
1231       1.568000000000000060e+00
1324       1.568000000000000060e+00
145        1.568040000000000100e+00
565        1.568040000000000100e+00
1166       1.568120000000000180e+00
1211       1.568140000000000089e+00
1330       1.568160000000000220e+00
1241       1.568259999999999987e+00
1053       1.568279999999999896e+00
878        1.568300000000000027e+00
1344       1.568300000000000027e+00
1289       1.568360000000000198e+00
1331       1.568459999999999965e+00
1128       1.568480000000000096e+00
471        1.568759999999999932e+00
1151       1.568780000000000063e+00
1297       1.568840000000000234e+00
1333       1.569220000000000059e+00
1140       1.569640000000000146e+00
272        1.569700000000000095e+00
1137       1.569720000000000004e+00
1335       1.569840000000000124e+00
231        1.570200000000000040e+00
1121       1.570219999999999949e+00
1274       1.570259999999999989e+00
449        1.570279999999999898e+00
1283       1.570540000000000047e+00
1286       1.570559999999999956e+00
1163       1.570920000000000094e+00
1136       1.570960000000000134e+00
531        1.570980000000000043e+00
118        1.571059999999999901e+00
545        1.571059999999999901e+00
1293       1.571059999999999901e+00
950        1.571260000000000101e+00
1239       1.571299999999999919e+00
937        1.571320000000000050e+00
1206       1.571479999999999988e+00
1225       1.571500000000000119e+00
77         1.571620000000000239e+00
390        1.571640000000000148e+00
606        1.571640000000000148e+00
1292       1.571720000000000006e+00
1252       1.571940000000000115e+00
1337       1.571940000000000115e+00
139        1.572060000000000013e+00
73         1.572219999999999951e+00
1267       1.572259999999999991e+00
1075       1.572300000000000031e+00
1212       1.572380000000000111e+00
1198       1.572400000000000020e+00
317        1.572440000000000060e+00
742        1.572500000000000009e+00
986        1.572540000000000049e+00
1345       1.572540000000000049e+00
1294       1.572559999999999958e+00
1153       1.572620000000000129e+00
1355       1.572620000000000129e+00
772        1.572680000000000078e+00
323        1.572699999999999987e+00
1259       1.572699999999999987e+00
151        1.572720000000000118e+00
1139       1.572720000000000118e+00
662        1.572860000000000147e+00
781        1.572880000000000056e+00
1175       1.572880000000000056e+00
398        1.572900000000000187e+00
1200       1.572920000000000096e+00
270        1.572940000000000005e+00
1167       1.573080000000000034e+00
1190       1.573100000000000165e+00
1219       1.573100000000000165e+00
1295       1.573140000000000205e+00
1233       1.573180000000000023e+00
1334       1.573280000000000012e+00
560        1.573320000000000052e+00
33         1.573380000000000223e+00
342        1.573380000000000223e+00
1350       1.573420000000000041e+00
1302       1.573500000000000121e+00
1202       1.573720000000000008e+00
1247       1.574079999999999924e+00
230        1.574340000000000073e+00
968        1.574400000000000022e+00
315        1.574480000000000102e+00
777        1.574519999999999920e+00
1165       1.574579999999999869e+00
1127       1.574699999999999989e+00
538        1.574900000000000189e+00
1109       1.575120000000000076e+00
222        1.575180000000000025e+00
1150       1.575200000000000156e+00
1120       1.575400000000000134e+00
132        1.575440000000000174e+00
1180       1.575700000000000101e+00
1314       1.575779999999999959e+00
1312       1.575940000000000119e+00
335        1.576039999999999885e+00
120        1.576279999999999903e+00
1248       1.576420000000000154e+00
1141       1.576540000000000052e+00
1199       1.576559999999999961e+00
676        1.576579999999999870e+00
1228       1.576600000000000223e+00
1209       1.576640000000000041e+00
1220       1.576680000000000081e+00
758        1.576840000000000241e+00
204        1.576920000000000099e+00
1251       1.576999999999999957e+00
788        1.577080000000000037e+00
1173       1.577280000000000015e+00
1221       1.577299999999999924e+00
1342       1.577320000000000055e+00
695        1.577360000000000095e+00
134        1.577400000000000135e+00
1112       1.577400000000000135e+00
1268       1.577400000000000135e+00
259        1.577579999999999982e+00
584        1.577579999999999982e+00
1326       1.577579999999999982e+00
1336       1.577640000000000153e+00
1152       1.577660000000000062e+00
961        1.577680000000000193e+00
1234       1.577680000000000193e+00
1138       1.577700000000000102e+00
1307       1.577740000000000142e+00
792        1.577760000000000051e+00
836        1.577820000000000000e+00
596        1.577840000000000131e+00
770        1.578019999999999978e+00
171        1.578039999999999887e+00
1262       1.578039999999999887e+00
1291       1.578039999999999887e+00
367        1.578079999999999927e+00
1300       1.578079999999999927e+00
152        1.578100000000000058e+00
1164       1.578100000000000058e+00
1544       1.578100000000000058e+00
1125       1.578160000000000007e+00
1237       1.578240000000000087e+00
40         1.578259999999999996e+00
1317       1.578259999999999996e+00
1353       1.578259999999999996e+00
1179       1.578279999999999905e+00
1311       1.578279999999999905e+00
938        1.578300000000000036e+00
1040       1.578300000000000036e+00
1298       1.578420000000000156e+00
1143       1.578540000000000054e+00
1340       1.578579999999999872e+00
1276       1.578680000000000083e+00
296        1.578880000000000061e+00
1203       1.578940000000000010e+00
1227       1.579180000000000028e+00
1177       1.579320000000000057e+00
901        1.579360000000000097e+00
554        1.579380000000000228e+00
807        1.579539999999999944e+00
1208       1.579539999999999944e+00
1264       1.579539999999999944e+00
1224       1.579720000000000013e+00
177        1.580019999999999980e+00
227        1.580259999999999998e+00
1192       1.580319999999999947e+00
1210       1.580340000000000078e+00
1222       1.580340000000000078e+00
478        1.580420000000000158e+00
1305       1.580480000000000107e+00
1170       1.580600000000000227e+00
359        1.580640000000000045e+00
188        1.580680000000000085e+00
276        1.580699999999999994e+00
599        1.580799999999999983e+00
1178       1.580860000000000154e+00
1303       1.581120000000000081e+00
274        1.581460000000000088e+00
1189       1.581760000000000055e+00
1347       1.581760000000000055e+00
167        1.581800000000000095e+00
1250       1.582060000000000022e+00
1026       1.582219999999999960e+00
1174       1.582219999999999960e+00
1245       1.582219999999999960e+00
173        1.582620000000000138e+00
524        1.582620000000000138e+00
1329       1.582660000000000178e+00
1160       1.582699999999999996e+00
1289       1.582740000000000036e+00
786        1.582799999999999985e+00
1213       1.582799999999999985e+00
1344       1.582900000000000196e+00
1400       1.582900000000000196e+00
730        1.582920000000000105e+00
155        1.582940000000000014e+00
663        1.582960000000000145e+00
1352       1.582999999999999963e+00
855        1.583120000000000083e+00
1195       1.583220000000000072e+00
1133       1.583340000000000192e+00
49         1.583500000000000130e+00
447        1.583600000000000119e+00
1302       1.583640000000000159e+00
1281       1.583640000000000159e+00
499        1.583660000000000068e+00
952        1.583680000000000199e+00
1279       1.583820000000000006e+00
1241       1.583960000000000035e+00
860        1.584060000000000024e+00
976        1.584060000000000024e+00
886        1.584100000000000064e+00
1335       1.584100000000000064e+00
1266       1.584160000000000013e+00
1228       1.584459999999999980e+00
1359       1.584519999999999929e+00
1324       1.584699999999999998e+00
1230       1.584740000000000038e+00
1129       1.584840000000000249e+00
1122       1.584840000000000249e+00
1285       1.584880000000000067e+00
1215       1.584900000000000198e+00
1263       1.584900000000000198e+00
630        1.584920000000000107e+00
413        1.584960000000000147e+00
1131       1.584999999999999964e+00
1156       1.585059999999999913e+00
908        1.585100000000000176e+00
512        1.585140000000000216e+00
380        1.585180000000000033e+00
1223       1.585220000000000073e+00
1350       1.585220000000000073e+00
1205       1.585340000000000193e+00
776        1.585560000000000080e+00
1278       1.585620000000000251e+00
602        1.586579999999999879e+00
1252       1.586699999999999999e+00
1073       1.586759999999999948e+00
213        1.586940000000000017e+00
86         1.587040000000000006e+00
448        1.587100000000000177e+00
1091       1.587420000000000053e+00
1256       1.587640000000000162e+00
1188       1.587760000000000060e+00
1293       1.587840000000000140e+00
1290       1.587940000000000129e+00
1312       1.588000000000000078e+00
1057       1.588039999999999896e+00
1325       1.588140000000000107e+00
1273       1.588319999999999954e+00
1072       1.588620000000000143e+00
1314       1.588660000000000183e+00
1119       1.588759999999999950e+00
1338       1.588840000000000252e+00
1191       1.588900000000000201e+00
960        1.588920000000000110e+00
1225       1.588960000000000150e+00
1075       1.588980000000000059e+00
1123       1.589280000000000026e+00
1240       1.589460000000000095e+00
1045       1.589480000000000004e+00
1248       1.589579999999999993e+00
1042       1.589600000000000124e+00
1328       1.589600000000000124e+00
1193       1.589700000000000113e+00
258        1.589720000000000022e+00
729        1.589720000000000022e+00
579        1.589740000000000153e+00
1145       1.589880000000000182e+00
1343       1.589940000000000131e+00
1246       1.590000000000000080e+00
1354       1.590100000000000069e+00
1209       1.590140000000000109e+00
1162       1.590200000000000058e+00
1232       1.590219999999999967e+00
1254       1.590260000000000007e+00
1300       1.590340000000000087e+00
398        1.590420000000000167e+00
1477       1.590519999999999934e+00
1182       1.590759999999999952e+00
18         1.590900000000000203e+00
1152       1.590900000000000203e+00
758        1.590920000000000112e+00
1284       1.590960000000000152e+00
1148       1.591040000000000010e+00
1310       1.591059999999999919e+00
336        1.591160000000000130e+00
1194       1.591160000000000130e+00
890        1.591299999999999937e+00
965        1.591340000000000199e+00
1159       1.591539999999999955e+00
617        1.591739999999999933e+00
1271       1.591979999999999951e+00
1204       1.592039999999999900e+00
1267       1.592039999999999900e+00
1070       1.592060000000000031e+00
1236       1.592140000000000111e+00
1150       1.592400000000000038e+00
1309       1.592459999999999987e+00
1355       1.592600000000000238e+00
1125       1.592640000000000056e+00
1202       1.592640000000000056e+00
1144       1.592660000000000187e+00
1229       1.592740000000000045e+00
548        1.592920000000000114e+00
749        1.592940000000000023e+00
218        1.592960000000000154e+00
701        1.592960000000000154e+00
913        1.592960000000000154e+00
563        1.592980000000000063e+00
727        1.592999999999999972e+00
1340       1.592999999999999972e+00
80         1.593040000000000012e+00
72         1.593100000000000183e+00
1126       1.593100000000000183e+00
1280       1.593120000000000092e+00
1184       1.593140000000000223e+00
1357       1.593140000000000223e+00
463        1.593220000000000081e+00
1206       1.593220000000000081e+00
36         1.593440000000000190e+00
1009       1.593539999999999957e+00
832        1.593620000000000259e+00
121        1.593720000000000026e+00
1352       1.593739999999999934e+00
244        1.593860000000000054e+00
923        1.593900000000000095e+00
1192       1.593920000000000003e+00
1315       1.593920000000000003e+00
851        1.594039999999999901e+00
1176       1.594039999999999901e+00
1216       1.594060000000000032e+00
1195       1.594100000000000072e+00
1307       1.594100000000000072e+00
1313       1.594240000000000101e+00
936        1.594260000000000010e+00
1177       1.594260000000000010e+00
162        1.594400000000000039e+00
1372       1.594459999999999988e+00
1297       1.594500000000000028e+00
448        1.594540000000000068e+00
1288       1.594579999999999886e+00
1157       1.594600000000000239e+00
1147       1.594640000000000057e+00
482        1.594660000000000188e+00
1226       1.594780000000000086e+00
165        1.594819999999999904e+00
1128       1.594980000000000064e+00
1185       1.595200000000000173e+00
1291       1.595220000000000082e+00
1089       1.595239999999999991e+00
181        1.595299999999999940e+00
912        1.595380000000000242e+00
1247       1.595500000000000140e+00
1213       1.595520000000000049e+00
1335       1.596200000000000063e+00
1326       1.596219999999999972e+00
287        1.596380000000000132e+00
73         1.596620000000000150e+00
688        1.596700000000000008e+00
1316       1.596759999999999957e+00
924        1.597120000000000095e+00
1239       1.597180000000000044e+00
138        1.597360000000000113e+00
1228       1.597440000000000193e+00
1263       1.597460000000000102e+00
1203       1.597480000000000011e+00
723        1.597559999999999869e+00
621        1.597580000000000000e+00
1358       1.597720000000000029e+00
379        1.597880000000000189e+00
1079       1.597900000000000098e+00
353        1.598060000000000036e+00
536        1.598120000000000207e+00
1342       1.598140000000000116e+00
464        1.598180000000000156e+00
367        1.598200000000000065e+00
1264       1.598219999999999974e+00
983        1.598360000000000225e+00
1334       1.598400000000000043e+00
1158       1.598459999999999992e+00
1138       1.598500000000000032e+00
1171       1.598500000000000032e+00
698        1.598559999999999981e+00
1088       1.598559999999999981e+00
1161       1.598579999999999890e+00
414        1.598660000000000192e+00
170        1.598700000000000010e+00
1249       1.598840000000000261e+00
901        1.599040000000000017e+00
1235       1.599040000000000017e+00
802        1.599160000000000137e+00
1292       1.599320000000000075e+00
1274       1.599520000000000053e+00
864        1.599539999999999962e+00
1180       1.599580000000000002e+00
941        1.599900000000000100e+00
1304       1.599940000000000140e+00
593        1.600200000000000067e+00
1237       1.600200000000000067e+00
861        1.600400000000000045e+00
1012       1.600540000000000074e+00
566        1.600819999999999910e+00
1196       1.600840000000000263e+00
1317       1.600840000000000263e+00
1260       1.600900000000000212e+00
1328       1.601140000000000230e+00
1197       1.601180000000000048e+00
898        1.601280000000000037e+00
1286       1.601440000000000197e+00
237        1.601520000000000055e+00
574        1.601940000000000142e+00
1083       1.602000000000000091e+00
895        1.602020000000000000e+00
1344       1.602120000000000211e+00
955        1.602180000000000160e+00
401        1.602219999999999978e+00
1199       1.602440000000000087e+00
1172       1.602700000000000014e+00
1173       1.602880000000000082e+00
1259       1.603020000000000111e+00
1318       1.603020000000000111e+00
1131       1.603059999999999929e+00
1218       1.603059999999999929e+00
1073       1.603140000000000231e+00
1189       1.603239999999999998e+00
1212       1.603400000000000158e+00
1581       1.603480000000000016e+00
1017       1.603499999999999925e+00
459        1.603760000000000074e+00
1253       1.603799999999999892e+00
416        1.603820000000000023e+00
1324       1.603880000000000194e+00
1359       1.603920000000000012e+00
1308       1.604000000000000092e+00
1057       1.604079999999999950e+00
509        1.604200000000000070e+00
1255       1.604319999999999968e+00
247        1.604420000000000179e+00
1284       1.604519999999999946e+00
1273       1.604620000000000157e+00
949        1.604999999999999982e+00
1215       1.605040000000000022e+00
1350       1.605080000000000062e+00
1146       1.605120000000000102e+00
1298       1.605160000000000142e+00
1233       1.605380000000000251e+00
1230       1.605420000000000069e+00
947        1.605460000000000109e+00
675        1.606000000000000094e+00
1251       1.606160000000000032e+00
1332       1.606180000000000163e+00
301        1.606200000000000072e+00
38         1.606260000000000021e+00
1353       1.606279999999999930e+00
36         1.606319999999999970e+00
765        1.606340000000000101e+00
27         1.606540000000000079e+00
1272       1.606559999999999988e+00
1558       1.606579999999999897e+00
665        1.606680000000000108e+00
1142       1.606680000000000108e+00
1290       1.606759999999999966e+00
1333       1.606759999999999966e+00
1183       1.606920000000000126e+00
1305       1.606980000000000075e+00
1130       1.607020000000000115e+00
1217       1.607020000000000115e+00
1279       1.607040000000000024e+00
639        1.607059999999999933e+00
979        1.607080000000000064e+00
1145       1.607120000000000104e+00
169        1.607140000000000235e+00
1137       1.607140000000000235e+00
956        1.607280000000000042e+00
1200       1.607360000000000122e+00
1221       1.607360000000000122e+00
685        1.607559999999999878e+00
1202       1.607559999999999878e+00
1345       1.607559999999999878e+00
642        1.607620000000000049e+00
759        1.607760000000000078e+00
1099       1.607779999999999987e+00
290        1.607799999999999896e+00
1001       1.607860000000000067e+00
1013       1.607900000000000107e+00
1503       1.607920000000000016e+00
713        1.607979999999999965e+00
1295       1.608000000000000096e+00
626        1.608060000000000045e+00
1153       1.608120000000000216e+00
1339       1.608180000000000165e+00
1133       1.608219999999999983e+00
678        1.608260000000000023e+00
1107       1.608260000000000023e+00
1287       1.608260000000000023e+00
1397       1.608260000000000023e+00
1175       1.608319999999999972e+00
1187       1.608319999999999972e+00
1261       1.608319999999999972e+00
478        1.608579999999999899e+00
960        1.608660000000000201e+00
1330       1.609360000000000124e+00
217        1.610060000000000047e+00
1186       1.610140000000000127e+00
896        1.610160000000000036e+00
1054       1.610180000000000167e+00
1235       1.610219999999999985e+00
619        1.610240000000000116e+00
1129       1.610319999999999974e+00
116        1.610340000000000105e+00
1120       1.610559999999999992e+00
826        1.610600000000000254e+00
1203       1.610800000000000010e+00
1341       1.610880000000000090e+00
1249       1.611020000000000119e+00
640        1.611160000000000148e+00
1299       1.611259999999999915e+00
1201       1.611280000000000046e+00
1268       1.611280000000000046e+00
1237       1.611420000000000075e+00
1346       1.611439999999999984e+00
1276       1.611840000000000162e+00
779        1.611860000000000070e+00
265        1.611900000000000110e+00
258        1.611960000000000059e+00
1118       1.612039999999999917e+00
1256       1.612140000000000128e+00
1199       1.612279999999999935e+00
1182       1.612519999999999953e+00
1136       1.612600000000000255e+00
1303       1.612800000000000011e+00
1144       1.612819999999999920e+00
1236       1.612819999999999920e+00
1154       1.613180000000000058e+00
1547       1.613180000000000058e+00
312        1.613319999999999865e+00
229        1.613439999999999985e+00
604        1.613480000000000025e+00
1382       1.613580000000000014e+00
1280       1.613600000000000145e+00
839        1.613700000000000134e+00
1252       1.613739999999999952e+00
725        1.613779999999999992e+00
499        1.613799999999999901e+00
1152       1.613820000000000032e+00
1349       1.613960000000000061e+00
417        1.614279999999999937e+00
205        1.614319999999999977e+00
1195       1.614579999999999904e+00
1019       1.614900000000000224e+00
1124       1.614960000000000173e+00
1318       1.614980000000000082e+00
980        1.614999999999999991e+00
1167       1.615480000000000027e+00
723        1.615539999999999976e+00
1267       1.615580000000000016e+00
172        1.615600000000000147e+00
1593       1.615739999999999954e+00
81         1.615960000000000063e+00
1288       1.616140000000000132e+00
346        1.616319999999999979e+00
1323       1.616380000000000150e+00
1209       1.616519999999999957e+00
943        1.616540000000000088e+00
1306       1.616579999999999906e+00
1230       1.617100000000000204e+00
1191       1.617259999999999920e+00
1305       1.617340000000000222e+00
818        1.617499999999999938e+00
1192       1.617640000000000189e+00
1313       1.617739999999999956e+00
1139       1.617880000000000207e+00
1325       1.617979999999999974e+00
498        1.618000000000000105e+00
940        1.618440000000000101e+00
1556       1.618579999999999908e+00
1047       1.618600000000000261e+00
1315       1.618600000000000261e+00
694        1.618640000000000079e+00
1179       1.618700000000000028e+00
1262       1.618920000000000137e+00
1319       1.618940000000000046e+00
1160       1.619079999999999853e+00
319        1.619220000000000104e+00
303        1.619280000000000053e+00
1146       1.619460000000000122e+00
1204       1.619520000000000071e+00
1307       1.619520000000000071e+00
1241       1.619600000000000151e+00
1283       1.619660000000000100e+00
684        1.619700000000000140e+00
1133       1.619820000000000038e+00
1050       1.619920000000000027e+00
602        1.619940000000000158e+00
1127       1.620000000000000107e+00
1292       1.620240000000000125e+00
867        1.620319999999999983e+00
992        1.620660000000000212e+00
412        1.620720000000000161e+00
681        1.620720000000000161e+00
497        1.620840000000000281e+00
1009       1.620860000000000190e+00
1122       1.620860000000000190e+00
406        1.620900000000000230e+00
1265       1.620920000000000138e+00
571        1.620980000000000087e+00
1298       1.621019999999999905e+00
1247       1.621040000000000036e+00
772        1.621140000000000025e+00
1335       1.621140000000000025e+00
650        1.621180000000000065e+00
1215       1.621220000000000105e+00
1099       1.621620000000000061e+00
1163       1.621779999999999999e+00
446        1.621900000000000119e+00
298        1.622060000000000057e+00
1240       1.622400000000000064e+00
983        1.622480000000000144e+00
1193       1.622500000000000053e+00
915        1.622759999999999980e+00
1159       1.622819999999999929e+00
1462       1.622920000000000140e+00
1227       1.623180000000000067e+00
1123       1.623240000000000016e+00
1258       1.623499999999999943e+00
287        1.623539999999999983e+00
1156       1.623600000000000154e+00
1340       1.623640000000000194e+00
1180       1.623840000000000172e+00
578        1.624480000000000146e+00
452        1.624640000000000084e+00
1254       1.624740000000000073e+00
1277       1.624920000000000142e+00
1355       1.625259999999999927e+00
1125       1.625319999999999876e+00
728        1.625400000000000178e+00
932        1.625439999999999996e+00
830        1.625580000000000025e+00
1304       1.625680000000000014e+00
356        1.625720000000000054e+00
380        1.625860000000000083e+00
1177       1.626000000000000112e+00
1229       1.626000000000000112e+00
1314       1.626000000000000112e+00
1259       1.626039999999999930e+00
1313       1.626039999999999930e+00
1359       1.626120000000000232e+00
1330       1.626180000000000181e+00
429        1.626500000000000057e+00
1043       1.626500000000000057e+00
387        1.626620000000000177e+00
524        1.626720000000000166e+00
506        1.626759999999999984e+00
1168       1.626759999999999984e+00
1317       1.626840000000000286e+00
1196       1.627259999999999929e+00
1415       1.627380000000000049e+00
109        1.627940000000000165e+00
588        1.627940000000000165e+00
193        1.628039999999999932e+00
812        1.628079999999999972e+00
651        1.628200000000000092e+00
390        1.628240000000000132e+00
617        1.628380000000000161e+00
1275       1.628440000000000110e+00
1243       1.628540000000000099e+00
628        1.628560000000000008e+00
1132       1.628700000000000037e+00
1120       1.628759999999999986e+00
118        1.628900000000000015e+00
822        1.629040000000000044e+00
1121       1.629140000000000033e+00
235        1.629180000000000073e+00
756        1.629199999999999982e+00
1266       1.629299999999999971e+00
803        1.629400000000000182e+00
680        1.629499999999999948e+00
1201       1.629539999999999988e+00
1241       1.629559999999999897e+00
98         1.629600000000000160e+00
1348       1.629720000000000057e+00
1352       1.629820000000000046e+00
1250       1.629880000000000217e+00
1279       1.629960000000000075e+00
1032       1.630020000000000024e+00
1039       1.630039999999999933e+00
813        1.630100000000000104e+00
800        1.630100000000000104e+00
1290       1.630120000000000235e+00
1022       1.630160000000000053e+00
924        1.630180000000000184e+00
1332       1.630200000000000093e+00
1185       1.630220000000000002e+00
933        1.630240000000000133e+00
1208       1.630240000000000133e+00
464        1.630279999999999951e+00
1164       1.630300000000000082e+00
784        1.630340000000000122e+00
1184       1.630340000000000122e+00
1216       1.630360000000000253e+00
1325       1.630360000000000253e+00
1211       1.630540000000000100e+00
1134       1.630579999999999918e+00
850        1.630680000000000129e+00
1329       1.630700000000000038e+00
478        1.630720000000000169e+00
957        1.630740000000000078e+00
1005       1.630800000000000027e+00
1345       1.630819999999999936e+00
1155       1.630840000000000289e+00
258        1.631000000000000005e+00
1311       1.631059999999999954e+00
1187       1.631079999999999863e+00
1260       1.631100000000000216e+00
1300       1.631100000000000216e+00
1246       1.631160000000000165e+00
1274       1.631240000000000023e+00
1152       1.631319999999999881e+00
1293       1.631380000000000052e+00
1284       1.631380000000000052e+00
1223       1.631400000000000183e+00
1235       1.631460000000000132e+00
1278       1.631460000000000132e+00
1368       1.631460000000000132e+00
123        1.631660000000000110e+00
1320       1.631680000000000019e+00
1138       1.631739999999999968e+00
801        1.631760000000000099e+00
1225       1.631860000000000088e+00
615        1.631900000000000128e+00
992        1.631920000000000037e+00
1178       1.632000000000000117e+00
1331       1.632000000000000117e+00
246        1.632340000000000124e+00
1231       1.632380000000000164e+00
1204       1.632460000000000022e+00
1302       1.632660000000000222e+00
1150       1.632740000000000080e+00
1145       1.632740000000000080e+00
29         1.632779999999999898e+00
501        1.632880000000000109e+00
424        1.633059999999999956e+00
1198       1.633319999999999883e+00
89         1.633380000000000054e+00
1257       1.633420000000000094e+00
430        1.633480000000000043e+00
468        1.633660000000000112e+00
908        1.633860000000000090e+00
1316       1.633940000000000170e+00
581        1.634000000000000119e+00
1063       1.634300000000000086e+00
1217       1.634420000000000206e+00
442        1.634440000000000115e+00
1207       1.634480000000000155e+00
835        1.634500000000000064e+00
326        1.634519999999999973e+00
1271       1.634640000000000093e+00
1245       1.634700000000000042e+00
1133       1.634719999999999951e+00
152        1.634819999999999940e+00
1238       1.634900000000000020e+00
1154       1.635340000000000238e+00
188        1.635380000000000056e+00
1169       1.635440000000000005e+00
1282       1.635539999999999994e+00
1269       1.635559999999999903e+00
545        1.635660000000000114e+00
348        1.635720000000000063e+00
753        1.636000000000000121e+00
399        1.636220000000000008e+00
421        1.636279999999999957e+00
1327       1.636300000000000088e+00
1276       1.636400000000000077e+00
1232       1.636420000000000208e+00
192        1.636560000000000015e+00
1161       1.636600000000000277e+00
1124       1.636620000000000186e+00
566        1.636740000000000084e+00
1191       1.636779999999999902e+00
195        1.636819999999999942e+00
292        1.636840000000000073e+00
1230       1.636840000000000073e+00
1162       1.637000000000000011e+00
18         1.637120000000000131e+00
334        1.637199999999999989e+00
1070       1.637499999999999956e+00
1294       1.637559999999999905e+00
595        1.637580000000000036e+00
543        1.637640000000000207e+00
1153       1.637640000000000207e+00
1172       1.637960000000000083e+00
1193       1.638020000000000032e+00
484        1.638079999999999981e+00
745        1.638120000000000243e+00
1317       1.638180000000000192e+00
1351       1.638180000000000192e+00
1144       1.638279999999999959e+00
466        1.638440000000000119e+00
1215       1.638440000000000119e+00
1206       1.638440000000000119e+00
1129       1.638640000000000096e+00
1475       1.638759999999999994e+00
1253       1.638920000000000154e+00
957        1.639059999999999961e+00
262        1.639120000000000132e+00
1181       1.639240000000000030e+00
66         1.639340000000000241e+00
210        1.639400000000000190e+00
1244       1.639460000000000139e+00
962        1.639480000000000048e+00
1291       1.639520000000000088e+00
146        1.639539999999999997e+00
1099       1.639559999999999906e+00
828        1.639580000000000037e+00
1319       1.639600000000000168e+00
1212       1.639660000000000117e+00
401        1.639780000000000015e+00
612        1.639860000000000095e+00
1305       1.639960000000000084e+00
1214       1.640000000000000124e+00
1310       1.640000000000000124e+00
1188       1.640060000000000073e+00
1121       1.640160000000000062e+00
227        1.640240000000000142e+00
781        1.640279999999999960e+00
1223       1.640320000000000000e+00
1264       1.640320000000000000e+00
1126       1.640340000000000131e+00
1108       1.640460000000000029e+00
1266       1.640600000000000280e+00
1318       1.640660000000000007e+00
944        1.640840000000000076e+00
579        1.641059999999999963e+00
1328       1.641079999999999872e+00
935        1.641140000000000043e+00
1267       1.641420000000000101e+00
461        1.641499999999999959e+00
1174       1.641840000000000188e+00
1205       1.641880000000000228e+00
989        1.641920000000000046e+00
1233       1.642100000000000115e+00
1313       1.642120000000000246e+00
1122       1.642380000000000173e+00
550        1.642460000000000031e+00
675        1.642460000000000031e+00
720        1.642480000000000162e+00
1210       1.642539999999999889e+00
1131       1.642600000000000060e+00
465        1.642759999999999998e+00
1355       1.642860000000000209e+00
1252       1.643059999999999965e+00
340        1.643480000000000052e+00
1171       1.643660000000000121e+00
1166       1.643720000000000070e+00
375        1.643780000000000019e+00
746        1.643840000000000190e+00
818        1.643840000000000190e+00
502        1.643920000000000048e+00
1168       1.643920000000000048e+00
1347       1.643979999999999997e+00
1036       1.644039999999999946e+00
1265       1.644120000000000248e+00
82         1.644260000000000055e+00
993        1.644400000000000084e+00
226        1.644519999999999982e+00
229        1.644539999999999891e+00
1290       1.644600000000000062e+00
737        1.644819999999999949e+00
539        1.644840000000000080e+00
1185       1.644860000000000211e+00
1296       1.644860000000000211e+00
866        1.644880000000000120e+00
1165       1.644900000000000029e+00
1123       1.644959999999999978e+00
114        1.644980000000000109e+00
1346       1.645140000000000047e+00
1341       1.645180000000000087e+00
722        1.645259999999999945e+00
1307       1.645360000000000156e+00
655        1.645400000000000196e+00
725        1.645400000000000196e+00
1163       1.645480000000000054e+00
1292       1.645520000000000094e+00
365        1.645540000000000003e+00
1216       1.645540000000000003e+00
1167       1.645600000000000174e+00
1335       1.645660000000000123e+00
964        1.645760000000000112e+00
941        1.645880000000000232e+00
1504       1.645960000000000090e+00
1283       1.646160000000000068e+00
1356       1.646160000000000068e+00
1083       1.646260000000000057e+00
1089       1.646340000000000137e+00
1321       1.646360000000000268e+00
1073       1.646380000000000177e+00
824        1.646460000000000035e+00
708        1.646620000000000195e+00
313        1.646660000000000013e+00
1306       1.646680000000000144e+00
1128       1.646760000000000002e+00
1268       1.647019999999999929e+00
1220       1.647299999999999986e+00
1289       1.647380000000000067e+00
77         1.647460000000000147e+00
1200       1.647559999999999913e+00
111        1.647580000000000044e+00
1219       1.647620000000000084e+00
1170       1.647739999999999982e+00
1149       1.647760000000000113e+00
1274       1.647799999999999931e+00
678        1.648039999999999949e+00
563        1.648140000000000160e+00
1230       1.648300000000000098e+00
1250       1.648440000000000127e+00
38         1.648539999999999894e+00
1150       1.648600000000000065e+00
631        1.648660000000000014e+00
148        1.648719999999999963e+00
1311       1.648840000000000083e+00
1300       1.648880000000000123e+00
1285       1.648880000000000123e+00
1324       1.648880000000000123e+00
246        1.648920000000000163e+00
1096       1.648920000000000163e+00
1161       1.649000000000000021e+00
1188       1.649040000000000061e+00
274        1.649079999999999879e+00
1158       1.649120000000000141e+00
1259       1.649160000000000181e+00
636        1.649199999999999999e+00
1275       1.649440000000000017e+00
151        1.649480000000000057e+00
1315       1.649720000000000075e+00
1148       1.649920000000000053e+00
1239       1.650000000000000133e+00
1139       1.650160000000000071e+00
1194       1.650180000000000202e+00
625        1.650320000000000009e+00
1270       1.650380000000000180e+00
1039       1.650460000000000038e+00
1310       1.650500000000000078e+00
1432       1.650620000000000198e+00
1018       1.650640000000000107e+00
1228       1.650640000000000107e+00
1069       1.650680000000000147e+00
1258       1.650700000000000056e+00
1279       1.650800000000000045e+00
160        1.650819999999999954e+00
1010       1.650900000000000034e+00
1202       1.650940000000000074e+00
1261       1.650959999999999983e+00
1327       1.650959999999999983e+00
1256       1.650980000000000114e+00
431        1.651079999999999881e+00
150        1.651120000000000143e+00
1097       1.651120000000000143e+00
719        1.651160000000000183e+00
1141       1.651240000000000041e+00
1333       1.651360000000000161e+00
361        1.651480000000000059e+00
1237       1.651720000000000077e+00
1569       1.651739999999999986e+00
1309       1.651760000000000117e+00
538        1.651860000000000106e+00
1241       1.651860000000000106e+00
225        1.652240000000000153e+00
1180       1.652279999999999971e+00
1344       1.652299999999999880e+00
494        1.652440000000000131e+00
1334       1.652600000000000069e+00
1160       1.652719999999999967e+00
295        1.652800000000000047e+00
963        1.652840000000000087e+00
1191       1.652920000000000167e+00
1288       1.652920000000000167e+00
1125       1.653000000000000025e+00
1272       1.653059999999999974e+00
1232       1.653079999999999883e+00
1294       1.653180000000000094e+00
1359       1.653220000000000134e+00
1349       1.653340000000000254e+00
1308       1.653499999999999970e+00
1317       1.653580000000000050e+00
1120       1.653640000000000221e+00
445        1.653720000000000079e+00
1343       1.653880000000000239e+00
1168       1.654020000000000046e+00
1229       1.654020000000000046e+00
629        1.654500000000000082e+00
1157       1.654700000000000060e+00
1337       1.654760000000000009e+00
1077       1.654800000000000049e+00
1147       1.654800000000000049e+00
1164       1.654900000000000038e+00
1293       1.654920000000000169e+00
1271       1.655200000000000005e+00
1295       1.655299999999999994e+00
1129       1.655440000000000023e+00
1015       1.655480000000000063e+00
531        1.655799999999999939e+00
1221       1.655900000000000150e+00
159        1.656140000000000168e+00
671        1.656160000000000077e+00
1387       1.656560000000000032e+00
1251       1.656760000000000010e+00
952        1.656840000000000090e+00
1330       1.656840000000000090e+00
43         1.656920000000000170e+00
1206       1.656920000000000170e+00
1156       1.656940000000000079e+00
1217       1.657000000000000028e+00
417        1.657040000000000068e+00
1196       1.657059999999999977e+00
819        1.657100000000000239e+00
951        1.657140000000000057e+00
509        1.657160000000000188e+00
1133       1.657180000000000097e+00
1231       1.657180000000000097e+00
971        1.657200000000000006e+00
1149       1.657200000000000006e+00
460        1.657220000000000137e+00
452        1.657240000000000046e+00
1249       1.657280000000000086e+00
169        1.657299999999999995e+00
119        1.657319999999999904e+00
1176       1.657319999999999904e+00
1154       1.657340000000000257e+00
1318       1.657420000000000115e+00
1013       1.657460000000000155e+00
1195       1.657640000000000224e+00
1319       1.657840000000000202e+00
1389       1.657840000000000202e+00
1162       1.657860000000000111e+00
915        1.657880000000000242e+00
247        1.657980000000000009e+00
181        1.658120000000000260e+00
1142       1.658179999999999987e+00
1286       1.658260000000000067e+00
406        1.658460000000000045e+00
1181       1.658500000000000085e+00
1336       1.658680000000000154e+00
1325       1.658840000000000092e+00
1291       1.658920000000000172e+00
1093       1.659059999999999979e+00
27         1.659079999999999888e+00
1145       1.659200000000000008e+00
1220       1.659299999999999997e+00
1193       1.659340000000000259e+00
1277       1.659460000000000157e+00
1209       1.659540000000000015e+00
1170       1.659580000000000055e+00
370        1.659680000000000044e+00
1262       1.659700000000000175e+00
1122       1.659840000000000204e+00
1189       1.659960000000000102e+00
1198       1.660059999999999869e+00
317        1.660200000000000120e+00
1215       1.660239999999999938e+00
1303       1.660260000000000069e+00
1296       1.660420000000000007e+00
1033       1.660719999999999974e+00
180        1.660740000000000105e+00
144        1.660819999999999963e+00
1301       1.660840000000000094e+00
1304       1.661040000000000072e+00
676        1.661520000000000108e+00
1200       1.661700000000000177e+00
1219       1.661739999999999995e+00
1171       1.662059999999999871e+00
1016       1.662140000000000173e+00
846        1.662320000000000020e+00
947        1.662840000000000096e+00
1287       1.662920000000000176e+00
511        1.663000000000000034e+00
193        1.663019999999999943e+00
1132       1.663040000000000074e+00
1339       1.663059999999999983e+00
1225       1.663079999999999892e+00
1244       1.663200000000000012e+00
961        1.663259999999999961e+00
1353       1.663319999999999910e+00
1123       1.663360000000000172e+00
1358       1.663360000000000172e+00
1070       1.663559999999999928e+00
1187       1.663559999999999928e+00
1347       1.663580000000000059e+00
1160       1.663780000000000037e+00
390        1.664100000000000135e+00
1314       1.664100000000000135e+00
1273       1.664160000000000084e+00
1034       1.664640000000000120e+00
1047       1.665180000000000105e+00
1197       1.665220000000000145e+00
990        1.665240000000000054e+00
1173       1.665540000000000020e+00
1165       1.665559999999999929e+00
1326       1.665660000000000140e+00
1242       1.665760000000000129e+00
1211       1.665780000000000038e+00
1288       1.665840000000000209e+00
526        1.665900000000000158e+00
1136       1.665940000000000198e+00
1357       1.665960000000000107e+00
1035       1.666020000000000056e+00
1328       1.666059999999999874e+00
1234       1.666179999999999994e+00
1270       1.666200000000000125e+00
794        1.666279999999999983e+00
47         1.666299999999999892e+00
1146       1.666299999999999892e+00
1203       1.666320000000000023e+00
964        1.666340000000000154e+00
692        1.666420000000000012e+00
1036       1.666440000000000143e+00
1284       1.666500000000000092e+00
647        1.666560000000000041e+00
699        1.666560000000000041e+00
1134       1.666660000000000030e+00
857        1.666680000000000161e+00
1049       1.666719999999999979e+00
1343       1.666940000000000088e+00
135        1.666959999999999997e+00
1044       1.666980000000000128e+00
322        1.667120000000000157e+00
17         1.667140000000000066e+00
1243       1.667480000000000073e+00
1289       1.667480000000000073e+00
192        1.667499999999999982e+00
1153       1.667559999999999931e+00
1218       1.667559999999999931e+00
1222       1.667640000000000233e+00
1161       1.667799999999999949e+00
1082       1.668059999999999876e+00
154        1.668440000000000145e+00
289        1.668440000000000145e+00
1155       1.668500000000000094e+00
758        1.669259999999999966e+00
252        1.669400000000000217e+00
1278       1.669499999999999984e+00
826        1.669640000000000235e+00
869        1.669640000000000235e+00
1127       1.669660000000000144e+00
425        1.669799999999999951e+00
1348       1.669799999999999951e+00
1199       1.669999999999999929e+00
1240       1.669999999999999929e+00
602        1.670100000000000140e+00
1078       1.670160000000000089e+00
1302       1.670260000000000078e+00
739        1.670420000000000016e+00
1290       1.670460000000000056e+00
220        1.670520000000000005e+00
1271       1.671079999999999899e+00
749        1.671200000000000019e+00
1257       1.671200000000000019e+00
1315       1.671280000000000099e+00
45         1.671420000000000128e+00
994        1.671420000000000128e+00
1350       1.671520000000000117e+00
1297       1.671540000000000026e+00
501        1.671600000000000197e+00
363        1.671660000000000146e+00
295        1.671720000000000095e+00
754        1.671760000000000135e+00
236        1.671880000000000255e+00
1338       1.671880000000000255e+00
953        1.671980000000000022e+00
1577       1.671980000000000022e+00
1238       1.672080000000000011e+00
1108       1.672100000000000142e+00
267        1.672220000000000040e+00
1014       1.672279999999999989e+00
873        1.672340000000000160e+00
1170       1.672660000000000036e+00
343        1.672719999999999985e+00
1224       1.672960000000000003e+00
1229       1.672980000000000134e+00
1279       1.673059999999999992e+00
1154       1.673120000000000163e+00
1121       1.673220000000000152e+00
1185       1.673300000000000010e+00
1345       1.673319999999999919e+00
562        1.673380000000000090e+00
1212       1.673559999999999937e+00
1125       1.673640000000000239e+00
499        1.673780000000000046e+00
1251       1.674420000000000019e+00
1131       1.674700000000000077e+00
832        1.674800000000000066e+00
1165       1.675160000000000204e+00
54         1.675200000000000022e+00
1143       1.675340000000000273e+00
1140       1.675600000000000200e+00
1311       1.675600000000000200e+00
1157       1.675980000000000025e+00
677        1.676380000000000203e+00
1254       1.676539999999999919e+00
1216       1.676680000000000170e+00
856        1.676960000000000006e+00
1176       1.676980000000000137e+00
1177       1.677100000000000257e+00
956        1.677340000000000275e+00
1161       1.677420000000000133e+00
1275       1.677920000000000078e+00
1115       1.677939999999999987e+00
1269       1.678080000000000016e+00
1404       1.678080000000000016e+00
1273       1.678120000000000056e+00
1148       1.678180000000000005e+00
1304       1.678200000000000136e+00
1323       1.678200000000000136e+00
1281       1.678279999999999994e+00
1231       1.678380000000000205e+00
1206       1.678500000000000103e+00
1196       1.678500000000000103e+00
1260       1.678520000000000012e+00
1339       1.678539999999999921e+00
1359       1.678560000000000052e+00
1183       1.678579999999999961e+00
1303       1.678660000000000041e+00
1190       1.678800000000000070e+00
1168       1.678880000000000150e+00
1221       1.678880000000000150e+00
644        1.678940000000000099e+00
1211       1.679040000000000088e+00
974        1.679100000000000259e+00
1265       1.679160000000000208e+00
1293       1.679160000000000208e+00
1138       1.679200000000000026e+00
1223       1.679200000000000026e+00
1180       1.679360000000000186e+00
810        1.679400000000000226e+00
190        1.679460000000000175e+00
1305       1.679460000000000175e+00
1208       1.679580000000000073e+00
1314       1.679620000000000113e+00
1349       1.679640000000000244e+00
1298       1.679759999999999920e+00
51         1.679860000000000131e+00
900        1.679880000000000040e+00
29         1.679939999999999989e+00
896        1.680059999999999887e+00
572        1.680100000000000149e+00
1341       1.680260000000000087e+00
816        1.680299999999999905e+00
1352       1.680320000000000036e+00
104        1.680420000000000025e+00
425        1.680500000000000105e+00
1228       1.680860000000000243e+00
1233       1.680920000000000192e+00
1220       1.680940000000000101e+00
1144       1.680960000000000010e+00
1139       1.680980000000000141e+00
560        1.681000000000000050e+00
1197       1.681040000000000090e+00
1294       1.681120000000000170e+00
1166       1.681140000000000079e+00
1262       1.681140000000000079e+00
1123       1.681240000000000068e+00
758        1.681280000000000108e+00
92         1.681300000000000017e+00
1103       1.681380000000000097e+00
1083       1.681460000000000177e+00
113        1.681540000000000035e+00
1290       1.681600000000000206e+00
176        1.681640000000000246e+00
1287       1.681640000000000246e+00
1178       1.681999999999999940e+00
691        1.682100000000000151e+00
1135       1.682299999999999907e+00
1146       1.682360000000000078e+00
323        1.682400000000000118e+00
1156       1.682560000000000056e+00
86         1.682819999999999983e+00
1035       1.682980000000000143e+00
1128       1.683319999999999927e+00
622        1.683400000000000230e+00
1149       1.683420000000000138e+00
1229       1.683559999999999945e+00
171        1.683579999999999854e+00
752        1.683840000000000225e+00
784        1.683860000000000134e+00
1330       1.684020000000000072e+00
1313       1.684100000000000152e+00
1224       1.684120000000000061e+00
961        1.684160000000000101e+00
1247       1.684160000000000101e+00
696        1.684200000000000141e+00
1357       1.684200000000000141e+00
1245       1.684220000000000050e+00
1068       1.684239999999999959e+00
1113       1.684279999999999999e+00
1264       1.684360000000000079e+00
1259       1.684620000000000228e+00
205        1.684640000000000137e+00
1074       1.684719999999999995e+00
665        1.684760000000000035e+00
1337       1.685220000000000162e+00
380        1.685300000000000020e+00
243        1.685499999999999998e+00
1182       1.685759999999999925e+00
927        1.685860000000000136e+00
1354       1.685880000000000045e+00
293        1.685999999999999943e+00
1317       1.685999999999999943e+00
761        1.686160000000000103e+00
1227       1.686239999999999961e+00
1332       1.686280000000000001e+00
1356       1.686320000000000041e+00
1065       1.686380000000000212e+00
1164       1.686380000000000212e+00
1319       1.686440000000000161e+00
312        1.686479999999999979e+00
1359       1.686500000000000110e+00
1070       1.686600000000000099e+00
1241       1.686600000000000099e+00
66         1.686680000000000179e+00
1321       1.686700000000000088e+00
1252       1.686880000000000157e+00
1163       1.687319999999999931e+00
1268       1.687660000000000160e+00
1255       1.687720000000000109e+00
839        1.687980000000000036e+00
377        1.688039999999999985e+00
1353       1.688039999999999985e+00
934        1.688220000000000054e+00
1315       1.688260000000000094e+00
850        1.688299999999999912e+00
1320       1.688299999999999912e+00
1205       1.688340000000000174e+00
1240       1.688420000000000032e+00
1184       1.688460000000000072e+00
767        1.688500000000000112e+00
1078       1.688539999999999930e+00
617        1.688620000000000232e+00
1266       1.688620000000000232e+00
1297       1.688640000000000141e+00
162        1.688719999999999999e+00
709        1.688719999999999999e+00
853        1.688740000000000130e+00
1269       1.688800000000000079e+00
1326       1.688819999999999988e+00
494        1.688880000000000159e+00
1147       1.688880000000000159e+00
1331       1.689060000000000006e+00
1303       1.689140000000000086e+00
414        1.689160000000000217e+00
1355       1.689200000000000035e+00
706        1.689220000000000166e+00
640        1.689360000000000195e+00
1028       1.689420000000000144e+00
1207       1.689480000000000093e+00
1202       1.689540000000000042e+00
1311       1.689559999999999951e+00
1302       1.689640000000000031e+00
751        1.689680000000000071e+00
1248       1.689680000000000071e+00
275        1.689699999999999980e+00
1582       1.689720000000000111e+00
207        1.689799999999999969e+00
1310       1.689819999999999878e+00
1265       1.689840000000000231e+00
1120       1.689960000000000129e+00
1090       1.689999999999999947e+00
1328       1.690020000000000078e+00
1125       1.690059999999999896e+00
1347       1.690160000000000107e+00
185        1.690260000000000096e+00
1129       1.690260000000000096e+00
1159       1.690320000000000045e+00
1174       1.690340000000000176e+00
1272       1.690460000000000074e+00
1335       1.690479999999999983e+00
1096       1.690520000000000023e+00
587        1.690579999999999972e+00
1261       1.690579999999999972e+00
1172       1.690620000000000234e+00
317        1.690660000000000052e+00
1181       1.690760000000000041e+00
1199       1.690779999999999950e+00
1267       1.690779999999999950e+00
1336       1.690800000000000081e+00
1189       1.690819999999999990e+00
1236       1.690840000000000121e+00
1218       1.690860000000000252e+00
1292       1.690960000000000019e+00
1124       1.690980000000000150e+00
1288       1.690980000000000150e+00
1210       1.691040000000000099e+00
26         1.691079999999999917e+00
57         1.691120000000000179e+00
244        1.691140000000000088e+00
1235       1.691160000000000219e+00
493        1.691300000000000026e+00
803        1.691340000000000288e+00
426        1.691480000000000095e+00
1139       1.691500000000000004e+00
1220       1.691519999999999913e+00
470        1.691540000000000044e+00
1277       1.691559999999999953e+00
1239       1.691620000000000124e+00
6          1.691640000000000033e+00
287        1.691660000000000164e+00
1191       1.691660000000000164e+00
117        1.691699999999999982e+00
486        1.691759999999999931e+00
196        1.691840000000000233e+00
1176       1.691900000000000182e+00
1219       1.691900000000000182e+00
427        1.691920000000000091e+00
1040       1.691940000000000000e+00
1213       1.691999999999999948e+00
1254       1.692180000000000017e+00
1289       1.692180000000000017e+00
149        1.692200000000000149e+00
1109       1.692220000000000057e+00
1416       1.692220000000000057e+00
537        1.692299999999999915e+00
1167       1.692400000000000126e+00
1325       1.692620000000000235e+00
1135       1.692660000000000053e+00
678        1.692680000000000184e+00
1093       1.692740000000000133e+00
1193       1.692740000000000133e+00
81         1.693100000000000271e+00
567        1.693319999999999936e+00
1251       1.693400000000000016e+00
1180       1.693500000000000005e+00
1246       1.693620000000000125e+00
1357       1.693620000000000125e+00
1204       1.693640000000000034e+00
705        1.693660000000000165e+00
143        1.693699999999999983e+00
1142       1.693780000000000063e+00
1031       1.693819999999999881e+00
1157       1.693860000000000143e+00
1190       1.693860000000000143e+00
1485       1.693860000000000143e+00
1148       1.693900000000000183e+00
1187       1.694039999999999990e+00
1342       1.694039999999999990e+00
1146       1.694180000000000019e+00
573        1.694200000000000150e+00
148        1.694320000000000048e+00
163        1.694500000000000117e+00
204        1.694500000000000117e+00
1271       1.694560000000000066e+00
1178       1.694740000000000135e+00
1329       1.694779999999999953e+00
978        1.694880000000000164e+00
1238       1.694900000000000073e+00
525        1.694960000000000022e+00
992        1.695040000000000102e+00
1113       1.695060000000000011e+00
488        1.695079999999999920e+00
215        1.695160000000000222e+00
716        1.695240000000000080e+00
446        1.695279999999999898e+00
1192       1.695380000000000109e+00
269        1.695620000000000127e+00
576        1.695720000000000116e+00
1138       1.695799999999999974e+00
1217       1.696020000000000083e+00
653        1.696200000000000152e+00
915        1.696220000000000061e+00
945        1.696220000000000061e+00
1258       1.696360000000000090e+00
1343       1.696380000000000221e+00
710        1.696520000000000028e+00
491        1.696560000000000068e+00
1170       1.696720000000000006e+00
140        1.696779999999999955e+00
1131       1.696819999999999995e+00
818        1.696840000000000126e+00
1290       1.696900000000000075e+00
597        1.696940000000000115e+00
741        1.697000000000000064e+00
1127       1.697100000000000275e+00
1130       1.697180000000000133e+00
1334       1.697180000000000133e+00
530        1.697300000000000031e+00
1324       1.697319999999999940e+00
1359       1.697380000000000111e+00
1203       1.697440000000000060e+00
1241       1.697440000000000060e+00
1278       1.697559999999999958e+00
1262       1.697600000000000220e+00
1354       1.697640000000000038e+00
1121       1.697740000000000027e+00
1229       1.697759999999999936e+00
1069       1.697780000000000067e+00
745        1.697840000000000238e+00
220        1.697980000000000045e+00
1286       1.697980000000000045e+00
740        1.698020000000000085e+00
506        1.698080000000000034e+00
1179       1.698200000000000154e+00
342        1.698220000000000063e+00
138        1.698360000000000092e+00
405        1.698420000000000041e+00
1129       1.698420000000000041e+00
1160       1.698420000000000041e+00
1132       1.698500000000000121e+00
986        1.698579999999999979e+00
1008       1.698680000000000190e+00
1101       1.698720000000000008e+00
418        1.698819999999999997e+00
599        1.698920000000000208e+00
1317       1.698940000000000117e+00
708        1.699040000000000106e+00
469        1.699100000000000277e+00
1036       1.699200000000000044e+00
1333       1.699200000000000044e+00
1162       1.699319999999999942e+00
330        1.699500000000000011e+00
1355       1.699540000000000051e+00
395        1.699579999999999869e+00
1273       1.699579999999999869e+00
1222       1.699620000000000131e+00
1052       1.699819999999999887e+00
549        1.699840000000000240e+00
1281       1.700020000000000087e+00
867        1.700560000000000072e+00
1340       1.700640000000000152e+00
769        1.700680000000000192e+00
1201       1.700680000000000192e+00
1122       1.700740000000000141e+00
566        1.700800000000000090e+00
1341       1.700840000000000130e+00
32         1.700920000000000210e+00
1244       1.700920000000000210e+00
1348       1.701000000000000068e+00
389        1.701079999999999925e+00
202        1.701100000000000279e+00
532        1.701100000000000279e+00
16         1.701160000000000228e+00
340        1.701180000000000136e+00
176        1.701459999999999972e+00
933        1.701480000000000103e+00
1194       1.701519999999999921e+00
1356       1.701540000000000052e+00
789        1.701699999999999990e+00
1233       1.702539999999999942e+00
669        1.702560000000000073e+00
1300       1.702620000000000244e+00
1176       1.702779999999999960e+00
715        1.702940000000000120e+00
1294       1.702940000000000120e+00
1197       1.703200000000000047e+00
1143       1.703360000000000207e+00
1335       1.703380000000000116e+00
1274       1.703519999999999923e+00
1245       1.703740000000000032e+00
661        1.703780000000000072e+00
1311       1.703880000000000061e+00
1249       1.703960000000000141e+00
884        1.704059999999999908e+00
1344       1.704380000000000228e+00
1350       1.704400000000000137e+00
1299       1.704420000000000046e+00
1148       1.704579999999999984e+00
69         1.704779999999999962e+00
436        1.704820000000000002e+00
1339       1.705120000000000191e+00
831        1.705240000000000089e+00
175        1.705319999999999947e+00
1161       1.705319999999999947e+00
1322       1.705579999999999874e+00
1199       1.705699999999999994e+00
1123       1.705720000000000125e+00
1338       1.705720000000000125e+00
545        1.705880000000000063e+00
331        1.705960000000000143e+00
1253       1.705999999999999961e+00
486        1.706100000000000172e+00
1446       1.706200000000000161e+00
235        1.706220000000000070e+00
1259       1.706340000000000190e+00
1227       1.706620000000000248e+00
1172       1.706660000000000066e+00
1282       1.706660000000000066e+00
1169       1.706700000000000106e+00
1014       1.706900000000000084e+00
1288       1.707039999999999891e+00
178        1.707219999999999960e+00
1218       1.707400000000000029e+00
168        1.707480000000000109e+00
1226       1.707540000000000058e+00
963        1.707579999999999876e+00
1144       1.707660000000000178e+00
1318       1.707660000000000178e+00
40         1.707680000000000087e+00
522        1.707680000000000087e+00
1283       1.707740000000000036e+00
1174       1.707860000000000156e+00
610        1.707880000000000065e+00
993        1.707920000000000105e+00
723        1.708200000000000163e+00
537        1.708840000000000137e+00
323        1.708860000000000268e+00
514        1.708880000000000177e+00
1163       1.708880000000000177e+00
1257       1.708940000000000126e+00
291        1.709240000000000093e+00
1269       1.709300000000000042e+00
199        1.709620000000000140e+00
143        1.709640000000000049e+00
1224       1.709720000000000129e+00
1252       1.709900000000000198e+00
1298       1.709940000000000015e+00
433        1.710100000000000176e+00
1187       1.710539999999999949e+00
752        1.710700000000000109e+00
1292       1.710880000000000178e+00
376        1.711100000000000065e+00
228        1.711340000000000083e+00
1263       1.711459999999999981e+00
432        1.711740000000000039e+00
1129       1.711980000000000057e+00
1329       1.712200000000000166e+00
409        1.712400000000000144e+00
1184       1.712579999999999991e+00
1240       1.712579999999999991e+00
1209       1.712740000000000151e+00
153        1.712800000000000100e+00
1178       1.712800000000000100e+00
381        1.712820000000000009e+00
779        1.712840000000000140e+00
881        1.712940000000000129e+00
1230       1.713039999999999896e+00
1286       1.713060000000000027e+00
1188       1.713120000000000198e+00
66         1.713240000000000096e+00
1289       1.713260000000000005e+00
392        1.713600000000000234e+00
1293       1.713819999999999899e+00
135        1.714140000000000219e+00
587        1.714160000000000128e+00
1131       1.714360000000000106e+00
1206       1.714360000000000106e+00
1312       1.714779999999999971e+00
1137       1.714820000000000011e+00
871        1.714880000000000182e+00
229        1.715160000000000018e+00
181        1.715279999999999916e+00
1153       1.715380000000000127e+00
1177       1.715500000000000025e+00
1535       1.715540000000000065e+00
1347       1.715579999999999883e+00
1219       1.715880000000000072e+00
1356       1.715980000000000061e+00
578        1.716080000000000050e+00
1303       1.716180000000000039e+00
165        1.716299999999999937e+00
1249       1.717100000000000071e+00
1180       1.717319999999999958e+00
1358       1.717540000000000067e+00
1256       1.717720000000000136e+00
990        1.718280000000000030e+00
1236       1.718299999999999939e+00
1241       1.718500000000000139e+00
1274       1.718500000000000139e+00
1297       1.718539999999999957e+00
1330       1.718539999999999957e+00
396        1.718560000000000088e+00
944        1.718620000000000259e+00
1179       1.718739999999999934e+00
766        1.718760000000000066e+00
1152       1.718760000000000066e+00
241        1.718820000000000014e+00
1326       1.719279999999999919e+00
74         1.719799999999999995e+00
646        1.719799999999999995e+00
1162       1.719799999999999995e+00
209        1.719920000000000115e+00
1343       1.719999999999999973e+00
1147       1.720059999999999922e+00
982        1.720480000000000009e+00
1306       1.720560000000000089e+00
1217       1.720820000000000016e+00
1281       1.720979999999999954e+00
1203       1.721019999999999994e+00
495        1.721079999999999943e+00
736        1.721279999999999921e+00
670        1.721319999999999961e+00
1345       1.721500000000000030e+00
1279       1.721559999999999979e+00
1234       1.721620000000000150e+00
1035       1.721660000000000190e+00
993        1.721799999999999997e+00
1143       1.721819999999999906e+00
1294       1.721840000000000259e+00
1166       1.721860000000000168e+00
1129       1.722100000000000186e+00
775        1.722160000000000135e+00
1149       1.722220000000000084e+00
892        1.722299999999999942e+00
1175       1.722420000000000062e+00
1090       1.722520000000000051e+00
617        1.722720000000000029e+00
1460       1.722760000000000069e+00
1127       1.722820000000000018e+00
1196       1.722840000000000149e+00
985        1.723120000000000207e+00
79         1.723180000000000156e+00
1220       1.723240000000000105e+00
1323       1.723300000000000054e+00
233        1.723360000000000225e+00
1134       1.723380000000000134e+00
1336       1.723440000000000083e+00
1321       1.723500000000000032e+00
1328       1.723579999999999890e+00
1124       1.723620000000000152e+00
1191       1.723660000000000192e+00
1237       1.723960000000000159e+00
167        1.724160000000000137e+00
1228       1.724420000000000064e+00
1317       1.724580000000000002e+00
271        1.724660000000000082e+00
476        1.724840000000000151e+00
1190       1.725100000000000078e+00
1288       1.725340000000000096e+00
1351       1.725620000000000154e+00
1246       1.725660000000000194e+00
719        1.725880000000000081e+00
123        1.726539999999999964e+00
1148       1.726739999999999942e+00
1132       1.727060000000000040e+00
1205       1.727120000000000211e+00
1329       1.727279999999999927e+00
1201       1.727300000000000058e+00
1135       1.727380000000000138e+00
1154       1.727459999999999996e+00
846        1.727880000000000082e+00
1138       1.727960000000000163e+00
1333       1.728020000000000111e+00
500        1.728160000000000140e+00
266        1.728499999999999925e+00
1184       1.728559999999999874e+00
1320       1.728820000000000023e+00
1241       1.728900000000000103e+00
1204       1.729219999999999979e+00
1247       1.729219999999999979e+00
412        1.729319999999999968e+00
768        1.729459999999999997e+00
1256       1.729480000000000128e+00
1335       1.729960000000000164e+00
1344       1.730059999999999931e+00
1257       1.730160000000000142e+00
141        1.730299999999999949e+00
1254       1.730320000000000080e+00
1136       1.730340000000000211e+00
1001       1.730480000000000018e+00
1302       1.730539999999999967e+00
1125       1.730979999999999963e+00
1273       1.731020000000000003e+00
67         1.731180000000000163e+00
11         1.731240000000000112e+00
591        1.731340000000000101e+00
165        1.731400000000000050e+00
1146       1.731559999999999988e+00
920        1.731620000000000159e+00
537        1.732100000000000195e+00
1141       1.732280000000000042e+00
1170       1.732299999999999951e+00
1144       1.732640000000000180e+00
620        1.732799999999999896e+00
28         1.732880000000000198e+00
1255       1.733079999999999954e+00
1156       1.733100000000000085e+00
1248       1.733240000000000114e+00
1243       1.733380000000000143e+00
1198       1.733420000000000183e+00
1297       1.733440000000000092e+00
1238       1.733460000000000001e+00
839        1.733640000000000070e+00
1150       1.733759999999999968e+00
1215       1.734020000000000117e+00
1356       1.734040000000000026e+00
1222       1.734100000000000197e+00
1331       1.734100000000000197e+00
1173       1.734260000000000135e+00
1312       1.734299999999999953e+00
1172       1.734319999999999862e+00
606        1.734460000000000113e+00
258        1.734480000000000022e+00
1147       1.734520000000000062e+00
1186       1.734520000000000062e+00
969        1.734559999999999880e+00
853        1.734600000000000142e+00
1195       1.734600000000000142e+00
1316       1.734700000000000131e+00
722        1.734720000000000040e+00
1218       1.734739999999999949e+00
1354       1.734779999999999989e+00
1267       1.734799999999999898e+00
161        1.734900000000000109e+00
369        1.734900000000000109e+00
1086       1.735200000000000076e+00
1311       1.735260000000000025e+00
1265       1.735319999999999974e+00
1249       1.735319999999999974e+00
1237       1.735380000000000145e+00
1137       1.735500000000000043e+00
864        1.735759999999999970e+00
1225       1.735780000000000101e+00
512        1.735800000000000010e+00
380        1.735819999999999919e+00
64         1.735840000000000272e+00
215        1.735840000000000272e+00
815        1.736040000000000028e+00
1258       1.736040000000000028e+00
1308       1.736040000000000028e+00
899        1.736120000000000108e+00
1124       1.736260000000000137e+00
135        1.736380000000000035e+00
1157       1.736499999999999932e+00
714        1.736539999999999973e+00
1159       1.736799999999999899e+00
1193       1.736799999999999899e+00
1189       1.736820000000000030e+00
1242       1.736920000000000019e+00
1174       1.737140000000000128e+00
824        1.737219999999999986e+00
1269       1.737240000000000117e+00
1235       1.737319999999999975e+00
590        1.737420000000000186e+00
1121       1.737600000000000255e+00
291        1.737840000000000273e+00
1223       1.737840000000000273e+00
1181       1.737920000000000131e+00
242        1.738120000000000109e+00
1176       1.738259999999999916e+00
780        1.738280000000000047e+00
1163       1.738299999999999956e+00
1305       1.738340000000000218e+00
901        1.738420000000000076e+00
1359       1.738460000000000116e+00
1127       1.738520000000000065e+00
1227       1.738660000000000094e+00
260        1.738900000000000112e+00
126        1.738940000000000152e+00
1164       1.738960000000000061e+00
1296       1.739000000000000101e+00
1276       1.739079999999999959e+00
368        1.739200000000000079e+00
506        1.739219999999999988e+00
1142       1.739400000000000057e+00
810        1.739500000000000046e+00
483        1.739980000000000082e+00
916        1.740020000000000122e+00
1270       1.740020000000000122e+00
327        1.740120000000000111e+00
1165       1.740120000000000111e+00
1280       1.740160000000000151e+00
1293       1.740400000000000169e+00
617        1.740420000000000078e+00
616        1.740520000000000067e+00
1219       1.740559999999999885e+00
1167       1.740620000000000056e+00
311        1.740720000000000045e+00
1226       1.740779999999999994e+00
1325       1.740779999999999994e+00
1345       1.740820000000000034e+00
1126       1.740840000000000165e+00
495        1.740900000000000114e+00
1264       1.740920000000000023e+00
748        1.741200000000000081e+00
1358       1.741219999999999990e+00
1298       1.741279999999999939e+00
425        1.741340000000000110e+00
928        1.741420000000000190e+00
211        1.741440000000000099e+00
912        1.741500000000000048e+00
314        1.741620000000000168e+00
390        1.741620000000000168e+00
15         1.741640000000000077e+00
1201       1.741660000000000208e+00
1187       1.741740000000000066e+00
304        1.741759999999999975e+00
837        1.741759999999999975e+00
1261       1.741759999999999975e+00
1032       1.741860000000000186e+00
237        1.741940000000000044e+00
1200       1.741940000000000044e+00
1302       1.741940000000000044e+00
1301       1.741960000000000175e+00
142        1.741980000000000084e+00
1273       1.741980000000000084e+00
346        1.742020000000000124e+00
1318       1.742140000000000244e+00
1348       1.742160000000000153e+00
1179       1.742180000000000062e+00
1319       1.742220000000000102e+00
1291       1.742259999999999920e+00
382        1.742319999999999869e+00
410        1.742360000000000131e+00
456        1.742400000000000171e+00
743        1.742720000000000047e+00
1130       1.742720000000000047e+00
1326       1.742720000000000047e+00
409        1.742739999999999956e+00
1249       1.742799999999999905e+00
1289       1.742820000000000036e+00
809        1.742840000000000167e+00
1253       1.742960000000000065e+00
1278       1.742979999999999974e+00
1255       1.742979999999999974e+00
276        1.743039999999999923e+00
1217       1.743120000000000225e+00
1272       1.743219999999999992e+00
274        1.743240000000000123e+00
1036       1.743240000000000123e+00
1139       1.743400000000000061e+00
752        1.743519999999999959e+00
906        1.743579999999999908e+00
1313       1.743660000000000210e+00
860        1.743720000000000159e+00
1210       1.743819999999999926e+00
1224       1.743860000000000188e+00
1281       1.743860000000000188e+00
811        1.743960000000000177e+00
589        1.743980000000000086e+00
99         1.744040000000000035e+00
706        1.744040000000000035e+00
282        1.744079999999999853e+00
1081       1.744180000000000064e+00
1041       1.744220000000000104e+00
1169       1.744240000000000013e+00
1292       1.744480000000000031e+00
1212       1.744520000000000071e+00
1207       1.744640000000000191e+00
1271       1.744640000000000191e+00
1323       1.744840000000000169e+00
1188       1.744880000000000209e+00
1353       1.744880000000000209e+00
639        1.744979999999999976e+00
89         1.745100000000000096e+00
1111       1.745100000000000096e+00
1240       1.745140000000000136e+00
978        1.745219999999999994e+00
1234       1.745240000000000125e+00
40         1.745260000000000034e+00
1199       1.745380000000000154e+00
1232       1.745400000000000063e+00
1295       1.745400000000000063e+00
802        1.745440000000000103e+00
980        1.745480000000000143e+00
1267       1.745540000000000092e+00
891        1.745640000000000081e+00
766        1.745700000000000029e+00
1123       1.745720000000000161e+00
163        1.745840000000000281e+00
684        1.745840000000000281e+00
1161       1.745920000000000138e+00
1245       1.745980000000000087e+00
172        1.746220000000000105e+00
1051       1.746360000000000134e+00
603        1.746380000000000043e+00
1498       1.746400000000000174e+00
758        1.746460000000000123e+00
1208       1.746460000000000123e+00
1331       1.746480000000000032e+00
869        1.746680000000000010e+00
761        1.746700000000000141e+00
1164       1.746700000000000141e+00
1321       1.746820000000000039e+00
1170       1.746840000000000170e+00
93         1.746860000000000079e+00
391        1.746920000000000028e+00
1338       1.746940000000000159e+00
1330       1.746940000000000159e+00
204        1.747000000000000108e+00
1268       1.747000000000000108e+00
486        1.747020000000000017e+00
1343       1.747039999999999926e+00
1214       1.747060000000000057e+00
1277       1.747079999999999966e+00
263        1.747140000000000137e+00
224        1.747160000000000046e+00
1340       1.747160000000000046e+00
1040       1.747180000000000177e+00
1244       1.747200000000000086e+00
398        1.747219999999999995e+00
431        1.747260000000000035e+00
412        1.747279999999999944e+00
1160       1.747319999999999984e+00
1286       1.747319999999999984e+00
125        1.747340000000000115e+00
359        1.747360000000000246e+00
1314       1.747440000000000104e+00
1238       1.747519999999999962e+00
1133       1.747540000000000093e+00
77         1.747579999999999911e+00
1128       1.747640000000000082e+00
1173       1.747660000000000213e+00
1243       1.747720000000000162e+00
316        1.747900000000000231e+00
641        1.747980000000000089e+00
1372       1.748120000000000118e+00
1122       1.748280000000000056e+00
1248       1.748360000000000136e+00
1337       1.748499999999999943e+00
1283       1.748600000000000154e+00
1205       1.748739999999999961e+00
1152       1.748820000000000041e+00
1156       1.748860000000000081e+00
595        1.749100000000000099e+00
946        1.749279999999999946e+00
982        1.749300000000000077e+00
278        1.749340000000000117e+00
1346       1.749640000000000084e+00
1132       1.749660000000000215e+00
23         1.749780000000000113e+00
1335       1.749780000000000113e+00
1171       1.749800000000000022e+00
1120       1.750079999999999858e+00
1228       1.750140000000000029e+00
955        1.750240000000000018e+00
1247       1.750259999999999927e+00
1202       1.750340000000000229e+00
65         1.750360000000000138e+00
368        1.750360000000000138e+00
1192       1.750499999999999945e+00
1131       1.750559999999999894e+00
872        1.750680000000000014e+00
1315       1.750739999999999963e+00
1162       1.750780000000000003e+00
1166       1.750799999999999912e+00
1351       1.750799999999999912e+00
658        1.750880000000000214e+00
1303       1.750940000000000163e+00
1230       1.750979999999999981e+00
1163       1.751020000000000021e+00
213        1.751100000000000101e+00
867        1.751180000000000181e+00
816        1.751219999999999999e+00
745        1.751319999999999988e+00
1355       1.751360000000000250e+00
1196       1.751400000000000068e+00
601        1.751560000000000006e+00
1209       1.751560000000000006e+00
1049       1.751620000000000177e+00
1231       1.751800000000000024e+00
1257       1.751900000000000235e+00
399        1.752040000000000042e+00
112        1.752160000000000162e+00
937        1.752180000000000071e+00
560        1.752199999999999980e+00
404        1.752299999999999969e+00
1167       1.752299999999999969e+00
117        1.752340000000000231e+00
451        1.752340000000000231e+00
508        1.752539999999999987e+00
543        1.752640000000000198e+00
1153       1.752660000000000107e+00
1411       1.752700000000000147e+00
1326       1.752880000000000216e+00
350        1.752920000000000034e+00
1059       1.753079999999999972e+00
416        1.753140000000000143e+00
1155       1.753160000000000052e+00
1280       1.753260000000000041e+00
1096       1.753540000000000099e+00
1151       1.753560000000000008e+00
609        1.753620000000000179e+00
100        1.753700000000000037e+00
1191       1.753759999999999986e+00
1252       1.753759999999999986e+00
1179       1.753800000000000026e+00
1199       1.754199999999999982e+00
1265       1.754199999999999982e+00
287        1.754360000000000142e+00
1206       1.754499999999999948e+00
1211       1.754559999999999897e+00
1348       1.754760000000000097e+00
987        1.754860000000000086e+00
841        1.754900000000000126e+00
1304       1.754940000000000166e+00
1185       1.755120000000000235e+00
127        1.755200000000000093e+00
42         1.755220000000000002e+00
627        1.755420000000000202e+00
1235       1.755680000000000129e+00
1172       1.755740000000000078e+00
711        1.755819999999999936e+00
1339       1.755819999999999936e+00
1229       1.755840000000000289e+00
1178       1.756040000000000045e+00
207        1.756059999999999954e+00
33         1.756100000000000216e+00
1140       1.756199999999999983e+00
1150       1.756420000000000092e+00
1278       1.756499999999999950e+00
1358       1.756620000000000070e+00
607        1.756720000000000059e+00
376        1.756780000000000008e+00
1306       1.756820000000000048e+00
1232       1.756840000000000179e+00
101        1.756860000000000088e+00
776        1.757400000000000073e+00
1330       1.757579999999999920e+00
1123       1.757700000000000040e+00
18         1.758019999999999916e+00
141        1.758019999999999916e+00
1298       1.758120000000000127e+00
1275       1.758240000000000025e+00
170        1.758620000000000072e+00
1262       1.758720000000000061e+00
675        1.758979999999999988e+00
525        1.759000000000000119e+00
1308       1.759120000000000239e+00
774        1.759519999999999973e+00
709        1.759620000000000184e+00
74         1.759640000000000093e+00
1259       1.760059999999999958e+00
992        1.760199999999999987e+00
321        1.760499999999999954e+00
1261       1.760580000000000034e+00
1146       1.760660000000000114e+00
1243       1.760700000000000154e+00
1328       1.761039999999999939e+00
1104       1.761279999999999957e+00
766        1.761440000000000117e+00
1319       1.761540000000000106e+00
969        1.761759999999999993e+00
1204       1.761759999999999993e+00
1335       1.761779999999999902e+00
1225       1.761819999999999942e+00
14         1.761860000000000204e+00
788        1.761959999999999971e+00
1313       1.761959999999999971e+00
1336       1.762140000000000040e+00
1135       1.762160000000000171e+00
1236       1.762160000000000171e+00
912        1.762340000000000240e+00
1233       1.762420000000000098e+00
1207       1.762499999999999956e+00
1297       1.762520000000000087e+00
812        1.762539999999999996e+00
1157       1.762620000000000076e+00
1290       1.762640000000000207e+00
1331       1.762640000000000207e+00
1284       1.762720000000000065e+00
330        1.762739999999999974e+00
537        1.762739999999999974e+00
1121       1.762739999999999974e+00
1305       1.762799999999999923e+00
1156       1.762920000000000043e+00
1162       1.762960000000000083e+00
1342       1.763000000000000123e+00
1242       1.763020000000000032e+00
246        1.763120000000000243e+00
1239       1.763140000000000152e+00
476        1.763240000000000141e+00
40         1.763260000000000050e+00
1114       1.763360000000000261e+00
1317       1.763400000000000079e+00
1354       1.763400000000000079e+00
1249       1.763420000000000210e+00
1139       1.763560000000000016e+00
582        1.763680000000000136e+00
1201       1.763680000000000136e+00
734        1.763719999999999954e+00
1143       1.763759999999999994e+00
1220       1.763920000000000154e+00
374        1.764019999999999921e+00
431        1.764059999999999961e+00
785        1.764180000000000081e+00
173        1.764199999999999990e+00
1254       1.764199999999999990e+00
1158       1.764220000000000121e+00
732        1.764480000000000048e+00
1159       1.764620000000000077e+00
351        1.764680000000000026e+00
305        1.764799999999999924e+00
689        1.765079999999999982e+00
86         1.765140000000000153e+00
126        1.765260000000000051e+00
1338       1.765320000000000000e+00
1168       1.765440000000000120e+00
1357       1.765440000000000120e+00
1263       1.765700000000000047e+00
1237       1.765719999999999956e+00
984        1.765940000000000065e+00
1127       1.766059999999999963e+00
1244       1.766240000000000032e+00
1142       1.766280000000000072e+00
1136       1.766340000000000243e+00
751        1.766360000000000152e+00
1195       1.766460000000000141e+00
1232       1.766580000000000039e+00
646        1.766640000000000210e+00
710        1.766840000000000188e+00
1216       1.767000000000000126e+00
461        1.767200000000000104e+00
1327       1.767300000000000093e+00
1230       1.767380000000000173e+00
423        1.767400000000000082e+00
1299       1.767759999999999998e+00
1184       1.767880000000000118e+00
1316       1.767980000000000107e+00
1122       1.768000000000000016e+00
1054       1.768120000000000136e+00
1211       1.768120000000000136e+00
571        1.768160000000000176e+00
848        1.768240000000000034e+00
1241       1.768259999999999943e+00
1252       1.768360000000000154e+00
836        1.768400000000000194e+00
356        1.768420000000000103e+00
1206       1.768540000000000001e+00
1060       1.768760000000000110e+00
563        1.768920000000000048e+00
1189       1.769079999999999986e+00
1203       1.769140000000000157e+00
677        1.769200000000000106e+00
1012       1.769200000000000106e+00
1129       1.769220000000000015e+00
1304       1.769260000000000055e+00
1180       1.769279999999999964e+00
1231       1.769279999999999964e+00
1134       1.769340000000000135e+00
696        1.769400000000000084e+00
941        1.769440000000000124e+00
292        1.769620000000000193e+00
1183       1.769700000000000051e+00
923        1.769760000000000000e+00
206        1.769819999999999949e+00
936        1.769860000000000211e+00
1291       1.769880000000000120e+00
917        1.769940000000000069e+00
905        1.769940000000000069e+00
1303       1.769959999999999978e+00
475        1.770259999999999945e+00
451        1.770360000000000156e+00
1593       1.770440000000000014e+00
10         1.770520000000000094e+00
898        1.770660000000000123e+00
1196       1.770799999999999930e+00
1223       1.770799999999999930e+00
1282       1.770820000000000061e+00
1170       1.771039999999999948e+00
325        1.771079999999999988e+00
927        1.771079999999999988e+00
348        1.771160000000000068e+00
117        1.771400000000000086e+00
1210       1.771480000000000166e+00
1326       1.771560000000000024e+00
1353       1.771579999999999933e+00
1258       1.771600000000000064e+00
1330       1.771620000000000195e+00
1322       1.771660000000000013e+00
1329       1.771680000000000144e+00
1315       1.771680000000000144e+00
1010       1.771719999999999962e+00
1172       1.771819999999999951e+00
216        1.771900000000000031e+00
1318       1.771900000000000031e+00
279        1.771940000000000071e+00
1264       1.771980000000000111e+00
1262       1.772280000000000078e+00
1259       1.772400000000000198e+00
1175       1.772420000000000107e+00
452        1.772499999999999964e+00
48         1.772600000000000176e+00
1293       1.772600000000000176e+00
1192       1.772840000000000193e+00
703        1.773039999999999949e+00
419        1.773079999999999989e+00
593        1.773079999999999989e+00
1349       1.773160000000000069e+00
1308       1.773200000000000109e+00
1253       1.773380000000000178e+00
564        1.773500000000000076e+00
1341       1.773620000000000196e+00
1238       1.773660000000000014e+00
1227       1.773760000000000003e+00
1128       1.773959999999999981e+00
884        1.774100000000000232e+00
1061       1.774100000000000232e+00
208        1.774140000000000050e+00
1136       1.774340000000000250e+00
1141       1.774559999999999915e+00
1271       1.774660000000000126e+00
602        1.774739999999999984e+00
1313       1.774900000000000144e+00
880        1.775100000000000122e+00
1268       1.775300000000000100e+00
1125       1.775420000000000220e+00
785        1.775440000000000129e+00
1332       1.775560000000000027e+00
1301       1.775660000000000016e+00
1305       1.775680000000000147e+00
670        1.775779999999999914e+00
1225       1.775860000000000216e+00
1156       1.776000000000000023e+00
1185       1.776140000000000052e+00
1232       1.776140000000000052e+00
238        1.776259999999999950e+00
901        1.776319999999999899e+00
1281       1.776420000000000110e+00
1270       1.776540000000000008e+00
39         1.776580000000000048e+00
1340       1.776680000000000037e+00
1280       1.776700000000000168e+00
1249       1.776780000000000026e+00
404        1.776840000000000197e+00
1008       1.776900000000000146e+00
1323       1.776920000000000055e+00
499        1.776980000000000004e+00
1166       1.776980000000000004e+00
1325       1.777020000000000044e+00
1345       1.777020000000000044e+00
1138       1.777220000000000022e+00
73         1.777320000000000011e+00
131        1.777340000000000142e+00
1217       1.777460000000000040e+00
1214       1.777560000000000029e+00
744        1.777600000000000069e+00
59         1.777660000000000018e+00
789        1.777800000000000047e+00
253        1.777900000000000036e+00
1200       1.777920000000000167e+00
1257       1.777920000000000167e+00
606        1.778240000000000043e+00
1355       1.778240000000000043e+00
1102       1.778400000000000203e+00
474        1.778720000000000079e+00
634        1.778860000000000108e+00
711        1.778860000000000108e+00
558        1.779060000000000086e+00
809        1.779120000000000257e+00
1163       1.779120000000000257e+00
841        1.779220000000000024e+00
619        1.779460000000000042e+00
43         1.779519999999999991e+00
713        1.779579999999999940e+00
1072       1.779680000000000151e+00
1178       1.779740000000000100e+00
196        1.779880000000000129e+00
672        1.779920000000000169e+00
704        1.780240000000000045e+00
1288       1.780280000000000085e+00
1287       1.780319999999999903e+00
1359       1.780340000000000256e+00
94         1.780499999999999972e+00
1242       1.780520000000000103e+00
1247       1.780580000000000052e+00
504        1.780660000000000132e+00
227        1.780739999999999990e+00
1306       1.780760000000000121e+00
254        1.780860000000000110e+00
568        1.780860000000000110e+00
1165       1.780860000000000110e+00
273        1.780920000000000059e+00
961        1.780980000000000008e+00
1195       1.781060000000000088e+00
1317       1.781060000000000088e+00
1300       1.781360000000000054e+00
982        1.781539999999999901e+00
152        1.781560000000000032e+00
1354       1.781560000000000032e+00
385        1.781579999999999941e+00
154        1.781680000000000152e+00
270        1.781719999999999970e+00
1176       1.781819999999999959e+00
835        1.781860000000000221e+00
763        1.781940000000000079e+00
1132       1.782100000000000239e+00
977        1.782160000000000188e+00
951        1.782360000000000166e+00
194        1.782380000000000075e+00
1048       1.782580000000000053e+00
1133       1.782620000000000093e+00
1124       1.782660000000000133e+00
1248       1.782660000000000133e+00
695        1.782799999999999940e+00
856        1.782820000000000071e+00
597        1.783079999999999998e+00
1144       1.783160000000000078e+00
146        1.783180000000000209e+00
1224       1.783200000000000118e+00
1265       1.783420000000000005e+00
1193       1.783519999999999994e+00
543        1.783640000000000114e+00
1311       1.783680000000000154e+00
1289       1.783819999999999961e+00
180        1.784000000000000030e+00
1230       1.784040000000000070e+00
1382       1.784040000000000070e+00
855        1.784319999999999906e+00
1341       1.784420000000000117e+00
1152       1.784440000000000026e+00
377        1.784700000000000175e+00
1310       1.784760000000000124e+00
754        1.785299999999999887e+00
1177       1.785320000000000018e+00
508        1.785380000000000189e+00
37         1.785560000000000036e+00
1168       1.785680000000000156e+00
1213       1.785680000000000156e+00
1186       1.785740000000000105e+00
772        1.785860000000000225e+00
1146       1.785900000000000043e+00
1295       1.785900000000000043e+00
390        1.785959999999999992e+00
1209       1.786000000000000032e+00
1121       1.786160000000000192e+00
1274       1.786280000000000090e+00
1140       1.786319999999999908e+00
970        1.786520000000000108e+00
922        1.786580000000000057e+00
918        1.786620000000000097e+00
1312       1.786660000000000137e+00
631        1.786780000000000035e+00
235        1.786880000000000246e+00
249        1.786980000000000013e+00
941        1.787080000000000002e+00
6          1.787340000000000151e+00
1307       1.787420000000000009e+00
1343       1.787440000000000140e+00
1197       1.787519999999999998e+00
824        1.787819999999999965e+00
1293       1.787860000000000227e+00
1237       1.788240000000000052e+00
958        1.788300000000000001e+00
603        1.788319999999999910e+00
837        1.788319999999999910e+00
1301       1.788499999999999979e+00
375        1.788700000000000179e+00
1314       1.788739999999999997e+00
1175       1.788760000000000128e+00
444        1.788799999999999946e+00
749        1.788840000000000208e+00
736        1.788860000000000117e+00
1196       1.789220000000000033e+00
20         1.789279999999999982e+00
1284       1.789299999999999891e+00
331        1.789719999999999978e+00
1261       1.789740000000000109e+00
475        1.789819999999999967e+00
135        1.789920000000000178e+00
1300       1.790380000000000082e+00
1098       1.790400000000000214e+00
1356       1.790420000000000122e+00
1151       1.790440000000000031e+00
467        1.790520000000000111e+00
594        1.790640000000000231e+00
1358       1.790660000000000140e+00
456        1.790680000000000049e+00
1171       1.790700000000000180e+00
1162       1.790820000000000078e+00
757        1.790920000000000067e+00
1135       1.791039999999999965e+00
1141       1.791160000000000085e+00
1041       1.791320000000000023e+00
1137       1.791360000000000063e+00
176        1.791420000000000012e+00
1218       1.791440000000000143e+00
1057       1.791500000000000092e+00
99         1.791840000000000099e+00
611        1.791860000000000230e+00
776        1.791940000000000088e+00
905        1.792079999999999895e+00
1504       1.792140000000000066e+00
1176       1.792160000000000197e+00
885        1.792300000000000004e+00
1280       1.792360000000000175e+00
239        1.792540000000000022e+00
1169       1.792540000000000022e+00
436        1.792559999999999931e+00
130        1.792680000000000051e+00
912        1.792760000000000131e+00
1274       1.792999999999999927e+00
1267       1.793039999999999967e+00
1530       1.793680000000000163e+00
1238       1.794240000000000057e+00
1282       1.794480000000000075e+00
213        1.794660000000000144e+00
1564       1.794860000000000122e+00
1221       1.795039999999999969e+00
1271       1.795120000000000049e+00
841        1.795220000000000038e+00
1246       1.795380000000000198e+00
1345       1.795520000000000005e+00
1288       1.795760000000000023e+00
1357       1.795819999999999972e+00
72         1.795840000000000103e+00
1250       1.795920000000000183e+00
710        1.795940000000000092e+00
1272       1.796000000000000041e+00
97         1.796140000000000070e+00
1194       1.796200000000000019e+00
338        1.796300000000000008e+00
1232       1.796520000000000117e+00
400        1.796600000000000197e+00
447        1.796799999999999953e+00
220        1.796900000000000164e+00
1136       1.796960000000000113e+00
1266       1.797039999999999971e+00
1330       1.797039999999999971e+00
1047       1.797080000000000011e+00
390        1.797160000000000091e+00
1234       1.797180000000000000e+00
529        1.797420000000000018e+00
1281       1.797500000000000098e+00
1287       1.797520000000000007e+00
1161       1.797620000000000218e+00
1336       1.797620000000000218e+00
1126       1.797740000000000116e+00
1353       1.797900000000000054e+00
1026       1.797960000000000003e+00
1295       1.798000000000000043e+00
929        1.798019999999999952e+00
1413       1.798180000000000112e+00
759        1.798580000000000068e+00
84         1.798600000000000199e+00
459        1.798880000000000257e+00
453        1.798920000000000075e+00
300        1.798980000000000024e+00
1278       1.799020000000000064e+00
1347       1.799020000000000064e+00
1132       1.799220000000000041e+00
1205       1.799239999999999950e+00
743        1.799400000000000110e+00
1108       1.799400000000000110e+00
1320       1.799400000000000110e+00
1144       1.799500000000000099e+00
1154       1.799520000000000008e+00
1216       1.799760000000000026e+00
1148       1.799779999999999935e+00
1235       1.799900000000000055e+00
513        1.799920000000000186e+00
1182       1.800040000000000084e+00
281        1.800059999999999993e+00
1324       1.800140000000000073e+00
1056       1.800240000000000062e+00
1003       1.800300000000000011e+00
333        1.800360000000000182e+00
917        1.800600000000000200e+00
1325       1.800640000000000240e+00
1187       1.800660000000000149e+00
544        1.800680000000000058e+00
1228       1.800700000000000189e+00
1276       1.800740000000000007e+00
92         1.800760000000000138e+00
1329       1.800799999999999956e+00
1349       1.800819999999999865e+00
267        1.800860000000000127e+00
1147       1.800860000000000127e+00
1342       1.800880000000000036e+00
686        1.800960000000000116e+00
510        1.800980000000000025e+00
858        1.800980000000000025e+00
383        1.801080000000000014e+00
404        1.801100000000000145e+00
1198       1.801100000000000145e+00
1293       1.801100000000000145e+00
1214       1.801120000000000054e+00
1196       1.801160000000000094e+00
534        1.801200000000000134e+00
1186       1.801279999999999992e+00
1260       1.801279999999999992e+00
1206       1.801340000000000163e+00
615        1.801400000000000112e+00
165        1.801460000000000061e+00
1156       1.801460000000000061e+00
918        1.801579999999999959e+00
1134       1.801680000000000170e+00
1227       1.801700000000000079e+00
1277       1.801719999999999988e+00
706        1.801840000000000108e+00
83         1.801860000000000239e+00
1021       1.801900000000000057e+00
1215       1.801940000000000097e+00
648        1.801980000000000137e+00
1359       1.802079999999999904e+00
762        1.802220000000000155e+00
1129       1.802440000000000042e+00
1158       1.802499999999999991e+00
201        1.802660000000000151e+00
1199       1.802660000000000151e+00
1224       1.802660000000000151e+00
1242       1.802680000000000060e+00
1346       1.802740000000000009e+00
984        1.802819999999999867e+00
966        1.802840000000000220e+00
1131       1.802860000000000129e+00
274        1.803039999999999976e+00
697        1.803100000000000147e+00
1052       1.803100000000000147e+00
43         1.803120000000000056e+00
773        1.803160000000000096e+00
594        1.803180000000000005e+00
516        1.803360000000000074e+00
1145       1.803380000000000205e+00
1231       1.803500000000000103e+00
1202       1.803520000000000012e+00
1323       1.803539999999999921e+00
954        1.803700000000000081e+00
423        1.803760000000000030e+00
1207       1.803779999999999939e+00
1240       1.803860000000000241e+00
462        1.803900000000000059e+00
1259       1.803920000000000190e+00
121        1.804160000000000208e+00
936        1.804160000000000208e+00
1077       1.804280000000000106e+00
616        1.804380000000000095e+00
1019       1.804380000000000095e+00
1212       1.804400000000000226e+00
1243       1.804400000000000226e+00
913        1.804540000000000033e+00
1190       1.804540000000000033e+00
1230       1.804640000000000244e+00
1302       1.804759999999999920e+00
1264       1.804900000000000171e+00
1313       1.804960000000000120e+00
928        1.805059999999999887e+00
1290       1.805080000000000018e+00
323        1.805260000000000087e+00
1261       1.805440000000000156e+00
1203       1.805539999999999923e+00
1127       1.805620000000000225e+00
923        1.805660000000000043e+00
1238       1.805900000000000061e+00
1452       1.805960000000000010e+00
1319       1.806120000000000170e+00
1327       1.806240000000000068e+00
639        1.806420000000000137e+00
1580       1.806580000000000075e+00
486        1.806740000000000013e+00
955        1.806740000000000013e+00
1171       1.806780000000000053e+00
1095       1.806799999999999962e+00
1299       1.806960000000000122e+00
280        1.807140000000000191e+00
1263       1.807239999999999958e+00
1292       1.807279999999999998e+00
1283       1.807479999999999976e+00
677        1.807500000000000107e+00
774        1.807539999999999925e+00
1143       1.807620000000000227e+00
1191       1.807640000000000136e+00
1271       1.807640000000000136e+00
1312       1.807640000000000136e+00
1229       1.807660000000000045e+00
1164       1.807719999999999994e+00
1246       1.807740000000000125e+00
77         1.807760000000000034e+00
1251       1.807880000000000154e+00
1254       1.807940000000000103e+00
7          1.808000000000000052e+00
290        1.808000000000000052e+00
284        1.808019999999999960e+00
1305       1.808280000000000109e+00
144        1.808300000000000018e+00
1184       1.808300000000000018e+00
1068       1.808319999999999927e+00
1046       1.808340000000000281e+00
214        1.808480000000000087e+00
287        1.808499999999999996e+00
1258       1.808620000000000116e+00
1309       1.808640000000000247e+00
1286       1.808699999999999974e+00
1248       1.808720000000000105e+00
64         1.808780000000000054e+00
1051       1.808840000000000225e+00
1123       1.808860000000000134e+00
692        1.808960000000000123e+00
1138       1.808960000000000123e+00
720        1.809220000000000050e+00
1303       1.809220000000000050e+00
1209       1.809620000000000228e+00
1244       1.809620000000000228e+00
395        1.809760000000000035e+00
1183       1.809900000000000064e+00
693        1.809960000000000013e+00
1205       1.810160000000000213e+00
1308       1.810499999999999998e+00
59         1.810819999999999874e+00
1167       1.810880000000000045e+00
36         1.810980000000000034e+00
1267       1.810999999999999943e+00
1139       1.811120000000000063e+00
1316       1.811120000000000063e+00
1284       1.811260000000000092e+00
657        1.811320000000000041e+00
1275       1.811320000000000041e+00
644        1.811420000000000030e+00
1109       1.811520000000000019e+00
832        1.811680000000000179e+00
1314       1.811700000000000088e+00
605        1.811719999999999997e+00
329        1.811740000000000128e+00
511        1.811800000000000077e+00
1180       1.811800000000000077e+00
1279       1.811819999999999986e+00
838        1.811860000000000248e+00
1181       1.812040000000000095e+00
632        1.812060000000000004e+00
598        1.812160000000000215e+00
1175       1.812440000000000051e+00
1245       1.812740000000000018e+00
667        1.812960000000000127e+00
1153       1.813120000000000065e+00
1273       1.813180000000000014e+00
617        1.813239999999999963e+00
1346       1.813520000000000021e+00
1289       1.813700000000000090e+00
1121       1.813760000000000039e+00
1358       1.813940000000000108e+00
756        1.814040000000000097e+00
1158       1.814079999999999915e+00
1249       1.814120000000000177e+00
999        1.814180000000000126e+00
837        1.814200000000000035e+00
535        1.814259999999999984e+00
1220       1.814259999999999984e+00
1241       1.814300000000000024e+00
127        1.814620000000000122e+00
452        1.814780000000000060e+00
1255       1.814780000000000060e+00
1234       1.814799999999999969e+00
759        1.814939999999999998e+00
173        1.814960000000000129e+00
469        1.815039999999999987e+00
1222       1.815120000000000067e+00
399        1.815200000000000147e+00
1166       1.815340000000000176e+00
1337       1.815479999999999983e+00
1328       1.815600000000000103e+00
374        1.815640000000000143e+00
1324       1.815660000000000052e+00
415        1.815680000000000183e+00
560        1.815680000000000183e+00
1472       1.815700000000000092e+00
1173       1.815760000000000041e+00
1353       1.816019999999999968e+00
970        1.816040000000000099e+00
1198       1.816060000000000008e+00
878        1.816079999999999917e+00
177        1.816120000000000179e+00
410        1.816280000000000117e+00
1351       1.816440000000000055e+00
842        1.816459999999999964e+00
315        1.816480000000000095e+00
991        1.816620000000000124e+00
1285       1.816620000000000124e+00
1320       1.816620000000000124e+00
1213       1.816720000000000113e+00
1178       1.816740000000000022e+00
1179       1.816920000000000091e+00
1192       1.817039999999999988e+00
1307       1.817200000000000149e+00
1144       1.817400000000000126e+00
1270       1.817660000000000053e+00
180        1.818160000000000220e+00
13         1.818220000000000169e+00
1302       1.818220000000000169e+00
1294       1.818400000000000238e+00
253        1.818420000000000147e+00
347        1.818480000000000096e+00
599        1.818480000000000096e+00
800        1.818540000000000045e+00
978        1.819160000000000110e+00
506        1.819200000000000150e+00
1141       1.819239999999999968e+00
210        1.819360000000000088e+00
1317       1.819360000000000088e+00
1260       1.819560000000000066e+00
1323       1.819560000000000066e+00
1310       1.819680000000000186e+00
1137       1.819700000000000095e+00
633        1.819740000000000135e+00
1451       1.820120000000000182e+00
1138       1.820200000000000040e+00
1129       1.820280000000000120e+00
1343       1.820319999999999938e+00
338        1.820420000000000149e+00
1207       1.820440000000000058e+00
1336       1.820540000000000047e+00
1272       1.820600000000000218e+00
1150       1.820680000000000076e+00
1168       1.820699999999999985e+00
1241       1.820699999999999985e+00
1335       1.820720000000000116e+00
1093       1.820819999999999883e+00
777        1.820840000000000236e+00
202        1.820880000000000054e+00
1243       1.821380000000000221e+00
570        1.821420000000000039e+00
337        1.821560000000000068e+00
1239       1.821740000000000137e+00
1130       1.821819999999999995e+00
261        1.821860000000000257e+00
1189       1.821860000000000257e+00
1194       1.821940000000000115e+00
1216       1.822040000000000104e+00
67         1.822120000000000184e+00
61         1.822180000000000133e+00
1251       1.822240000000000082e+00
1352       1.822259999999999991e+00
1124       1.822440000000000060e+00
1332       1.822480000000000100e+00
1263       1.822660000000000169e+00
267        1.822740000000000027e+00
1045       1.822840000000000238e+00
1197       1.822860000000000147e+00
1184       1.822960000000000136e+00
1290       1.822960000000000136e+00
1214       1.823140000000000205e+00
1218       1.823180000000000023e+00
1148       1.823260000000000103e+00
1297       1.823260000000000103e+00
1016       1.823299999999999921e+00
1541       1.823299999999999921e+00
1153       1.823420000000000041e+00
1126       1.823520000000000030e+00
891        1.823560000000000070e+00
1159       1.823560000000000070e+00
1156       1.823579999999999979e+00
1089       1.823620000000000241e+00
1233       1.823660000000000059e+00
1355       1.823819999999999997e+00
1287       1.823900000000000077e+00
1283       1.823900000000000077e+00
1438       1.823940000000000117e+00
618        1.823960000000000026e+00
985        1.824000000000000066e+00
1122       1.824240000000000084e+00
1334       1.824240000000000084e+00
1249       1.824319999999999942e+00
1262       1.824440000000000062e+00
1171       1.824559999999999960e+00
827        1.824680000000000080e+00
1345       1.824780000000000069e+00
1212       1.824900000000000189e+00
1250       1.825100000000000167e+00
1313       1.825100000000000167e+00
1501       1.825280000000000014e+00
129        1.825360000000000094e+00
573        1.825380000000000225e+00
534        1.825460000000000083e+00
1303       1.825460000000000083e+00
17         1.825560000000000072e+00
192        1.825920000000000210e+00
595        1.825920000000000210e+00
1356       1.825960000000000027e+00
1190       1.826040000000000108e+00
1202       1.826079999999999925e+00
181        1.826160000000000228e+00
1169       1.826160000000000228e+00
1342       1.826160000000000228e+00
583        1.826180000000000136e+00
1255       1.826180000000000136e+00
1350       1.826180000000000136e+00
1147       1.826200000000000045e+00
775        1.826219999999999954e+00
1242       1.826300000000000034e+00
1326       1.826380000000000114e+00
487        1.826620000000000132e+00
1107       1.826740000000000030e+00
57         1.826999999999999957e+00
1275       1.827080000000000037e+00
1261       1.827120000000000077e+00
983        1.827200000000000157e+00
1273       1.827280000000000015e+00
288        1.827299999999999924e+00
523        1.827320000000000055e+00
1187       1.827360000000000095e+00
141        1.827380000000000226e+00
989        1.827380000000000226e+00
1070       1.827600000000000113e+00
734        1.827640000000000153e+00
1182       1.827760000000000051e+00
1193       1.827760000000000051e+00
830        1.827820000000000000e+00
1327       1.828040000000000109e+00
1056       1.828079999999999927e+00
1566       1.828079999999999927e+00
1064       1.828140000000000098e+00
872        1.828160000000000229e+00
1247       1.828219999999999956e+00
1219       1.828480000000000105e+00
1152       1.828500000000000014e+00
1300       1.828540000000000054e+00
1144       1.828620000000000134e+00
755        1.828720000000000123e+00
1127       1.828860000000000152e+00
1158       1.828860000000000152e+00
1217       1.829059999999999908e+00
1236       1.829180000000000028e+00
1317       1.829239999999999977e+00
869        1.829340000000000188e+00
1129       1.829800000000000093e+00
787        1.829880000000000173e+00
698        1.830100000000000282e+00
320        1.830219999999999958e+00
1167       1.830219999999999958e+00
1133       1.830300000000000038e+00
1150       1.830420000000000158e+00
1087       1.830459999999999976e+00
138        1.830660000000000176e+00
1264       1.830680000000000085e+00
1276       1.830699999999999994e+00
1128       1.830740000000000034e+00
1135       1.830819999999999892e+00
1347       1.830880000000000063e+00
1141       1.830900000000000194e+00
1162       1.831059999999999910e+00
1172       1.831180000000000030e+00
1165       1.831200000000000161e+00
1294       1.831220000000000070e+00
455        1.831299999999999928e+00
936        1.831299999999999928e+00
155        1.831400000000000139e+00
85         1.831420000000000048e+00
1191       1.831420000000000048e+00
1278       1.831440000000000179e+00
750        1.831460000000000088e+00
1137       1.831560000000000077e+00
482        1.831579999999999986e+00
1330       1.831779999999999964e+00
1228       1.831900000000000084e+00
104        1.832100000000000284e+00
1231       1.832100000000000284e+00
1271       1.832120000000000193e+00
1241       1.832219999999999960e+00
1351       1.832219999999999960e+00
864        1.832279999999999909e+00
1258       1.832300000000000040e+00
940        1.832500000000000018e+00
118        1.832519999999999927e+00
1348       1.832660000000000178e+00
1180       1.832740000000000036e+00
1210       1.832759999999999945e+00
1246       1.832759999999999945e+00
598        1.832880000000000065e+00
854        1.833239999999999981e+00
771        1.833280000000000021e+00
1274       1.833340000000000192e+00
182        1.833440000000000181e+00
389        1.833520000000000039e+00
1232       1.833700000000000108e+00
1337       1.833700000000000108e+00
1309       1.833760000000000057e+00
14         1.833820000000000006e+00
863        1.833820000000000006e+00
1331       1.833860000000000268e+00
1359       1.833860000000000268e+00
1171       1.834039999999999893e+00
1255       1.834060000000000024e+00
165        1.834160000000000013e+00
1124       1.834180000000000144e+00
1078       1.834219999999999962e+00
868        1.834279999999999911e+00
0          1.834340000000000082e+00
113        1.834340000000000082e+00
1175       1.834420000000000162e+00
152        1.834500000000000020e+00
1328       1.834540000000000060e+00
285        1.834579999999999878e+00
1207       1.834640000000000049e+00
194        1.834819999999999895e+00
1301       1.835140000000000216e+00
671        1.835160000000000124e+00
342        1.835340000000000193e+00
789        1.835420000000000051e+00
469        1.835779999999999967e+00
1458       1.835900000000000087e+00
1176       1.836019999999999985e+00
941        1.836300000000000043e+00
1323       1.836459999999999981e+00
849        1.836860000000000159e+00
1123       1.836860000000000159e+00
252        1.836940000000000017e+00
1235       1.836960000000000148e+00
1272       1.836960000000000148e+00
1063       1.836980000000000057e+00
923        1.837220000000000075e+00
1030       1.837420000000000053e+00
334        1.837539999999999951e+00
1295       1.837539999999999951e+00
142        1.837640000000000162e+00
1291       1.837740000000000151e+00
533        1.837760000000000060e+00
1126       1.838000000000000078e+00
1208       1.838160000000000016e+00
1224       1.838240000000000096e+00
1229       1.838300000000000045e+00
866        1.838380000000000125e+00
1120       1.838459999999999983e+00
1169       1.838480000000000114e+00
1326       1.838519999999999932e+00
452        1.838620000000000143e+00
545        1.838640000000000052e+00
434        1.838660000000000183e+00
28         1.838680000000000092e+00
281        1.838720000000000132e+00
1233       1.838799999999999990e+00
543        1.839180000000000037e+00
1281       1.839380000000000237e+00
997        1.839460000000000095e+00
553        1.839600000000000124e+00
1289       1.839660000000000073e+00
578        1.839680000000000204e+00
1129       1.839900000000000091e+00
1357       1.839900000000000091e+00
1201       1.840780000000000083e+00
1274       1.840980000000000061e+00
1310       1.841380000000000239e+00
1290       1.841620000000000257e+00
1247       1.841860000000000275e+00
1210       1.841960000000000042e+00
362        1.842400000000000038e+00
1271       1.842660000000000187e+00
1153       1.842720000000000136e+00
1329       1.842720000000000136e+00
1178       1.843040000000000012e+00
1220       1.843100000000000183e+00
1156       1.843120000000000092e+00
1287       1.843120000000000092e+00
1166       1.843180000000000041e+00
1553       1.843360000000000110e+00
1298       1.843420000000000059e+00
1244       1.843520000000000048e+00
1195       1.843680000000000208e+00
1257       1.843799999999999883e+00
148        1.844000000000000083e+00
1197       1.844100000000000072e+00
1353       1.844100000000000072e+00
290        1.844120000000000203e+00
874        1.844140000000000112e+00
681        1.844160000000000021e+00
1184       1.844240000000000101e+00
1259       1.844300000000000050e+00
1227       1.844319999999999959e+00
385        1.844420000000000170e+00
1285       1.844620000000000148e+00
1130       1.844759999999999955e+00
1293       1.844799999999999995e+00
832        1.844819999999999904e+00
1312       1.844819999999999904e+00
565        1.844880000000000075e+00
1205       1.844940000000000024e+00
563        1.845040000000000013e+00
821        1.845040000000000013e+00
1221       1.845059999999999922e+00
502        1.845200000000000173e+00
1191       1.845400000000000151e+00
1149       1.845480000000000009e+00
4          1.845640000000000169e+00
1128       1.845660000000000078e+00
138        1.845820000000000016e+00
818        1.845840000000000147e+00
1133       1.845840000000000147e+00
1174       1.845880000000000187e+00
1209       1.845880000000000187e+00
1355       1.845900000000000096e+00
1276       1.845920000000000005e+00
1249       1.846039999999999903e+00
1188       1.846180000000000154e+00
1242       1.846180000000000154e+00
1243       1.846400000000000041e+00
1292       1.846440000000000081e+00
940        1.846519999999999939e+00
1313       1.846540000000000070e+00
1288       1.846620000000000150e+00
976        1.846700000000000008e+00
314        1.846819999999999906e+00
396        1.846840000000000259e+00
1183       1.846900000000000208e+00
1320       1.846940000000000026e+00
47         1.847320000000000073e+00
764        1.847380000000000244e+00
1213       1.847400000000000153e+00
347        1.847500000000000142e+00
1381       1.847520000000000051e+00
1093       1.847840000000000149e+00
1269       1.847900000000000098e+00
1171       1.848019999999999996e+00
419        1.848319999999999963e+00
355        1.848360000000000225e+00
1134       1.848400000000000043e+00
1225       1.848459999999999992e+00
1230       1.848600000000000243e+00
697        1.848660000000000192e+00
482        1.848840000000000261e+00
778        1.848860000000000170e+00
132        1.848880000000000079e+00
395        1.849059999999999926e+00
393        1.849080000000000057e+00
1216       1.849080000000000057e+00
614        1.849200000000000177e+00
1170       1.849299999999999944e+00
273        1.849500000000000144e+00
348        1.849520000000000053e+00
1186       1.849560000000000093e+00
1146       1.849600000000000133e+00
1226       1.849600000000000133e+00
430        1.849620000000000264e+00
1245       1.849620000000000264e+00
1311       1.849620000000000264e+00
1236       1.849779999999999980e+00
1192       1.849880000000000191e+00
230        1.849920000000000009e+00
1180       1.849979999999999958e+00
928        1.850079999999999947e+00
1202       1.850079999999999947e+00
214        1.850200000000000067e+00
371        1.850319999999999965e+00
32         1.850380000000000136e+00
366        1.850380000000000136e+00
1327       1.850380000000000136e+00
457        1.850420000000000176e+00
1265       1.850559999999999983e+00
790        1.850600000000000245e+00
1099       1.850600000000000245e+00
1263       1.850640000000000063e+00
1255       1.850860000000000172e+00
1275       1.850900000000000212e+00
1350       1.850900000000000212e+00
406        1.850960000000000161e+00
1125       1.851020000000000110e+00
1143       1.851320000000000077e+00
1121       1.851340000000000208e+00
1322       1.851460000000000106e+00
944        1.851900000000000102e+00
391        1.852000000000000091e+00
1297       1.852039999999999909e+00
1210       1.852260000000000018e+00
1330       1.852279999999999927e+00
1253       1.852420000000000178e+00
659        1.852559999999999985e+00
1235       1.852579999999999893e+00
1346       1.852640000000000065e+00
1148       1.852660000000000196e+00
1215       1.852759999999999962e+00
1150       1.852860000000000174e+00
1211       1.852860000000000174e+00
598        1.852940000000000031e+00
1199       1.853120000000000100e+00
1212       1.853160000000000140e+00
1182       1.853280000000000038e+00
1233       1.853360000000000118e+00
972        1.853440000000000198e+00
41         1.853460000000000107e+00
1195       1.853580000000000005e+00
1232       1.853640000000000176e+00
1261       1.853860000000000063e+00
1335       1.853880000000000194e+00
1137       1.854020000000000001e+00
1287       1.854180000000000161e+00
1341       1.854459999999999997e+00
1177       1.854480000000000128e+00
1403       1.854620000000000157e+00
1207       1.855020000000000113e+00
737        1.855059999999999931e+00
69         1.855100000000000193e+00
83         1.855120000000000102e+00
305        1.855440000000000200e+00
511        1.855580000000000007e+00
57         1.855840000000000156e+00
908        1.855920000000000014e+00
695        1.855940000000000145e+00
485        1.856039999999999912e+00
792        1.856180000000000163e+00
1277       1.856340000000000101e+00
1156       1.856420000000000181e+00
1048       1.856660000000000199e+00
770        1.856700000000000017e+00
590        1.857020000000000115e+00
196        1.858200000000000074e+00
54         1.858319999999999972e+00
1154       1.858420000000000183e+00
255        1.858800000000000008e+00
1000       1.859200000000000186e+00
1352       1.859260000000000135e+00
1267       1.859299999999999953e+00
880        1.859720000000000040e+00
1049       1.859720000000000040e+00
1274       1.859860000000000069e+00
1293       1.860020000000000007e+00
1309       1.860219999999999985e+00
1291       1.860240000000000116e+00
1123       1.860260000000000025e+00
1357       1.860279999999999934e+00
1175       1.860500000000000043e+00
1193       1.860500000000000043e+00
1172       1.860559999999999992e+00
1307       1.860640000000000072e+00
1359       1.860700000000000021e+00
632        1.860740000000000061e+00
93         1.860800000000000010e+00
1289       1.861120000000000108e+00
1338       1.861260000000000137e+00
1314       1.861299999999999955e+00
1217       1.861439999999999984e+00
184        1.861480000000000024e+00
183        1.861520000000000064e+00
1234       1.861559999999999881e+00
470        1.861799999999999899e+00
1207       1.862140000000000128e+00
556        1.862319999999999975e+00
1340       1.862440000000000095e+00
783        1.862480000000000135e+00
1196       1.862500000000000044e+00
1218       1.862519999999999953e+00
1204       1.862720000000000153e+00
1507       1.862720000000000153e+00
104        1.862759999999999971e+00
287        1.862940000000000040e+00
1199       1.862940000000000040e+00
176        1.862999999999999989e+00
1246       1.863080000000000069e+00
1268       1.863100000000000200e+00
1354       1.863140000000000240e+00
642        1.863380000000000258e+00
723        1.863520000000000065e+00
1256       1.863520000000000065e+00
95         1.863620000000000054e+00
237        1.863799999999999901e+00
879        1.864100000000000090e+00
1192       1.864540000000000086e+00
485        1.864559999999999995e+00
1125       1.864660000000000206e+00
1181       1.864660000000000206e+00
56         1.864700000000000024e+00
22         1.864759999999999973e+00
462        1.864819999999999922e+00
1170       1.864860000000000184e+00
888        1.864880000000000093e+00
744        1.864900000000000224e+00
1385       1.864980000000000082e+00
156        1.865040000000000031e+00
928        1.865040000000000031e+00
1331       1.865059999999999940e+00
733        1.865080000000000071e+00
1132       1.865439999999999987e+00
1221       1.865480000000000027e+00
1129       1.865640000000000187e+00
682        1.865779999999999994e+00
728        1.865840000000000165e+00
1068       1.865880000000000205e+00
1146       1.865920000000000023e+00
1353       1.866039999999999921e+00
62         1.866079999999999961e+00
1235       1.866079999999999961e+00
1344       1.866100000000000092e+00
1166       1.866140000000000132e+00
1174       1.866160000000000041e+00
816        1.866260000000000030e+00
39         1.866380000000000150e+00
1228       1.866460000000000008e+00
1303       1.866460000000000008e+00
738        1.866540000000000088e+00
1236       1.866759999999999975e+00
1185       1.866800000000000015e+00
819        1.866900000000000226e+00
1317       1.866920000000000135e+00
1227       1.866940000000000044e+00
882        1.867020000000000124e+00
955        1.867200000000000193e+00
235        1.867439999999999989e+00
1139       1.867580000000000018e+00
903        1.867700000000000138e+00
678        1.867920000000000025e+00
1074       1.868039999999999923e+00
554        1.868240000000000123e+00
683        1.868340000000000112e+00
1318       1.868920000000000137e+00
307        1.869059999999999944e+00
1117       1.869280000000000053e+00
1240       1.869600000000000151e+00
236        1.869620000000000060e+00
1358       1.869640000000000191e+00
1080       1.869680000000000009e+00
834        1.869860000000000078e+00
1210       1.869920000000000027e+00
945        1.870020000000000016e+00
1214       1.870340000000000114e+00
1195       1.870740000000000069e+00
1259       1.870759999999999978e+00
190        1.871280000000000054e+00
247        1.871520000000000072e+00
1348       1.871760000000000090e+00
600        1.871860000000000079e+00
1222       1.871860000000000079e+00
317        1.872000000000000108e+00
1120       1.872200000000000086e+00
386        1.872480000000000144e+00
535        1.872480000000000144e+00
823        1.872999999999999998e+00
105        1.873799999999999910e+00
293        1.873840000000000172e+00
1220       1.874000000000000110e+00
922        1.874180000000000179e+00
1356       1.874200000000000088e+00
1168       1.874680000000000124e+00
1128       1.874740000000000073e+00
593        1.874860000000000193e+00
587        1.874860000000000193e+00
1137       1.874880000000000102e+00
144        1.874920000000000142e+00
1395       1.874960000000000182e+00
1313       1.875079999999999858e+00
475        1.875140000000000029e+00
1175       1.875140000000000029e+00
1000       1.875220000000000109e+00
1279       1.875439999999999996e+00
679        1.875460000000000127e+00
1063       1.875580000000000025e+00
1260       1.875600000000000156e+00
1151       1.875640000000000196e+00
935        1.875700000000000145e+00
534        1.875739999999999963e+00
1245       1.875960000000000072e+00
676        1.876060000000000061e+00
470        1.876300000000000079e+00
446        1.876420000000000199e+00
1012       1.876420000000000199e+00
726        1.876440000000000108e+00
448        1.876480000000000148e+00
835        1.876579999999999915e+00
1162       1.876900000000000235e+00
250        1.877040000000000042e+00
1193       1.877040000000000042e+00
1124       1.877340000000000231e+00
405        1.877400000000000180e+00
1053       1.877439999999999998e+00
95         1.877480000000000038e+00
1205       1.877860000000000085e+00
1029       1.877900000000000125e+00
1323       1.877940000000000165e+00
1306       1.878039999999999932e+00
1247       1.878160000000000052e+00
217        1.878480000000000150e+00
926        1.878900000000000237e+00
1258       1.879319999999999879e+00
1171       1.879460000000000131e+00
104        1.879700000000000149e+00
630        1.879739999999999966e+00
1211       1.879760000000000097e+00
112        1.880000000000000115e+00
1307       1.880120000000000235e+00
1251       1.880180000000000184e+00
1150       1.880380000000000162e+00
743        1.880420000000000202e+00
1343       1.880440000000000111e+00
1314       1.880560000000000009e+00
1597       1.880640000000000089e+00
558        1.880759999999999987e+00
677        1.880840000000000289e+00
1141       1.880880000000000107e+00
1336       1.881000000000000005e+00
1341       1.881160000000000165e+00
1123       1.881280000000000063e+00
224        1.881319999999999881e+00
851        1.881360000000000143e+00
821        1.881440000000000001e+00
1216       1.881460000000000132e+00
1206       1.881499999999999950e+00
1329       1.881499999999999950e+00
1161       1.881700000000000150e+00
1140       1.881780000000000008e+00
1253       1.881840000000000179e+00
387        1.882039999999999935e+00
984        1.882540000000000102e+00
1094       1.882560000000000011e+00
1165       1.882560000000000011e+00
1229       1.882700000000000040e+00
1301       1.883140000000000036e+00
1152       1.883199999999999985e+00
51         1.883319999999999883e+00
933        1.883319999999999883e+00
1121       1.883440000000000003e+00
1310       1.883840000000000181e+00
326        1.884120000000000239e+00
1312       1.884140000000000148e+00
149        1.884319999999999995e+00
329        1.884380000000000166e+00
479        1.884440000000000115e+00
423        1.884480000000000155e+00
1172       1.884480000000000155e+00
1219       1.884519999999999973e+00
690        1.884560000000000013e+00
1284       1.884560000000000013e+00
1142       1.884579999999999922e+00
1158       1.884740000000000082e+00
1186       1.884759999999999991e+00
1303       1.884800000000000031e+00
1599       1.884819999999999940e+00
1283       1.884900000000000020e+00
1020       1.885059999999999958e+00
1270       1.885259999999999936e+00
1146       1.885360000000000147e+00
85         1.885400000000000187e+00
1065       1.885440000000000005e+00
1215       1.885440000000000005e+00
802        1.885720000000000063e+00
941        1.885720000000000063e+00
354        1.885860000000000092e+00
246        1.885900000000000132e+00
66         1.885979999999999990e+00
790        1.886660000000000226e+00
1246       1.886700000000000044e+00
783        1.886980000000000102e+00
497        1.887160000000000171e+00
1388       1.887160000000000171e+00
447        1.887299999999999978e+00
1337       1.887600000000000167e+00
1175       1.887700000000000156e+00
1147       1.887739999999999974e+00
655        1.887880000000000225e+00
1137       1.887900000000000134e+00
1138       1.888020000000000032e+00
1164       1.888020000000000032e+00
1208       1.888360000000000261e+00
1343       1.888420000000000210e+00
568        1.888680000000000136e+00
631        1.888700000000000045e+00
867        1.888860000000000205e+00
1197       1.889299999999999979e+00
394        1.889480000000000048e+00
982        1.889499999999999957e+00
853        1.889620000000000077e+00
648        1.890039999999999942e+00
1332       1.890079999999999982e+00
1272       1.890100000000000113e+00
1212       1.890519999999999978e+00
1180       1.890660000000000229e+00
1574       1.890660000000000229e+00
141        1.890779999999999905e+00
1261       1.891000000000000014e+00
1060       1.891040000000000054e+00
1355       1.891920000000000046e+00
1290       1.892140000000000155e+00
1295       1.892200000000000104e+00
1185       1.892480000000000162e+00
1351       1.892480000000000162e+00
1061       1.892719999999999958e+00
579        1.892840000000000078e+00
1419       1.892980000000000107e+00
1234       1.893140000000000045e+00
198        1.893220000000000125e+00
1258       1.893660000000000121e+00
1319       1.893720000000000070e+00
619        1.893780000000000019e+00
162        1.893840000000000190e+00
1325       1.894300000000000095e+00
81         1.894480000000000164e+00
1131       1.894540000000000113e+00
1170       1.894719999999999960e+00
1311       1.894819999999999949e+00
908        1.894940000000000069e+00
194        1.895380000000000065e+00
282        1.895640000000000214e+00
1302       1.895640000000000214e+00
654        1.895660000000000123e+00
750        1.895680000000000032e+00
928        1.895799999999999930e+00
955        1.895820000000000061e+00
1203       1.895920000000000050e+00
122        1.896200000000000108e+00
1174       1.896500000000000075e+00
365        1.896760000000000002e+00
390        1.896840000000000082e+00
167        1.896980000000000111e+00
1320       1.897340000000000249e+00
1358       1.897480000000000055e+00
1191       1.897559999999999913e+00
628        1.897820000000000062e+00
1173       1.897840000000000193e+00
17         1.897880000000000233e+00
918        1.897880000000000233e+00
188        1.898020000000000040e+00
427        1.898020000000000040e+00
556        1.898079999999999989e+00
665        1.898079999999999989e+00
640        1.898140000000000160e+00
1221       1.898140000000000160e+00
757        1.898220000000000018e+00
210        1.898380000000000178e+00
1336       1.898519999999999985e+00
296        1.898560000000000025e+00
304        1.898579999999999934e+00
1512       1.898579999999999934e+00
959        1.898860000000000214e+00
898        1.899040000000000061e+00
1214       1.899220000000000130e+00
1275       1.899400000000000199e+00
1271       1.899400000000000199e+00
512        1.899460000000000148e+00
1298       1.899480000000000057e+00
1309       1.899580000000000046e+00
1153       1.900000000000000133e+00
1208       1.900920000000000165e+00
1268       1.901100000000000234e+00
1206       1.901319999999999899e+00
1213       1.901420000000000110e+00
1277       1.901499999999999968e+00
254        1.901520000000000099e+00
1209       1.901540000000000008e+00
37         1.901559999999999917e+00
279        1.901620000000000088e+00
683        1.901760000000000117e+00
1242       1.901799999999999935e+00
1159       1.901920000000000055e+00
1125       1.902479999999999949e+00
1243       1.902600000000000069e+00
1201       1.902620000000000200e+00
54         1.902980000000000116e+00
1189       1.902980000000000116e+00
184        1.903040000000000065e+00
151        1.903079999999999883e+00
1257       1.903299999999999992e+00
1127       1.903499999999999970e+00
132        1.903739999999999988e+00
785        1.903780000000000028e+00
1169       1.903780000000000028e+00
1305       1.903840000000000199e+00
1279       1.903880000000000239e+00
477        1.903900000000000148e+00
760        1.904020000000000046e+00
951        1.904020000000000046e+00
907        1.904060000000000086e+00
1181       1.904120000000000257e+00
944        1.904140000000000166e+00
804        1.904300000000000104e+00
662        1.904320000000000013e+00
1357       1.904360000000000275e+00
1245       1.904440000000000133e+00
1389       1.904579999999999940e+00
874        1.904660000000000020e+00
1123       1.904840000000000089e+00
1351       1.905000000000000027e+00
1161       1.905040000000000067e+00
740        1.905059999999999976e+00
539        1.905079999999999885e+00
1220       1.905100000000000238e+00
510        1.905120000000000147e+00
1110       1.905180000000000096e+00
43         1.905340000000000256e+00
526        1.905440000000000023e+00
701        1.905440000000000023e+00
904        1.905499999999999972e+00
598        1.905720000000000081e+00
1340       1.905760000000000121e+00
1264       1.905799999999999939e+00
1253       1.905860000000000110e+00
265        1.905880000000000241e+00
1202       1.905880000000000241e+00
523        1.905940000000000190e+00
831        1.905940000000000190e+00
761        1.906020000000000048e+00
1197       1.906320000000000014e+00
1152       1.906400000000000095e+00
1141       1.907299999999999995e+00
1290       1.907440000000000024e+00
1314       1.907540000000000013e+00
1349       1.907600000000000184e+00
1167       1.907980000000000009e+00
1258       1.908000000000000140e+00
1495       1.908220000000000027e+00
1140       1.908440000000000136e+00
1292       1.908479999999999954e+00
723        1.908560000000000034e+00
1252       1.908579999999999943e+00
1336       1.908980000000000121e+00
1184       1.909079999999999888e+00
1133       1.909240000000000048e+00
76         1.909720000000000084e+00
1100       1.909940000000000193e+00
1232       1.910020000000000051e+00
365        1.910039999999999960e+00
1203       1.910039999999999960e+00
1175       1.910180000000000211e+00
1241       1.910239999999999938e+00
958        1.910299999999999887e+00
1216       1.910340000000000149e+00
53         1.910560000000000036e+00
1327       1.910680000000000156e+00
1136       1.911000000000000032e+00
1256       1.911000000000000032e+00
178        1.911299999999999999e+00
1075       1.911319999999999908e+00
647        1.911380000000000079e+00
881        1.911380000000000079e+00
1229       1.911420000000000119e+00
1211       1.911499999999999977e+00
1230       1.911660000000000137e+00
1083       1.911799999999999944e+00
1122       1.911900000000000155e+00
1217       1.911940000000000195e+00
1225       1.912080000000000002e+00
1299       1.912239999999999940e+00
1353       1.912340000000000151e+00
0          1.912400000000000100e+00
177        1.912420000000000009e+00
1244       1.912500000000000089e+00
567        1.912560000000000038e+00
963        1.912719999999999976e+00
1250       1.912740000000000107e+00
1363       1.912740000000000107e+00
1176       1.912779999999999925e+00
1348       1.912860000000000227e+00
233        1.912980000000000125e+00
250        1.913019999999999943e+00
403        1.913019999999999943e+00
996        1.913059999999999983e+00
324        1.913100000000000245e+00
1335       1.913140000000000063e+00
253        1.913160000000000194e+00
1214       1.913220000000000143e+00
1188       1.913319999999999910e+00
1053       1.913499999999999979e+00
1236       1.913520000000000110e+00
1120       1.913540000000000019e+00
1249       1.913760000000000128e+00
17         1.913820000000000077e+00
1224       1.913880000000000248e+00
1274       1.913880000000000248e+00
1191       1.913900000000000157e+00
1185       1.913900000000000157e+00
1137       1.914080000000000004e+00
733        1.914140000000000175e+00
259        1.914239999999999942e+00
1205       1.914260000000000073e+00
507        1.914299999999999891e+00
1303       1.914360000000000062e+00
1375       1.914479999999999960e+00
1121       1.914500000000000091e+00
805        1.914600000000000080e+00
1345       1.914600000000000080e+00
1139       1.914660000000000029e+00
987        1.914680000000000160e+00
1063       1.914700000000000069e+00
350        1.914779999999999927e+00
1295       1.914880000000000138e+00
1531       1.915580000000000060e+00
1333       1.915900000000000158e+00
623        1.916700000000000070e+00
1343       1.916860000000000230e+00
1218       1.917400000000000215e+00
909        1.917520000000000113e+00
480        1.917799999999999949e+00
463        1.917860000000000120e+00
441        1.917960000000000109e+00
898        1.918120000000000047e+00
1281       1.918160000000000087e+00
1287       1.918279999999999985e+00
1231       1.918360000000000065e+00
650        1.918420000000000014e+00
1177       1.918420000000000014e+00
285        1.918460000000000054e+00
1029       1.918500000000000094e+00
537        1.918539999999999912e+00
1148       1.918539999999999912e+00
1187       1.918680000000000163e+00
148        1.918719999999999981e+00
1152       1.918779999999999930e+00
460        1.918800000000000061e+00
293        1.918840000000000101e+00
57         1.918860000000000232e+00
1342       1.918900000000000050e+00
179        1.918980000000000130e+00
1222       1.919019999999999948e+00
1267       1.919100000000000250e+00
1356       1.919100000000000250e+00
1320       1.919120000000000159e+00
1262       1.919200000000000017e+00
1347       1.919319999999999915e+00
492        1.919360000000000177e+00
677        1.919360000000000177e+00
1215       1.919620000000000104e+00
1157       1.919740000000000002e+00
1047       1.919940000000000202e+00
1048       1.920160000000000089e+00
391        1.920200000000000129e+00
1025       1.920400000000000107e+00
1234       1.920400000000000107e+00
1419       1.920420000000000016e+00
495        1.920460000000000056e+00
344        1.920600000000000085e+00
322        1.920760000000000023e+00
1278       1.920880000000000143e+00
1296       1.920960000000000001e+00
1291       1.921040000000000081e+00
95         1.921100000000000252e+00
1147       1.921160000000000201e+00
1284       1.921200000000000019e+00
1239       1.921240000000000059e+00
1155       1.921360000000000179e+00
97         1.921420000000000128e+00
1351       1.921420000000000128e+00
1260       1.921440000000000037e+00
1240       1.921499999999999986e+00
1256       1.921499999999999986e+00
415        1.921600000000000197e+00
1077       1.921680000000000055e+00
151        1.921780000000000044e+00
827        1.921780000000000044e+00
1164       1.921780000000000044e+00
169        1.921880000000000255e+00
1316       1.921900000000000164e+00
1151       1.921980000000000022e+00
1339       1.921999999999999931e+00
1252       1.922059999999999880e+00
1332       1.922059999999999880e+00
1223       1.922120000000000051e+00
1337       1.922200000000000131e+00
504        1.922380000000000200e+00
1266       1.922440000000000149e+00
32         1.922560000000000047e+00
1317       1.922579999999999956e+00
1128       1.922640000000000127e+00
544        1.922960000000000003e+00
1121       1.922960000000000003e+00
1574       1.923200000000000021e+00
611        1.923480000000000079e+00
1254       1.923480000000000079e+00
306        1.923520000000000119e+00
1170       1.923580000000000068e+00
1200       1.923840000000000217e+00
402        1.923860000000000126e+00
1150       1.924239999999999950e+00
1209       1.924360000000000070e+00
1111       1.924660000000000037e+00
1466       1.924980000000000135e+00
1275       1.925120000000000164e+00
1448       1.925259999999999971e+00
332        1.925780000000000047e+00
1297       1.925900000000000167e+00
1355       1.925920000000000076e+00
1305       1.926080000000000014e+00
441        1.926120000000000054e+00
171        1.926279999999999992e+00
541        1.926600000000000090e+00
1127       1.926600000000000090e+00
339        1.926620000000000221e+00
1334       1.926719999999999988e+00
810        1.927100000000000257e+00
1231       1.927120000000000166e+00
1156       1.927140000000000075e+00
528        1.927319999999999922e+00
635        1.927319999999999922e+00
1541       1.927319999999999922e+00
140        1.927480000000000082e+00
1286       1.927520000000000122e+00
1154       1.927799999999999958e+00
1270       1.927900000000000169e+00
693        1.927960000000000118e+00
164        1.927999999999999936e+00
1330       1.928180000000000005e+00
1201       1.928279999999999994e+00
570        1.928320000000000034e+00
637        1.928360000000000074e+00
1211       1.928400000000000114e+00
1212       1.929040000000000088e+00
488        1.929280000000000106e+00
1265       1.929280000000000106e+00
786        1.929420000000000135e+00
1169       1.929499999999999993e+00
466        1.929620000000000113e+00
194        1.929680000000000062e+00
49         1.929700000000000193e+00
959        1.929840000000000222e+00
1186       1.929980000000000029e+00
680        1.930059999999999887e+00
1235       1.930120000000000058e+00
1183       1.930460000000000065e+00
1202       1.930800000000000072e+00
1146       1.930920000000000192e+00
492        1.930940000000000101e+00
1214       1.930940000000000101e+00
788        1.931059999999999999e+00
1303       1.931059999999999999e+00
1122       1.931220000000000159e+00
1226       1.931220000000000159e+00
824        1.931420000000000137e+00
670        1.931480000000000086e+00
944        1.931520000000000126e+00
1072       1.931759999999999922e+00
240        1.931840000000000224e+00
1161       1.931920000000000082e+00
1190       1.932180000000000009e+00
1198       1.932479999999999976e+00
864        1.932760000000000034e+00
543        1.932860000000000245e+00
1430       1.933019999999999960e+00
941        1.933040000000000092e+00
476        1.933160000000000212e+00
1129       1.933220000000000161e+00
388        1.933240000000000069e+00
963        1.933460000000000178e+00
1240       1.933460000000000178e+00
976        1.933480000000000087e+00
1086       1.933520000000000127e+00
1098       1.933520000000000127e+00
149        1.933580000000000076e+00
1135       1.933680000000000065e+00
1006       1.933720000000000105e+00
739        1.933900000000000174e+00
1304       1.934020000000000072e+00
859        1.934080000000000021e+00
673        1.934299999999999908e+00
1287       1.934420000000000028e+00
108        1.934600000000000097e+00
480        1.934700000000000086e+00
291        1.934819999999999984e+00
204        1.934840000000000115e+00
1234       1.934900000000000064e+00
1170       1.935000000000000053e+00
1353       1.935000000000000053e+00
902        1.935060000000000002e+00
85         1.935079999999999911e+00
92         1.935280000000000111e+00
1311       1.935499999999999998e+00
1299       1.935819999999999874e+00
1048       1.935840000000000227e+00
1260       1.935900000000000176e+00
628        1.936080000000000023e+00
1223       1.936260000000000092e+00
1144       1.936400000000000121e+00
1221       1.936479999999999979e+00
970        1.936680000000000179e+00
1181       1.936800000000000077e+00
1337       1.937500000000000000e+00
633        1.937620000000000120e+00
186        1.938239999999999963e+00
875        1.938400000000000123e+00
1293       1.938600000000000101e+00
1313       1.938779999999999948e+00
1213       1.938920000000000199e+00
863        1.939220000000000166e+00
395        1.939319999999999933e+00
105        1.939600000000000213e+00
1334       1.939600000000000213e+00
561        1.939720000000000111e+00
1319       1.939740000000000020e+00
209        1.939799999999999969e+00
1219       1.940059999999999896e+00
272        1.940080000000000027e+00
156        1.940120000000000067e+00
1300       1.940160000000000107e+00
1344       1.940340000000000176e+00
684        1.940440000000000165e+00
1155       1.940539999999999932e+00
1127       1.940560000000000063e+00
661        1.940640000000000143e+00
1264       1.940840000000000121e+00
777        1.941100000000000270e+00
1180       1.941519999999999913e+00
1195       1.941759999999999931e+00
1559       1.941759999999999931e+00
1236       1.941799999999999971e+00
1336       1.941799999999999971e+00
629        1.941860000000000142e+00
514        1.941920000000000091e+00
1201       1.942340000000000177e+00
1308       1.942920000000000202e+00
1281       1.943220000000000169e+00
1261       1.943540000000000045e+00
1208       1.943640000000000034e+00
400        1.944260000000000099e+00
1126       1.944280000000000008e+00
932        1.944460000000000077e+00
1296       1.944660000000000055e+00
1153       1.944940000000000113e+00
344        1.945060000000000011e+00
1277       1.945540000000000047e+00
1230       1.945840000000000236e+00
170        1.945940000000000003e+00
870        1.946039999999999992e+00
1130       1.946239999999999970e+00
1217       1.946560000000000068e+00
1144       1.947140000000000093e+00
1494       1.947259999999999991e+00
1036       1.947319999999999940e+00
353        1.947660000000000169e+00
1207       1.947740000000000027e+00
1220       1.948180000000000023e+00
64         1.948220000000000063e+00
1523       1.948299999999999921e+00
824        1.948380000000000223e+00
350        1.948400000000000132e+00
598        1.948500000000000121e+00
662        1.948520000000000030e+00
1338       1.948579999999999979e+00
1163       1.948700000000000099e+00
1123       1.948760000000000048e+00
1307       1.949980000000000047e+00
1224       1.950160000000000116e+00
1313       1.950280000000000014e+00
1141       1.950440000000000174e+00
1325       1.950600000000000112e+00
1342       1.950640000000000152e+00
1187       1.950720000000000010e+00
6          1.951220000000000176e+00
1090       1.951220000000000176e+00
896        1.951279999999999903e+00
1507       1.951420000000000154e+00
294        1.951540000000000052e+00
477        1.951620000000000132e+00
302        1.951660000000000172e+00
853        1.951940000000000008e+00
1010       1.951960000000000139e+00
1285       1.951960000000000139e+00
1280       1.952140000000000208e+00
779        1.952440000000000175e+00
1000       1.952539999999999942e+00
544        1.952840000000000131e+00
116        1.952880000000000171e+00
1309       1.953279999999999905e+00
1077       1.953600000000000225e+00
154        1.953660000000000174e+00
769        1.953680000000000083e+00
212        1.953759999999999941e+00
1244       1.953799999999999981e+00
1539       1.953860000000000152e+00
1272       1.953900000000000192e+00
1182       1.954020000000000090e+00
1284       1.954220000000000068e+00
1205       1.954380000000000228e+00
1210       1.954680000000000195e+00
1198       1.954840000000000133e+00
389        1.955079999999999929e+00
670        1.955079999999999929e+00
862        1.955180000000000140e+00
1045       1.955180000000000140e+00
1248       1.955319999999999947e+00
1041       1.955340000000000078e+00
497        1.955540000000000056e+00
1094       1.955559999999999965e+00
1038       1.955699999999999994e+00
1150       1.955720000000000125e+00
1486       1.955720000000000125e+00
1121       1.955759999999999943e+00
78         1.955780000000000074e+00
1358       1.955880000000000063e+00
1353       1.955900000000000194e+00
1188       1.955920000000000103e+00
553        1.955940000000000012e+00
1081       1.955999999999999961e+00
1233       1.956020000000000092e+00
1157       1.956120000000000081e+00
1297       1.956140000000000212e+00
795        1.956380000000000230e+00
422        1.956520000000000037e+00
185        1.957120000000000193e+00
315        1.957140000000000102e+00
1173       1.957200000000000051e+00
689        1.957219999999999960e+00
1227       1.957319999999999949e+00
1344       1.957319999999999949e+00
572        1.957459999999999978e+00
343        1.957519999999999927e+00
1431       1.957579999999999876e+00
781        1.957940000000000014e+00
845        1.957960000000000145e+00
1200       1.958220000000000072e+00
1231       1.958560000000000079e+00
1208       1.958700000000000108e+00
768        1.958740000000000148e+00
679        1.958779999999999966e+00
1333       1.959279999999999911e+00
1338       1.959380000000000122e+00
326        1.959500000000000020e+00
571        1.959600000000000231e+00
1203       1.959640000000000049e+00
830        1.960239999999999982e+00
1177       1.960600000000000120e+00
1206       1.960620000000000251e+00
745        1.960740000000000149e+00
472        1.960960000000000036e+00
1261       1.961000000000000076e+00
1453       1.961140000000000105e+00
851        1.961340000000000083e+00
1199       1.961440000000000072e+00
1556       1.961440000000000072e+00
935        1.961620000000000141e+00
1311       1.961620000000000141e+00
1272       1.961740000000000039e+00
1026       1.961780000000000079e+00
552        1.961980000000000057e+00
1225       1.962080000000000046e+00
325        1.962100000000000177e+00
1271       1.962100000000000177e+00
1149       1.962120000000000086e+00
1348       1.962200000000000166e+00
1143       1.962220000000000075e+00
913        1.962380000000000235e+00
1293       1.962740000000000151e+00
890        1.962760000000000060e+00
1154       1.962900000000000089e+00
262        1.962940000000000129e+00
352        1.963019999999999987e+00
921        1.963120000000000198e+00
1100       1.963160000000000016e+00
1166       1.963219999999999965e+00
812        1.963240000000000096e+00
1294       1.963260000000000005e+00
1232       1.963319999999999954e+00
1292       1.963380000000000125e+00
334        1.963420000000000165e+00
431        1.963440000000000074e+00
631        1.963579999999999881e+00
1164       1.963680000000000092e+00
1162       1.963759999999999950e+00
1136       1.963780000000000081e+00
1251       1.963819999999999899e+00
503        1.963920000000000110e+00
1310       1.963940000000000019e+00
1467       1.964200000000000168e+00
1178       1.964260000000000117e+00
958        1.964420000000000055e+00
1194       1.964460000000000095e+00
1056       1.964740000000000153e+00
483        1.964820000000000011e+00
1138       1.965000000000000080e+00
1167       1.965079999999999938e+00
337        1.965100000000000069e+00
170        1.965559999999999974e+00
1286       1.965680000000000094e+00
758        1.965700000000000003e+00
854        1.965700000000000003e+00
1158       1.965700000000000003e+00
1334       1.965740000000000043e+00
240        1.965759999999999952e+00
1137       1.965840000000000254e+00
1451       1.965860000000000163e+00
1127       1.965900000000000203e+00
1125       1.965900000000000203e+00
752        1.965999999999999970e+00
1257       1.966140000000000221e+00
705        1.966200000000000170e+00
1152       1.966220000000000079e+00
1259       1.966539999999999955e+00
281        1.966600000000000126e+00
355        1.966640000000000166e+00
642        1.966640000000000166e+00
113        1.966820000000000013e+00
274        1.967200000000000060e+00
1244       1.967200000000000060e+00
1140       1.967279999999999918e+00
15         1.967319999999999958e+00
1262       1.967360000000000220e+00
1296       1.967480000000000118e+00
1207       1.967580000000000107e+00
1276       1.967620000000000147e+00
733        1.967720000000000136e+00
1126       1.967960000000000154e+00
1122       1.967980000000000063e+00
1345       1.967999999999999972e+00
1141       1.968040000000000012e+00
1317       1.968100000000000183e+00
1220       1.968380000000000241e+00
1229       1.968420000000000059e+00
453        1.968480000000000008e+00
1269       1.968600000000000128e+00
1134       1.969060000000000032e+00
1309       1.969080000000000163e+00
1571       1.969260000000000010e+00
1212       1.969300000000000050e+00
403        1.969360000000000221e+00
1578       1.969600000000000239e+00
576        1.969700000000000006e+00
1155       1.969819999999999904e+00
1219       1.969880000000000075e+00
1107       1.970280000000000031e+00
1235       1.970340000000000202e+00
1258       1.970340000000000202e+00
618        1.970400000000000151e+00
1301       1.970440000000000191e+00
1210       1.970460000000000100e+00
1287       1.970580000000000220e+00
867        1.970600000000000129e+00
1145       1.970779999999999976e+00
440        1.970820000000000016e+00
1204       1.970820000000000016e+00
175        1.970900000000000096e+00
399        1.970920000000000005e+00
1053       1.970940000000000136e+00
1340       1.971019999999999994e+00
1472       1.971060000000000034e+00
1353       1.971140000000000114e+00
474        1.971180000000000154e+00
1333       1.971340000000000092e+00
1312       1.971380000000000132e+00
1205       1.971400000000000041e+00
1268       1.971400000000000041e+00
1151       1.971440000000000081e+00
1096       1.971519999999999939e+00
617        1.971559999999999979e+00
1248       1.971620000000000150e+00
1142       1.971799999999999997e+00
406        1.971819999999999906e+00
1284       1.971900000000000208e+00
327        1.971960000000000157e+00
260        1.972220000000000084e+00
1153       1.972320000000000073e+00
1285       1.972400000000000153e+00
1031       1.972640000000000171e+00
84         1.972940000000000138e+00
1326       1.972960000000000047e+00
1416       1.972960000000000047e+00
1170       1.973060000000000036e+00
1299       1.973100000000000076e+00
1234       1.973160000000000025e+00
1124       1.973219999999999974e+00
1341       1.973240000000000105e+00
119        1.973400000000000043e+00
1162       1.973580000000000112e+00
615        1.973999999999999977e+00
165        1.974200000000000177e+00
183        1.974340000000000206e+00
561        1.974520000000000053e+00
1094       1.974660000000000082e+00
509        1.974840000000000151e+00
673        1.974940000000000140e+00
916        1.975100000000000078e+00
977        1.975200000000000067e+00
1332       1.975240000000000107e+00
317        1.975279999999999925e+00
1337       1.975600000000000245e+00
1192       1.975620000000000154e+00
1598       1.975640000000000063e+00
1327       1.975940000000000030e+00
1179       1.976239999999999997e+00
423        1.976299999999999946e+00
1147       1.976340000000000208e+00
1336       1.976380000000000248e+00
1181       1.976400000000000157e+00
1197       1.976680000000000215e+00
943        1.976760000000000073e+00
26         1.976840000000000153e+00
879        1.976840000000000153e+00
1318       1.976880000000000193e+00
1300       1.976900000000000102e+00
1187       1.976920000000000011e+00
395        1.977300000000000058e+00
1286       1.977400000000000047e+00
1173       1.977440000000000087e+00
390        1.977500000000000036e+00
1091       1.977519999999999945e+00
1266       1.977559999999999985e+00
1323       1.977640000000000065e+00
1180       1.977920000000000122e+00
547        1.977940000000000031e+00
974        1.977960000000000163e+00
236        1.977999999999999980e+00
1208       1.977999999999999980e+00
714        1.978080000000000283e+00
1199       1.978100000000000191e+00
1338       1.978140000000000231e+00
78         1.978260000000000129e+00
1093       1.978280000000000038e+00
1175       1.978320000000000078e+00
1232       1.978440000000000198e+00
1328       1.978460000000000107e+00
1417       1.978560000000000096e+00
1229       1.978600000000000136e+00
1329       1.978660000000000085e+00
508        1.978679999999999994e+00
1218       1.978799999999999892e+00
312        1.978860000000000063e+00
1281       1.978900000000000103e+00
1209       1.979080000000000172e+00
301        1.979200000000000070e+00
1045       1.979600000000000248e+00
1293       1.979640000000000066e+00
1298       1.979800000000000004e+00
1146       1.979819999999999913e+00
1334       1.980040000000000022e+00
1272       1.980200000000000182e+00
613        1.980280000000000040e+00
484        1.980320000000000080e+00
713        1.980340000000000211e+00
1182       1.980340000000000211e+00
310        1.980360000000000120e+00
380        1.980380000000000251e+00
1222       1.980400000000000160e+00
184        1.980720000000000036e+00
369        1.980720000000000036e+00
1231       1.980920000000000014e+00
1161       1.980940000000000145e+00
1160       1.980960000000000054e+00
296        1.981060000000000043e+00
527        1.981100000000000083e+00
693        1.981100000000000083e+00
1136       1.981219999999999981e+00
1202       1.981219999999999981e+00
1015       1.981260000000000021e+00
1358       1.981260000000000021e+00
1423       1.981260000000000021e+00
264        1.981420000000000181e+00
1216       1.981440000000000090e+00
607        1.981459999999999999e+00
1036       1.981459999999999999e+00
1164       1.981459999999999999e+00
1288       1.981459999999999999e+00
397        1.981519999999999948e+00
1290       1.981960000000000166e+00
686        1.981980000000000075e+00
679        1.981980000000000075e+00
712        1.982100000000000195e+00
1185       1.982140000000000235e+00
1356       1.982240000000000002e+00
35         1.982700000000000129e+00
1236       1.982720000000000038e+00
1156       1.982960000000000056e+00
320        1.983060000000000045e+00
428        1.983400000000000052e+00
804        1.983759999999999968e+00
1242       1.983819999999999917e+00
1157       1.983860000000000179e+00
1219       1.983880000000000088e+00
1230       1.984440000000000204e+00
1039       1.984779999999999989e+00
1322       1.985120000000000218e+00
546        1.985219999999999985e+00
1214       1.985279999999999934e+00
1262       1.985519999999999952e+00
201        1.985580000000000123e+00
1198       1.985640000000000072e+00
536        1.985840000000000272e+00
601        1.985860000000000181e+00
1120       1.985880000000000090e+00
392        1.986140000000000239e+00
154        1.986620000000000053e+00
1203       1.986720000000000041e+00
929        1.987279999999999935e+00
1090       1.987480000000000135e+00
1249       1.987480000000000135e+00
612        1.987500000000000044e+00
958        1.987500000000000044e+00
1351       1.987620000000000164e+00
406        1.987780000000000102e+00
1130       1.987819999999999920e+00
440        1.987880000000000091e+00
820        1.987920000000000131e+00
1213       1.987960000000000171e+00
1172       1.988180000000000058e+00
1133       1.988380000000000258e+00
1127       1.988380000000000258e+00
290        1.988660000000000094e+00
469        1.988660000000000094e+00
1282       1.988660000000000094e+00
1078       1.988779999999999992e+00
2          1.988840000000000163e+00
1006       1.988840000000000163e+00
578        1.988900000000000112e+00
1264       1.988900000000000112e+00
1280       1.988979999999999970e+00
1404       1.989000000000000101e+00
845        1.989100000000000090e+00
1154       1.989380000000000148e+00
1138       1.989420000000000188e+00
1250       1.989440000000000097e+00
597        1.989460000000000006e+00
1301       1.989480000000000137e+00
1148       1.989559999999999995e+00
113        1.989600000000000257e+00
326        1.989620000000000166e+00
169        1.989660000000000206e+00
1299       1.989660000000000206e+00
1325       1.989720000000000155e+00
1153       1.989800000000000013e+00
1342       1.990140000000000242e+00
1173       1.990160000000000151e+00
524        1.990299999999999958e+00
754        1.990360000000000129e+00
819        1.990360000000000129e+00
1252       1.990400000000000169e+00
653        1.990559999999999885e+00
1303       1.990660000000000096e+00
1135       1.990860000000000074e+00
1194       1.990860000000000074e+00
1204       1.990940000000000154e+00
1175       1.991020000000000012e+00
1191       1.991060000000000052e+00
579        1.991279999999999939e+00
900        1.991300000000000070e+00
1151       1.991300000000000070e+00
1285       1.991420000000000190e+00
963        1.991600000000000259e+00
1266       1.991660000000000208e+00
1279       1.991780000000000106e+00
1333       1.991819999999999924e+00
1323       1.992220000000000102e+00
1200       1.992380000000000040e+00
655        1.992600000000000149e+00
23         1.992739999999999956e+00
1162       1.993100000000000094e+00
1283       1.993120000000000225e+00
797        1.993140000000000134e+00
823        1.993400000000000061e+00
350        1.993559999999999999e+00
187        1.993900000000000228e+00
370        1.993980000000000086e+00
1186       1.994020000000000126e+00
1348       1.994020000000000126e+00
1270       1.994299999999999962e+00
1143       1.994520000000000071e+00
616        1.994539999999999980e+00
1324       1.994600000000000151e+00
254        1.994640000000000191e+00
1267       1.994680000000000009e+00
1189       1.994700000000000140e+00
1129       1.994760000000000089e+00
1246       1.994900000000000118e+00
674        1.994940000000000158e+00
786        1.995020000000000016e+00
1210       1.995120000000000227e+00
1517       1.995160000000000045e+00
1265       1.995180000000000176e+00
272        1.995200000000000085e+00
448        1.995300000000000074e+00
1152       1.995300000000000074e+00
1287       1.995300000000000074e+00
1008       1.995400000000000063e+00
1228       1.995440000000000103e+00
1184       1.995600000000000263e+00
1179       1.995759999999999978e+00
1196       1.995999999999999996e+00
827        1.996200000000000196e+00
773        1.996340000000000225e+00
1248       1.996360000000000134e+00
81         1.996380000000000043e+00
1286       1.996539999999999981e+00
1242       1.996580000000000243e+00
1077       1.996620000000000061e+00
892        1.996760000000000090e+00
1243       1.997060000000000057e+00
108        1.997100000000000097e+00
950        1.997360000000000246e+00
1236       1.997380000000000155e+00
323        1.997400000000000064e+00
1269       1.997460000000000013e+00
393        1.997500000000000053e+00
1183       1.997740000000000071e+00
1041       1.997819999999999929e+00
383        1.997840000000000282e+00
211        1.997920000000000140e+00
1244       1.998040000000000038e+00
1345       1.998160000000000158e+00
90         1.998180000000000067e+00
1251       1.998240000000000016e+00
1180       1.998319999999999874e+00
734        1.998420000000000085e+00
1254       1.998640000000000194e+00
294        1.998660000000000103e+00
1318       1.998720000000000052e+00
1353       1.998820000000000041e+00
1230       1.998920000000000030e+00
116        1.999020000000000019e+00
299        1.999160000000000048e+00
778        1.999219999999999997e+00
1263       1.999219999999999997e+00
647        1.999240000000000128e+00
1252       1.999279999999999946e+00
931        1.999420000000000197e+00
1337       1.999460000000000015e+00
210        1.999519999999999964e+00
460        1.999560000000000004e+00
1237       1.999860000000000193e+00
1198       1.999900000000000233e+00
591        1.999960000000000182e+00
