# Neuron   Time (s)                 
386        3.480000000000000020e-03
99         3.680000000000000111e-03
107        3.720000000000000216e-03
381        3.899999999999999821e-03
158        3.939999999999999926e-03
207        4.660000000000000080e-03
396        5.179999999999999709e-03
262        5.240000000000000734e-03
253        5.360000000000000181e-03
124        6.000000000000000125e-03
213        6.279999999999999992e-03
141        7.980000000000000981e-03
319        8.779999999999999610e-03
331        8.779999999999999610e-03
23         9.079999999999999530e-03
346        9.640000000000000999e-03
70         9.820000000000000603e-03
95         1.062000000000000097e-02
224        1.096000000000000099e-02
336        1.151999999999999899e-02
34         1.196000000000000188e-02
124        1.201999999999999943e-02
123        1.240000000000000130e-02
35         1.338000000000000127e-02
228        1.680000000000000243e-02
5          1.705999999999999878e-02
218        1.714000000000000246e-02
384        1.721999999999999920e-02
165        1.826000000000000192e-02
385        1.899999999999999953e-02
96         1.980000000000000163e-02
286        1.984000000000000000e-02
82         2.126000000000000112e-02
287        2.158000000000000196e-02
93         2.394000000000000294e-02
377        2.486000000000000015e-02
214        2.524000000000000202e-02
369        2.528000000000000039e-02
354        2.556000000000000286e-02
238        2.638000000000000067e-02
375        2.698000000000000051e-02
316        2.717999999999999930e-02
296        2.746000000000000177e-02
106        2.929999999999999966e-02
336        2.950000000000000192e-02
209        3.002000000000000154e-02
286        3.008000000000000257e-02
361        3.008000000000000257e-02
299        3.096000000000000141e-02
0          3.124000000000000388e-02
28         3.172000000000000514e-02
379        3.422000000000000042e-02
193        3.432000000000000328e-02
328        3.475999999999999923e-02
202        3.480000000000000454e-02
366        3.504000000000000170e-02
67         3.532000000000000417e-02
159        3.692000000000000143e-02
184        3.806000000000000355e-02
239        3.846000000000000113e-02
165        3.860000000000000236e-02
93         3.884000000000000646e-02
199        3.893999999999999545e-02
237        3.982000000000000123e-02
258        3.982000000000000123e-02
202        3.992000000000000409e-02
155        3.996000000000000246e-02
163        4.021999999999999881e-02
30         4.106000000000000622e-02
363        4.146000000000000379e-02
386        4.254000000000000142e-02
57         4.426000000000000073e-02
295        4.448000000000000564e-02
104        4.480000000000000648e-02
241        4.624000000000000332e-02
139        4.664000000000000090e-02
346        4.714000000000000135e-02
182        4.735999999999999932e-02
232        4.738000000000000544e-02
250        4.746000000000000218e-02
92         4.750000000000000056e-02
189        4.796000000000000263e-02
300        4.920000000000000068e-02
164        4.970000000000000112e-02
285        5.004000000000000115e-02
337        5.202000000000000374e-02
397        5.248000000000000581e-02
324        5.272000000000000297e-02
328        5.296000000000000013e-02
374        5.312000000000000749e-02
325        5.362000000000000793e-02
385        5.457999999999999657e-02
323        5.466000000000000719e-02
334        5.525999999999999662e-02
126        5.621999999999999914e-02
108        5.628000000000000363e-02
116        5.712000000000000410e-02
28         5.852000000000000257e-02
245        5.909999999999999976e-02
372        5.960000000000000020e-02
254        5.974000000000000143e-02
260        6.020000000000000351e-02
186        6.067999999999999783e-02
248        6.130000000000000726e-02
207        6.176000000000000240e-02
132        6.185999999999999832e-02
131        6.264000000000000123e-02
114        6.294000000000000983e-02
355        6.303999999999999881e-02
4          6.314000000000000168e-02
305        6.456000000000000627e-02
121        6.542000000000000592e-02
133        6.643999999999999906e-02
392        6.670000000000000928e-02
357        6.675999999999999990e-02
171        6.722000000000000197e-02
160        6.773999999999999466e-02
2          6.894000000000000128e-02
192        6.912000000000000088e-02
245        6.922000000000000375e-02
352        7.064000000000000834e-02
85         7.084000000000000019e-02
169        7.094000000000000306e-02
74         7.163999999999999535e-02
38         7.232000000000000928e-02
130        7.346000000000001140e-02
94         7.360000000000001263e-02
14         7.394000000000000572e-02
27         7.407999999999999308e-02
384        7.435999999999999555e-02
208        7.507999999999999396e-02
36         7.640000000000000957e-02
13         7.665999999999999204e-02
241        7.684000000000000552e-02
162        7.842000000000000359e-02
64         7.868000000000001382e-02
206        7.882000000000001505e-02
163        7.896000000000001628e-02
101        7.970000000000000695e-02
147        8.010000000000000453e-02
232        8.084000000000000907e-02
130        8.098000000000001031e-02
116        8.215999999999999692e-02
342        8.336000000000000354e-02
270        8.360000000000000764e-02
146        8.368000000000000438e-02
154        8.432000000000000606e-02
385        8.456000000000001016e-02
364        8.546000000000000818e-02
50         8.580000000000000127e-02
351        8.583999999999999964e-02
155        8.592000000000001025e-02
87         8.600000000000000699e-02
200        8.601999999999999924e-02
359        8.630000000000000171e-02
13         8.762000000000000344e-02
280        8.913999999999999702e-02
358        8.966000000000000358e-02
247        8.968000000000000971e-02
96         8.999999999999999667e-02
359        9.134000000000000452e-02
236        9.154000000000001025e-02
217        9.166000000000000536e-02
88         9.188000000000000334e-02
107        9.213999999999999968e-02
314        9.346000000000001529e-02
44         9.396000000000001573e-02
262        9.507999999999999785e-02
302        9.510000000000000397e-02
270        9.521999999999999909e-02
113        9.537999999999999257e-02
38         9.593999999999999750e-02
379        9.626000000000001222e-02
85         9.643999999999999795e-02
74         9.660000000000000531e-02
159        9.737999999999999434e-02
62         9.832000000000000461e-02
326        9.840000000000000135e-02
60         9.862000000000001321e-02
261        9.886000000000000343e-02
85         1.003200000000000064e-01
68         1.003200000000000064e-01
252        1.004400000000000015e-01
184        1.009600000000000081e-01
186        1.009800000000000003e-01
250        1.012200000000000044e-01
38         1.019800000000000012e-01
45         1.022400000000000114e-01
267        1.023799999999999988e-01
50         1.034199999999999980e-01
306        1.035200000000000009e-01
201        1.059800000000000048e-01
56         1.062400000000000150e-01
356        1.063800000000000023e-01
370        1.067600000000000077e-01
293        1.072400000000000159e-01
287        1.076200000000000073e-01
118        1.082800000000000012e-01
314        1.084200000000000025e-01
14         1.095600000000000046e-01
351        1.100600000000000050e-01
28         1.105199999999999932e-01
367        1.109399999999999969e-01
217        1.110199999999999937e-01
360        1.111800000000000149e-01
281        1.115600000000000064e-01
93         1.116599999999999954e-01
369        1.117999999999999966e-01
106        1.129399999999999987e-01
3          1.130000000000000032e-01
123        1.135000000000000037e-01
60         1.135800000000000004e-01
340        1.141400000000000053e-01
353        1.143600000000000033e-01
398        1.167800000000000088e-01
83         1.169800000000000006e-01
1          1.173000000000000015e-01
260        1.181000000000000105e-01
93         1.182400000000000118e-01
345        1.183200000000000085e-01
370        1.191000000000000114e-01
108        1.191600000000000020e-01
137        1.191800000000000082e-01
339        1.194000000000000061e-01
240        1.207200000000000079e-01
47         1.211399999999999977e-01
187        1.218599999999999961e-01
229        1.222400000000000153e-01
384        1.228800000000000031e-01
262        1.237199999999999966e-01
345        1.237800000000000011e-01
338        1.238400000000000056e-01
196        1.247199999999999975e-01
53         1.250400000000000122e-01
282        1.251200000000000090e-01
20         1.258400000000000074e-01
1          1.260199999999999931e-01
253        1.272400000000000198e-01
395        1.273400000000000087e-01
210        1.277600000000000124e-01
142        1.284000000000000141e-01
274        1.285999999999999921e-01
204        1.295800000000000285e-01
277        1.301200000000000134e-01
242        1.303400000000000114e-01
11         1.314200000000000090e-01
307        1.314400000000000013e-01
392        1.318000000000000005e-01
360        1.335600000000000120e-01
339        1.336200000000000165e-01
32         1.343000000000000027e-01
200        1.346999999999999864e-01
136        1.348600000000000076e-01
331        1.354400000000000048e-01
81         1.359799999999999898e-01
236        1.370600000000000152e-01
4          1.370999999999999996e-01
244        1.371600000000000041e-01
94         1.374599999999999989e-01
268        1.380399999999999960e-01
181        1.382200000000000095e-01
189        1.382400000000000018e-01
279        1.384200000000000153e-01
302        1.384200000000000153e-01
392        1.384799999999999920e-01
366        1.387000000000000177e-01
5          1.390399999999999969e-01
306        1.395800000000000096e-01
353        1.396199999999999941e-01
241        1.401600000000000068e-01
39         1.413200000000000012e-01
307        1.423399999999999943e-01
23         1.425800000000000123e-01
233        1.426800000000000013e-01
206        1.436199999999999977e-01
122        1.437200000000000144e-01
161        1.440000000000000169e-01
332        1.440599999999999936e-01
306        1.451000000000000068e-01
1          1.451199999999999990e-01
157        1.462199999999999889e-01
107        1.469000000000000028e-01
272        1.473600000000000187e-01
295        1.476200000000000012e-01
226        1.482400000000000106e-01
74         1.489800000000000013e-01
170        1.492799999999999960e-01
0          1.495200000000000140e-01
337        1.501800000000000079e-01
361        1.502600000000000047e-01
66         1.502799999999999969e-01
267        1.512199999999999933e-01
366        1.512199999999999933e-01
15         1.513200000000000101e-01
282        1.513600000000000223e-01
193        1.516400000000000248e-01
168        1.530800000000000216e-01
7          1.538400000000000045e-01
262        1.540800000000000225e-01
204        1.543799999999999895e-01
82         1.546599999999999919e-01
231        1.547599999999999809e-01
199        1.555600000000000038e-01
197        1.559399999999999953e-01
233        1.563400000000000067e-01
52         1.576200000000000101e-01
168        1.581599999999999950e-01
10         1.581800000000000150e-01
384        1.587599999999999845e-01
81         1.592000000000000082e-01
107        1.595999999999999919e-01
375        1.601599999999999968e-01
80         1.608000000000000262e-01
348        1.620000000000000051e-01
123        1.624000000000000166e-01
210        1.627400000000000235e-01
325        1.630399999999999905e-01
288        1.632200000000000040e-01
287        1.634000000000000175e-01
246        1.634400000000000019e-01
66         1.638400000000000134e-01
214        1.640800000000000036e-01
331        1.643199999999999938e-01
322        1.646600000000000008e-01
197        1.657000000000000139e-01
381        1.664600000000000246e-01
70         1.668600000000000083e-01
328        1.670200000000000018e-01
369        1.673000000000000043e-01
349        1.680999999999999994e-01
96         1.687599999999999933e-01
15         1.692400000000000015e-01
377        1.694400000000000073e-01
383        1.695399999999999963e-01
367        1.703800000000000037e-01
97         1.707200000000000106e-01
366        1.709400000000000086e-01
159        1.720399999999999985e-01
131        1.721600000000000075e-01
98         1.728399999999999936e-01
264        1.730399999999999994e-01
27         1.733399999999999941e-01
304        1.734799999999999953e-01
276        1.736000000000000043e-01
259        1.741600000000000092e-01
321        1.744600000000000040e-01
17         1.746199999999999974e-01
239        1.752599999999999991e-01
15         1.753600000000000159e-01
381        1.758000000000000118e-01
399        1.760200000000000098e-01
147        1.767000000000000237e-01
265        1.779200000000000226e-01
288        1.783200000000000063e-01
123        1.787199999999999900e-01
370        1.791400000000000214e-01
27         1.792199999999999904e-01
172        1.799600000000000088e-01
350        1.806800000000000073e-01
23         1.810800000000000187e-01
324        1.815599999999999992e-01
154        1.816800000000000082e-01
345        1.822400000000000131e-01
333        1.825200000000000156e-01
279        1.831800000000000095e-01
69         1.835999999999999854e-01
246        1.839399999999999924e-01
12         1.860399999999999832e-01
364        1.864800000000000069e-01
155        1.867199999999999971e-01
263        1.876400000000000290e-01
123        1.877800000000000025e-01
285        1.882599999999999829e-01
57         1.883400000000000074e-01
44         1.883400000000000074e-01
254        1.888000000000000234e-01
148        1.891800000000000148e-01
337        1.893400000000000083e-01
346        1.908000000000000251e-01
183        1.912000000000000088e-01
304        1.912800000000000056e-01
273        1.914000000000000146e-01
39         1.914399999999999991e-01
252        1.938400000000000123e-01
163        1.943799999999999972e-01
141        1.944000000000000172e-01
280        1.947400000000000242e-01
28         1.950000000000000067e-01
275        1.950000000000000067e-01
58         1.951200000000000156e-01
241        1.954400000000000026e-01
166        1.955600000000000116e-01
369        1.964000000000000190e-01
293        1.966800000000000215e-01
126        1.967599999999999905e-01
269        1.977200000000000069e-01
258        1.987400000000000000e-01
31         1.989800000000000180e-01
76         1.991200000000000192e-01
62         1.993400000000000172e-01
165        2.007400000000000018e-01
137        2.008400000000000185e-01
274        2.014400000000000079e-01
73         2.017800000000000149e-01
6          2.021400000000000141e-01
130        2.028200000000000003e-01
227        2.036000000000000032e-01
220        2.036600000000000077e-01
351        2.038999999999999979e-01
325        2.047200000000000131e-01
118        2.047400000000000053e-01
190        2.047400000000000053e-01
327        2.047400000000000053e-01
57         2.048000000000000098e-01
43         2.059600000000000042e-01
146        2.069800000000000251e-01
84         2.070200000000000096e-01
324        2.074400000000000133e-01
322        2.074400000000000133e-01
112        2.074600000000000055e-01
140        2.076199999999999990e-01
148        2.078600000000000170e-01
239        2.099600000000000077e-01
130        2.101600000000000135e-01
328        2.109999999999999931e-01
256        2.111000000000000099e-01
53         2.125599999999999989e-01
185        2.128400000000000014e-01
35         2.130200000000000149e-01
333        2.132600000000000051e-01
112        2.133600000000000219e-01
22         2.136400000000000243e-01
210        2.138799999999999868e-01
83         2.144200000000000272e-01
267        2.149000000000000077e-01
213        2.153200000000000114e-01
344        2.154200000000000281e-01
244        2.161400000000000265e-01
136        2.162400000000000155e-01
114        2.163799999999999890e-01
195        2.166400000000000270e-01
343        2.172000000000000319e-01
327        2.172400000000000164e-01
2          2.177800000000000014e-01
231        2.187199999999999978e-01
245        2.188600000000000267e-01
51         2.190000000000000002e-01
362        2.200600000000000056e-01
1          2.204600000000000171e-01
18         2.206200000000000105e-01
155        2.208000000000000240e-01
349        2.209800000000000098e-01
122        2.215000000000000024e-01
173        2.220999999999999919e-01
247        2.222000000000000086e-01
189        2.224399999999999988e-01
344        2.224800000000000111e-01
70         2.227200000000000013e-01
229        2.228600000000000303e-01
15         2.239400000000000002e-01
380        2.251599999999999990e-01
349        2.257400000000000240e-01
132        2.262200000000000044e-01
398        2.267800000000000094e-01
180        2.273400000000000143e-01
219        2.275600000000000123e-01
159        2.280600000000000127e-01
138        2.281200000000000172e-01
171        2.282599999999999907e-01
303        2.288199999999999956e-01
173        2.290200000000000014e-01
134        2.290600000000000136e-01
40         2.295999999999999985e-01
133        2.309000000000000219e-01
69         2.309600000000000264e-01
14         2.314000000000000223e-01
206        2.318199999999999983e-01
227        2.319800000000000195e-01
6          2.321400000000000130e-01
182        2.324200000000000155e-01
132        2.327200000000000102e-01
343        2.329000000000000237e-01
324        2.333600000000000119e-01
35         2.346600000000000075e-01
254        2.349600000000000022e-01
356        2.350000000000000144e-01
388        2.350800000000000112e-01
39         2.352599999999999969e-01
242        2.362000000000000210e-01
57         2.373399999999999954e-01
133        2.380400000000000016e-01
241        2.384600000000000053e-01
363        2.385400000000000020e-01
332        2.391000000000000070e-01
39         2.400599999999999956e-01
240        2.402400000000000091e-01
67         2.406800000000000050e-01
143        2.407400000000000095e-01
182        2.409999999999999920e-01
255        2.411600000000000132e-01
21         2.411800000000000055e-01
336        2.414999999999999925e-01
176        2.423399999999999999e-01
137        2.433800000000000130e-01
399        2.435800000000000187e-01
60         2.441200000000000037e-01
170        2.442600000000000049e-01
304        2.443400000000000016e-01
213        2.448200000000000098e-01
32         2.449200000000000266e-01
187        2.454800000000000315e-01
370        2.454800000000000315e-01
90         2.462199999999999944e-01
253        2.470800000000000218e-01
146        2.478600000000000247e-01
48         2.482400000000000162e-01
281        2.483199999999999852e-01
385        2.483400000000000052e-01
119        2.486200000000000077e-01
155        2.494399999999999951e-01
345        2.504200000000000315e-01
214        2.505200000000000204e-01
334        2.505999999999999894e-01
138        2.508000000000000229e-01
276        2.508799999999999919e-01
43         2.510399999999999854e-01
190        2.510399999999999854e-01
108        2.514800000000000368e-01
307        2.523799999999999932e-01
184        2.533600000000000296e-01
104        2.538400000000000101e-01
178        2.550800000000000289e-01
7          2.552600000000000424e-01
360        2.554200000000000359e-01
40         2.554400000000000004e-01
100        2.563000000000000278e-01
274        2.563199999999999923e-01
230        2.569400000000000017e-01
71         2.575199999999999712e-01
340        2.581800000000000206e-01
221        2.591999999999999860e-01
254        2.593000000000000305e-01
399        2.593199999999999950e-01
335        2.593799999999999994e-01
313        2.595199999999999729e-01
158        2.603400000000000158e-01
391        2.606399999999999828e-01
117        2.612200000000000077e-01
309        2.616800000000000237e-01
339        2.624200000000000421e-01
39         2.631999999999999895e-01
52         2.634599999999999720e-01
207        2.635600000000000165e-01
1          2.635799999999999810e-01
87         2.640400000000000524e-01
349        2.644800000000000484e-01
124        2.646000000000000019e-01
383        2.648400000000000198e-01
310        2.651000000000000023e-01
353        2.653200000000000003e-01
307        2.658600000000000407e-01
351        2.660199999999999787e-01
127        2.670199999999999796e-01
339        2.681600000000000095e-01
215        2.692599999999999993e-01
84         2.695799999999999863e-01
75         2.697599999999999998e-01
313        2.699400000000000133e-01
206        2.705400000000000027e-01
172        2.711600000000000121e-01
87         2.713400000000000256e-01
45         2.716200000000000281e-01
270        2.716800000000000326e-01
285        2.722400000000000375e-01
276        2.734599999999999809e-01
183        2.736200000000000299e-01
151        2.738000000000000433e-01
160        2.744199999999999973e-01
26         2.745400000000000063e-01
38         2.753200000000000092e-01
393        2.754599999999999826e-01
375        2.757600000000000051e-01
105        2.759000000000000341e-01
242        2.759599999999999831e-01
349        2.760400000000000076e-01
237        2.760600000000000276e-01
208        2.761800000000000366e-01
250        2.770000000000000240e-01
329        2.782600000000000073e-01
52         2.784599999999999853e-01
12         2.789400000000000213e-01
244        2.793599999999999972e-01
26         2.797800000000000287e-01
360        2.798599999999999977e-01
199        2.799400000000000222e-01
345        2.802800000000000291e-01
277        2.803599999999999981e-01
4          2.806000000000000161e-01
210        2.816200000000000370e-01
98         2.818599999999999994e-01
227        2.823599999999999999e-01
37         2.824400000000000244e-01
18         2.826400000000000023e-01
197        2.827800000000000313e-01
236        2.830000000000000293e-01
27         2.841000000000000192e-01
59         2.841000000000000192e-01
124        2.846400000000000041e-01
83         2.847399999999999931e-01
174        2.849200000000000066e-01
378        2.852399999999999936e-01
54         2.854200000000000070e-01
315        2.867999999999999994e-01
345        2.868400000000000394e-01
51         2.870400000000000174e-01
19         2.873400000000000398e-01
284        2.879599999999999937e-01
391        2.881199999999999872e-01
323        2.886000000000000232e-01
118        2.896600000000000286e-01
211        2.899000000000000465e-01
331        2.901400000000000090e-01
26         2.903000000000000025e-01
167        2.907600000000000184e-01
321        2.915800000000000058e-01
69         2.925400000000000222e-01
222        2.925800000000000067e-01
304        2.933200000000000252e-01
378        2.933200000000000252e-01
19         2.938200000000000256e-01
3          2.940599999999999881e-01
398        2.940800000000000081e-01
199        2.949999999999999845e-01
206        2.954200000000000159e-01
192        2.954399999999999804e-01
171        2.956400000000000139e-01
99         2.959800000000000209e-01
176        2.970400000000000262e-01
125        2.970800000000000107e-01
75         2.971600000000000352e-01
19         2.975599999999999912e-01
108        2.979999999999999871e-01
20         2.981400000000000161e-01
338        2.982599999999999696e-01
357        2.991800000000000015e-01
311        2.994600000000000040e-01
237        2.998600000000000154e-01
263        2.999800000000000244e-01
43         3.001199999999999979e-01
53         3.003600000000000159e-01
291        3.008000000000000118e-01
365        3.013199999999999767e-01
171        3.014399999999999857e-01
271        3.016999999999999682e-01
329        3.021199999999999997e-01
342        3.023799999999999821e-01
41         3.026000000000000356e-01
168        3.032800000000000495e-01
319        3.034399999999999875e-01
257        3.038400000000000545e-01
69         3.043000000000000149e-01
100        3.044399999999999884e-01
96         3.046399999999999664e-01
94         3.050200000000000133e-01
322        3.051000000000000378e-01
37         3.061600000000000432e-01
41         3.061800000000000077e-01
62         3.065599999999999992e-01
311        3.073799999999999866e-01
239        3.074200000000000266e-01
66         3.078400000000000580e-01
322        3.080400000000000360e-01
35         3.081000000000000405e-01
274        3.082200000000000495e-01
175        3.085400000000000365e-01
241        3.088600000000000234e-01
97         3.089000000000000634e-01
149        3.094600000000000128e-01
59         3.097200000000000508e-01
242        3.098799999999999888e-01
15         3.111200000000000077e-01
84         3.112400000000000166e-01
23         3.112800000000000566e-01
322        3.116200000000000081e-01
197        3.118400000000000616e-01
296        3.121999999999999775e-01
280        3.125600000000000045e-01
16         3.128199999999999870e-01
251        3.130199999999999649e-01
167        3.140799999999999703e-01
214        3.153799999999999937e-01
397        3.157200000000000562e-01
14         3.159800000000000386e-01
197        3.164000000000000146e-01
227        3.164200000000000346e-01
312        3.166800000000000170e-01
389        3.173000000000000265e-01
116        3.173199999999999910e-01
7          3.174200000000000355e-01
85         3.183199999999999918e-01
275        3.184800000000000408e-01
95         3.187599999999999878e-01
327        3.188199999999999923e-01
22         3.192200000000000593e-01
310        3.193000000000000282e-01
73         3.193799999999999972e-01
241        3.200600000000000112e-01
252        3.204400000000000026e-01
281        3.207800000000000096e-01
37         3.208799999999999986e-01
289        3.216200000000000170e-01
213        3.219200000000000395e-01
177        3.220600000000000129e-01
308        3.234200000000000408e-01
301        3.234599999999999698e-01
319        3.239599999999999702e-01
129        3.243400000000000172e-01
279        3.243800000000000017e-01
363        3.249000000000000221e-01
344        3.250000000000000111e-01
241        3.251399999999999846e-01
90         3.254800000000000471e-01
266        3.254800000000000471e-01
54         3.255400000000000515e-01
132        3.263400000000000190e-01
233        3.266200000000000214e-01
297        3.271800000000000264e-01
236        3.285799999999999832e-01
153        3.288000000000000367e-01
3          3.288800000000000057e-01
82         3.290799999999999836e-01
322        3.291800000000000281e-01
145        3.294599999999999751e-01
318        3.295000000000000151e-01
385        3.298000000000000376e-01
198        3.304400000000000115e-01
114        3.306200000000000250e-01
118        3.307800000000000185e-01
345        3.314599999999999769e-01
80         3.319800000000000528e-01
51         3.326000000000000068e-01
129        3.326200000000000268e-01
205        3.340199999999999836e-01
65         3.342800000000000216e-01
177        3.343200000000000061e-01
109        3.344400000000000150e-01
164        3.347400000000000375e-01
373        3.354800000000000004e-01
303        3.363800000000000123e-01
281        3.365199999999999858e-01
261        3.366399999999999948e-01
79         3.369199999999999973e-01
89         3.369400000000000173e-01
370        3.369400000000000173e-01
215        3.371600000000000152e-01
199        3.375199999999999867e-01
286        3.386800000000000366e-01
327        3.386800000000000366e-01
132        3.393000000000000460e-01
219        3.394400000000000195e-01
165        3.395400000000000085e-01
0          3.406200000000000339e-01
293        3.409200000000000008e-01
101        3.411600000000000188e-01
179        3.411600000000000188e-01
42         3.412600000000000078e-01
267        3.416000000000000147e-01
30         3.419599999999999862e-01
206        3.425799999999999956e-01
248        3.427200000000000246e-01
189        3.427999999999999936e-01
358        3.428200000000000136e-01
300        3.428400000000000336e-01
282        3.443599999999999994e-01
354        3.450799999999999979e-01
118        3.454000000000000403e-01
11         3.454400000000000248e-01
340        3.468400000000000372e-01
43         3.469200000000000061e-01
311        3.473200000000000176e-01
138        3.475199999999999956e-01
387        3.476199999999999846e-01
248        3.477600000000000136e-01
313        3.477600000000000136e-01
366        3.479200000000000070e-01
57         3.480600000000000360e-01
315        3.483400000000000385e-01
194        3.488600000000000034e-01
161        3.489000000000000434e-01
223        3.496199999999999863e-01
153        3.497600000000000153e-01
353        3.497600000000000153e-01
111        3.500800000000000023e-01
63         3.512200000000000322e-01
191        3.514599999999999946e-01
27         3.517399999999999971e-01
64         3.518800000000000261e-01
218        3.518800000000000261e-01
287        3.522000000000000131e-01
82         3.524000000000000465e-01
198        3.524599999999999955e-01
285        3.530200000000000005e-01
50         3.532399999999999984e-01
77         3.533200000000000229e-01
224        3.541400000000000103e-01
256        3.543800000000000283e-01
40         3.561799999999999966e-01
132        3.564399999999999791e-01
153        3.567800000000000415e-01
258        3.567800000000000415e-01
28         3.568200000000000260e-01
160        3.570800000000000085e-01
239        3.571199999999999930e-01
93         3.574600000000000000e-01
100        3.574800000000000200e-01
292        3.582800000000000429e-01
313        3.583200000000000274e-01
36         3.583799999999999764e-01
39         3.589000000000000523e-01
131        3.591799999999999993e-01
381        3.596600000000000352e-01
33         3.611800000000000010e-01
243        3.612200000000000411e-01
99         3.616600000000000370e-01
253        3.618400000000000505e-01
70         3.619399999999999840e-01
199        3.621800000000000019e-01
314        3.622200000000000419e-01
144        3.625800000000000134e-01
189        3.627200000000000424e-01
242        3.627400000000000069e-01
194        3.642400000000000082e-01
248        3.644000000000000572e-01
266        3.644800000000000262e-01
373        3.644800000000000262e-01
92         3.645599999999999952e-01
185        3.646999999999999686e-01
137        3.655200000000000116e-01
281        3.655200000000000116e-01
151        3.661000000000000365e-01
279        3.667400000000000104e-01
55         3.674800000000000288e-01
193        3.674999999999999933e-01
91         3.676800000000000068e-01
354        3.679000000000000603e-01
152        3.684399999999999897e-01
93         3.686399999999999677e-01
184        3.694800000000000306e-01
310        3.696600000000000441e-01
380        3.697800000000000531e-01
386        3.698799999999999866e-01
142        3.702400000000000135e-01
167        3.702800000000000535e-01
88         3.703600000000000225e-01
357        3.703600000000000225e-01
151        3.703799999999999870e-01
3          3.713600000000000234e-01
180        3.724000000000000643e-01
54         3.728400000000000603e-01
217        3.730600000000000027e-01
363        3.731399999999999717e-01
275        3.734200000000000297e-01
68         3.735199999999999632e-01
172        3.736000000000000432e-01
352        3.738400000000000611e-01
270        3.744999999999999996e-01
264        3.751999999999999780e-01
358        3.756000000000000449e-01
102        3.757200000000000539e-01
3          3.759000000000000674e-01
42         3.764200000000000323e-01
30         3.766200000000000103e-01
154        3.767200000000000548e-01
152        3.767200000000000548e-01
237        3.772200000000000553e-01
90         3.776200000000000112e-01
329        3.776399999999999757e-01
103        3.777800000000000602e-01
130        3.785799999999999721e-01
245        3.790799999999999725e-01
236        3.801600000000000534e-01
281        3.801999999999999824e-01
364        3.806399999999999784e-01
68         3.811399999999999788e-01
164        3.812200000000000588e-01
258        3.813400000000000123e-01
183        3.820600000000000107e-01
200        3.821600000000000552e-01
52         3.823799999999999977e-01
336        3.824200000000000377e-01
191        3.825000000000000067e-01
360        3.826800000000000201e-01
76         3.826999999999999846e-01
239        3.833799999999999986e-01
354        3.834400000000000031e-01
268        3.836600000000000565e-01
326        3.845400000000000484e-01
362        3.845600000000000129e-01
11         3.846000000000000529e-01
202        3.849000000000000199e-01
114        3.858400000000000163e-01
270        3.859800000000000453e-01
49         3.865000000000000102e-01
287        3.873600000000000376e-01
276        3.877400000000000291e-01
26         3.879800000000000471e-01
148        3.883400000000000185e-01
220        3.893000000000000349e-01
349        3.893600000000000394e-01
218        3.893800000000000039e-01
364        3.895400000000000529e-01
50         3.897200000000000109e-01
62         3.902400000000000313e-01
55         3.905400000000000538e-01
167        3.906600000000000072e-01
221        3.908600000000000407e-01
32         3.909200000000000452e-01
353        3.909800000000000497e-01
177        3.911000000000000032e-01
53         3.918800000000000061e-01
325        3.924400000000000110e-01
383        3.929800000000000515e-01
376        3.930199999999999805e-01
391        3.932599999999999985e-01
237        3.935000000000000164e-01
281        3.944400000000000128e-01
334        3.945000000000000173e-01
86         3.949600000000000333e-01
353        3.951800000000000312e-01
68         3.953400000000000247e-01
135        3.953400000000000247e-01
198        3.957200000000000162e-01
162        3.961399999999999921e-01
57         3.967200000000000171e-01
12         3.967600000000000016e-01
294        3.974200000000000510e-01
69         3.979600000000000359e-01
304        3.981000000000000094e-01
202        3.981999999999999984e-01
204        3.983600000000000474e-01
68         3.996999999999999997e-01
0          3.998600000000000487e-01
164        3.999800000000000022e-01
393        4.000199999999999867e-01
115        4.000600000000000267e-01
35         4.000799999999999912e-01
287        4.002000000000000002e-01
380        4.002600000000000047e-01
213        4.003200000000000092e-01
338        4.003400000000000292e-01
356        4.012200000000000211e-01
59         4.021399999999999975e-01
247        4.028400000000000314e-01
183        4.033400000000000318e-01
267        4.034000000000000363e-01
162        4.034600000000000408e-01
82         4.035600000000000298e-01
304        4.044000000000000372e-01
73         4.050600000000000311e-01
353        4.050600000000000311e-01
191        4.054000000000000381e-01
330        4.060400000000000120e-01
208        4.061800000000000410e-01
227        4.062399999999999900e-01
381        4.073200000000000154e-01
204        4.074600000000000444e-01
31         4.076000000000000179e-01
3          4.082800000000000318e-01
368        4.083200000000000163e-01
236        4.086400000000000032e-01
255        4.088800000000000212e-01
221        4.089400000000000257e-01
132        4.097600000000000131e-01
396        4.099400000000000266e-01
183        4.100600000000000356e-01
383        4.103800000000000225e-01
362        4.106400000000000050e-01
247        4.111000000000000210e-01
100        4.117999999999999994e-01
332        4.118400000000000394e-01
171        4.119200000000000084e-01
48         4.119600000000000484e-01
175        4.124200000000000088e-01
295        4.124600000000000488e-01
59         4.128800000000000248e-01
241        4.128800000000000248e-01
378        4.141199999999999881e-01
330        4.146799999999999931e-01
87         4.153000000000000025e-01
242        4.159600000000000519e-01
161        4.160000000000000364e-01
147        4.161199999999999899e-01
103        4.165800000000000058e-01
256        4.167200000000000348e-01
385        4.168000000000000038e-01
6          4.170599999999999863e-01
171        4.170599999999999863e-01
185        4.177400000000000002e-01
198        4.184400000000000341e-01
285        4.186600000000000321e-01
140        4.188400000000000456e-01
78         4.192000000000000171e-01
46         4.196799999999999975e-01
107        4.207800000000000429e-01
135        4.208800000000000319e-01
344        4.213400000000000478e-01
18         4.214200000000000168e-01
252        4.215599999999999903e-01
190        4.216600000000000348e-01
320        4.217800000000000438e-01
112        4.219600000000000573e-01
196        4.226400000000000157e-01
122        4.228799999999999781e-01
243        4.230400000000000271e-01
203        4.231199999999999961e-01
270        4.232400000000000051e-01
153        4.233000000000000096e-01
334        4.233000000000000096e-01
242        4.239999999999999880e-01
27         4.240400000000000280e-01
108        4.244000000000000550e-01
309        4.244200000000000195e-01
26         4.248199999999999754e-01
209        4.254600000000000604e-01
39         4.255599999999999938e-01
173        4.259999999999999898e-01
12         4.275400000000000311e-01
4          4.276000000000000356e-01
354        4.279000000000000581e-01
386        4.282200000000000450e-01
138        4.283400000000000540e-01
102        4.285599999999999965e-01
227        4.286600000000000410e-01
91         4.290599999999999969e-01
353        4.297200000000000464e-01
308        4.306999999999999718e-01
314        4.307599999999999763e-01
374        4.309000000000000608e-01
155        4.312400000000000122e-01
225        4.315599999999999992e-01
17         4.318000000000000171e-01
168        4.326800000000000090e-01
130        4.331800000000000095e-01
333        4.338600000000000234e-01
243        4.339600000000000679e-01
14         4.344000000000000639e-01
323        4.344000000000000639e-01
350        4.344600000000000684e-01
343        4.344600000000000684e-01
91         4.346999999999999753e-01
209        4.347800000000000553e-01
320        4.349999999999999978e-01
202        4.350200000000000178e-01
107        4.351000000000000423e-01
76         4.357200000000000517e-01
271        4.359999999999999987e-01
299        4.361999999999999766e-01
245        4.376800000000000135e-01
267        4.377800000000000580e-01
305        4.380000000000000004e-01
87         4.380799999999999694e-01
235        4.381399999999999739e-01
226        4.385600000000000054e-01
118        4.390400000000000413e-01
247        4.407599999999999851e-01
270        4.410199999999999676e-01
33         4.411200000000000121e-01
376        4.411200000000000121e-01
239        4.412800000000000611e-01
9          4.421600000000000530e-01
67         4.426600000000000534e-01
342        4.428000000000000269e-01
187        4.429000000000000159e-01
49         4.430600000000000094e-01
255        4.434800000000000408e-01
392        4.434800000000000408e-01
137        4.435199999999999698e-01
16         4.442400000000000237e-01
340        4.453600000000000336e-01
225        4.453799999999999981e-01
106        4.459000000000000186e-01
306        4.466800000000000215e-01
341        4.467800000000000660e-01
74         4.470199999999999729e-01
378        4.471600000000000574e-01
280        4.472800000000000664e-01
260        4.474800000000000444e-01
111        4.475199999999999734e-01
350        4.479800000000000448e-01
283        4.487800000000000122e-01
262        4.489600000000000257e-01
23         4.502400000000000291e-01
152        4.518000000000000349e-01
145        4.519000000000000239e-01
111        4.521200000000000219e-01
225        4.521800000000000264e-01
65         4.523199999999999998e-01
244        4.523199999999999998e-01
216        4.528200000000000003e-01
97         4.529800000000000493e-01
251        4.530000000000000138e-01
28         4.532800000000000162e-01
35         4.534000000000000252e-01
135        4.534800000000000497e-01
140        4.537200000000000122e-01
56         4.538000000000000367e-01
399        4.540199999999999791e-01
181        4.547800000000000176e-01
287        4.556399999999999895e-01
119        4.560000000000000164e-01
162        4.570600000000000218e-01
263        4.580000000000000182e-01
273        4.582200000000000162e-01
63         4.582600000000000007e-01
93         4.583400000000000252e-01
173        4.592800000000000216e-01
26         4.595000000000000195e-01
72         4.595799999999999885e-01
349        4.596399999999999930e-01
366        4.596600000000000130e-01
74         4.598600000000000465e-01
59         4.599400000000000155e-01
279        4.600400000000000045e-01
82         4.602400000000000380e-01
242        4.605000000000000204e-01
168        4.608000000000000429e-01
268        4.611600000000000144e-01
136        4.614400000000000168e-01
155        4.619200000000000528e-01
300        4.625799999999999912e-01
81         4.631600000000000161e-01
301        4.632000000000000006e-01
375        4.632000000000000006e-01
251        4.637400000000000411e-01
146        4.643400000000000305e-01
366        4.649600000000000399e-01
167        4.651000000000000134e-01
297        4.651399999999999979e-01
25         4.651800000000000379e-01
137        4.658000000000000473e-01
311        4.659200000000000008e-01
359        4.666800000000000392e-01
267        4.668800000000000172e-01
76         4.670199999999999907e-01
174        4.670600000000000307e-01
92         4.671800000000000397e-01
96         4.677200000000000246e-01
360        4.691200000000000370e-01
314        4.691600000000000215e-01
200        4.694000000000000394e-01
301        4.697000000000000064e-01
1          4.698800000000000199e-01
79         4.707200000000000273e-01
245        4.708600000000000008e-01
253        4.711200000000000387e-01
163        4.717999999999999972e-01
218        4.718400000000000372e-01
310        4.721000000000000196e-01
394        4.722399999999999931e-01
226        4.729600000000000470e-01
192        4.738600000000000034e-01
347        4.738800000000000234e-01
301        4.742800000000000349e-01
363        4.742999999999999994e-01
86         4.743200000000000194e-01
10         4.744000000000000439e-01
184        4.751400000000000068e-01
178        4.762800000000000367e-01
69         4.763600000000000056e-01
167        4.764600000000000501e-01
171        4.765199999999999991e-01
238        4.769200000000000106e-01
358        4.779800000000000160e-01
271        4.780200000000000005e-01
91         4.784600000000000519e-01
129        4.784600000000000519e-01
290        4.785200000000000009e-01
82         4.786199999999999899e-01
262        4.792800000000000393e-01
127        4.804999999999999827e-01
186        4.807800000000000407e-01
39         4.809400000000000341e-01
381        4.809400000000000341e-01
344        4.811600000000000321e-01
391        4.813200000000000256e-01
285        4.818400000000000460e-01
137        4.820599999999999885e-01
207        4.821799999999999975e-01
99         4.826000000000000290e-01
304        4.831000000000000294e-01
94         4.831400000000000139e-01
244        4.838000000000000078e-01
270        4.839200000000000168e-01
17         4.839399999999999813e-01
171        4.839600000000000568e-01
166        4.842400000000000038e-01
330        4.848200000000000287e-01
129        4.856000000000000316e-01
55         4.859800000000000231e-01
362        4.861000000000000321e-01
251        4.863400000000000500e-01
207        4.872200000000000419e-01
92         4.874999999999999889e-01
244        4.877000000000000224e-01
268        4.877200000000000424e-01
87         4.878199999999999759e-01
18         4.881800000000000028e-01
297        4.890200000000000102e-01
44         4.891000000000000347e-01
209        4.897600000000000287e-01
12         4.899800000000000266e-01
99         4.902200000000000446e-01
319        4.903199999999999781e-01
123        4.905800000000000161e-01
326        4.906400000000000206e-01
197        4.919399999999999884e-01
175        4.922400000000000109e-01
98         4.930800000000000183e-01
110        4.932400000000000118e-01
83         4.937800000000000522e-01
11         4.938600000000000212e-01
21         4.939000000000000612e-01
73         4.940599999999999992e-01
64         4.940599999999999992e-01
145        4.941400000000000237e-01
342        4.941600000000000437e-01
358        4.941999999999999726e-01
46         4.943199999999999816e-01
199        4.956200000000000050e-01
270        4.961000000000000409e-01
38         4.966999999999999749e-01
308        4.971999999999999753e-01
65         4.973799999999999888e-01
71         4.976999999999999758e-01
349        4.978000000000000203e-01
194        4.980400000000000382e-01
35         4.980799999999999672e-01
13         4.990200000000000746e-01
109        4.992400000000000171e-01
177        4.992400000000000171e-01
100        4.996999999999999775e-01
352        4.997400000000000175e-01
339        5.005800000000000249e-01
306        5.008200000000000429e-01
282        5.009799999999999809e-01
198        5.011400000000000299e-01
25         5.013600000000000279e-01
378        5.020600000000000618e-01
112        5.021999999999999797e-01
209        5.022199999999999998e-01
153        5.030200000000000227e-01
217        5.041600000000000525e-01
4          5.042600000000000415e-01
260        5.045000000000000595e-01
331        5.047200000000000575e-01
315        5.048000000000000265e-01
361        5.049200000000000355e-01
244        5.051400000000000334e-01
306        5.054199999999999804e-01
328        5.058400000000000674e-01
280        5.059600000000000763e-01
343        5.065399999999999903e-01
205        5.066399999999999793e-01
12         5.072400000000000242e-01
96         5.074000000000000732e-01
84         5.085399999999999920e-01
97         5.085800000000000320e-01
72         5.086000000000000520e-01
33         5.086399999999999810e-01
134        5.088799999999999990e-01
88         5.089600000000000790e-01
312        5.092600000000000460e-01
142        5.100400000000000489e-01
51         5.101400000000000379e-01
376        5.109600000000000808e-01
380        5.110200000000000298e-01
384        5.113199999999999967e-01
172        5.122000000000000997e-01
53         5.129000000000000226e-01
374        5.130000000000000115e-01
339        5.133200000000001095e-01
302        5.134800000000000475e-01
391        5.136800000000000255e-01
149        5.138400000000000745e-01
263        5.142200000000000104e-01
44         5.143200000000001104e-01
314        5.147000000000000464e-01
7          5.150399999999999423e-01
305        5.155399999999999983e-01
216        5.158400000000000762e-01
95         5.160000000000000142e-01
23         5.160600000000000742e-01
210        5.161800000000000832e-01
298        5.163200000000001122e-01
269        5.165600000000000191e-01
318        5.168599999999999861e-01
311        5.178200000000000580e-01
353        5.179000000000000270e-01
388        5.181800000000000850e-01
61         5.182200000000000140e-01
121        5.182999999999999829e-01
393        5.184999999999999609e-01
339        5.185199999999999809e-01
169        5.187000000000000499e-01
15         5.190800000000000969e-01
14         5.203600000000000447e-01
39         5.206600000000000117e-01
221        5.208200000000000607e-01
158        5.209199999999999386e-01
288        5.216600000000000126e-01
155        5.217200000000000726e-01
91         5.217600000000000016e-01
63         5.230200000000000404e-01
203        5.234199999999999964e-01
68         5.236600000000000144e-01
343        5.237000000000000544e-01
378        5.243400000000000283e-01
59         5.244400000000000173e-01
84         5.248800000000000132e-01
147        5.248800000000000132e-01
53         5.250399999999999512e-01
327        5.256199999999999761e-01
398        5.257999999999999341e-01
5          5.262200000000000211e-01
394        5.262599999999999500e-01
205        5.263799999999999590e-01
218        5.265800000000000480e-01
127        5.268200000000000660e-01
388        5.270600000000000840e-01
137        5.272799999999999709e-01
170        5.273200000000000109e-01
68         5.273600000000000509e-01
268        5.275199999999999889e-01
40         5.279000000000000359e-01
383        5.281000000000000139e-01
322        5.284400000000000208e-01
147        5.301200000000000356e-01
107        5.301800000000000956e-01
2          5.302000000000000046e-01
1          5.303400000000000336e-01
337        5.307200000000000806e-01
178        5.308599999999999985e-01
245        5.309199999999999475e-01
91         5.312200000000000255e-01
37         5.315800000000000525e-01
72         5.317600000000000104e-01
298        5.318599999999999994e-01
194        5.327800000000000313e-01
362        5.328400000000000913e-01
165        5.328800000000000203e-01
76         5.330199999999999383e-01
308        5.337399999999999922e-01
93         5.338200000000000722e-01
258        5.343999999999999861e-01
379        5.344999999999999751e-01
352        5.345400000000000151e-01
364        5.351800000000001001e-01
234        5.358800000000000230e-01
280        5.359199999999999520e-01
151        5.365600000000000369e-01
336        5.365600000000000369e-01
92         5.368400000000000949e-01
337        5.376400000000000068e-01
195        5.376800000000000468e-01
6          5.380800000000000027e-01
232        5.384200000000000097e-01
354        5.384400000000000297e-01
111        5.390800000000000036e-01
205        5.391000000000000236e-01
77         5.396600000000000286e-01
7          5.397200000000000886e-01
209        5.402799999999999825e-01
98         5.406800000000000495e-01
167        5.417800000000000393e-01
245        5.422200000000000353e-01
100        5.423000000000000043e-01
232        5.425200000000000022e-01
178        5.426600000000000312e-01
22         5.426800000000000512e-01
130        5.429400000000000892e-01
333        5.433600000000000652e-01
355        5.436000000000000831e-01
243        5.439199999999999591e-01
254        5.442599999999999660e-01
195        5.444200000000000150e-01
21         5.449400000000000910e-01
87         5.450199999999999489e-01
88         5.456000000000000849e-01
93         5.456600000000000339e-01
96         5.463400000000000478e-01
209        5.472000000000000197e-01
114        5.474600000000000577e-01
298        5.477000000000000757e-01
323        5.477799999999999336e-01
46         5.478000000000000647e-01
248        5.484600000000000586e-01
206        5.485200000000000076e-01
112        5.485800000000000676e-01
129        5.487000000000000766e-01
55         5.487400000000000055e-01
201        5.489400000000000945e-01
123        5.491000000000000325e-01
355        5.497799999999999354e-01
17         5.500600000000001044e-01
314        5.501399999999999624e-01
381        5.505200000000000093e-01
281        5.513200000000000323e-01
159        5.514400000000000412e-01
206        5.515400000000000302e-01
99         5.516599999999999282e-01
25         5.521000000000000352e-01
190        5.523400000000000531e-01
124        5.524000000000000021e-01
277        5.526599999999999291e-01
1          5.528600000000000181e-01
134        5.537600000000000300e-01
24         5.537799999999999390e-01
286        5.539600000000000080e-01
231        5.542200000000000459e-01
239        5.543400000000000549e-01
291        5.545800000000000729e-01
307        5.546800000000000619e-01
323        5.556200000000000028e-01
332        5.557400000000000118e-01
218        5.558000000000000718e-01
338        5.559400000000001008e-01
245        5.568400000000000016e-01
104        5.574799999999999756e-01
204        5.575399999999999245e-01
265        5.579400000000001025e-01
140        5.584400000000000475e-01
82         5.587600000000000344e-01
21         5.589400000000001034e-01
134        5.594400000000000484e-01
78         5.595600000000000573e-01
153        5.597199999999999953e-01
379        5.600399999999999823e-01
236        5.601000000000000423e-01
187        5.603000000000001313e-01
340        5.604400000000000492e-01
325        5.609400000000001052e-01
0          5.615600000000000591e-01
58         5.617000000000000881e-01
268        5.619199999999999751e-01
158        5.621599999999999930e-01
79         5.622000000000000330e-01
26         5.623000000000001330e-01
360        5.623799999999999910e-01
372        5.624199999999999200e-01
162        5.628400000000000070e-01
277        5.634799999999999809e-01
149        5.636599999999999389e-01
206        5.638600000000000279e-01
1          5.648000000000000798e-01
333        5.652000000000000357e-01
335        5.653400000000000647e-01
21         5.654000000000000137e-01
90         5.654400000000000537e-01
230        5.658999999999999586e-01
133        5.666599999999999415e-01
89         5.668999999999999595e-01
329        5.671200000000000685e-01
207        5.671800000000001285e-01
219        5.684000000000000163e-01
85         5.687000000000000943e-01
3          5.692599999999999882e-01
70         5.695399999999999352e-01
159        5.695600000000000662e-01
368        5.697000000000000952e-01
248        5.699400000000001132e-01
243        5.700000000000000622e-01
276        5.702800000000000091e-01
375        5.705999999999999961e-01
10         5.706200000000000161e-01
394        5.708400000000000141e-01
89         5.709400000000001141e-01
316        5.718200000000001060e-01
48         5.722599999999999909e-01
174        5.722800000000000109e-01
372        5.724199999999999289e-01
328        5.726200000000000179e-01
300        5.727200000000000069e-01
392        5.728600000000000358e-01
85         5.731800000000000228e-01
196        5.734000000000000208e-01
55         5.738200000000001078e-01
145        5.738400000000000167e-01
4          5.745399999999999396e-01
160        5.748999999999999666e-01
8          5.755200000000000315e-01
150        5.766200000000000214e-01
311        5.767799999999999594e-01
264        5.773200000000000554e-01
70         5.773400000000000754e-01
190        5.774600000000000843e-01
378        5.778800000000000603e-01
310        5.779999999999999583e-01
245        5.781199999999999672e-01
118        5.783800000000000052e-01
54         5.784600000000000852e-01
182        5.784600000000000852e-01
99         5.785200000000000342e-01
373        5.788000000000000922e-01
131        5.789800000000000502e-01
273        5.793599999999999861e-01
265        5.793800000000000061e-01
343        5.795600000000000751e-01
271        5.802599999999999980e-01
232        5.803400000000000780e-01
125        5.804600000000000870e-01
270        5.810600000000000209e-01
56         5.812399999999999789e-01
275        5.816599999999999548e-01
337        5.820800000000000418e-01
50         5.822599999999999998e-01
139        5.823800000000000088e-01
95         5.830800000000000427e-01
93         5.833200000000000607e-01
323        5.855200000000000404e-01
189        5.855800000000001004e-01
127        5.858000000000000984e-01
248        5.858799999999999564e-01
268        5.859400000000000164e-01
173        5.863400000000000833e-01
288        5.864000000000000323e-01
267        5.867799999999999683e-01
129        5.868200000000000083e-01
279        5.868600000000000483e-01
103        5.870600000000000263e-01
283        5.870800000000000463e-01
209        5.871199999999999752e-01
220        5.871600000000000152e-01
110        5.878999999999999782e-01
199        5.882000000000000561e-01
98         5.882800000000000251e-01
185        5.884800000000000031e-01
93         5.887400000000000411e-01
142        5.890400000000000080e-01
121        5.890800000000000480e-01
310        5.900199999999999889e-01
86         5.903800000000000159e-01
320        5.908799999999999608e-01
347        5.910400000000000098e-01
279        5.914600000000000968e-01
259        5.915399999999999547e-01
356        5.917000000000000037e-01
108        5.926599999999999646e-01
110        5.937400000000000455e-01
36         5.938200000000000145e-01
358        5.938200000000000145e-01
296        5.938400000000000345e-01
382        5.947000000000000064e-01
11         5.947200000000000264e-01
327        5.948000000000001064e-01
61         5.949400000000000244e-01
119        5.953600000000000003e-01
346        5.953800000000000203e-01
9          5.956000000000000183e-01
84         5.957200000000000273e-01
203        5.966800000000000992e-01
0          5.968999999999999861e-01
215        5.969400000000000261e-01
389        5.970800000000000551e-01
128        5.979800000000000670e-01
366        5.985000000000000320e-01
176        5.986200000000000410e-01
272        5.990800000000000569e-01
70         5.993200000000000749e-01
179        5.996200000000000419e-01
330        5.996399999999999508e-01
54         5.996800000000001019e-01
161        5.998200000000000198e-01
56         5.998400000000000398e-01
390        5.999600000000000488e-01
184        5.999999999999999778e-01
261        6.005000000000000338e-01
206        6.017599999999999616e-01
349        6.018600000000000616e-01
350        6.018999999999999906e-01
376        6.025600000000000955e-01
359        6.034199999999999564e-01
291        6.037000000000000144e-01
342        6.037599999999999634e-01
38         6.040200000000000014e-01
243        6.042000000000000703e-01
252        6.044599999999999973e-01
162        6.046200000000000463e-01
228        6.048799999999999732e-01
237        6.049600000000000533e-01
290        6.054599999999999982e-01
263        6.059600000000000541e-01
297        6.059600000000000541e-01
198        6.063800000000000301e-01
259        6.067400000000000571e-01
251        6.067599999999999660e-01
129        6.069600000000000550e-01
318        6.069800000000000750e-01
107        6.070800000000000640e-01
366        6.071800000000000530e-01
291        6.073399999999999910e-01
156        6.093399999999999928e-01
229        6.093800000000000328e-01
39         6.095600000000001017e-01
148        6.095600000000001017e-01
329        6.096200000000000507e-01
227        6.097000000000000197e-01
315        6.097000000000000197e-01
19         6.097400000000000597e-01
278        6.103999999999999426e-01
252        6.105600000000001026e-01
275        6.106200000000000516e-01
97         6.113399999999999945e-01
346        6.116399999999999615e-01
209        6.118799999999999795e-01
391        6.121599999999999264e-01
119        6.125199999999999534e-01
45         6.127799999999999914e-01
49         6.130600000000000493e-01
325        6.132000000000000783e-01
100        6.132400000000000073e-01
219        6.133999999999999453e-01
246        6.133999999999999453e-01
270        6.152199999999999891e-01
318        6.152400000000000091e-01
134        6.156200000000000561e-01
356        6.156399999999999650e-01
118        6.156800000000001161e-01
284        6.157400000000000651e-01
200        6.158000000000001251e-01
390        6.170600000000000529e-01
97         6.173200000000000909e-01
229        6.173999999999999488e-01
115        6.178400000000000558e-01
273        6.178799999999999848e-01
143        6.179000000000000048e-01
251        6.187400000000000677e-01
129        6.192799999999999416e-01
386        6.193999999999999506e-01
319        6.196599999999999886e-01
0          6.199000000000000066e-01
382        6.199800000000000866e-01
243        6.203800000000000425e-01
359        6.203999999999999515e-01
94         6.208200000000000385e-01
98         6.215800000000000214e-01
240        6.215800000000000214e-01
201        6.217000000000000304e-01
159        6.217599999999999794e-01
275        6.220399999999999263e-01
107        6.223400000000000043e-01
287        6.223400000000000043e-01
221        6.227000000000000313e-01
188        6.234600000000000142e-01
51         6.239199999999999191e-01
94         6.241400000000000281e-01
11         6.242400000000000171e-01
71         6.243000000000000771e-01
54         6.243200000000000971e-01
390        6.244600000000000151e-01
74         6.248200000000000420e-01
293        6.256200000000000649e-01
77         6.258599999999999719e-01
39         6.259199999999999209e-01
205        6.262400000000000189e-01
310        6.264600000000000168e-01
132        6.268400000000000638e-01
253        6.270999999999999908e-01
138        6.276000000000000467e-01
266        6.282400000000000206e-01
9          6.288000000000001366e-01
218        6.290000000000000036e-01
226        6.295399999999999885e-01
357        6.296800000000001285e-01
353        6.298200000000000465e-01
48         6.300999999999999934e-01
202        6.302400000000000224e-01
51         6.303400000000000114e-01
385        6.304199999999999804e-01
172        6.304400000000001114e-01
212        6.306800000000001294e-01
95         6.307599999999999874e-01
301        6.310000000000000053e-01
261        6.312200000000000033e-01
128        6.312799999999999523e-01
120        6.322799999999999532e-01
194        6.326600000000000001e-01
347        6.326600000000000001e-01
206        6.327000000000000401e-01
337        6.329199999999999271e-01
326        6.340800000000000880e-01
299        6.345399999999999929e-01
362        6.349600000000000799e-01
245        6.350000000000000089e-01
190        6.350399999999999379e-01
191        6.353400000000000158e-01
43         6.355000000000000648e-01
156        6.356000000000000538e-01
2          6.356600000000000028e-01
28         6.358000000000000318e-01
4          6.359000000000000208e-01
321        6.359799999999999898e-01
117        6.360200000000000298e-01
283        6.361400000000000388e-01
351        6.364800000000000457e-01
14         6.369600000000000817e-01
112        6.369799999999999907e-01
390        6.371400000000000396e-01
51         6.381000000000000005e-01
120        6.385800000000000365e-01
194        6.388000000000000345e-01
122        6.389199999999999324e-01
323        6.390000000000000124e-01
331        6.391400000000000414e-01
44         6.398599999999999843e-01
266        6.401400000000000423e-01
339        6.401599999999999513e-01
264        6.406199999999999672e-01
351        6.411400000000000432e-01
198        6.413999999999999702e-01
10         6.414800000000000502e-01
0          6.414999999999999591e-01
137        6.420200000000000351e-01
398        6.420800000000000951e-01
152        6.426399999999999890e-01
210        6.428400000000000780e-01
381        6.436000000000000609e-01
239        6.437000000000000499e-01
297        6.437000000000000499e-01
222        6.438599999999999879e-01
265        6.438599999999999879e-01
240        6.446800000000000308e-01
368        6.450600000000000778e-01
316        6.451000000000000068e-01
305        6.453000000000000957e-01
241        6.459199999999999386e-01
80         6.462799999999999656e-01
37         6.463799999999999546e-01
398        6.463799999999999546e-01
334        6.468800000000000106e-01
25         6.470000000000000195e-01
375        6.470399999999999485e-01
207        6.476399999999999935e-01
175        6.477000000000000535e-01
266        6.477399999999999824e-01
377        6.480600000000000804e-01
250        6.480800000000001004e-01
338        6.481200000000000294e-01
351        6.481599999999999584e-01
336        6.489400000000000723e-01
219        6.489600000000000923e-01
22         6.490000000000000213e-01
188        6.490000000000000213e-01
344        6.495600000000000263e-01
142        6.496000000000000663e-01
56         6.496600000000000152e-01
122        6.501800000000000912e-01
33         6.511599999999999611e-01
16         6.518200000000000660e-01
44         6.518400000000000860e-01
254        6.518400000000000860e-01
394        6.522000000000001130e-01
169        6.523000000000001020e-01
94         6.524800000000000599e-01
237        6.528000000000000469e-01
135        6.530399999999999539e-01
365        6.537000000000000588e-01
99         6.537600000000000078e-01
231        6.538200000000000678e-01
78         6.539000000000000368e-01
311        6.540600000000000858e-01
350        6.542799999999999727e-01
307        6.543400000000000327e-01
336        6.545600000000000307e-01
80         6.546800000000000397e-01
166        6.547600000000000087e-01
174        6.553600000000000536e-01
333        6.556400000000000006e-01
106        6.558400000000000896e-01
383        6.564800000000000635e-01
279        6.565199999999999925e-01
5          6.565800000000000525e-01
188        6.567800000000000304e-01
75         6.570000000000000284e-01
122        6.572200000000000264e-01
135        6.582200000000000273e-01
359        6.588400000000000922e-01
256        6.591599999999999682e-01
205        6.593200000000000172e-01
222        6.596000000000000751e-01
335        6.596400000000000041e-01
275        6.598600000000000021e-01
220        6.603999999999999870e-01
349        6.605800000000000560e-01
338        6.607000000000000650e-01
372        6.608600000000000030e-01
91         6.609199999999999520e-01
287        6.609600000000001030e-01
123        6.610000000000000320e-01
100        6.611399999999999499e-01
178        6.611399999999999499e-01
33         6.614600000000000479e-01
233        6.629400000000000848e-01
249        6.630199999999999427e-01
189        6.632400000000000517e-01
131        6.633999999999999897e-01
77         6.634800000000000697e-01
34         6.640600000000000946e-01
247        6.641200000000000436e-01
93         6.641800000000001036e-01
276        6.644600000000000506e-01
13         6.646199999999999886e-01
288        6.647399999999999975e-01
191        6.651599999999999735e-01
389        6.653400000000000425e-01
204        6.655400000000000205e-01
260        6.659199999999999564e-01
196        6.663999999999999924e-01
269        6.668000000000000593e-01
11         6.668200000000000793e-01
323        6.670399999999999663e-01
371        6.670600000000000973e-01
281        6.671599999999999753e-01
360        6.672200000000000353e-01
268        6.675200000000000022e-01
340        6.679400000000000892e-01
171        6.682599999999999651e-01
185        6.691399999999999570e-01
62         6.692200000000000371e-01
254        6.693000000000001171e-01
239        6.697800000000000420e-01
293        6.698800000000000310e-01
273        6.700399999999999689e-01
342        6.704400000000000359e-01
352        6.711200000000000498e-01
33         6.712000000000000188e-01
42         6.715200000000000058e-01
59         6.716800000000000548e-01
242        6.718800000000000328e-01
18         6.721200000000000507e-01
67         6.721800000000001107e-01
144        6.722400000000000597e-01
34         6.722599999999999687e-01
185        6.723799999999999777e-01
294        6.727000000000000757e-01
390        6.728999999999999426e-01
58         6.733400000000000496e-01
15         6.735600000000000476e-01
368        6.747199999999999864e-01
223        6.749800000000000244e-01
346        6.750600000000001044e-01
214        6.751000000000000334e-01
342        6.752000000000000224e-01
341        6.754400000000000404e-01
330        6.756599999999999273e-01
117        6.757400000000000073e-01
173        6.758600000000000163e-01
320        6.759600000000000053e-01
49         6.761800000000001143e-01
343        6.765800000000000702e-01
65         6.766000000000000902e-01
213        6.767600000000000282e-01
394        6.773600000000000732e-01
63         6.778800000000000381e-01
95         6.781800000000001161e-01
55         6.783799999999999830e-01
232        6.784999999999999920e-01
0          6.785600000000000520e-01
127        6.796800000000000619e-01
320        6.798399999999999999e-01
135        6.804999999999999938e-01
90         6.806599999999999318e-01
136        6.808200000000000918e-01
252        6.808600000000000207e-01
123        6.810000000000000497e-01
144        6.810399999999999787e-01
91         6.810600000000001097e-01
102        6.812400000000000677e-01
42         6.821599999999999886e-01
199        6.822000000000000286e-01
98         6.824400000000000466e-01
166        6.824800000000000866e-01
82         6.825399999999999245e-01
193        6.826400000000000245e-01
381        6.826400000000000245e-01
60         6.829800000000000315e-01
216        6.831800000000001205e-01
327        6.839800000000000324e-01
154        6.840399999999999814e-01
88         6.846200000000000063e-01
224        6.846599999999999353e-01
35         6.849600000000000133e-01
275        6.854000000000000092e-01
74         6.855200000000000182e-01
130        6.855399999999999272e-01
376        6.862400000000000722e-01
99         6.863200000000000411e-01
80         6.866400000000000281e-01
294        6.868400000000000061e-01
259        6.872599999999999820e-01
242        6.874000000000000110e-01
272        6.874600000000000710e-01
273        6.875000000000000000e-01
196        6.882000000000000339e-01
172        6.884000000000000119e-01
209        6.886599999999999389e-01
29         6.892000000000000348e-01
307        6.892599999999999838e-01
159        6.895000000000000018e-01
113        6.895600000000000618e-01
276        6.897000000000000908e-01
290        6.898200000000000998e-01
168        6.902400000000000757e-01
131        6.903799999999999937e-01
181        6.910000000000000586e-01
220        6.912000000000000366e-01
230        6.913200000000000456e-01
32         6.914000000000000146e-01
1          6.914799999999999836e-01
322        6.914799999999999836e-01
368        6.915200000000000236e-01
74         6.915399999999999325e-01
170        6.919199999999999795e-01
262        6.921399999999999775e-01
319        6.921399999999999775e-01
159        6.928200000000001024e-01
268        6.931000000000000494e-01
7          6.932200000000000584e-01
238        6.932200000000000584e-01
106        6.933400000000000674e-01
5          6.934199999999999253e-01
250        6.936800000000000743e-01
361        6.939800000000000413e-01
309        6.942399999999999682e-01
303        6.946599999999999442e-01
13         6.952000000000000401e-01
59         6.953599999999999781e-01
356        6.956200000000000161e-01
310        6.957200000000000051e-01
73         6.965600000000000680e-01
298        6.970000000000000639e-01
261        6.970600000000001240e-01
341        6.973799999999999999e-01
335        6.974400000000000599e-01
395        6.979600000000000248e-01
229        6.981399999999999828e-01
41         6.984400000000000608e-01
200        6.984799999999999898e-01
24         6.985000000000000098e-01
16         6.985000000000000098e-01
174        6.985399999999999388e-01
126        6.986400000000000388e-01
158        6.987600000000000477e-01
344        6.988400000000000167e-01
104        6.990399999999999947e-01
123        6.992800000000000127e-01
152        7.000199999999999756e-01
127        7.003599999999999826e-01
61         7.007600000000000495e-01
275        7.017400000000000304e-01
39         7.018000000000000904e-01
70         7.018200000000001104e-01
391        7.018200000000001104e-01
261        7.019800000000000484e-01
181        7.020399999999999974e-01
122        7.028200000000001113e-01
58         7.028400000000000203e-01
45         7.028400000000000203e-01
103        7.032200000000000673e-01
91         7.032599999999999962e-01
24         7.036000000000000032e-01
159        7.036400000000000432e-01
205        7.036599999999999522e-01
335        7.037400000000000322e-01
52         7.038200000000001122e-01
192        7.038200000000001122e-01
247        7.039800000000000502e-01
203        7.042399999999999771e-01
327        7.042399999999999771e-01
132        7.043599999999999861e-01
117        7.052599999999999980e-01
118        7.053000000000000380e-01
10         7.065399999999999459e-01
319        7.071399999999999908e-01
316        7.071600000000000108e-01
281        7.072599999999999998e-01
271        7.072800000000000198e-01
11         7.074600000000000888e-01
232        7.074799999999999978e-01
234        7.078000000000000957e-01
212        7.082200000000000717e-01
14         7.085600000000000787e-01
272        7.086000000000000076e-01
253        7.086800000000000876e-01
330        7.087400000000000366e-01
344        7.091800000000000326e-01
86         7.096599999999999575e-01
260        7.098999999999999755e-01
32         7.099800000000000555e-01
365        7.101199999999999735e-01
335        7.101600000000000135e-01
184        7.104400000000000714e-01
244        7.106200000000000294e-01
387        7.107600000000000584e-01
230        7.110199999999999854e-01
191        7.112600000000000033e-01
213        7.115800000000001013e-01
118        7.117200000000000193e-01
153        7.118799999999999573e-01
59         7.126200000000000312e-01
79         7.129800000000000582e-01
388        7.132800000000000251e-01
5          7.133000000000000451e-01
56         7.134000000000000341e-01
119        7.138000000000001011e-01
308        7.139800000000000590e-01
177        7.141000000000000680e-01
69         7.145000000000000240e-01
309        7.148000000000001020e-01
70         7.153800000000000159e-01
128        7.154199999999999449e-01
395        7.155600000000000849e-01
211        7.156000000000000139e-01
89         7.164199999999999458e-01
185        7.165800000000001058e-01
218        7.166599999999999637e-01
275        7.169200000000000017e-01
1          7.170600000000000307e-01
148        7.172399999999999887e-01
150        7.173599999999999977e-01
152        7.174000000000000377e-01
318        7.181400000000000006e-01
344        7.182600000000000096e-01
376        7.183599999999999985e-01
308        7.183800000000000185e-01
161        7.186800000000000965e-01
272        7.188400000000000345e-01
244        7.200400000000000134e-01
268        7.205399999999999583e-01
34         7.206200000000000383e-01
17         7.207000000000000073e-01
75         7.208200000000000163e-01
184        7.208200000000000163e-01
243        7.210199999999999942e-01
41         7.214600000000001012e-01
95         7.215399999999999592e-01
138        7.217799999999999772e-01
83         7.218200000000000172e-01
376        7.224000000000000421e-01
171        7.228200000000000180e-01
91         7.231600000000000250e-01
325        7.234400000000000830e-01
249        7.234600000000001030e-01
232        7.236399999999999499e-01
2          7.238400000000000389e-01
357        7.240400000000000169e-01
369        7.249400000000000288e-01
184        7.251000000000000778e-01
198        7.252200000000000868e-01
292        7.252399999999999958e-01
80         7.253800000000000248e-01
197        7.256599999999999717e-01
95         7.259999999999999787e-01
196        7.261199999999999877e-01
151        7.262800000000000367e-01
342        7.263000000000000567e-01
328        7.269800000000000706e-01
124        7.273600000000000065e-01
65         7.275600000000000955e-01
277        7.277799999999999825e-01
194        7.278999999999999915e-01
279        7.281000000000000805e-01
161        7.282800000000000384e-01
360        7.284199999999999564e-01
152        7.288000000000001144e-01
131        7.289200000000000124e-01
16         7.292600000000000193e-01
160        7.298600000000000643e-01
308        7.298600000000000643e-01
14         7.300200000000000022e-01
27         7.301199999999999912e-01
164        7.301600000000000312e-01
339        7.312000000000000721e-01
95         7.316399999999999570e-01
351        7.316800000000001081e-01
11         7.321600000000000330e-01
282        7.323200000000000820e-01
350        7.327000000000000179e-01
256        7.327599999999999669e-01
348        7.327799999999999869e-01
78         7.328000000000001180e-01
312        7.329200000000000159e-01
292        7.330400000000000249e-01
66         7.333000000000000629e-01
366        7.333999999999999408e-01
179        7.335199999999999498e-01
118        7.336399999999999588e-01
327        7.341199999999999948e-01
132        7.347799999999999887e-01
290        7.350800000000000667e-01
189        7.353600000000000136e-01
122        7.356000000000000316e-01
77         7.366000000000000325e-01
342        7.367000000000000215e-01
154        7.367400000000000615e-01
199        7.370800000000000685e-01
356        7.371199999999999974e-01
265        7.374600000000000044e-01
115        7.376000000000000334e-01
79         7.376599999999999824e-01
4          7.386599999999999833e-01
128        7.388600000000000723e-01
87         7.389200000000000212e-01
345        7.389400000000000412e-01
118        7.391400000000000192e-01
20         7.392199999999999882e-01
171        7.393600000000000172e-01
73         7.393999999999999462e-01
56         7.394400000000000972e-01
51         7.397799999999999931e-01
302        7.409000000000000030e-01
388        7.412600000000000300e-01
130        7.415199999999999569e-01
140        7.416200000000000570e-01
5          7.418200000000000349e-01
350        7.419400000000000439e-01
86         7.421200000000000019e-01
378        7.421599999999999309e-01
220        7.422400000000000109e-01
228        7.430400000000000338e-01
87         7.430999999999999828e-01
74         7.432199999999999918e-01
325        7.435000000000000497e-01
278        7.435800000000000187e-01
263        7.436599999999999877e-01
54         7.438600000000000767e-01
160        7.441400000000000237e-01
235        7.444600000000000106e-01
346        7.446399999999999686e-01
51         7.447000000000000286e-01
242        7.451200000000000045e-01
190        7.451800000000000646e-01
283        7.453400000000000025e-01
237        7.463000000000000744e-01
366        7.466000000000000414e-01
25         7.466200000000000614e-01
291        7.467599999999999794e-01
395        7.470800000000000773e-01
376        7.472199999999999953e-01
127        7.475000000000000533e-01
142        7.480600000000000582e-01
386        7.480600000000000582e-01
41         7.481400000000000272e-01
66         7.481800000000000672e-01
327        7.481800000000000672e-01
86         7.483800000000000452e-01
117        7.486200000000000632e-01
124        7.489400000000000501e-01
40         7.502400000000000180e-01
132        7.504400000000001070e-01
208        7.505199999999999649e-01
345        7.505800000000000249e-01
114        7.506599999999999939e-01
84         7.509199999999999209e-01
173        7.510000000000000009e-01
35         7.516000000000000458e-01
55         7.518200000000000438e-01
145        7.520399999999999308e-01
232        7.521200000000000108e-01
223        7.523600000000000287e-01
347        7.526000000000000467e-01
96         7.526399999999999757e-01
178        7.527400000000000757e-01
62         7.533800000000000496e-01
385        7.542200000000000015e-01
310        7.542799999999999505e-01
56         7.543400000000000105e-01
101        7.543600000000000305e-01
243        7.550000000000000044e-01
140        7.554199999999999804e-01
179        7.554400000000001114e-01
340        7.555800000000000294e-01
106        7.558799999999999963e-01
184        7.559600000000000763e-01
284        7.561200000000000143e-01
171        7.561599999999999433e-01
332        7.562400000000000233e-01
328        7.562799999999999523e-01
261        7.563600000000000323e-01
365        7.569199999999999262e-01
354        7.570200000000000262e-01
138        7.572200000000000042e-01
240        7.583200000000001051e-01
389        7.584800000000000431e-01
84         7.585800000000000320e-01
94         7.587800000000000100e-01
201        7.596399999999999819e-01
345        7.597000000000000419e-01
183        7.597599999999999909e-01
21         7.599199999999999289e-01
279        7.603000000000000869e-01
386        7.604800000000000448e-01
277        7.606399999999999828e-01
259        7.607599999999999918e-01
332        7.615800000000000347e-01
305        7.616200000000000747e-01
351        7.619000000000000217e-01
160        7.619199999999999307e-01
149        7.619600000000000817e-01
26         7.619799999999999907e-01
276        7.619799999999999907e-01
65         7.623000000000000886e-01
310        7.624600000000000266e-01
309        7.625399999999999956e-01
114        7.628599999999999826e-01
101        7.632799999999999585e-01
348        7.639600000000000835e-01
85         7.640399999999999414e-01
112        7.641599999999999504e-01
340        7.641599999999999504e-01
49         7.642400000000000304e-01
13         7.643200000000001104e-01
4          7.647399999999999753e-01
139        7.649400000000000643e-01
159        7.653600000000000403e-01
155        7.659200000000000452e-01
125        7.660000000000000142e-01
145        7.664800000000000502e-01
17         7.666199999999999681e-01
300        7.668400000000000771e-01
334        7.672799999999999621e-01
370        7.672799999999999621e-01
248        7.676000000000000600e-01
75         7.676600000000000090e-01
317        7.679400000000000670e-01
331        7.680399999999999450e-01
373        7.681599999999999540e-01
340        7.684400000000001230e-01
271        7.685199999999999809e-01
172        7.687800000000000189e-01
202        7.692799999999999638e-01
282        7.695600000000000218e-01
195        7.700600000000000778e-01
68         7.702600000000000557e-01
171        7.702799999999999647e-01
295        7.704200000000001047e-01
228        7.704400000000001247e-01
223        7.707000000000000517e-01
22         7.707600000000000007e-01
180        7.709600000000000897e-01
184        7.711000000000000076e-01
20         7.714200000000001056e-01
163        7.716199999999999726e-01
286        7.717800000000000216e-01
89         7.720200000000000395e-01
97         7.727200000000000735e-01
227        7.739000000000000323e-01
221        7.740200000000000413e-01
94         7.740800000000001013e-01
139        7.741200000000000303e-01
326        7.741400000000000503e-01
39         7.741800000000000903e-01
54         7.742600000000000593e-01
322        7.743400000000000283e-01
207        7.744400000000000173e-01
387        7.744999999999999662e-01
138        7.749200000000000532e-01
291        7.752400000000000402e-01
32         7.760000000000000231e-01
397        7.763799999999999590e-01
208        7.764600000000000390e-01
53         7.773200000000000109e-01
83         7.779000000000000359e-01
306        7.779000000000000359e-01
151        7.783999999999999808e-01
381        7.786600000000000188e-01
2          7.789400000000000768e-01
361        7.791400000000000547e-01
204        7.793600000000000527e-01
79         7.795199999999999907e-01
134        7.796399999999999997e-01
343        7.796600000000000197e-01
31         7.796800000000000397e-01
269        7.796800000000000397e-01
64         7.798200000000000687e-01
63         7.798400000000000887e-01
395        7.798599999999999977e-01
73         7.798800000000000177e-01
14         7.799800000000000066e-01
358        7.801200000000000356e-01
13         7.824200000000001154e-01
54         7.827000000000000624e-01
318        7.828000000000000513e-01
174        7.828200000000000713e-01
46         7.829800000000000093e-01
347        7.830399999999999583e-01
159        7.831000000000000183e-01
14         7.831800000000000983e-01
216        7.835400000000000142e-01
116        7.835600000000000342e-01
2          7.836600000000000232e-01
59         7.838200000000000722e-01
346        7.839200000000000612e-01
271        7.840600000000000902e-01
306        7.842599999999999572e-01
51         7.844400000000000261e-01
197        7.844600000000000461e-01
393        7.847399999999999931e-01
137        7.852599999999999580e-01
298        7.858200000000000740e-01
171        7.863000000000001100e-01
165        7.864600000000000479e-01
385        7.867800000000000349e-01
258        7.868200000000000749e-01
380        7.869800000000000129e-01
143        7.873600000000000598e-01
85         7.880199999999999427e-01
302        7.880600000000000938e-01
232        7.883799999999999697e-01
236        7.884600000000000497e-01
305        7.885199999999999987e-01
337        7.887000000000000677e-01
114        7.887200000000000877e-01
196        7.891000000000000236e-01
117        7.892400000000000526e-01
141        7.892400000000000526e-01
51         7.896000000000000796e-01
376        7.896400000000000086e-01
172        7.899400000000000865e-01
290        7.900800000000000045e-01
176        7.910000000000000364e-01
195        7.911800000000001054e-01
119        7.912599999999999634e-01
95         7.916800000000000503e-01
10         7.917000000000000703e-01
211        7.917200000000000903e-01
347        7.918600000000000083e-01
67         7.919000000000000483e-01
370        7.922599999999999643e-01
214        7.924800000000000733e-01
99         7.932400000000000562e-01
156        7.942799999999999860e-01
385        7.943400000000000460e-01
21         7.943600000000000660e-01
161        7.944200000000001261e-01
302        7.944200000000001261e-01
383        7.944400000000000350e-01
78         7.946199999999999930e-01
271        7.950199999999999489e-01
113        7.956800000000000539e-01
125        7.959200000000000719e-01
393        7.959600000000000009e-01
52         7.959800000000000209e-01
342        7.960600000000001009e-01
254        7.961200000000000498e-01
344        7.962200000000000388e-01
340        7.962400000000000588e-01
367        7.964200000000001278e-01
101        7.964400000000000368e-01
204        7.974999999999999867e-01
39         7.985600000000000476e-01
368        7.986600000000000366e-01
174        7.987200000000000966e-01
246        7.990000000000000435e-01
183        7.990199999999999525e-01
153        7.991399999999999615e-01
61         7.991599999999999815e-01
170        7.991599999999999815e-01
304        7.994200000000001305e-01
345        7.997400000000000064e-01
355        7.999600000000000044e-01
286        8.002400000000000624e-01
266        8.007600000000000273e-01
71         8.008999999999999453e-01
28         8.015800000000000702e-01
352        8.017000000000000792e-01
128        8.017600000000000282e-01
123        8.017799999999999372e-01
57         8.019800000000000262e-01
108        8.023600000000000732e-01
313        8.023799999999999821e-01
23         8.029600000000000071e-01
56         8.030399999999999761e-01
392        8.038600000000000190e-01
154        8.038999999999999480e-01
2          8.039600000000000080e-01
98         8.040399999999999769e-01
42         8.040800000000000169e-01
167        8.044800000000000839e-01
274        8.047400000000000109e-01
18         8.048800000000000399e-01
250        8.049400000000000999e-01
298        8.050399999999999778e-01
297        8.051200000000000578e-01
64         8.051399999999999668e-01
95         8.052000000000000268e-01
84         8.053600000000000758e-01
346        8.057600000000000318e-01
375        8.063000000000001277e-01
369        8.064000000000000057e-01
332        8.068800000000000416e-01
365        8.077000000000000846e-01
72         8.078000000000000735e-01
142        8.079800000000000315e-01
211        8.081000000000000405e-01
391        8.081800000000001205e-01
254        8.082400000000000695e-01
326        8.084000000000000075e-01
71         8.084800000000000875e-01
82         8.087000000000000854e-01
190        8.089800000000000324e-01
258        8.089800000000000324e-01
56         8.094800000000000884e-01
262        8.095600000000000573e-01
340        8.104000000000000092e-01
395        8.104999999999999982e-01
317        8.107199999999999962e-01
292        8.112200000000000522e-01
80         8.112400000000000722e-01
88         8.116400000000000281e-01
133        8.121800000000001241e-01
279        8.123799999999999910e-01
286        8.128600000000000270e-01
232        8.131599999999999939e-01
345        8.132400000000000739e-01
263        8.133000000000001339e-01
124        8.139600000000000168e-01
293        8.140000000000000568e-01
63         8.140800000000000258e-01
246        8.141399999999999748e-01
34         8.143200000000000438e-01
180        8.145800000000000818e-01
68         8.146200000000000108e-01
191        8.148200000000000998e-01
85         8.148800000000000487e-01
370        8.150000000000000577e-01
317        8.153200000000000447e-01
391        8.156400000000000317e-01
284        8.158999999999999586e-01
239        8.164799999999999836e-01
359        8.167200000000000015e-01
122        8.168800000000000505e-01
17         8.168999999999999595e-01
184        8.173200000000000465e-01
6          8.175600000000000644e-01
70         8.177000000000000934e-01
334        8.177400000000000224e-01
320        8.178000000000000824e-01
392        8.188200000000001033e-01
204        8.190800000000000303e-01
324        8.191000000000000503e-01
173        8.191599999999999993e-01
233        8.192000000000000393e-01
241        8.192200000000000593e-01
160        8.194799999999999862e-01
246        8.197600000000000442e-01
336        8.200399999999999912e-01
346        8.200800000000000312e-01
375        8.201399999999999801e-01
90         8.201800000000001312e-01
190        8.212400000000000810e-01
351        8.212599999999999900e-01
120        8.215200000000000280e-01
189        8.216599999999999460e-01
200        8.217200000000000060e-01
307        8.217600000000000460e-01
146        8.230199999999999738e-01
378        8.230199999999999738e-01
60         8.231200000000000738e-01
325        8.232000000000000428e-01
394        8.233200000000000518e-01
398        8.235600000000000698e-01
84         8.238400000000000167e-01
192        8.238800000000000567e-01
80         8.240399999999999947e-01
377        8.241600000000000037e-01
135        8.244799999999999907e-01
309        8.244799999999999907e-01
291        8.250000000000000666e-01
63         8.250800000000000356e-01
220        8.251399999999999846e-01
328        8.251399999999999846e-01
234        8.257200000000000095e-01
93         8.260000000000000675e-01
28         8.260600000000001275e-01
156        8.264400000000000635e-01
217        8.274000000000000243e-01
122        8.276599999999999513e-01
269        8.277600000000000513e-01
115        8.285000000000000142e-01
104        8.285800000000000942e-01
176        8.286000000000000032e-01
127        8.286599999999999522e-01
163        8.286800000000000832e-01
8          8.288600000000000412e-01
310        8.288800000000000612e-01
81         8.291600000000000081e-01
366        8.294799999999999951e-01
257        8.295800000000000951e-01
275        8.300199999999999800e-01
223        8.304799999999999960e-01
359        8.306599999999999540e-01
184        8.308200000000001140e-01
156        8.308600000000000430e-01
111        8.308999999999999719e-01
342        8.310000000000000719e-01
222        8.312200000000000699e-01
335        8.316200000000000259e-01
25         8.317200000000000149e-01
132        8.319400000000001238e-01
59         8.329400000000001247e-01
378        8.331000000000000627e-01
242        8.332200000000000717e-01
358        8.332399999999999807e-01
341        8.332800000000000207e-01
47         8.333200000000000607e-01
65         8.334400000000000697e-01
394        8.335800000000000987e-01
95         8.336599999999999566e-01
384        8.337600000000000566e-01
164        8.346800000000000885e-01
376        8.349200000000001065e-01
276        8.353599999999999914e-01
214        8.354800000000000004e-01
36         8.355800000000001004e-01
185        8.356599999999999584e-01
141        8.358400000000000274e-01
207        8.359200000000001074e-01
173        8.360400000000000054e-01
192        8.364600000000000923e-01
146        8.367000000000001103e-01
97         8.368400000000000283e-01
361        8.371800000000000352e-01
63         8.377200000000000202e-01
227        8.377400000000000402e-01
347        8.379999999999999671e-01
11         8.383200000000000651e-01
109        8.388400000000000301e-01
124        8.389999999999999680e-01
180        8.390400000000000080e-01
283        8.394200000000000550e-01
207        8.395800000000001040e-01
277        8.395800000000001040e-01
378        8.396200000000000330e-01
139        8.398000000000001020e-01
301        8.407799999999999718e-01
236        8.409800000000000608e-01
145        8.410199999999999898e-01
25         8.412200000000000788e-01
364        8.415600000000000858e-01
377        8.416200000000000347e-01
195        8.419600000000000417e-01
120        8.419800000000000617e-01
221        8.421800000000000397e-01
59         8.423599999999999977e-01
156        8.425399999999999556e-01
315        8.429600000000000426e-01
123        8.432800000000000296e-01
187        8.433200000000000696e-01
163        8.436599999999999655e-01
41         8.437599999999999545e-01
56         8.439200000000001145e-01
257        8.440800000000000525e-01
13         8.442399999999999904e-01
32         8.442800000000000304e-01
78         8.446800000000000974e-01
330        8.448799999999999644e-01
354        8.451000000000000734e-01
342        8.451400000000000023e-01
386        8.453800000000000203e-01
166        8.463000000000000522e-01
273        8.466200000000000392e-01
396        8.468400000000000372e-01
297        8.470199999999999951e-01
291        8.471199999999999841e-01
106        8.471400000000000041e-01
371        8.478600000000000581e-01
123        8.478799999999999670e-01
308        8.481199999999999850e-01
118        8.486599999999999699e-01
356        8.487200000000000299e-01
290        8.487400000000000500e-01
101        8.487599999999999589e-01
247        8.487599999999999589e-01
299        8.491800000000000459e-01
110        8.495600000000000929e-01
315        8.497400000000000508e-01
115        8.498400000000000398e-01
67         8.500800000000000578e-01
390        8.501199999999999868e-01
217        8.502200000000000868e-01
376        8.503200000000000758e-01
388        8.504200000000000648e-01
31         8.510400000000000187e-01
82         8.513600000000000056e-01
331        8.515600000000000946e-01
274        8.527599999999999625e-01
83         8.530200000000000005e-01
192        8.530200000000000005e-01
136        8.530800000000000605e-01
358        8.535000000000000364e-01
35         8.537200000000000344e-01
161        8.537799999999999834e-01
135        8.538200000000000234e-01
388        8.539200000000001234e-01
308        8.540800000000000614e-01
10         8.543200000000000793e-01
375        8.545199999999999463e-01
396        8.547400000000000553e-01
326        8.549400000000000333e-01
342        8.555000000000000382e-01
245        8.559999999999999831e-01
24         8.560200000000000031e-01
200        8.561600000000000321e-01
194        8.562200000000000921e-01
173        8.563200000000000811e-01
100        8.567599999999999660e-01
203        8.567599999999999660e-01
28         8.568400000000000460e-01
394        8.573400000000001020e-01
87         8.578999999999999959e-01
46         8.579800000000000759e-01
346        8.581600000000000339e-01
22         8.587200000000000388e-01
266        8.587200000000000388e-01
189        8.588000000000001188e-01
76         8.589800000000000768e-01
318        8.589800000000000768e-01
302        8.589800000000000768e-01
110        8.592000000000000748e-01
287        8.592800000000000438e-01
378        8.598000000000001197e-01
82         8.598799999999999777e-01
100        8.599200000000001287e-01
73         8.601600000000000357e-01
251        8.606200000000000516e-01
350        8.606800000000001116e-01
221        8.610400000000000276e-01
155        8.612400000000000055e-01
370        8.615600000000001035e-01
54         8.617000000000000215e-01
215        8.618400000000000505e-01
335        8.627799999999999914e-01
118        8.628400000000000514e-01
205        8.633999999999999453e-01
157        8.635600000000001053e-01
332        8.636800000000001143e-01
111        8.639800000000000813e-01
140        8.645199999999999552e-01
210        8.645399999999999752e-01
40         8.651200000000000001e-01
384        8.652200000000001001e-01
197        8.652799999999999381e-01
106        8.654200000000000781e-01
222        8.657200000000000450e-01
161        8.660400000000000320e-01
172        8.661200000000000010e-01
54         8.662000000000000810e-01
107        8.662199999999999900e-01
83         8.662799999999999390e-01
217        8.663999999999999480e-01
367        8.664200000000000790e-01
207        8.664800000000000280e-01
95         8.666200000000000570e-01
17         8.669400000000000439e-01
186        8.682400000000000118e-01
46         8.684600000000000097e-01
328        8.685000000000000497e-01
92         8.685800000000000187e-01
265        8.688200000000000367e-01
286        8.689400000000000457e-01
382        8.698200000000000376e-01
298        8.698400000000000576e-01
31         8.700200000000000156e-01
131        8.700200000000000156e-01
157        8.700600000000000556e-01
154        8.700600000000000556e-01
133        8.700800000000000756e-01
284        8.700800000000000756e-01
388        8.701599999999999335e-01
191        8.702000000000000846e-01
38         8.702400000000000135e-01
108        8.702799999999999425e-01
39         8.703000000000000735e-01
80         8.714400000000001034e-01
318        8.718799999999999883e-01
238        8.728000000000001313e-01
296        8.729200000000001403e-01
182        8.729400000000000492e-01
281        8.729600000000000692e-01
181        8.730200000000000182e-01
158        8.731400000000000272e-01
118        8.731599999999999362e-01
242        8.735199999999999632e-01
156        8.735800000000000232e-01
215        8.738200000000000411e-01
317        8.745600000000001151e-01
46         8.746000000000000441e-01
92         8.748799999999999910e-01
26         8.749400000000000510e-01
301        8.751200000000000090e-01
295        8.752199999999999980e-01
111        8.753200000000000980e-01
147        8.753600000000000270e-01
380        8.754600000000000160e-01
259        8.761599999999999389e-01
64         8.763600000000000279e-01
17         8.764800000000000368e-01
76         8.765199999999999658e-01
244        8.767400000000000748e-01
104        8.769000000000000128e-01
368        8.771200000000000108e-01
275        8.779600000000000737e-01
257        8.779600000000000737e-01
249        8.782200000000000006e-01
102        8.783000000000000806e-01
348        8.783400000000000096e-01
307        8.785600000000001186e-01
44         8.789400000000000546e-01
223        8.793999999999999595e-01
350        8.795399999999999885e-01
159        8.796399999999999775e-01
39         8.797599999999999865e-01
63         8.799600000000000755e-01
343        8.799799999999999844e-01
278        8.803000000000000824e-01
243        8.803800000000000514e-01
276        8.803800000000000514e-01
358        8.804400000000001114e-01
183        8.804800000000000404e-01
65         8.807800000000000074e-01
204        8.809400000000000563e-01
370        8.810600000000000653e-01
1          8.814400000000001123e-01
397        8.815199999999999703e-01
67         8.824400000000001132e-01
224        8.825800000000000312e-01
92         8.828000000000001402e-01
314        8.829000000000000181e-01
58         8.830800000000000871e-01
27         8.832000000000000961e-01
111        8.837800000000000100e-01
143        8.840800000000000880e-01
207        8.840999999999999970e-01
107        8.843000000000000860e-01
120        8.843800000000000550e-01
200        8.844200000000000950e-01
172        8.846800000000001329e-01
355        8.850399999999999379e-01
232        8.850600000000000689e-01
330        8.852600000000000469e-01
321        8.857800000000000118e-01
194        8.860999999999999988e-01
187        8.863000000000000878e-01
127        8.865199999999999747e-01
275        8.869200000000000417e-01
305        8.869200000000000417e-01
320        8.870000000000000107e-01
390        8.871200000000000196e-01
153        8.875199999999999756e-01
199        8.875399999999999956e-01
40         8.875600000000001266e-01
38         8.878599999999999826e-01
177        8.881800000000000805e-01
290        8.882200000000000095e-01
134        8.885600000000001275e-01
62         8.886200000000000765e-01
141        8.887200000000000655e-01
128        8.888400000000000745e-01
255        8.889000000000000234e-01
236        8.889000000000000234e-01
356        8.889400000000000635e-01
342        8.899799999999999933e-01
214        8.900399999999999423e-01
333        8.902400000000000313e-01
239        8.913999999999999702e-01
78         8.914800000000000502e-01
285        8.914800000000000502e-01
14         8.916000000000000592e-01
201        8.917200000000000681e-01
216        8.919400000000000661e-01
380        8.919400000000000661e-01
289        8.920200000000000351e-01
378        8.921000000000000041e-01
324        8.927200000000000690e-01
359        8.935000000000000719e-01
139        8.940399999999999459e-01
383        8.940800000000000969e-01
52         8.941800000000000859e-01
87         8.944600000000000328e-01
349        8.944800000000000528e-01
226        8.945600000000001328e-01
3          8.947200000000000708e-01
313        8.949400000000000688e-01
393        8.951000000000000068e-01
101        8.951400000000000468e-01
353        8.951400000000000468e-01
358        8.952200000000000157e-01
35         8.953999999999999737e-01
73         8.955000000000000737e-01
102        8.958000000000000407e-01
127        8.965400000000000036e-01
286        8.967200000000000726e-01
68         8.968000000000000416e-01
261        8.972400000000000375e-01
382        8.972400000000000375e-01
263        8.974800000000000555e-01
311        8.975400000000000045e-01
310        8.980000000000000204e-01
278        8.984200000000001074e-01
174        8.986199999999999743e-01
64         8.987800000000000233e-01
23         8.992400000000000393e-01
55         8.995199999999999863e-01
264        8.995400000000000063e-01
190        8.996000000000000663e-01
196        8.996199999999999752e-01
172        8.997600000000000042e-01
304        9.003600000000000492e-01
40         9.005199999999999871e-01
4          9.005800000000000471e-01
397        9.007399999999999851e-01
250        9.008000000000000451e-01
103        9.012200000000000211e-01
322        9.014400000000000190e-01
281        9.016199999999999770e-01
246        9.022000000000001130e-01
239        9.025600000000000289e-01
226        9.027800000000000269e-01
264        9.031200000000000339e-01
329        9.031599999999999628e-01
6          9.032400000000000428e-01
166        9.033799999999999608e-01
90         9.034999999999999698e-01
337        9.036000000000000698e-01
130        9.036199999999999788e-01
291        9.036399999999999988e-01
328        9.041599999999999637e-01
330        9.045400000000000107e-01
342        9.048200000000000687e-01
262        9.048599999999999977e-01
136        9.052799999999999736e-01
60         9.053000000000001046e-01
23         9.054200000000001136e-01
356        9.054200000000001136e-01
19         9.055199999999999916e-01
102        9.060600000000000875e-01
240        9.064200000000001145e-01
380        9.064600000000000435e-01
368        9.064999999999999725e-01
61         9.069600000000000994e-01
329        9.069600000000000994e-01
388        9.069600000000000994e-01
331        9.077000000000000624e-01
337        9.078400000000000913e-01
232        9.081000000000000183e-01
196        9.083400000000000363e-01
42         9.084999999999999742e-01
134        9.087399999999999922e-01
164        9.092799999999999772e-01
150        9.095600000000000351e-01
342        9.099200000000000621e-01
193        9.099400000000000821e-01
202        9.100600000000000911e-01
217        9.103000000000001091e-01
371        9.104600000000000470e-01
235        9.104800000000000670e-01
234        9.106800000000000450e-01
317        9.107200000000000850e-01
172        9.107600000000000140e-01
378        9.107800000000000340e-01
156        9.112400000000000500e-01
173        9.116000000000000769e-01
90         9.116800000000000459e-01
233        9.117000000000000659e-01
246        9.118000000000000549e-01
165        9.119000000000000439e-01
48         9.120800000000001129e-01
392        9.123200000000000198e-01
30         9.124800000000000688e-01
239        9.128000000000000558e-01
362        9.132200000000000317e-01
95         9.135800000000000587e-01
260        9.137600000000000167e-01
31         9.138000000000000567e-01
192        9.140800000000001146e-01
161        9.142400000000000526e-01
381        9.144200000000001216e-01
197        9.144999999999999796e-01
81         9.147200000000000886e-01
396        9.147399999999999975e-01
247        9.152799999999999825e-01
134        9.153799999999999715e-01
317        9.155800000000000605e-01
350        9.156800000000000495e-01
223        9.160000000000000364e-01
124        9.161399999999999544e-01
168        9.163999999999999924e-01
7          9.164400000000000324e-01
70         9.164400000000000324e-01
182        9.166400000000000103e-01
191        9.168000000000000593e-01
45         9.171599999999999753e-01
37         9.173000000000001153e-01
135        9.174999999999999822e-01
67         9.177600000000000202e-01
59         9.178600000000000092e-01
6          9.187800000000000411e-01
326        9.190199999999999481e-01
120        9.192000000000000171e-01
367        9.192599999999999660e-01
218        9.194400000000000350e-01
303        9.200399999999999689e-01
289        9.200600000000001000e-01
374        9.202799999999999869e-01
266        9.203600000000000669e-01
189        9.203999999999999959e-01
30         9.204600000000000559e-01
85         9.205400000000000249e-01
74         9.205800000000000649e-01
7          9.206400000000000139e-01
349        9.208000000000000629e-01
340        9.211000000000000298e-01
273        9.217000000000000748e-01
134        9.218000000000000638e-01
263        9.218999999999999417e-01
116        9.221800000000001107e-01
212        9.225200000000000067e-01
175        9.227800000000000447e-01
87         9.234200000000001296e-01
138        9.236400000000000166e-01
394        9.236800000000000566e-01
297        9.238800000000000345e-01
36         9.240800000000000125e-01
222        9.244400000000000395e-01
27         9.245600000000000485e-01
335        9.246400000000000174e-01
83         9.247200000000000975e-01
24         9.248600000000000154e-01
55         9.250399999999999734e-01
136        9.252000000000000224e-01
352        9.254200000000001314e-01
239        9.254800000000000804e-01
182        9.256600000000000383e-01
266        9.257600000000000273e-01
381        9.260000000000000453e-01
354        9.260399999999999743e-01
183        9.261800000000001143e-01
91         9.262400000000000633e-01
44         9.263000000000001233e-01
97         9.267000000000000792e-01
295        9.269600000000000062e-01
288        9.271800000000001152e-01
340        9.273400000000000531e-01
175        9.276400000000000201e-01
40         9.280199999999999561e-01
120        9.282599999999999740e-01
397        9.288800000000000390e-01
54         9.290399999999999769e-01
228        9.293000000000001259e-01
194        9.294400000000000439e-01
4          9.300000000000000488e-01
101        9.300000000000000488e-01
343        9.300000000000000488e-01
71         9.303799999999999848e-01
17         9.308999999999999497e-01
167        9.309800000000000297e-01
273        9.310000000000000497e-01
332        9.310399999999999787e-01
118        9.311200000000000587e-01
123        9.315200000000000147e-01
85         9.321800000000001196e-01
222        9.323200000000000376e-01
255        9.323600000000000776e-01
147        9.328400000000000025e-01
78         9.329200000000000825e-01
348        9.331200000000000605e-01
175        9.331800000000001205e-01
242        9.331800000000001205e-01
189        9.332000000000000295e-01
32         9.332400000000000695e-01
355        9.333600000000000785e-01
393        9.335400000000000365e-01
227        9.335800000000000765e-01
215        9.341200000000000614e-01
391        9.342599999999999794e-01
81         9.343200000000000394e-01
158        9.343200000000000394e-01
318        9.345400000000000373e-01
326        9.351200000000000623e-01
199        9.352400000000000713e-01
211        9.353000000000001313e-01
151        9.363400000000000611e-01
168        9.365600000000000591e-01
157        9.368200000000000971e-01
218        9.368200000000000971e-01
108        9.373400000000000620e-01
253        9.374800000000000910e-01
320        9.378200000000000980e-01
97         9.378600000000000270e-01
216        9.380399999999999849e-01
334        9.380399999999999849e-01
243        9.381399999999999739e-01
390        9.384200000000001429e-01
234        9.384400000000000519e-01
121        9.385000000000000009e-01
152        9.387000000000000899e-01
242        9.388200000000000989e-01
195        9.390199999999999658e-01
120        9.391200000000000658e-01
387        9.394600000000000728e-01
48         9.397400000000000198e-01
15         9.400800000000000267e-01
181        9.402000000000000357e-01
214        9.402200000000000557e-01
340        9.408600000000000296e-01
279        9.412800000000000056e-01
392        9.413600000000000856e-01
96         9.414600000000000746e-01
130        9.417600000000000415e-01
205        9.418999999999999595e-01
38         9.420600000000001195e-01
49         9.425399999999999334e-01
172        9.433200000000000474e-01
156        9.433400000000000674e-01
273        9.434200000000001474e-01
55         9.435000000000000053e-01
137        9.437000000000000943e-01
318        9.437200000000000033e-01
75         9.437400000000000233e-01
185        9.437400000000000233e-01
260        9.437600000000000433e-01
122        9.439600000000000213e-01
110        9.443200000000000482e-01
226        9.446599999999999442e-01
51         9.447600000000000442e-01
6          9.449400000000001132e-01
232        9.454799999999999871e-01
52         9.457200000000000051e-01
286        9.458600000000000341e-01
94         9.463400000000000700e-01
48         9.464400000000000590e-01
340        9.465200000000000280e-01
155        9.470800000000000329e-01
29         9.471600000000000019e-01
60         9.471600000000000019e-01
386        9.472800000000000109e-01
289        9.473200000000000509e-01
277        9.474000000000000199e-01
394        9.474799999999999889e-01
381        9.475200000000000289e-01
190        9.475800000000000889e-01
123        9.477200000000000069e-01
201        9.485600000000000698e-01
345        9.488800000000000567e-01
38         9.494200000000000417e-01
387        9.496599999999999486e-01
350        9.498600000000000376e-01
298        9.500199999999999756e-01
228        9.502399999999999736e-01
56         9.503400000000000736e-01
299        9.504000000000000226e-01
16         9.504400000000000626e-01
380        9.505600000000000716e-01
162        9.506200000000000205e-01
398        9.506200000000000205e-01
5          9.507400000000000295e-01
262        9.507799999999999585e-01
340        9.508999999999999675e-01
197        9.511800000000001365e-01
96         9.516400000000000414e-01
293        9.517200000000000104e-01
352        9.532000000000000473e-01
247        9.533400000000000762e-01
77         9.535200000000000342e-01
331        9.536200000000000232e-01
89         9.536599999999999522e-01
177        9.538999999999999702e-01
236        9.542599999999999971e-01
276        9.544000000000000261e-01
94         9.545399999999999441e-01
119        9.545600000000000751e-01
65         9.546800000000000841e-01
294        9.547000000000001041e-01
253        9.548600000000000421e-01
318        9.548600000000000421e-01
44         9.548999999999999710e-01
4          9.551399999999999890e-01
251        9.552599999999999980e-01
332        9.560600000000001319e-01
133        9.561000000000000609e-01
118        9.561199999999999699e-01
122        9.562399999999999789e-01
387        9.562599999999999989e-01
127        9.565200000000000369e-01
99         9.566400000000000459e-01
299        9.575200000000000378e-01
312        9.575800000000000978e-01
210        9.576599999999999557e-01
85         9.578000000000000957e-01
0          9.579400000000001247e-01
19         9.579600000000000337e-01
88         9.581000000000000627e-01
242        9.583800000000000097e-01
40         9.586400000000000476e-01
121        9.586800000000000876e-01
322        9.587400000000000366e-01
370        9.594600000000000906e-01
339        9.596800000000000885e-01
169        9.598200000000001175e-01
349        9.602200000000000735e-01
209        9.604000000000000314e-01
69         9.607000000000001094e-01
3          9.607799999999999674e-01
201        9.612399999999999833e-01
202        9.614000000000000323e-01
110        9.616000000000000103e-01
228        9.616000000000000103e-01
172        9.618600000000000483e-01
152        9.618800000000000683e-01
285        9.620600000000000263e-01
94         9.625800000000001022e-01
211        9.626000000000000112e-01
115        9.627600000000000602e-01
256        9.632000000000000561e-01
336        9.633000000000000451e-01
118        9.633400000000000851e-01
19         9.634200000000000541e-01
53         9.634400000000000741e-01
6          9.635000000000000231e-01
328        9.635000000000000231e-01
117        9.635600000000000831e-01
95         9.636200000000000321e-01
50         9.639200000000001101e-01
2          9.639600000000000390e-01
45         9.647000000000001130e-01
3          9.647400000000000420e-01
174        9.649200000000001110e-01
38         9.650400000000000089e-01
369        9.655200000000000449e-01
346        9.657200000000000228e-01
207        9.659800000000000608e-01
140        9.660199999999999898e-01
373        9.661600000000000188e-01
228        9.662800000000000278e-01
114        9.664400000000000768e-01
179        9.665399999999999547e-01
13         9.666200000000000347e-01
89         9.676200000000000356e-01
132        9.678000000000001046e-01
291        9.679600000000000426e-01
49         9.688000000000001055e-01
25         9.690800000000000525e-01
311        9.691400000000000015e-01
131        9.692200000000000815e-01
7          9.693400000000000905e-01
354        9.697600000000000664e-01
35         9.698400000000000354e-01
248        9.699200000000001154e-01
230        9.699600000000000444e-01
178        9.703000000000000513e-01
4          9.704000000000000403e-01
369        9.706000000000000183e-01
389        9.706000000000000183e-01
279        9.707400000000000473e-01
99         9.707799999999999763e-01
112        9.712800000000000322e-01
351        9.712800000000000322e-01
361        9.716000000000000192e-01
163        9.716800000000000992e-01
3          9.717400000000000482e-01
19         9.720199999999999951e-01
360        9.721600000000000241e-01
260        9.723200000000000731e-01
278        9.728400000000000380e-01
289        9.729400000000000270e-01
217        9.733200000000000740e-01
269        9.735200000000000520e-01
128        9.738200000000000189e-01
299        9.739600000000000479e-01
175        9.740400000000000169e-01
355        9.740600000000000369e-01
199        9.741800000000000459e-01
384        9.742399999999999949e-01
297        9.743800000000000239e-01
100        9.748600000000000598e-01
152        9.749400000000000288e-01
10         9.753200000000000758e-01
121        9.756800000000001027e-01
339        9.757400000000000517e-01
84         9.759200000000001207e-01
141        9.762200000000000877e-01
18         9.762600000000000167e-01
193        9.763800000000000257e-01
248        9.765000000000000346e-01
271        9.767000000000000126e-01
394        9.767000000000000126e-01
251        9.767599999999999616e-01
8          9.767799999999999816e-01
125        9.776599999999999735e-01
131        9.779999999999999805e-01
7          9.781400000000000095e-01
187        9.781400000000000095e-01
63         9.782600000000000184e-01
197        9.782800000000000384e-01
253        9.785000000000000364e-01
358        9.785200000000000564e-01
158        9.786000000000000254e-01
391        9.786599999999999744e-01
229        9.797200000000000353e-01
285        9.807599999999999651e-01
70         9.808000000000001162e-01
249        9.808000000000001162e-01
149        9.808999999999999941e-01
100        9.812400000000000011e-01
182        9.812400000000000011e-01
150        9.812600000000000211e-01
74         9.814800000000000191e-01
212        9.815000000000000391e-01
89         9.815800000000000081e-01
197        9.819400000000000350e-01
392        9.819600000000000550e-01
374        9.822800000000000420e-01
8          9.824000000000000510e-01
61         9.824600000000001110e-01
143        9.829800000000000759e-01
97         9.831600000000000339e-01
75         9.838200000000000278e-01
240        9.838400000000000478e-01
391        9.838999999999999968e-01
296        9.839400000000000368e-01
251        9.845000000000000417e-01
207        9.845400000000000817e-01
79         9.846399999999999597e-01
153        9.846800000000001107e-01
195        9.846800000000001107e-01
10         9.847000000000000197e-01
5          9.847000000000000197e-01
58         9.847000000000000197e-01
52         9.847000000000000197e-01
255        9.848400000000000487e-01
374        9.857400000000000606e-01
53         9.862800000000000455e-01
92         9.872400000000000064e-01
131        9.873999999999999444e-01
307        9.874800000000000244e-01
250        9.878000000000001224e-01
204        9.878400000000000514e-01
393        9.879000000000000004e-01
67         9.879800000000000804e-01
108        9.880600000000000493e-01
103        9.881400000000000183e-01
36         9.882200000000000983e-01
219        9.889200000000001323e-01
195        9.889800000000000813e-01
229        9.891000000000000902e-01
256        9.891800000000000592e-01
326        9.894200000000000772e-01
179        9.896200000000000552e-01
55         9.897799999999999931e-01
51         9.905000000000000471e-01
344        9.905400000000000871e-01
79         9.906599999999999850e-01
126        9.907799999999999940e-01
366        9.908200000000000340e-01
202        9.910600000000000520e-01
163        9.910800000000000720e-01
369        9.912000000000000810e-01
121        9.913200000000000900e-01
398        9.919600000000000639e-01
27         9.922200000000001019e-01
60         9.922400000000000109e-01
294        9.923800000000000399e-01
154        9.925000000000000488e-01
54         9.927599999999999758e-01
120        9.932200000000001028e-01
363        9.933600000000000207e-01
168        9.934200000000000808e-01
332        9.938000000000001277e-01
80         9.938200000000000367e-01
344        9.939200000000001367e-01
173        9.939999999999999947e-01
388        9.940400000000001457e-01
338        9.943800000000000416e-01
313        9.947599999999999776e-01
343        9.948799999999999866e-01
297        9.955600000000001115e-01
267        9.956200000000000605e-01
145        9.957799999999999985e-01
196        9.958000000000001295e-01
371        9.958400000000000585e-01
246        9.959000000000000075e-01
346        9.960800000000000765e-01
33         9.961599999999999344e-01
364        9.969000000000000083e-01
52         9.970800000000000773e-01
394        9.973200000000000953e-01
248        9.973400000000000043e-01
271        9.973800000000000443e-01
142        9.979800000000000892e-01
328        9.984800000000000342e-01
280        9.985199999999999632e-01
283        9.986200000000000632e-01
54         9.986599999999999921e-01
221        9.987800000000000011e-01
118        9.992799999999999461e-01
319        9.993400000000000061e-01
9          9.999400000000000510e-01
166        1.000280000000000058e+00
172        1.000380000000000047e+00
312        1.000420000000000087e+00
143        1.000439999999999996e+00
262        1.000480000000000036e+00
305        1.000480000000000036e+00
356        1.000480000000000036e+00
64         1.000520000000000076e+00
258        1.000520000000000076e+00
66         1.000599999999999934e+00
395        1.000700000000000145e+00
56         1.001219999999999999e+00
207        1.001619999999999955e+00
382        1.001640000000000086e+00
179        1.001920000000000144e+00
364        1.002220000000000111e+00
321        1.002800000000000136e+00
169        1.003079999999999972e+00
65         1.003220000000000001e+00
229        1.003240000000000132e+00
51         1.003340000000000121e+00
39         1.003480000000000150e+00
36         1.003560000000000008e+00
267        1.003779999999999895e+00
164        1.003859999999999975e+00
301        1.003920000000000146e+00
145        1.004220000000000113e+00
37         1.004300000000000193e+00
245        1.004520000000000080e+00
374        1.005160000000000053e+00
109        1.005200000000000093e+00
261        1.005200000000000093e+00
248        1.005420000000000202e+00
303        1.005440000000000111e+00
347        1.005920000000000147e+00
82         1.006040000000000045e+00
302        1.006220000000000114e+00
279        1.006460000000000132e+00
343        1.006680000000000019e+00
289        1.006800000000000139e+00
317        1.007060000000000066e+00
177        1.007079999999999975e+00
141        1.007300000000000084e+00
168        1.007660000000000000e+00
330        1.007719999999999949e+00
124        1.007820000000000160e+00
373        1.008580000000000032e+00
99         1.008760000000000101e+00
232        1.008860000000000090e+00
95         1.009020000000000028e+00
389        1.009560000000000013e+00
137        1.009600000000000053e+00
240        1.009820000000000162e+00
237        1.010099999999999998e+00
152        1.010180000000000078e+00
219        1.010199999999999987e+00
267        1.010259999999999936e+00
27         1.010359999999999925e+00
107        1.010979999999999990e+00
310        1.011300000000000088e+00
109        1.011319999999999997e+00
162        1.011340000000000128e+00
317        1.012000000000000011e+00
59         1.012040000000000051e+00
246        1.012180000000000080e+00
357        1.012300000000000200e+00
42         1.012580000000000036e+00
38         1.013000000000000123e+00
387        1.013020000000000032e+00
137        1.013340000000000130e+00
318        1.013360000000000039e+00
177        1.013940000000000063e+00
396        1.013940000000000063e+00
18         1.014040000000000052e+00
112        1.014240000000000030e+00
208        1.014320000000000110e+00
118        1.014460000000000139e+00
288        1.014460000000000139e+00
102        1.014680000000000026e+00
341        1.015300000000000091e+00
345        1.015640000000000098e+00
371        1.015719999999999956e+00
71         1.015800000000000036e+00
153        1.015900000000000025e+00
293        1.016159999999999952e+00
67         1.016199999999999992e+00
168        1.016220000000000123e+00
319        1.016700000000000159e+00
385        1.016820000000000057e+00
189        1.016839999999999966e+00
90         1.017139999999999933e+00
28         1.017180000000000195e+00
217        1.017519999999999980e+00
172        1.017540000000000111e+00
65         1.017740000000000089e+00
314        1.017840000000000078e+00
327        1.017859999999999987e+00
54         1.017880000000000118e+00
167        1.017920000000000158e+00
165        1.018299999999999983e+00
218        1.018440000000000012e+00
204        1.018499999999999961e+00
93         1.018860000000000099e+00
123        1.019040000000000168e+00
275        1.019079999999999986e+00
247        1.019179999999999975e+00
115        1.019519999999999982e+00
195        1.019760000000000000e+00
375        1.019820000000000171e+00
255        1.019900000000000029e+00
33         1.020599999999999952e+00
176        1.020680000000000032e+00
252        1.020680000000000032e+00
355        1.021220000000000017e+00
109        1.021419999999999995e+00
376        1.021519999999999984e+00
316        1.021800000000000042e+00
350        1.022080000000000100e+00
381        1.022080000000000100e+00
149        1.022320000000000118e+00
215        1.022659999999999902e+00
46         1.022680000000000033e+00
373        1.022880000000000011e+00
315        1.023100000000000120e+00
281        1.023139999999999938e+00
294        1.023200000000000109e+00
331        1.023360000000000047e+00
351        1.023700000000000054e+00
181        1.024019999999999930e+00
10         1.024240000000000039e+00
177        1.024520000000000097e+00
232        1.024520000000000097e+00
20         1.024880000000000235e+00
286        1.024960000000000093e+00
298        1.025059999999999860e+00
379        1.025079999999999991e+00
263        1.025360000000000049e+00
202        1.025599999999999845e+00
231        1.026059999999999972e+00
209        1.026299999999999990e+00
178        1.026360000000000161e+00
170        1.026480000000000059e+00
97         1.026499999999999968e+00
378        1.027179999999999982e+00
173        1.027239999999999931e+00
257        1.027440000000000131e+00
312        1.028240000000000043e+00
322        1.028259999999999952e+00
279        1.028420000000000112e+00
174        1.028440000000000021e+00
154        1.028760000000000119e+00
390        1.028900000000000148e+00
331        1.029039999999999955e+00
65         1.029220000000000024e+00
162        1.029579999999999940e+00
333        1.029680000000000151e+00
369        1.029819999999999958e+00
37         1.030000000000000027e+00
171        1.030059999999999976e+00
56         1.030319999999999903e+00
91         1.030360000000000165e+00
301        1.030559999999999921e+00
353        1.030680000000000041e+00
52         1.030780000000000030e+00
267        1.030960000000000099e+00
246        1.031380000000000186e+00
287        1.031420000000000003e+00
16         1.031880000000000130e+00
362        1.032040000000000068e+00
96         1.032559999999999922e+00
223        1.032819999999999849e+00
327        1.032880000000000020e+00
208        1.032999999999999918e+00
257        1.032999999999999918e+00
99         1.033079999999999998e+00
315        1.033079999999999998e+00
117        1.033220000000000027e+00
286        1.033220000000000027e+00
211        1.033299999999999885e+00
296        1.033440000000000136e+00
162        1.034499999999999975e+00
29         1.034559999999999924e+00
47         1.034580000000000055e+00
388        1.034720000000000084e+00
125        1.035080000000000000e+00
232        1.035160000000000080e+00
251        1.035179999999999989e+00
137        1.035200000000000120e+00
128        1.035260000000000069e+00
63         1.035959999999999992e+00
229        1.036280000000000090e+00
43         1.036400000000000210e+00
301        1.036680000000000046e+00
65         1.036939999999999973e+00
245        1.037220000000000031e+00
246        1.037660000000000027e+00
186        1.037680000000000158e+00
263        1.037740000000000107e+00
362        1.037900000000000045e+00
187        1.038019999999999943e+00
308        1.038059999999999983e+00
339        1.038160000000000194e+00
179        1.038580000000000059e+00
279        1.038660000000000139e+00
361        1.038720000000000088e+00
328        1.039220000000000033e+00
375        1.039700000000000069e+00
394        1.039779999999999927e+00
388        1.040000000000000036e+00
324        1.040079999999999893e+00
44         1.040120000000000156e+00
223        1.040300000000000002e+00
219        1.040460000000000163e+00
9          1.040579999999999838e+00
144        1.040720000000000089e+00
207        1.040739999999999998e+00
325        1.040739999999999998e+00
104        1.040780000000000038e+00
377        1.040780000000000038e+00
287        1.041360000000000063e+00
182        1.041880000000000139e+00
381        1.042019999999999946e+00
110        1.042100000000000026e+00
247        1.042100000000000026e+00
147        1.042380000000000084e+00
320        1.042380000000000084e+00
137        1.042440000000000033e+00
209        1.042620000000000102e+00
169        1.042720000000000091e+00
230        1.042939999999999978e+00
38         1.043080000000000007e+00
281        1.043099999999999916e+00
368        1.043120000000000047e+00
134        1.043740000000000112e+00
22         1.044019999999999948e+00
385        1.045360000000000067e+00
81         1.045440000000000147e+00
29         1.045460000000000056e+00
366        1.045479999999999965e+00
282        1.045500000000000096e+00
317        1.045719999999999983e+00
129        1.046240000000000059e+00
185        1.046280000000000099e+00
196        1.046460000000000168e+00
108        1.046559999999999935e+00
206        1.046699999999999964e+00
219        1.047140000000000182e+00
119        1.047220000000000040e+00
289        1.047260000000000080e+00
158        1.047299999999999898e+00
230        1.047299999999999898e+00
330        1.047339999999999938e+00
134        1.047400000000000109e+00
201        1.047440000000000149e+00
262        1.047440000000000149e+00
43         1.047460000000000058e+00
383        1.047479999999999967e+00
144        1.047539999999999916e+00
48         1.048720000000000097e+00
12         1.048819999999999864e+00
275        1.049080000000000013e+00
181        1.049220000000000041e+00
130        1.049299999999999899e+00
252        1.049520000000000008e+00
226        1.049980000000000135e+00
38         1.050019999999999953e+00
208        1.050180000000000113e+00
214        1.050519999999999898e+00
255        1.050839999999999996e+00
344        1.050839999999999996e+00
284        1.050960000000000116e+00
378        1.051020000000000065e+00
50         1.051080000000000014e+00
309        1.051299999999999901e+00
133        1.051539999999999919e+00
183        1.051620000000000221e+00
83         1.051719999999999988e+00
25         1.052019999999999955e+00
174        1.052280000000000104e+00
39         1.052400000000000002e+00
211        1.052740000000000009e+00
382        1.052900000000000169e+00
53         1.053420000000000023e+00
71         1.054040000000000088e+00
213        1.054100000000000037e+00
227        1.054160000000000208e+00
329        1.054180000000000117e+00
28         1.054300000000000015e+00
85         1.054360000000000186e+00
284        1.054459999999999953e+00
216        1.054579999999999851e+00
150        1.054640000000000022e+00
275        1.054819999999999869e+00
252        1.055440000000000156e+00
394        1.055640000000000134e+00
251        1.055719999999999992e+00
256        1.055819999999999981e+00
169        1.055880000000000152e+00
218        1.056079999999999908e+00
374        1.056380000000000097e+00
13         1.056519999999999904e+00
131        1.056720000000000104e+00
5          1.056780000000000053e+00
112        1.056799999999999962e+00
390        1.056980000000000031e+00
2          1.057039999999999980e+00
362        1.057039999999999980e+00
95         1.057160000000000100e+00
165        1.057860000000000245e+00
305        1.057900000000000063e+00
195        1.057920000000000194e+00
16         1.058200000000000029e+00
72         1.058799999999999963e+00
35         1.058840000000000003e+00
133        1.058960000000000123e+00
194        1.059059999999999890e+00
41         1.059140000000000192e+00
15         1.059260000000000090e+00
7          1.059779999999999944e+00
360        1.059779999999999944e+00
247        1.059819999999999984e+00
372        1.059819999999999984e+00
263        1.060519999999999907e+00
43         1.060599999999999987e+00
326        1.060819999999999874e+00
315        1.060960000000000125e+00
37         1.061080000000000023e+00
254        1.061180000000000012e+00
244        1.061460000000000070e+00
352        1.061640000000000139e+00
44         1.061660000000000048e+00
51         1.061819999999999986e+00
12         1.061839999999999895e+00
29         1.061920000000000197e+00
159        1.061920000000000197e+00
111        1.062040000000000095e+00
223        1.062099999999999822e+00
106        1.062500000000000000e+00
141        1.062740000000000018e+00
110        1.063599999999999879e+00
120        1.063700000000000090e+00
13         1.063800000000000079e+00
215        1.064200000000000035e+00
130        1.064319999999999933e+00
140        1.064440000000000053e+00
55         1.064519999999999911e+00
296        1.064819999999999878e+00
383        1.064939999999999998e+00
359        1.065059999999999896e+00
345        1.065200000000000147e+00
50         1.065220000000000056e+00
35         1.065339999999999954e+00
308        1.065380000000000216e+00
331        1.066300000000000026e+00
84         1.066500000000000004e+00
260        1.066579999999999862e+00
162        1.066660000000000164e+00
89         1.066780000000000062e+00
321        1.066860000000000142e+00
18         1.067099999999999937e+00
243        1.067220000000000057e+00
79         1.067560000000000064e+00
334        1.067640000000000144e+00
246        1.068300000000000027e+00
66         1.068440000000000056e+00
373        1.068440000000000056e+00
15         1.068540000000000045e+00
117        1.068620000000000125e+00
259        1.068780000000000063e+00
214        1.069059999999999899e+00
163        1.069099999999999939e+00
38         1.069160000000000110e+00
98         1.069200000000000150e+00
192        1.069299999999999917e+00
106        1.069339999999999957e+00
311        1.069380000000000219e+00
95         1.069460000000000077e+00
324        1.069460000000000077e+00
307        1.069500000000000117e+00
3          1.069539999999999935e+00
151        1.069560000000000066e+00
58         1.069900000000000073e+00
322        1.070259999999999989e+00
275        1.070960000000000134e+00
303        1.071039999999999992e+00
398        1.071400000000000130e+00
72         1.071779999999999955e+00
112        1.072519999999999918e+00
239        1.072559999999999958e+00
49         1.072640000000000038e+00
104        1.072699999999999987e+00
270        1.072699999999999987e+00
105        1.072799999999999976e+00
118        1.072940000000000005e+00
354        1.074000000000000066e+00
213        1.074079999999999924e+00
141        1.074120000000000186e+00
76         1.074360000000000204e+00
130        1.074540000000000051e+00
348        1.074720000000000120e+00
91         1.074860000000000149e+00
32         1.074880000000000058e+00
383        1.074900000000000189e+00
380        1.075200000000000156e+00
110        1.075239999999999974e+00
365        1.075380000000000225e+00
107        1.075460000000000083e+00
257        1.075539999999999941e+00
276        1.075579999999999981e+00
129        1.075900000000000079e+00
204        1.076200000000000045e+00
227        1.076240000000000085e+00
222        1.076279999999999903e+00
24         1.076300000000000034e+00
377        1.076319999999999943e+00
188        1.076459999999999972e+00
243        1.076600000000000001e+00
278        1.076720000000000121e+00
387        1.077220000000000066e+00
253        1.077239999999999975e+00
63         1.078060000000000018e+00
390        1.078140000000000098e+00
101        1.078160000000000007e+00
201        1.078360000000000207e+00
250        1.078400000000000025e+00
88         1.078440000000000065e+00
180        1.078540000000000054e+00
231        1.078579999999999872e+00
61         1.078720000000000123e+00
73         1.078759999999999941e+00
27         1.079260000000000108e+00
264        1.079299999999999926e+00
325        1.079400000000000137e+00
103        1.079440000000000177e+00
283        1.080019999999999980e+00
247        1.080240000000000089e+00
266        1.080860000000000154e+00
80         1.081080000000000041e+00
237        1.081339999999999968e+00
284        1.081620000000000248e+00
134        1.081779999999999964e+00
292        1.081779999999999964e+00
174        1.081960000000000033e+00
381        1.082240000000000091e+00
166        1.082860000000000156e+00
271        1.083040000000000003e+00
179        1.083059999999999912e+00
93         1.083599999999999897e+00
279        1.083660000000000068e+00
78         1.083679999999999977e+00
20         1.083700000000000108e+00
283        1.083820000000000006e+00
81         1.083839999999999915e+00
0          1.083860000000000046e+00
320        1.083880000000000177e+00
132        1.083979999999999944e+00
254        1.083979999999999944e+00
128        1.084019999999999984e+00
119        1.084039999999999893e+00
390        1.084180000000000144e+00
186        1.084519999999999929e+00
324        1.084799999999999986e+00
11         1.085160000000000124e+00
193        1.085320000000000062e+00
236        1.085360000000000102e+00
3          1.085500000000000131e+00
205        1.085539999999999949e+00
262        1.086219999999999963e+00
183        1.086540000000000061e+00
373        1.086579999999999879e+00
327        1.086840000000000028e+00
381        1.086960000000000148e+00
261        1.087099999999999955e+00
51         1.087180000000000035e+00
239        1.087620000000000031e+00
16         1.087640000000000162e+00
39         1.087700000000000111e+00
160        1.087860000000000049e+00
44         1.088319999999999954e+00
24         1.088360000000000216e+00
89         1.088780000000000081e+00
190        1.088799999999999990e+00
386        1.088860000000000161e+00
153        1.088980000000000059e+00
397        1.088980000000000059e+00
331        1.089080000000000048e+00
363        1.089120000000000088e+00
266        1.089260000000000117e+00
279        1.089559999999999862e+00
310        1.089739999999999931e+00
247        1.089820000000000011e+00
385        1.089839999999999920e+00
231        1.089979999999999949e+00
108        1.090240000000000098e+00
184        1.090940000000000021e+00
69         1.091339999999999977e+00
218        1.091579999999999995e+00
202        1.091620000000000035e+00
121        1.091640000000000166e+00
52         1.091679999999999984e+00
143        1.091739999999999933e+00
299        1.092099999999999849e+00
308        1.092799999999999994e+00
285        1.092900000000000205e+00
286        1.092940000000000023e+00
390        1.092960000000000154e+00
255        1.093040000000000012e+00
58         1.093320000000000070e+00
44         1.093920000000000003e+00
343        1.094000000000000083e+00
190        1.094240000000000101e+00
324        1.094400000000000039e+00
373        1.094440000000000079e+00
16         1.094700000000000006e+00
74         1.094840000000000035e+00
281        1.094860000000000166e+00
358        1.094920000000000115e+00
131        1.095020000000000104e+00
134        1.095319999999999849e+00
67         1.095380000000000242e+00
246        1.095559999999999867e+00
357        1.095559999999999867e+00
31         1.095640000000000169e+00
73         1.096420000000000172e+00
363        1.096620000000000150e+00
103        1.096780000000000088e+00
191        1.096799999999999997e+00
302        1.096840000000000037e+00
76         1.096960000000000157e+00
127        1.097080000000000055e+00
135        1.097180000000000044e+00
321        1.097739999999999938e+00
381        1.097739999999999938e+00
204        1.097880000000000189e+00
102        1.098440000000000083e+00
184        1.098540000000000072e+00
59         1.098600000000000243e+00
365        1.098799999999999999e+00
80         1.099020000000000108e+00
189        1.099259999999999904e+00
271        1.099339999999999984e+00
235        1.099400000000000155e+00
0          1.099600000000000133e+00
107        1.099600000000000133e+00
328        1.099839999999999929e+00
149        1.099860000000000060e+00
67         1.100380000000000136e+00
4          1.100620000000000154e+00
372        1.100740000000000052e+00
123        1.100800000000000001e+00
225        1.101259999999999906e+00
27         1.101319999999999855e+00
360        1.101319999999999855e+00
287        1.101400000000000157e+00
308        1.101400000000000157e+00
394        1.101420000000000066e+00
81         1.101539999999999964e+00
169        1.102180000000000160e+00
155        1.102459999999999996e+00
40         1.102579999999999893e+00
48         1.102680000000000105e+00
233        1.103120000000000100e+00
348        1.103199999999999958e+00
249        1.103239999999999998e+00
74         1.103280000000000038e+00
288        1.103280000000000038e+00
218        1.103319999999999856e+00
148        1.103420000000000067e+00
68         1.103439999999999976e+00
100        1.103539999999999965e+00
167        1.103760000000000074e+00
22         1.104640000000000066e+00
303        1.104819999999999913e+00
251        1.104880000000000084e+00
125        1.105120000000000102e+00
54         1.105839999999999934e+00
35         1.106039999999999912e+00
228        1.106459999999999999e+00
128        1.106640000000000068e+00
234        1.106660000000000199e+00
188        1.106700000000000017e+00
268        1.106720000000000148e+00
24         1.106740000000000057e+00
243        1.106740000000000057e+00
90         1.106759999999999966e+00
322        1.106999999999999984e+00
178        1.107280000000000042e+00
74         1.107319999999999860e+00
31         1.107360000000000122e+00
330        1.107400000000000162e+00
63         1.107580000000000009e+00
172        1.107920000000000016e+00
118        1.108519999999999950e+00
137        1.108540000000000081e+00
331        1.108579999999999899e+00
136        1.108600000000000252e+00
219        1.108860000000000179e+00
27         1.109100000000000197e+00
193        1.109120000000000106e+00
393        1.109280000000000044e+00
39         1.109319999999999862e+00
127        1.109600000000000142e+00
65         1.109779999999999989e+00
113        1.110039999999999916e+00
14         1.110060000000000047e+00
301        1.110500000000000043e+00
201        1.110640000000000072e+00
109        1.110660000000000203e+00
264        1.110940000000000039e+00
228        1.111059999999999937e+00
160        1.111280000000000046e+00
212        1.111580000000000013e+00
167        1.111700000000000133e+00
352        1.111900000000000110e+00
60         1.112279999999999935e+00
380        1.112319999999999975e+00
355        1.112660000000000204e+00
259        1.112819999999999920e+00
22         1.113199999999999967e+00
330        1.113339999999999996e+00
371        1.113380000000000036e+00
325        1.113620000000000054e+00
368        1.113820000000000032e+00
258        1.113900000000000112e+00
174        1.114039999999999919e+00
7          1.114519999999999955e+00
195        1.114839999999999831e+00
212        1.114880000000000093e+00
357        1.114940000000000042e+00
53         1.114959999999999951e+00
14         1.115100000000000202e+00
54         1.115160000000000151e+00
68         1.115240000000000009e+00
48         1.115400000000000169e+00
10         1.115640000000000187e+00
228        1.115640000000000187e+00
93         1.116079999999999961e+00
322        1.116120000000000223e+00
167        1.116140000000000132e+00
334        1.116380000000000150e+00
185        1.116579999999999906e+00
242        1.116959999999999953e+00
44         1.117400000000000171e+00
394        1.117520000000000069e+00
255        1.117580000000000018e+00
379        1.117900000000000116e+00
323        1.118020000000000014e+00
245        1.118319999999999981e+00
329        1.118400000000000061e+00
178        1.118620000000000170e+00
1          1.118920000000000137e+00
209        1.118920000000000137e+00
283        1.119040000000000035e+00
105        1.119400000000000173e+00
122        1.119660000000000100e+00
219        1.119940000000000158e+00
168        1.119979999999999976e+00
134        1.120420000000000194e+00
188        1.120420000000000194e+00
104        1.120660000000000212e+00
151        1.120839999999999836e+00
109        1.120999999999999996e+00
361        1.121079999999999854e+00
124        1.121140000000000025e+00
230        1.121259999999999923e+00
277        1.121319999999999872e+00
299        1.121340000000000003e+00
43         1.121360000000000134e+00
201        1.121439999999999992e+00
126        1.121960000000000068e+00
269        1.122279999999999944e+00
101        1.122380000000000155e+00
26         1.122420000000000195e+00
34         1.122420000000000195e+00
320        1.122620000000000173e+00
238        1.122959999999999958e+00
385        1.122959999999999958e+00
272        1.123059999999999947e+00
333        1.123140000000000027e+00
212        1.123400000000000176e+00
19         1.124039999999999928e+00
207        1.124260000000000037e+00
40         1.124279999999999946e+00
128        1.124600000000000266e+00
386        1.124959999999999960e+00
319        1.124980000000000091e+00
137        1.125120000000000120e+00
314        1.125299999999999967e+00
170        1.125340000000000007e+00
117        1.125799999999999912e+00
156        1.126219999999999999e+00
318        1.126460000000000017e+00
247        1.126600000000000268e+00
224        1.126620000000000177e+00
395        1.126700000000000035e+00
381        1.126900000000000013e+00
213        1.126920000000000144e+00
340        1.127019999999999911e+00
265        1.127040000000000042e+00
119        1.127100000000000213e+00
365        1.127140000000000031e+00
35         1.128039999999999932e+00
183        1.128180000000000183e+00
298        1.128380000000000161e+00
270        1.128819999999999935e+00
391        1.128900000000000015e+00
3          1.128940000000000055e+00
21         1.129059999999999953e+00
117        1.129280000000000062e+00
312        1.129600000000000160e+00
204        1.129640000000000200e+00
248        1.129720000000000057e+00
130        1.129739999999999966e+00
206        1.129880000000000217e+00
95         1.130000000000000115e+00
349        1.130000000000000115e+00
256        1.130020000000000024e+00
247        1.130160000000000053e+00
258        1.130440000000000111e+00
332        1.130640000000000089e+00
340        1.130900000000000016e+00
348        1.131160000000000165e+00
151        1.131440000000000001e+00
44         1.131660000000000110e+00
396        1.131760000000000099e+00
240        1.132020000000000026e+00
286        1.132020000000000026e+00
186        1.132180000000000186e+00
307        1.132740000000000080e+00
255        1.133000000000000007e+00
390        1.133140000000000036e+00
15         1.133280000000000065e+00
49         1.133380000000000054e+00
338        1.133660000000000112e+00
284        1.133700000000000152e+00
352        1.133700000000000152e+00
6          1.133960000000000079e+00
182        1.134620000000000184e+00
303        1.135040000000000049e+00
272        1.135280000000000067e+00
370        1.135319999999999885e+00
207        1.135600000000000165e+00
336        1.135799999999999921e+00
91         1.135880000000000223e+00
81         1.136000000000000121e+00
54         1.136160000000000059e+00
331        1.136220000000000008e+00
295        1.136300000000000088e+00
362        1.136959999999999971e+00
163        1.137059999999999960e+00
15         1.137220000000000120e+00
158        1.137259999999999938e+00
262        1.137280000000000069e+00
281        1.137499999999999956e+00
165        1.137620000000000076e+00
213        1.137620000000000076e+00
385        1.137680000000000025e+00
374        1.137799999999999923e+00
34         1.137860000000000094e+00
393        1.137860000000000094e+00
32         1.137940000000000174e+00
150        1.138100000000000112e+00
239        1.138200000000000101e+00
90         1.138900000000000023e+00
4          1.138940000000000063e+00
255        1.139680000000000026e+00
348        1.139680000000000026e+00
379        1.139780000000000015e+00
125        1.140020000000000033e+00
174        1.140500000000000069e+00
391        1.140620000000000189e+00
363        1.140680000000000138e+00
299        1.140719999999999956e+00
194        1.140740000000000087e+00
184        1.140779999999999905e+00
129        1.141340000000000021e+00
281        1.141360000000000152e+00
49         1.141440000000000010e+00
17         1.142519999999999980e+00
199        1.142579999999999929e+00
135        1.142740000000000089e+00
333        1.142860000000000209e+00
144        1.142880000000000118e+00
231        1.142980000000000107e+00
216        1.143019999999999925e+00
301        1.143019999999999925e+00
239        1.143059999999999965e+00
74         1.143120000000000136e+00
330        1.143280000000000074e+00
80         1.143340000000000023e+00
218        1.143440000000000012e+00
267        1.144039999999999946e+00
368        1.144060000000000077e+00
356        1.144100000000000117e+00
321        1.144160000000000066e+00
352        1.144260000000000055e+00
293        1.144380000000000175e+00
390        1.144880000000000120e+00
118        1.145420000000000105e+00
106        1.145480000000000054e+00
217        1.145640000000000214e+00
261        1.146000000000000130e+00
294        1.146000000000000130e+00
274        1.146160000000000068e+00
164        1.146279999999999966e+00
351        1.146279999999999966e+00
32         1.146320000000000006e+00
229        1.146579999999999933e+00
372        1.146900000000000031e+00
208        1.147040000000000060e+00
284        1.147540000000000004e+00
318        1.147860000000000102e+00
95         1.147920000000000051e+00
64         1.148500000000000076e+00
61         1.148600000000000065e+00
369        1.148640000000000105e+00
125        1.148700000000000054e+00
192        1.148860000000000214e+00
317        1.149059999999999970e+00
241        1.149199999999999999e+00
76         1.149360000000000159e+00
173        1.149640000000000217e+00
88         1.150179999999999980e+00
247        1.150239999999999929e+00
186        1.150299999999999878e+00
54         1.150620000000000198e+00
5          1.150740000000000096e+00
288        1.151140000000000052e+00
166        1.151620000000000088e+00
244        1.151680000000000037e+00
12         1.151760000000000117e+00
0          1.151780000000000026e+00
85         1.151780000000000026e+00
327        1.151820000000000066e+00
324        1.152500000000000080e+00
139        1.152600000000000069e+00
270        1.152779999999999916e+00
264        1.153120000000000145e+00
342        1.153140000000000054e+00
59         1.153360000000000163e+00
197        1.153360000000000163e+00
341        1.153660000000000130e+00
165        1.153700000000000170e+00
280        1.153720000000000079e+00
249        1.153960000000000097e+00
246        1.153960000000000097e+00
286        1.153980000000000006e+00
333        1.154560000000000031e+00
340        1.154940000000000078e+00
11         1.154980000000000118e+00
251        1.155059999999999976e+00
106        1.155319999999999903e+00
59         1.155999999999999917e+00
331        1.156339999999999923e+00
228        1.156380000000000186e+00
199        1.156460000000000043e+00
311        1.156779999999999919e+00
265        1.157019999999999937e+00
293        1.157079999999999886e+00
217        1.157160000000000188e+00
309        1.157400000000000206e+00
272        1.157420000000000115e+00
290        1.157420000000000115e+00
192        1.157480000000000064e+00
164        1.157799999999999940e+00
255        1.158440000000000136e+00
119        1.158460000000000045e+00
224        1.158519999999999994e+00
66         1.158680000000000154e+00
115        1.158819999999999961e+00
313        1.158839999999999870e+00
182        1.158860000000000223e+00
51         1.158880000000000132e+00
223        1.158880000000000132e+00
277        1.158880000000000132e+00
233        1.159019999999999939e+00
365        1.159059999999999979e+00
145        1.159100000000000241e+00
106        1.159140000000000059e+00
280        1.160400000000000098e+00
40         1.160500000000000087e+00
169        1.160640000000000116e+00
252        1.160660000000000025e+00
34         1.160700000000000065e+00
20         1.161340000000000039e+00
293        1.161460000000000159e+00
152        1.161499999999999977e+00
36         1.162020000000000053e+00
105        1.162239999999999940e+00
63         1.162880000000000136e+00
73         1.163079999999999892e+00
267        1.163160000000000194e+00
25         1.163220000000000143e+00
0          1.163280000000000092e+00
370        1.163559999999999928e+00
62         1.163799999999999946e+00
187        1.163880000000000026e+00
231        1.163880000000000026e+00
5          1.164020000000000055e+00
371        1.164059999999999873e+00
256        1.164080000000000004e+00
2          1.164100000000000135e+00
47         1.164120000000000044e+00
362        1.164299999999999891e+00
98         1.164420000000000011e+00
214        1.165040000000000076e+00
387        1.165440000000000031e+00
145        1.165480000000000071e+00
20         1.165819999999999856e+00
120        1.166380000000000194e+00
148        1.166420000000000012e+00
168        1.166779999999999928e+00
57         1.166800000000000059e+00
272        1.166819999999999968e+00
115        1.166900000000000048e+00
304        1.167180000000000106e+00
232        1.167259999999999964e+00
15         1.167400000000000215e+00
202        1.167520000000000113e+00
178        1.167540000000000022e+00
9          1.167699999999999960e+00
265        1.167720000000000091e+00
21         1.167759999999999909e+00
42         1.167819999999999858e+00
96         1.168320000000000025e+00
32         1.168400000000000105e+00
360        1.169460000000000166e+00
347        1.169699999999999962e+00
220        1.169799999999999951e+00
350        1.169920000000000071e+00
37         1.169980000000000020e+00
155        1.169999999999999929e+00
125        1.170460000000000056e+00
239        1.170460000000000056e+00
61         1.170500000000000096e+00
313        1.170500000000000096e+00
147        1.170880000000000143e+00
382        1.171019999999999950e+00
153        1.171180000000000110e+00
132        1.171380000000000088e+00
87         1.171460000000000168e+00
237        1.171900000000000164e+00
395        1.171920000000000073e+00
178        1.172220000000000040e+00
11         1.172600000000000087e+00
244        1.172920000000000185e+00
310        1.173000000000000043e+00
133        1.173059999999999992e+00
191        1.173079999999999901e+00
231        1.173120000000000163e+00
28         1.173220000000000152e+00
52         1.173240000000000061e+00
186        1.173720000000000097e+00
205        1.173960000000000115e+00
120        1.174420000000000019e+00
152        1.174740000000000117e+00
155        1.174800000000000066e+00
43         1.174819999999999975e+00
245        1.174960000000000004e+00
88         1.175720000000000098e+00
161        1.175819999999999865e+00
73         1.176080000000000014e+00
190        1.176120000000000054e+00
365        1.176180000000000003e+00
359        1.176600000000000090e+00
267        1.176700000000000079e+00
290        1.176819999999999977e+00
197        1.176920000000000188e+00
41         1.176980000000000137e+00
217        1.177059999999999995e+00
134        1.177140000000000075e+00
71         1.177180000000000115e+00
201        1.177380000000000093e+00
99         1.177640000000000020e+00
216        1.177740000000000009e+00
266        1.177740000000000009e+00
379        1.177819999999999867e+00
299        1.177860000000000129e+00
57         1.178059999999999885e+00
69         1.178479999999999972e+00
152        1.178539999999999921e+00
60         1.179019999999999957e+00
5          1.179140000000000077e+00
349        1.179180000000000117e+00
298        1.179220000000000157e+00
62         1.179840000000000000e+00
43         1.179840000000000000e+00
184        1.180160000000000098e+00
175        1.180220000000000047e+00
235        1.180220000000000047e+00
326        1.180660000000000043e+00
305        1.180819999999999981e+00
203        1.181019999999999959e+00
72         1.181620000000000115e+00
90         1.181759999999999922e+00
177        1.181799999999999962e+00
195        1.182100000000000151e+00
154        1.182600000000000096e+00
264        1.182819999999999983e+00
219        1.182839999999999892e+00
397        1.182980000000000143e+00
36         1.183000000000000052e+00
281        1.183019999999999960e+00
165        1.183040000000000092e+00
362        1.183180000000000121e+00
369        1.183319999999999927e+00
320        1.183380000000000098e+00
224        1.183600000000000207e+00
302        1.184160000000000101e+00
286        1.184440000000000159e+00
185        1.184700000000000086e+00
314        1.185279999999999889e+00
130        1.185319999999999929e+00
54         1.185480000000000089e+00
160        1.185480000000000089e+00
52         1.185499999999999998e+00
321        1.185559999999999947e+00
132        1.185699999999999976e+00
32         1.186120000000000063e+00
330        1.186560000000000059e+00
249        1.186620000000000230e+00
349        1.186700000000000088e+00
196        1.186719999999999997e+00
183        1.187180000000000124e+00
58         1.187200000000000033e+00
319        1.187319999999999931e+00
60         1.187400000000000011e+00
387        1.187420000000000142e+00
329        1.187480000000000091e+00
331        1.187880000000000047e+00
191        1.188100000000000156e+00
66         1.188180000000000014e+00
302        1.188239999999999963e+00
242        1.188299999999999912e+00
283        1.188420000000000032e+00
298        1.188440000000000163e+00
148        1.188460000000000072e+00
180        1.189000000000000057e+00
361        1.189120000000000177e+00
202        1.189200000000000035e+00
212        1.189279999999999893e+00
69         1.189640000000000031e+00
270        1.189799999999999969e+00
342        1.189920000000000089e+00
260        1.190020000000000078e+00
228        1.190100000000000158e+00
99         1.190260000000000096e+00
33         1.190720000000000001e+00
289        1.191200000000000037e+00
281        1.191240000000000077e+00
11         1.191480000000000095e+00
272        1.191579999999999862e+00
313        1.191740000000000022e+00
91         1.191999999999999948e+00
174        1.192140000000000200e+00
336        1.192180000000000017e+00
385        1.192420000000000035e+00
382        1.192479999999999984e+00
170        1.192500000000000115e+00
292        1.192600000000000104e+00
192        1.192819999999999991e+00
371        1.193640000000000034e+00
221        1.193780000000000063e+00
193        1.194039999999999990e+00
301        1.194059999999999899e+00
213        1.194160000000000110e+00
107        1.194400000000000128e+00
72         1.194740000000000135e+00
19         1.195180000000000131e+00
148        1.195300000000000029e+00
66         1.195579999999999865e+00
376        1.195799999999999974e+00
169        1.195940000000000003e+00
186        1.195980000000000043e+00
310        1.195980000000000043e+00
84         1.196220000000000061e+00
62         1.196920000000000206e+00
24         1.197100000000000053e+00
313        1.197100000000000053e+00
78         1.197200000000000042e+00
111        1.197200000000000042e+00
112        1.197480000000000100e+00
348        1.197720000000000118e+00
157        1.197759999999999936e+00
94         1.197940000000000005e+00
389        1.197940000000000005e+00
218        1.198059999999999903e+00
235        1.198180000000000023e+00
1          1.198339999999999961e+00
243        1.198380000000000223e+00
365        1.198479999999999990e+00
9          1.199319999999999942e+00
48         1.199620000000000131e+00
3          1.199740000000000029e+00
395        1.199759999999999938e+00
253        1.199960000000000138e+00
303        1.199980000000000047e+00
349        1.200620000000000243e+00
189        1.200640000000000152e+00
256        1.200779999999999959e+00
313        1.200940000000000119e+00
49         1.201060000000000016e+00
110        1.201200000000000045e+00
145        1.201500000000000012e+00
374        1.201579999999999870e+00
100        1.201680000000000081e+00
347        1.201759999999999939e+00
310        1.201880000000000059e+00
72         1.201900000000000190e+00
70         1.201980000000000048e+00
307        1.202100000000000168e+00
23         1.202460000000000084e+00
196        1.202940000000000120e+00
371        1.203699999999999992e+00
301        1.203920000000000101e+00
188        1.203940000000000010e+00
157        1.203980000000000050e+00
113        1.203999999999999959e+00
151        1.204100000000000170e+00
121        1.204400000000000137e+00
27         1.204539999999999944e+00
219        1.204640000000000155e+00
22         1.204720000000000013e+00
275        1.204839999999999911e+00
155        1.205140000000000100e+00
246        1.205240000000000089e+00
237        1.205380000000000118e+00
133        1.205860000000000154e+00
153        1.205920000000000103e+00
198        1.206059999999999910e+00
384        1.206120000000000081e+00
163        1.206380000000000230e+00
56         1.206440000000000179e+00
281        1.206680000000000197e+00
372        1.206720000000000015e+00
86         1.206820000000000004e+00
116        1.206900000000000084e+00
175        1.206919999999999993e+00
69         1.207000000000000073e+00
128        1.207060000000000022e+00
256        1.207180000000000142e+00
331        1.207219999999999960e+00
80         1.207540000000000058e+00
193        1.207559999999999967e+00
243        1.207559999999999967e+00
99         1.208059999999999912e+00
123        1.208820000000000006e+00
309        1.209219999999999962e+00
147        1.209420000000000162e+00
234        1.209540000000000060e+00
362        1.209819999999999895e+00
106        1.209960000000000147e+00
316        1.209980000000000055e+00
290        1.210059999999999913e+00
121        1.210180000000000033e+00
260        1.210220000000000073e+00
204        1.210400000000000142e+00
145        1.210460000000000091e+00
387        1.211240000000000094e+00
334        1.211540000000000061e+00
327        1.211720000000000130e+00
397        1.211999999999999966e+00
259        1.212140000000000217e+00
88         1.212299999999999933e+00
363        1.212520000000000042e+00
38         1.212779999999999969e+00
144        1.213219999999999965e+00
30         1.213279999999999914e+00
71         1.213980000000000059e+00
49         1.214059999999999917e+00
384        1.214100000000000179e+00
255        1.214160000000000128e+00
301        1.214260000000000117e+00
226        1.214320000000000066e+00
69         1.214380000000000237e+00
292        1.214679999999999982e+00
46         1.214779999999999971e+00
382        1.214979999999999949e+00
54         1.215120000000000200e+00
168        1.215380000000000127e+00
62         1.215759999999999952e+00
329        1.215960000000000152e+00
150        1.216200000000000170e+00
302        1.216380000000000239e+00
353        1.216380000000000239e+00
166        1.216620000000000035e+00
133        1.216739999999999933e+00
236        1.216920000000000002e+00
370        1.216979999999999951e+00
93         1.217240000000000100e+00
10         1.217260000000000009e+00
79         1.217540000000000067e+00
112        1.217780000000000085e+00
15         1.217840000000000034e+00
239        1.217860000000000165e+00
240        1.217960000000000154e+00
134        1.218220000000000081e+00
164        1.218820000000000014e+00
48         1.218960000000000043e+00
39         1.219079999999999941e+00
126        1.219279999999999919e+00
351        1.219279999999999919e+00
280        1.219380000000000130e+00
360        1.219380000000000130e+00
200        1.219400000000000039e+00
343        1.219680000000000097e+00
355        1.220420000000000060e+00
232        1.220480000000000009e+00
308        1.220760000000000067e+00
123        1.220839999999999925e+00
19         1.221100000000000074e+00
367        1.221260000000000012e+00
42         1.221300000000000052e+00
399        1.221339999999999870e+00
119        1.221519999999999939e+00
312        1.221780000000000088e+00
272        1.221940000000000026e+00
261        1.222180000000000044e+00
301        1.222260000000000124e+00
196        1.222339999999999982e+00
389        1.223240000000000105e+00
249        1.223319999999999963e+00
50         1.223360000000000225e+00
105        1.223380000000000134e+00
166        1.223400000000000043e+00
292        1.223519999999999941e+00
124        1.223540000000000072e+00
174        1.223600000000000243e+00
303        1.223799999999999999e+00
326        1.224280000000000035e+00
319        1.224339999999999984e+00
323        1.224580000000000002e+00
51         1.224760000000000071e+00
206        1.224839999999999929e+00
70         1.224979999999999958e+00
164        1.225039999999999907e+00
31         1.225160000000000027e+00
125        1.225260000000000016e+00
45         1.225440000000000085e+00
320        1.225640000000000063e+00
144        1.225819999999999910e+00
44         1.226140000000000230e+00
336        1.226299999999999946e+00
98         1.226360000000000117e+00
141        1.226480000000000015e+00
160        1.226839999999999931e+00
375        1.227000000000000091e+00
61         1.227060000000000040e+00
76         1.227200000000000069e+00
389        1.227319999999999967e+00
351        1.227840000000000042e+00
176        1.227860000000000174e+00
165        1.228080000000000060e+00
253        1.228140000000000231e+00
1          1.228239999999999998e+00
322        1.228280000000000038e+00
214        1.228499999999999925e+00
122        1.228660000000000085e+00
99         1.229079999999999950e+00
247        1.229140000000000121e+00
317        1.229140000000000121e+00
136        1.229720000000000146e+00
56         1.229800000000000004e+00
336        1.230400000000000160e+00
197        1.230640000000000178e+00
374        1.230720000000000036e+00
308        1.230880000000000196e+00
385        1.230880000000000196e+00
107        1.231020000000000003e+00
182        1.231120000000000214e+00
251        1.231640000000000068e+00
319        1.231640000000000068e+00
28         1.231819999999999915e+00
233        1.231840000000000046e+00
329        1.231880000000000086e+00
3          1.231960000000000166e+00
170        1.232220000000000093e+00
124        1.232460000000000111e+00
264        1.232760000000000078e+00
32         1.233219999999999983e+00
338        1.233219999999999983e+00
14         1.233240000000000114e+00
277        1.233240000000000114e+00
226        1.233319999999999972e+00
4          1.233339999999999881e+00
114        1.233460000000000001e+00
261        1.233480000000000132e+00
290        1.233540000000000081e+00
94         1.233559999999999990e+00
198        1.234040000000000026e+00
118        1.234059999999999935e+00
340        1.234319999999999862e+00
151        1.235319999999999974e+00
1          1.235480000000000134e+00
73         1.236120000000000108e+00
23         1.236339999999999995e+00
244        1.236420000000000075e+00
13         1.236580000000000013e+00
59         1.236720000000000041e+00
60         1.236920000000000019e+00
363        1.237279999999999935e+00
79         1.237480000000000135e+00
37         1.237600000000000255e+00
8          1.237620000000000164e+00
288        1.237620000000000164e+00
74         1.237640000000000073e+00
378        1.237680000000000113e+00
63         1.237740000000000062e+00
291        1.238520000000000065e+00
47         1.238559999999999883e+00
137        1.239020000000000010e+00
242        1.239200000000000079e+00
311        1.239339999999999886e+00
379        1.239620000000000166e+00
249        1.239680000000000115e+00
229        1.239700000000000024e+00
109        1.239800000000000013e+00
141        1.239800000000000013e+00
155        1.239840000000000053e+00
114        1.239880000000000093e+00
323        1.239900000000000224e+00
58         1.240559999999999885e+00
85         1.240620000000000056e+00
66         1.240799999999999903e+00
35         1.240940000000000154e+00
0          1.241200000000000081e+00
264        1.241319999999999979e+00
42         1.241339999999999888e+00
399        1.241480000000000139e+00
197        1.241680000000000117e+00
39         1.241800000000000015e+00
303        1.241840000000000055e+00
206        1.242439999999999989e+00
79         1.242660000000000098e+00
349        1.243260000000000032e+00
220        1.243339999999999890e+00
300        1.243440000000000101e+00
256        1.243540000000000090e+00
9          1.243680000000000119e+00
64         1.243839999999999835e+00
28         1.244100000000000206e+00
219        1.244140000000000024e+00
3          1.244220000000000104e+00
228        1.244400000000000173e+00
364        1.244400000000000173e+00
124        1.244539999999999980e+00
312        1.244760000000000089e+00
104        1.244860000000000078e+00
262        1.244960000000000067e+00
22         1.245400000000000063e+00
119        1.245720000000000161e+00
179        1.246620000000000061e+00
289        1.246739999999999959e+00
203        1.246779999999999999e+00
182        1.246880000000000210e+00
379        1.246880000000000210e+00
399        1.246940000000000159e+00
214        1.246960000000000068e+00
25         1.247400000000000064e+00
378        1.247680000000000122e+00
37         1.248019999999999907e+00
372        1.248079999999999856e+00
183        1.248199999999999976e+00
65         1.248420000000000085e+00
209        1.248420000000000085e+00
33         1.248460000000000125e+00
45         1.248539999999999983e+00
75         1.248860000000000081e+00
62         1.248900000000000121e+00
244        1.249100000000000099e+00
303        1.249200000000000088e+00
115        1.249360000000000248e+00
373        1.249360000000000248e+00
170        1.249500000000000055e+00
322        1.249500000000000055e+00
315        1.249640000000000084e+00
176        1.249680000000000124e+00
127        1.249740000000000073e+00
161        1.250420000000000087e+00
275        1.250520000000000076e+00
188        1.250660000000000105e+00
192        1.250739999999999963e+00
110        1.251240000000000130e+00
165        1.251360000000000250e+00
310        1.251519999999999966e+00
333        1.252199999999999980e+00
268        1.252259999999999929e+00
91         1.252319999999999878e+00
53         1.252940000000000165e+00
198        1.253039999999999932e+00
122        1.253060000000000063e+00
174        1.253740000000000077e+00
39         1.253900000000000015e+00
33         1.253940000000000055e+00
394        1.254019999999999913e+00
338        1.254220000000000113e+00
17         1.254319999999999879e+00
320        1.254660000000000108e+00
21         1.254739999999999966e+00
393        1.254820000000000046e+00
242        1.255020000000000024e+00
168        1.255180000000000184e+00
110        1.255220000000000002e+00
6          1.255659999999999998e+00
377        1.255759999999999987e+00
41         1.255980000000000096e+00
92         1.256559999999999899e+00
216        1.256600000000000161e+00
375        1.256600000000000161e+00
308        1.256720000000000059e+00
314        1.256760000000000099e+00
161        1.256799999999999917e+00
170        1.257319999999999993e+00
351        1.257680000000000131e+00
215        1.257700000000000040e+00
381        1.257700000000000040e+00
83         1.257759999999999989e+00
307        1.257759999999999989e+00
175        1.258160000000000167e+00
182        1.258180000000000076e+00
274        1.258180000000000076e+00
46         1.258220000000000116e+00
80         1.258440000000000003e+00
193        1.258660000000000112e+00
132        1.258760000000000101e+00
217        1.259120000000000239e+00
167        1.259260000000000046e+00
249        1.259640000000000093e+00
32         1.259740000000000082e+00
191        1.259839999999999849e+00
35         1.260600000000000165e+00
90         1.260940000000000172e+00
164        1.261020000000000030e+00
298        1.261100000000000110e+00
329        1.261539999999999884e+00
77         1.261620000000000186e+00
199        1.261700000000000044e+00
76         1.261740000000000084e+00
133        1.261800000000000033e+00
234        1.262079999999999869e+00
262        1.262140000000000040e+00
236        1.262240000000000029e+00
50         1.262299999999999978e+00
310        1.262440000000000007e+00
163        1.263180000000000192e+00
375        1.263440000000000119e+00
379        1.263500000000000068e+00
307        1.263680000000000136e+00
344        1.263759999999999994e+00
244        1.264140000000000041e+00
86         1.264240000000000030e+00
337        1.264400000000000190e+00
396        1.264680000000000026e+00
98         1.264700000000000157e+00
137        1.264839999999999964e+00
9          1.264880000000000226e+00
336        1.265039999999999942e+00
398        1.265180000000000193e+00
246        1.265339999999999909e+00
380        1.265460000000000029e+00
4          1.265500000000000069e+00
294        1.266140000000000043e+00
276        1.266319999999999890e+00
287        1.266460000000000141e+00
123        1.266680000000000028e+00
363        1.266739999999999977e+00
249        1.266839999999999966e+00
63         1.267000000000000126e+00
240        1.267140000000000155e+00
305        1.267519999999999980e+00
188        1.267660000000000009e+00
46         1.267680000000000140e+00
163        1.267740000000000089e+00
237        1.268019999999999925e+00
28         1.268140000000000045e+00
327        1.268140000000000045e+00
184        1.268360000000000154e+00
138        1.268920000000000048e+00
151        1.269020000000000037e+00
388        1.269180000000000197e+00
385        1.269279999999999964e+00
373        1.269539999999999891e+00
276        1.270100000000000229e+00
226        1.270420000000000105e+00
64         1.270460000000000145e+00
282        1.270860000000000101e+00
77         1.271140000000000159e+00
242        1.271140000000000159e+00
22         1.271180000000000199e+00
218        1.271220000000000017e+00
372        1.271260000000000057e+00
190        1.271279999999999966e+00
56         1.271560000000000024e+00
310        1.271819999999999951e+00
291        1.272340000000000027e+00
50         1.272460000000000147e+00
246        1.272480000000000055e+00
172        1.272620000000000084e+00
259        1.272739999999999982e+00
326        1.272799999999999931e+00
145        1.273020000000000040e+00
313        1.273140000000000160e+00
300        1.273239999999999927e+00
101        1.273440000000000127e+00
96         1.273800000000000043e+00
30         1.274199999999999999e+00
65         1.274420000000000108e+00
103        1.274760000000000115e+00
258        1.274839999999999973e+00
136        1.274860000000000104e+00
170        1.274960000000000093e+00
253        1.274980000000000002e+00
396        1.275000000000000133e+00
293        1.275279999999999969e+00
67         1.275860000000000216e+00
78         1.276140000000000052e+00
290        1.276140000000000052e+00
124        1.276600000000000179e+00
234        1.276620000000000088e+00
279        1.276700000000000168e+00
186        1.276720000000000077e+00
177        1.276739999999999986e+00
353        1.276739999999999986e+00
296        1.276880000000000237e+00
46         1.276940000000000186e+00
24         1.277360000000000051e+00
188        1.277479999999999949e+00
294        1.277740000000000098e+00
115        1.278200000000000003e+00
187        1.278559999999999919e+00
247        1.278860000000000108e+00
284        1.279079999999999995e+00
18         1.279160000000000075e+00
274        1.279220000000000024e+00
35         1.279299999999999882e+00
162        1.279299999999999882e+00
299        1.279299999999999882e+00
312        1.279339999999999922e+00
130        1.279460000000000042e+00
351        1.279479999999999951e+00
214        1.279900000000000038e+00
67         1.280040000000000067e+00
6          1.280140000000000056e+00
221        1.280340000000000034e+00
170        1.281039999999999957e+00
110        1.281279999999999974e+00
66         1.281560000000000032e+00
297        1.281719999999999970e+00
156        1.281740000000000101e+00
185        1.281740000000000101e+00
380        1.281740000000000101e+00
341        1.281980000000000119e+00
233        1.282160000000000188e+00
103        1.282440000000000024e+00
223        1.282920000000000060e+00
108        1.283120000000000038e+00
240        1.283279999999999976e+00
104        1.283579999999999943e+00
299        1.283839999999999870e+00
373        1.284000000000000030e+00
7          1.284220000000000139e+00
35         1.284299999999999997e+00
184        1.284380000000000077e+00
46         1.284460000000000157e+00
374        1.284820000000000073e+00
228        1.284900000000000153e+00
132        1.285160000000000080e+00
335        1.285179999999999989e+00
6          1.285200000000000120e+00
291        1.285299999999999887e+00
0          1.286380000000000079e+00
189        1.286960000000000104e+00
208        1.287020000000000053e+00
3          1.287080000000000002e+00
128        1.287680000000000158e+00
40         1.287700000000000067e+00
94         1.287700000000000067e+00
146        1.287920000000000176e+00
21         1.287940000000000085e+00
67         1.288019999999999943e+00
259        1.288079999999999892e+00
46         1.288340000000000041e+00
97         1.288340000000000041e+00
260        1.288540000000000019e+00
49         1.288680000000000048e+00
341        1.288680000000000048e+00
156        1.288720000000000088e+00
71         1.289200000000000124e+00
182        1.289220000000000033e+00
41         1.289299999999999891e+00
242        1.289380000000000193e+00
340        1.289819999999999967e+00
230        1.290140000000000065e+00
277        1.290160000000000196e+00
25         1.290340000000000042e+00
269        1.290600000000000191e+00
289        1.290640000000000231e+00
395        1.290660000000000140e+00
99         1.290700000000000180e+00
183        1.290739999999999998e+00
113        1.291200000000000125e+00
261        1.291880000000000139e+00
35         1.291900000000000048e+00
257        1.292019999999999946e+00
173        1.292300000000000004e+00
210        1.292400000000000215e+00
355        1.292440000000000033e+00
343        1.292600000000000193e+00
304        1.292680000000000051e+00
274        1.292780000000000040e+00
132        1.293160000000000087e+00
229        1.293260000000000076e+00
161        1.293620000000000214e+00
127        1.293920000000000181e+00
167        1.294220000000000148e+00
84         1.294280000000000097e+00
349        1.294460000000000166e+00
325        1.294880000000000031e+00
135        1.295020000000000060e+00
227        1.295220000000000038e+00
240        1.295260000000000078e+00
184        1.295299999999999896e+00
247        1.295320000000000027e+00
151        1.295719999999999983e+00
178        1.295960000000000001e+00
354        1.296300000000000008e+00
49         1.296600000000000197e+00
170        1.296600000000000197e+00
345        1.296759999999999913e+00
211        1.296839999999999993e+00
330        1.296900000000000164e+00
104        1.296999999999999931e+00
214        1.297700000000000076e+00
26         1.298040000000000083e+00
311        1.298340000000000050e+00
148        1.298780000000000046e+00
235        1.298880000000000035e+00
60         1.299239999999999950e+00
52         1.299279999999999990e+00
39         1.299299999999999899e+00
1          1.299320000000000030e+00
274        1.299360000000000070e+00
97         1.299560000000000048e+00
259        1.299579999999999957e+00
74         1.300480000000000080e+00
8          1.300660000000000149e+00
395        1.300680000000000058e+00
325        1.300759999999999916e+00
258        1.300780000000000047e+00
255        1.301200000000000134e+00
94         1.301320000000000032e+00
350        1.301460000000000061e+00
250        1.301479999999999970e+00
13         1.301560000000000050e+00
78         1.302140000000000075e+00
297        1.302280000000000104e+00
366        1.302360000000000184e+00
346        1.302380000000000093e+00
16         1.302699999999999969e+00
225        1.302720000000000100e+00
36         1.302799999999999958e+00
305        1.303200000000000136e+00
196        1.303299999999999903e+00
299        1.303420000000000023e+00
252        1.303700000000000081e+00
212        1.304100000000000259e+00
88         1.304459999999999953e+00
190        1.304499999999999993e+00
268        1.304519999999999902e+00
43         1.304939999999999989e+00
5          1.305220000000000047e+00
231        1.305500000000000105e+00
377        1.305880000000000152e+00
357        1.306220000000000159e+00
296        1.306259999999999977e+00
101        1.306319999999999926e+00
44         1.306380000000000097e+00
110        1.306699999999999973e+00
108        1.306819999999999871e+00
380        1.307140000000000191e+00
364        1.307180000000000009e+00
153        1.307200000000000140e+00
295        1.307220000000000049e+00
304        1.307440000000000158e+00
282        1.307640000000000136e+00
112        1.307800000000000074e+00
388        1.308200000000000029e+00
222        1.308339999999999836e+00
278        1.308360000000000190e+00
209        1.308499999999999996e+00
393        1.308540000000000036e+00
113        1.308620000000000116e+00
316        1.308799999999999963e+00
376        1.308900000000000174e+00
11         1.309059999999999890e+00
289        1.309059999999999890e+00
32         1.309140000000000192e+00
299        1.309660000000000046e+00
107        1.309960000000000013e+00
221        1.310459999999999958e+00
161        1.310740000000000016e+00
82         1.310880000000000045e+00
212        1.311020000000000074e+00
164        1.311299999999999910e+00
333        1.311320000000000041e+00
144        1.311339999999999950e+00
238        1.311500000000000110e+00
163        1.311700000000000088e+00
354        1.311779999999999946e+00
360        1.311860000000000248e+00
228        1.312160000000000215e+00
119        1.312559999999999949e+00
389        1.312579999999999858e+00
171        1.312699999999999978e+00
155        1.313200000000000145e+00
268        1.313320000000000043e+00
331        1.313360000000000083e+00
248        1.313640000000000141e+00
28         1.313660000000000050e+00
329        1.313880000000000159e+00
270        1.313920000000000199e+00
249        1.314019999999999966e+00
363        1.314100000000000268e+00
219        1.314259999999999984e+00
314        1.315160000000000107e+00
295        1.315220000000000056e+00
335        1.315380000000000216e+00
302        1.315539999999999932e+00
348        1.315660000000000052e+00
393        1.315860000000000252e+00
196        1.316640000000000033e+00
345        1.316640000000000033e+00
95         1.316799999999999971e+00
373        1.316860000000000142e+00
321        1.317039999999999988e+00
360        1.317420000000000035e+00
182        1.317839999999999900e+00
285        1.317860000000000253e+00
387        1.318019999999999969e+00
163        1.318180000000000129e+00
334        1.318200000000000038e+00
118        1.318240000000000078e+00
197        1.318300000000000027e+00
171        1.318319999999999936e+00
146        1.318620000000000125e+00
342        1.318660000000000165e+00
338        1.318920000000000092e+00
109        1.319039999999999990e+00
31         1.319680000000000186e+00
391        1.320180000000000131e+00
91         1.320380000000000109e+00
322        1.320579999999999865e+00
278        1.320680000000000076e+00
385        1.320680000000000076e+00
179        1.320740000000000025e+00
340        1.320799999999999974e+00
134        1.320840000000000014e+00
115        1.320980000000000043e+00
153        1.321020000000000083e+00
383        1.321200000000000152e+00
327        1.321779999999999955e+00
299        1.321819999999999995e+00
346        1.321960000000000024e+00
162        1.322019999999999973e+00
124        1.322100000000000053e+00
301        1.322100000000000053e+00
311        1.322219999999999951e+00
118        1.322240000000000082e+00
277        1.322259999999999991e+00
89         1.322360000000000202e+00
261        1.322360000000000202e+00
337        1.322360000000000202e+00
249        1.324039999999999884e+00
265        1.324039999999999884e+00
1          1.324319999999999942e+00
143        1.324339999999999851e+00
318        1.324540000000000051e+00
24         1.324579999999999869e+00
343        1.324799999999999978e+00
297        1.325620000000000243e+00
364        1.325620000000000243e+00
23         1.325660000000000061e+00
322        1.325860000000000261e+00
340        1.325979999999999936e+00
145        1.326039999999999885e+00
61         1.326240000000000085e+00
165        1.326500000000000012e+00
251        1.326500000000000012e+00
11         1.326660000000000172e+00
21         1.327120000000000077e+00
346        1.327220000000000066e+00
313        1.327520000000000033e+00
180        1.327600000000000113e+00
348        1.327720000000000011e+00
59         1.327940000000000120e+00
114        1.327940000000000120e+00
246        1.328019999999999978e+00
143        1.328459999999999974e+00
224        1.328519999999999923e+00
305        1.328519999999999923e+00
42         1.328680000000000083e+00
99         1.328860000000000152e+00
398        1.328980000000000050e+00
8          1.329020000000000090e+00
26         1.329059999999999908e+00
55         1.329640000000000155e+00
152        1.329700000000000104e+00
178        1.330019999999999980e+00
231        1.330699999999999994e+00
200        1.330940000000000012e+00
236        1.331080000000000041e+00
172        1.331320000000000059e+00
217        1.331339999999999968e+00
255        1.331520000000000037e+00
71         1.331560000000000077e+00
237        1.331799999999999873e+00
193        1.332180000000000142e+00
113        1.332380000000000120e+00
163        1.332500000000000018e+00
265        1.332999999999999963e+00
62         1.333200000000000163e+00
320        1.333720000000000017e+00
127        1.333779999999999966e+00
294        1.333839999999999915e+00
384        1.333880000000000177e+00
152        1.333960000000000035e+00
339        1.334160000000000013e+00
251        1.334519999999999929e+00
210        1.334799999999999986e+00
199        1.334900000000000198e+00
278        1.334920000000000107e+00
61         1.334980000000000055e+00
0          1.335200000000000164e+00
105        1.335339999999999971e+00
109        1.335839999999999916e+00
301        1.336079999999999934e+00
321        1.336160000000000014e+00
352        1.336420000000000163e+00
223        1.336459999999999981e+00
176        1.336600000000000232e+00
314        1.336620000000000141e+00
108        1.336680000000000090e+00
32         1.337160000000000126e+00
190        1.338039999999999896e+00
345        1.338039999999999896e+00
387        1.338240000000000096e+00
142        1.338260000000000005e+00
208        1.338519999999999932e+00
380        1.338799999999999990e+00
27         1.338880000000000070e+00
258        1.339180000000000037e+00
129        1.339200000000000168e+00
55         1.339220000000000077e+00
327        1.339280000000000026e+00
161        1.339400000000000146e+00
81         1.339440000000000186e+00
230        1.339480000000000004e+00
199        1.339520000000000044e+00
340        1.339520000000000044e+00
200        1.339539999999999953e+00
368        1.339860000000000051e+00
64         1.340019999999999989e+00
279        1.340039999999999898e+00
318        1.340300000000000047e+00
240        1.340440000000000076e+00
128        1.341260000000000119e+00
73         1.341339999999999977e+00
231        1.341460000000000097e+00
21         1.341779999999999973e+00
351        1.341799999999999882e+00
330        1.342060000000000031e+00
323        1.342260000000000009e+00
247        1.342300000000000049e+00
390        1.342319999999999958e+00
159        1.342620000000000147e+00
110        1.342920000000000114e+00
256        1.343059999999999921e+00
182        1.343220000000000081e+00
58         1.343520000000000048e+00
165        1.343720000000000026e+00
370        1.343760000000000066e+00
7          1.344039999999999901e+00
174        1.344079999999999941e+00
244        1.344100000000000072e+00
385        1.344200000000000061e+00
360        1.344219999999999970e+00
120        1.344799999999999995e+00
368        1.345299999999999940e+00
107        1.345400000000000151e+00
227        1.345539999999999958e+00
353        1.345720000000000027e+00
232        1.346000000000000085e+00
170        1.346120000000000205e+00
298        1.346440000000000081e+00
212        1.346740000000000048e+00
137        1.346799999999999997e+00
325        1.346880000000000077e+00
374        1.346920000000000117e+00
117        1.347080000000000055e+00
113        1.347900000000000098e+00
144        1.347920000000000007e+00
46         1.348100000000000076e+00
165        1.348339999999999872e+00
356        1.348339999999999872e+00
129        1.348600000000000243e+00
204        1.348600000000000243e+00
67         1.348819999999999908e+00
152        1.348940000000000028e+00
189        1.349040000000000017e+00
78         1.349080000000000057e+00
47         1.349439999999999973e+00
383        1.349620000000000042e+00
263        1.349839999999999929e+00
68         1.349960000000000049e+00
161        1.350339999999999874e+00
123        1.350500000000000034e+00
13         1.350579999999999892e+00
180        1.350840000000000041e+00
285        1.350840000000000041e+00
30         1.350920000000000121e+00
325        1.351319999999999855e+00
227        1.351339999999999986e+00
255        1.351439999999999975e+00
18         1.351520000000000055e+00
208        1.351679999999999993e+00
130        1.351700000000000124e+00
83         1.351739999999999942e+00
188        1.351820000000000022e+00
29         1.351880000000000193e+00
228        1.351900000000000102e+00
182        1.352400000000000047e+00
96         1.352500000000000036e+00
115        1.352559999999999985e+00
265        1.352559999999999985e+00
235        1.352920000000000122e+00
301        1.353700000000000125e+00
26         1.353779999999999983e+00
39         1.354060000000000041e+00
349        1.354620000000000157e+00
163        1.354900000000000215e+00
54         1.355120000000000102e+00
258        1.355240000000000000e+00
150        1.355480000000000018e+00
0          1.355600000000000138e+00
112        1.355779999999999985e+00
155        1.356000000000000094e+00
135        1.356039999999999912e+00
152        1.356200000000000072e+00
157        1.356300000000000061e+00
18         1.356459999999999999e+00
235        1.356579999999999897e+00
188        1.356900000000000217e+00
262        1.356920000000000126e+00
4          1.357160000000000144e+00
395        1.357220000000000093e+00
220        1.357480000000000020e+00
330        1.357559999999999878e+00
173        1.358200000000000074e+00
22         1.358219999999999983e+00
5          1.358339999999999881e+00
205        1.358339999999999881e+00
40         1.358440000000000092e+00
189        1.358519999999999950e+00
133        1.358660000000000201e+00
371        1.358840000000000048e+00
198        1.358920000000000128e+00
396        1.359420000000000073e+00
201        1.359660000000000091e+00
255        1.360020000000000007e+00
236        1.360100000000000087e+00
324        1.360120000000000218e+00
29         1.360300000000000065e+00
161        1.361100000000000199e+00
286        1.361160000000000148e+00
21         1.361180000000000057e+00
4          1.361520000000000064e+00
276        1.361539999999999973e+00
129        1.361940000000000150e+00
250        1.362039999999999917e+00
52         1.362120000000000219e+00
171        1.362160000000000037e+00
235        1.362160000000000037e+00
335        1.362180000000000168e+00
316        1.362200000000000077e+00
121        1.362219999999999986e+00
336        1.362300000000000066e+00
182        1.362540000000000084e+00
189        1.362860000000000182e+00
257        1.363199999999999967e+00
149        1.363299999999999956e+00
389        1.363559999999999883e+00
71         1.363600000000000145e+00
28         1.364079999999999959e+00
246        1.364180000000000170e+00
79         1.364279999999999937e+00
277        1.364759999999999973e+00
172        1.365160000000000151e+00
81         1.365380000000000038e+00
150        1.365620000000000056e+00
258        1.365680000000000005e+00
343        1.365940000000000154e+00
144        1.366100000000000092e+00
126        1.366140000000000132e+00
85         1.366279999999999939e+00
137        1.366559999999999997e+00
4          1.366720000000000157e+00
15         1.366900000000000226e+00
121        1.366900000000000226e+00
22         1.366920000000000135e+00
40         1.367319999999999869e+00
161        1.367340000000000000e+00
205        1.367340000000000000e+00
123        1.367439999999999989e+00
257        1.367480000000000029e+00
79         1.367559999999999887e+00
369        1.367739999999999956e+00
292        1.367799999999999905e+00
194        1.368819999999999926e+00
19         1.368900000000000228e+00
393        1.369120000000000115e+00
313        1.369140000000000024e+00
377        1.369220000000000104e+00
62         1.369299999999999962e+00
140        1.369299999999999962e+00
280        1.369380000000000042e+00
136        1.369420000000000082e+00
90         1.369820000000000038e+00
241        1.370460000000000012e+00
348        1.371240000000000014e+00
154        1.371319999999999872e+00
242        1.371660000000000101e+00
293        1.371720000000000050e+00
74         1.371739999999999959e+00
65         1.372079999999999966e+00
160        1.372339999999999893e+00
300        1.373059999999999947e+00
142        1.373240000000000016e+00
44         1.373380000000000045e+00
279        1.373439999999999994e+00
184        1.373559999999999892e+00
173        1.373580000000000023e+00
82         1.373739999999999961e+00
50         1.373780000000000001e+00
236        1.373799999999999910e+00
71         1.373920000000000030e+00
268        1.373979999999999979e+00
87         1.374020000000000019e+00
6          1.374039999999999928e+00
240        1.374200000000000088e+00
329        1.374319999999999986e+00
27         1.374400000000000066e+00
214        1.374720000000000164e+00
386        1.374959999999999960e+00
276        1.375019999999999909e+00
55         1.375340000000000007e+00
143        1.375340000000000007e+00
97         1.375680000000000014e+00
312        1.376079999999999970e+00
94         1.376579999999999915e+00
78         1.376680000000000126e+00
208        1.376839999999999842e+00
195        1.376839999999999842e+00
66         1.376920000000000144e+00
284        1.377220000000000111e+00
32         1.377259999999999929e+00
182        1.377380000000000049e+00
100        1.377799999999999914e+00
303        1.377900000000000125e+00
263        1.378300000000000081e+00
96         1.378319999999999990e+00
281        1.378500000000000059e+00
172        1.379100000000000215e+00
210        1.379140000000000033e+00
336        1.379400000000000182e+00
168        1.379520000000000080e+00
78         1.379660000000000108e+00
367        1.379720000000000057e+00
138        1.379820000000000046e+00
354        1.379860000000000086e+00
40         1.380160000000000053e+00
134        1.380220000000000002e+00
221        1.380240000000000133e+00
20         1.380500000000000060e+00
363        1.380860000000000198e+00
268        1.380880000000000107e+00
226        1.380980000000000096e+00
58         1.381280000000000063e+00
126        1.381440000000000001e+00
274        1.381640000000000201e+00
384        1.381820000000000048e+00
358        1.382319999999999993e+00
181        1.382400000000000073e+00
171        1.382440000000000113e+00
300        1.382440000000000113e+00
247        1.382500000000000062e+00
174        1.382660000000000000e+00
347        1.382680000000000131e+00
286        1.383220000000000116e+00
114        1.383280000000000065e+00
88         1.383340000000000014e+00
11         1.383480000000000043e+00
398        1.383480000000000043e+00
343        1.383559999999999901e+00
144        1.384020000000000028e+00
393        1.384140000000000148e+00
348        1.384339999999999904e+00
361        1.384759999999999991e+00
169        1.385040000000000049e+00
158        1.385199999999999987e+00
240        1.385340000000000016e+00
276        1.385380000000000056e+00
256        1.385520000000000085e+00
215        1.385760000000000103e+00
354        1.385880000000000223e+00
299        1.386300000000000088e+00
373        1.386319999999999997e+00
340        1.386339999999999906e+00
204        1.387259999999999938e+00
205        1.387319999999999887e+00
95         1.387480000000000047e+00
236        1.387559999999999905e+00
102        1.387979999999999992e+00
175        1.388020000000000032e+00
380        1.388039999999999941e+00
43         1.388060000000000072e+00
218        1.388079999999999981e+00
329        1.388100000000000112e+00
342        1.388120000000000243e+00
42         1.388260000000000050e+00
374        1.388920000000000154e+00
308        1.389199999999999990e+00
152        1.389360000000000150e+00
221        1.389499999999999957e+00
107        1.389880000000000226e+00
348        1.389900000000000135e+00
30         1.390060000000000073e+00
108        1.390160000000000062e+00
13         1.390380000000000171e+00
231        1.390700000000000047e+00
156        1.390779999999999905e+00
216        1.390900000000000025e+00
149        1.391340000000000021e+00
376        1.391600000000000170e+00
394        1.392020000000000035e+00
378        1.392400000000000082e+00
141        1.392560000000000020e+00
340        1.392560000000000020e+00
172        1.392740000000000089e+00
382        1.392800000000000038e+00
247        1.393100000000000227e+00
261        1.393259999999999943e+00
185        1.393299999999999983e+00
240        1.393319999999999892e+00
328        1.393360000000000154e+00
82         1.393440000000000012e+00
180        1.393540000000000001e+00
369        1.393620000000000081e+00
285        1.393760000000000110e+00
274        1.394000000000000128e+00
399        1.394180000000000197e+00
238        1.394339999999999913e+00
200        1.394819999999999949e+00
25         1.395019999999999927e+00
11         1.395079999999999876e+00
360        1.395180000000000087e+00
16         1.395380000000000065e+00
275        1.395580000000000043e+00
46         1.396039999999999948e+00
66         1.396160000000000068e+00
168        1.396320000000000006e+00
159        1.396440000000000126e+00
392        1.396479999999999944e+00
358        1.396620000000000195e+00
23         1.396680000000000144e+00
56         1.396900000000000031e+00
388        1.396959999999999980e+00
109        1.397160000000000180e+00
376        1.397540000000000004e+00
284        1.397820000000000062e+00
59         1.398120000000000251e+00
118        1.398339999999999916e+00
396        1.398339999999999916e+00
129        1.398419999999999996e+00
259        1.398539999999999894e+00
206        1.398700000000000054e+00
329        1.398700000000000054e+00
98         1.398760000000000003e+00
125        1.398800000000000043e+00
310        1.398839999999999861e+00
48         1.399160000000000181e+00
277        1.399620000000000086e+00
279        1.400000000000000133e+00
132        1.400239999999999929e+00
397        1.400419999999999998e+00
361        1.400500000000000078e+00
197        1.400839999999999863e+00
96         1.401079999999999881e+00
207        1.401140000000000052e+00
126        1.401420000000000110e+00
218        1.401420000000000110e+00
206        1.401640000000000219e+00
388        1.401920000000000055e+00
196        1.402120000000000255e+00
376        1.402200000000000113e+00
311        1.402400000000000091e+00
266        1.402500000000000080e+00
355        1.402519999999999989e+00
12         1.402800000000000047e+00
271        1.402839999999999865e+00
191        1.403140000000000054e+00
40         1.403160000000000185e+00
336        1.403180000000000094e+00
90         1.404120000000000257e+00
4          1.404220000000000024e+00
118        1.404539999999999900e+00
94         1.404600000000000071e+00
231        1.404600000000000071e+00
147        1.404660000000000020e+00
350        1.404959999999999987e+00
141        1.405100000000000238e+00
134        1.405140000000000056e+00
176        1.405140000000000056e+00
85         1.405739999999999990e+00
397        1.405799999999999939e+00
347        1.406179999999999986e+00
211        1.406400000000000095e+00
96         1.406519999999999992e+00
79         1.406560000000000032e+00
282        1.406579999999999941e+00
117        1.406660000000000021e+00
172        1.406719999999999970e+00
190        1.406980000000000119e+00
236        1.407200000000000006e+00
148        1.407240000000000046e+00
346        1.407259999999999955e+00
25         1.407280000000000086e+00
126        1.407380000000000075e+00
32         1.407440000000000024e+00
381        1.407440000000000024e+00
73         1.407559999999999922e+00
250        1.407559999999999922e+00
376        1.408339999999999925e+00
152        1.408519999999999994e+00
261        1.409220000000000139e+00
84         1.409540000000000015e+00
214        1.409540000000000015e+00
200        1.409600000000000186e+00
99         1.409920000000000062e+00
267        1.410179999999999989e+00
333        1.410320000000000018e+00
175        1.410579999999999945e+00
155        1.410779999999999923e+00
246        1.410839999999999872e+00
375        1.411380000000000079e+00
279        1.411440000000000028e+00
37         1.411499999999999977e+00
177        1.411540000000000017e+00
283        1.411559999999999926e+00
270        1.411660000000000137e+00
169        1.411720000000000086e+00
366        1.412420000000000009e+00
286        1.412640000000000118e+00
31         1.412660000000000027e+00
146        1.413240000000000052e+00
334        1.413460000000000161e+00
38         1.413880000000000248e+00
32         1.414039999999999964e+00
94         1.414080000000000004e+00
350        1.414320000000000022e+00
36         1.414380000000000193e+00
128        1.414380000000000193e+00
115        1.414819999999999967e+00
7          1.414880000000000138e+00
313        1.414880000000000138e+00
92         1.415140000000000065e+00
394        1.415160000000000196e+00
341        1.415200000000000014e+00
254        1.415700000000000180e+00
259        1.416179999999999994e+00
44         1.416260000000000074e+00
30         1.416620000000000212e+00
230        1.416700000000000070e+00
250        1.416819999999999968e+00
111        1.416839999999999877e+00
311        1.416860000000000230e+00
84         1.416900000000000048e+00
61         1.417100000000000248e+00
0          1.417160000000000197e+00
162        1.417300000000000004e+00
25         1.417580000000000062e+00
357        1.417780000000000040e+00
329        1.417920000000000069e+00
290        1.418420000000000014e+00
133        1.418460000000000054e+00
390        1.418640000000000123e+00
271        1.418719999999999981e+00
377        1.418819999999999970e+00
6          1.418880000000000141e+00
142        1.418959999999999999e+00
165        1.419019999999999948e+00
238        1.419180000000000108e+00
246        1.419600000000000195e+00
291        1.419620000000000104e+00
321        1.419759999999999911e+00
175        1.419900000000000162e+00
294        1.419960000000000111e+00
120        1.420039999999999969e+00
147        1.420100000000000140e+00
98         1.420299999999999896e+00
199        1.420299999999999896e+00
168        1.420339999999999936e+00
90         1.420420000000000016e+00
225        1.420779999999999932e+00
154        1.420920000000000183e+00
287        1.421079999999999899e+00
112        1.422400000000000109e+00
313        1.422420000000000018e+00
370        1.422460000000000058e+00
212        1.422500000000000098e+00
180        1.422600000000000087e+00
42         1.422640000000000127e+00
303        1.422680000000000167e+00
211        1.422980000000000134e+00
152        1.423040000000000083e+00
247        1.423240000000000061e+00
73         1.423280000000000101e+00
215        1.424220000000000041e+00
154        1.424779999999999935e+00
276        1.424900000000000055e+00
383        1.425040000000000084e+00
224        1.425300000000000011e+00
157        1.425319999999999920e+00
372        1.425559999999999938e+00
53         1.425860000000000127e+00
255        1.425900000000000167e+00
115        1.425920000000000076e+00
102        1.425920000000000076e+00
217        1.425960000000000116e+00
248        1.425980000000000025e+00
103        1.426500000000000101e+00
129        1.426520000000000010e+00
100        1.426579999999999959e+00
89         1.426620000000000221e+00
315        1.426640000000000130e+00
384        1.426680000000000170e+00
264        1.427819999999999867e+00
352        1.427819999999999867e+00
219        1.428039999999999976e+00
14         1.428180000000000005e+00
151        1.428180000000000005e+00
171        1.428360000000000074e+00
227        1.428380000000000205e+00
67         1.428400000000000114e+00
247        1.428640000000000132e+00
398        1.429000000000000048e+00
353        1.429319999999999924e+00
397        1.429360000000000186e+00
128        1.429499999999999993e+00
84         1.429699999999999971e+00
87         1.429759999999999920e+00
346        1.430400000000000116e+00
0          1.430440000000000156e+00
47         1.430539999999999923e+00
237        1.431180000000000119e+00
61         1.431200000000000028e+00
86         1.431360000000000188e+00
202        1.431440000000000046e+00
351        1.431559999999999944e+00
186        1.431600000000000206e+00
287        1.431680000000000064e+00
383        1.431680000000000064e+00
260        1.431740000000000013e+00
82         1.431819999999999871e+00
1          1.431840000000000002e+00
310        1.431880000000000042e+00
199        1.431920000000000082e+00
99         1.432500000000000107e+00
109        1.432560000000000056e+00
92         1.432640000000000136e+00
211        1.432640000000000136e+00
35         1.432660000000000045e+00
300        1.432900000000000063e+00
113        1.433120000000000172e+00
322        1.433200000000000029e+00
0          1.434220000000000050e+00
135        1.434560000000000057e+00
146        1.434660000000000046e+00
271        1.434880000000000155e+00
89         1.434920000000000195e+00
177        1.435000000000000053e+00
169        1.435079999999999911e+00
346        1.435120000000000173e+00
224        1.435259999999999980e+00
108        1.435300000000000020e+00
239        1.435319999999999929e+00
39         1.435380000000000100e+00
186        1.435799999999999965e+00
34         1.435880000000000045e+00
5          1.435900000000000176e+00
136        1.435960000000000125e+00
168        1.436360000000000081e+00
287        1.436520000000000019e+00
26         1.436800000000000077e+00
82         1.436819999999999986e+00
359        1.436980000000000146e+00
256        1.437060000000000004e+00
133        1.437120000000000175e+00
338        1.437259999999999982e+00
110        1.437400000000000011e+00
387        1.437440000000000051e+00
210        1.437459999999999960e+00
58         1.437579999999999858e+00
240        1.437819999999999876e+00
378        1.437860000000000138e+00
41         1.438440000000000163e+00
362        1.438740000000000130e+00
96         1.439100000000000268e+00
321        1.439220000000000166e+00
314        1.439900000000000180e+00
293        1.439920000000000089e+00
232        1.440339999999999954e+00
61         1.440400000000000125e+00
191        1.440600000000000103e+00
284        1.441180000000000128e+00
251        1.441200000000000037e+00
322        1.441220000000000168e+00
295        1.441240000000000077e+00
51         1.441380000000000106e+00
131        1.441420000000000146e+00
17         1.441519999999999913e+00
56         1.441559999999999953e+00
75         1.441559999999999953e+00
261        1.441559999999999953e+00
309        1.441699999999999982e+00
136        1.442299999999999915e+00
31         1.442380000000000217e+00
318        1.442860000000000253e+00
342        1.443160000000000220e+00
388        1.443459999999999965e+00
329        1.443699999999999983e+00
126        1.443740000000000023e+00
245        1.443759999999999932e+00
14         1.443780000000000063e+00
98         1.443819999999999881e+00
305        1.443860000000000143e+00
62         1.443999999999999950e+00
58         1.444120000000000070e+00
195        1.444280000000000008e+00
214        1.444360000000000088e+00
133        1.444680000000000186e+00
82         1.445000000000000062e+00
259        1.445079999999999920e+00
171        1.445339999999999847e+00
224        1.445400000000000018e+00
39         1.445940000000000003e+00
337        1.445999999999999952e+00
192        1.446299999999999919e+00
122        1.446819999999999995e+00
47         1.446860000000000257e+00
173        1.446940000000000115e+00
357        1.446980000000000155e+00
174        1.447019999999999973e+00
255        1.447259999999999991e+00
385        1.447579999999999867e+00
249        1.447720000000000118e+00
18         1.447759999999999936e+00
59         1.447860000000000147e+00
72         1.447999999999999954e+00
246        1.447999999999999954e+00
360        1.448080000000000034e+00
85         1.448100000000000165e+00
247        1.448200000000000154e+00
172        1.448839999999999906e+00
48         1.449319999999999942e+00
223        1.449380000000000113e+00
213        1.449380000000000113e+00
43         1.449440000000000062e+00
39         1.449480000000000102e+00
166        1.449500000000000011e+00
353        1.449559999999999960e+00
384        1.449699999999999989e+00
293        1.449720000000000120e+00
52         1.450100000000000167e+00
87         1.450220000000000065e+00
112        1.450260000000000105e+00
245        1.450280000000000014e+00
14         1.450420000000000043e+00
173        1.450460000000000083e+00
82         1.450980000000000159e+00
286        1.451100000000000056e+00
221        1.451500000000000012e+00
143        1.451600000000000223e+00
110        1.452299999999999924e+00
201        1.452800000000000091e+00
80         1.452820000000000000e+00
84         1.452960000000000029e+00
134        1.453060000000000018e+00
57         1.453100000000000058e+00
250        1.453440000000000065e+00
259        1.453620000000000134e+00
398        1.453620000000000134e+00
120        1.453640000000000043e+00
219        1.453640000000000043e+00
131        1.453660000000000174e+00
129        1.453680000000000083e+00
77         1.453699999999999992e+00
180        1.453759999999999941e+00
215        1.453759999999999941e+00
73         1.453780000000000072e+00
58         1.453840000000000021e+00
162        1.454280000000000017e+00
217        1.454800000000000093e+00
44         1.455200000000000049e+00
93         1.455540000000000056e+00
349        1.455900000000000194e+00
11         1.455960000000000143e+00
75         1.455960000000000143e+00
376        1.456280000000000019e+00
286        1.456339999999999968e+00
276        1.456460000000000088e+00
143        1.456520000000000037e+00
42         1.456620000000000248e+00
38         1.457000000000000073e+00
209        1.457440000000000069e+00
96         1.457480000000000109e+00
318        1.457620000000000138e+00
7          1.457799999999999985e+00
48         1.457980000000000054e+00
87         1.458059999999999912e+00
255        1.458620000000000250e+00
242        1.458740000000000148e+00
314        1.458799999999999875e+00
238        1.458820000000000006e+00
220        1.458940000000000126e+00
163        1.459039999999999893e+00
31         1.459160000000000013e+00
67         1.459260000000000002e+00
283        1.459260000000000002e+00
186        1.459279999999999911e+00
16         1.459600000000000231e+00
219        1.460760000000000058e+00
151        1.460979999999999945e+00
253        1.461100000000000065e+00
155        1.461140000000000105e+00
390        1.461420000000000163e+00
204        1.461459999999999981e+00
296        1.461620000000000141e+00
293        1.461620000000000141e+00
26         1.461860000000000159e+00
387        1.462040000000000006e+00
252        1.462180000000000035e+00
179        1.462260000000000115e+00
359        1.462260000000000115e+00
182        1.462339999999999973e+00
347        1.462339999999999973e+00
294        1.462380000000000235e+00
25         1.462860000000000049e+00
52         1.462940000000000129e+00
214        1.462960000000000038e+00
146        1.463060000000000027e+00
349        1.463120000000000198e+00
369        1.463200000000000056e+00
370        1.463240000000000096e+00
236        1.463260000000000005e+00
354        1.463279999999999914e+00
283        1.463559999999999972e+00
28         1.463620000000000143e+00
255        1.463940000000000019e+00
110        1.464620000000000255e+00
1          1.465420000000000167e+00
213        1.465759999999999952e+00
104        1.465840000000000032e+00
8          1.465960000000000152e+00
343        1.466020000000000101e+00
190        1.466260000000000119e+00
99         1.466460000000000097e+00
21         1.466500000000000137e+00
307        1.466500000000000137e+00
224        1.466579999999999995e+00
230        1.466679999999999984e+00
329        1.466960000000000042e+00
317        1.467140000000000111e+00
362        1.467140000000000111e+00
378        1.467180000000000151e+00
32         1.467420000000000169e+00
7          1.467940000000000023e+00
93         1.468160000000000132e+00
118        1.468220000000000081e+00
140        1.468220000000000081e+00
22         1.468280000000000030e+00
294        1.468760000000000066e+00
66         1.468880000000000186e+00
77         1.469420000000000170e+00
371        1.469519999999999937e+00
318        1.469540000000000068e+00
186        1.469579999999999886e+00
83         1.470200000000000173e+00
99         1.470480000000000009e+00
192        1.470660000000000078e+00
36         1.470739999999999936e+00
330        1.470979999999999954e+00
197        1.471039999999999903e+00
33         1.471079999999999943e+00
87         1.471079999999999943e+00
181        1.471160000000000023e+00
244        1.471700000000000008e+00
208        1.471740000000000048e+00
137        1.471780000000000088e+00
26         1.471880000000000077e+00
390        1.472460000000000102e+00
230        1.472620000000000040e+00
14         1.472679999999999989e+00
154        1.472700000000000120e+00
289        1.472739999999999938e+00
90         1.472799999999999887e+00
319        1.472900000000000098e+00
138        1.473240000000000105e+00
221        1.473279999999999923e+00
23         1.473420000000000174e+00
63         1.473420000000000174e+00
177        1.473680000000000101e+00
37         1.473700000000000010e+00
192        1.474100000000000188e+00
171        1.474320000000000075e+00
153        1.474400000000000155e+00
250        1.474600000000000133e+00
12         1.474839999999999929e+00
89         1.474880000000000191e+00
9          1.475120000000000209e+00
342        1.475339999999999874e+00
76         1.475600000000000245e+00
303        1.475700000000000012e+00
387        1.475700000000000012e+00
198        1.475780000000000092e+00
354        1.475900000000000212e+00
101        1.476799999999999891e+00
32         1.477079999999999949e+00
217        1.477180000000000160e+00
358        1.477660000000000196e+00
129        1.477759999999999962e+00
251        1.477800000000000002e+00
150        1.477840000000000042e+00
296        1.477840000000000042e+00
292        1.477840000000000042e+00
90         1.477860000000000174e+00
339        1.477860000000000174e+00
88         1.477940000000000031e+00
243        1.477940000000000031e+00
320        1.477960000000000163e+00
2          1.478739999999999943e+00
218        1.479020000000000001e+00
229        1.479100000000000081e+00
250        1.479120000000000212e+00
246        1.479160000000000030e+00
257        1.479160000000000030e+00
108        1.479440000000000088e+00
93         1.480140000000000233e+00
107        1.480420000000000069e+00
89         1.480480000000000018e+00
360        1.480640000000000178e+00
30         1.480679999999999996e+00
307        1.480820000000000025e+00
172        1.481079999999999952e+00
235        1.481120000000000214e+00
294        1.481200000000000072e+00
216        1.481240000000000112e+00
273        1.481579999999999897e+00
269        1.481660000000000199e+00
45         1.481819999999999915e+00
51         1.482220000000000093e+00
104        1.482720000000000038e+00
218        1.482799999999999896e+00
234        1.482860000000000067e+00
385        1.482860000000000067e+00
25         1.482979999999999965e+00
348        1.483160000000000034e+00
155        1.483380000000000143e+00
147        1.483480000000000132e+00
230        1.483579999999999899e+00
59         1.483600000000000252e+00
237        1.483680000000000110e+00
157        1.483840000000000048e+00
27         1.483920000000000128e+00
70         1.483999999999999986e+00
20         1.484259999999999913e+00
303        1.484259999999999913e+00
37         1.484920000000000018e+00
68         1.485079999999999956e+00
189        1.485219999999999985e+00
31         1.485319999999999974e+00
327        1.485819999999999919e+00
388        1.485940000000000039e+00
304        1.486120000000000108e+00
352        1.486140000000000239e+00
129        1.486160000000000148e+00
346        1.486199999999999966e+00
254        1.486559999999999881e+00
120        1.487240000000000117e+00
382        1.487279999999999935e+00
81         1.487339999999999884e+00
282        1.487420000000000186e+00
139        1.487440000000000095e+00
245        1.487440000000000095e+00
130        1.487519999999999953e+00
323        1.487559999999999993e+00
49         1.487680000000000113e+00
100        1.487680000000000113e+00
251        1.488339999999999996e+00
333        1.488460000000000116e+00
187        1.488880000000000203e+00
284        1.488880000000000203e+00
168        1.489079999999999959e+00
270        1.489160000000000039e+00
385        1.489999999999999991e+00
22         1.490020000000000122e+00
129        1.490079999999999849e+00
398        1.490079999999999849e+00
14         1.490100000000000202e+00
98         1.490240000000000009e+00
170        1.490319999999999867e+00
164        1.490380000000000038e+00
162        1.490460000000000118e+00
202        1.490580000000000016e+00
106        1.490920000000000023e+00
280        1.491120000000000223e+00
199        1.491500000000000048e+00
333        1.491940000000000044e+00
70         1.492380000000000040e+00
78         1.492620000000000058e+00
12         1.493219999999999992e+00
308        1.493219999999999992e+00
249        1.493360000000000243e+00
269        1.493400000000000061e+00
26         1.493420000000000192e+00
37         1.493480000000000141e+00
79         1.493500000000000050e+00
77         1.493519999999999959e+00
393        1.493640000000000079e+00
371        1.494120000000000115e+00
6          1.494140000000000024e+00
176        1.494140000000000024e+00
245        1.494140000000000024e+00
134        1.494280000000000053e+00
392        1.494739999999999958e+00
273        1.495020000000000016e+00
72         1.495079999999999965e+00
319        1.495279999999999943e+00
1          1.495380000000000154e+00
369        1.495380000000000154e+00
239        1.495460000000000012e+00
283        1.495999999999999996e+00
48         1.496839999999999948e+00
219        1.497020000000000017e+00
251        1.497020000000000017e+00
3          1.497100000000000097e+00
317        1.497160000000000046e+00
206        1.497219999999999995e+00
189        1.497300000000000075e+00
188        1.497319999999999984e+00
22         1.497560000000000002e+00
160        1.497800000000000020e+00
262        1.497920000000000140e+00
28         1.498019999999999907e+00
214        1.498019999999999907e+00
323        1.498079999999999856e+00
384        1.498220000000000107e+00
324        1.498240000000000016e+00
59         1.498280000000000056e+00
63         1.498640000000000194e+00
32         1.499120000000000230e+00
269        1.499219999999999997e+00
235        1.499360000000000248e+00
333        1.499900000000000233e+00
234        1.499940000000000051e+00
65         1.500019999999999909e+00
241        1.500079999999999858e+00
54         1.500860000000000083e+00
133        1.500900000000000123e+00
283        1.500920000000000032e+00
299        1.500920000000000032e+00
50         1.501060000000000061e+00
265        1.501260000000000039e+00
276        1.501279999999999948e+00
262        1.501279999999999948e+00
158        1.501440000000000108e+00
139        1.501560000000000006e+00
180        1.502000000000000002e+00
188        1.502620000000000067e+00
122        1.503000000000000114e+00
95         1.503039999999999932e+00
286        1.503140000000000143e+00
275        1.503260000000000041e+00
270        1.503300000000000081e+00
39         1.503400000000000070e+00
125        1.503940000000000055e+00
83         1.504160000000000164e+00
2          1.504319999999999879e+00
239        1.504400000000000182e+00
146        1.504460000000000131e+00
45         1.504600000000000160e+00
348        1.504660000000000108e+00
207        1.504760000000000097e+00
55         1.504979999999999984e+00
326        1.504979999999999984e+00
356        1.505079999999999973e+00
216        1.505480000000000151e+00
26         1.505680000000000129e+00
200        1.505759999999999987e+00
103        1.506160000000000165e+00
187        1.506380000000000052e+00
368        1.506440000000000001e+00
63         1.506460000000000132e+00
19         1.506700000000000150e+00
302        1.506860000000000088e+00
214        1.506979999999999986e+00
86         1.507039999999999935e+00
238        1.507660000000000222e+00
201        1.507839999999999847e+00
341        1.507940000000000058e+00
198        1.508100000000000218e+00
147        1.508240000000000025e+00
361        1.508240000000000025e+00
338        1.508259999999999934e+00
298        1.508360000000000145e+00
388        1.508380000000000054e+00
306        1.508660000000000112e+00
158        1.508880000000000221e+00
115        1.508940000000000170e+00
18         1.509240000000000137e+00
131        1.509279999999999955e+00
26         1.509300000000000086e+00
77         1.509400000000000075e+00
74         1.510019999999999918e+00
296        1.510580000000000034e+00
155        1.510640000000000205e+00
49         1.510760000000000103e+00
53         1.510780000000000012e+00
205        1.510780000000000012e+00
355        1.510880000000000223e+00
255        1.511400000000000077e+00
230        1.511640000000000095e+00
377        1.511860000000000204e+00
168        1.512040000000000051e+00
87         1.512199999999999989e+00
228        1.512280000000000069e+00
14         1.512360000000000149e+00
261        1.512440000000000007e+00
323        1.512460000000000138e+00
151        1.512520000000000087e+00
270        1.512700000000000156e+00
342        1.512880000000000225e+00
231        1.513440000000000119e+00
16         1.513800000000000034e+00
353        1.513920000000000154e+00
393        1.514059999999999961e+00
139        1.514760000000000106e+00
8          1.514839999999999964e+00
362        1.514940000000000175e+00
344        1.514979999999999993e+00
326        1.515140000000000153e+00
391        1.515180000000000193e+00
51         1.515260000000000051e+00
143        1.515300000000000091e+00
21         1.515560000000000018e+00
90         1.515640000000000098e+00
67         1.515700000000000047e+00
327        1.515959999999999974e+00
34         1.516259999999999941e+00
37         1.516400000000000192e+00
315        1.516559999999999908e+00
23         1.516900000000000137e+00
5          1.517020000000000035e+00
220        1.517240000000000144e+00
234        1.517300000000000093e+00
281        1.517420000000000213e+00
373        1.517660000000000009e+00
340        1.517700000000000049e+00
192        1.517740000000000089e+00
294        1.517880000000000118e+00
331        1.517920000000000158e+00
287        1.518400000000000194e+00
160        1.518799999999999928e+00
341        1.518820000000000059e+00
317        1.519020000000000037e+00
313        1.519060000000000077e+00
82         1.519100000000000117e+00
57         1.519180000000000197e+00
164        1.519660000000000011e+00
203        1.519900000000000029e+00
382        1.519959999999999978e+00
286        1.520100000000000229e+00
200        1.520839999999999970e+00
381        1.521100000000000119e+00
369        1.521100000000000119e+00
327        1.521300000000000097e+00
169        1.521500000000000075e+00
266        1.521600000000000064e+00
385        1.521660000000000013e+00
9          1.521760000000000002e+00
98         1.521800000000000042e+00
372        1.521880000000000122e+00
336        1.522000000000000020e+00
107        1.522059999999999969e+00
3          1.522100000000000231e+00
83         1.522120000000000140e+00
220        1.522140000000000049e+00
352        1.522220000000000129e+00
335        1.522480000000000055e+00
191        1.523060000000000080e+00
60         1.523519999999999985e+00
54         1.523519999999999985e+00
187        1.524000000000000021e+00
238        1.524079999999999879e+00
138        1.524360000000000159e+00
262        1.524360000000000159e+00
379        1.524380000000000068e+00
139        1.524820000000000064e+00
328        1.525460000000000038e+00
110        1.525479999999999947e+00
205        1.525500000000000078e+00
367        1.525579999999999936e+00
68         1.525700000000000056e+00
237        1.525700000000000056e+00
355        1.525819999999999954e+00
232        1.526460000000000150e+00
236        1.526540000000000008e+00
136        1.527020000000000044e+00
300        1.527020000000000044e+00
131        1.527260000000000062e+00
104        1.527320000000000011e+00
302        1.527940000000000076e+00
291        1.527940000000000076e+00
394        1.527980000000000116e+00
245        1.528380000000000072e+00
293        1.528440000000000021e+00
102        1.528540000000000010e+00
217        1.528600000000000181e+00
23         1.528640000000000221e+00
177        1.528960000000000097e+00
274        1.529180000000000206e+00
309        1.529380000000000184e+00
251        1.529400000000000093e+00
361        1.529440000000000133e+00
135        1.529460000000000042e+00
117        1.529620000000000202e+00
333        1.529660000000000020e+00
382        1.530000000000000027e+00
103        1.530019999999999936e+00
1          1.530059999999999976e+00
41         1.530079999999999885e+00
159        1.530100000000000238e+00
17         1.530259999999999954e+00
313        1.530420000000000114e+00
32         1.530700000000000172e+00
45         1.531120000000000259e+00
112        1.531220000000000026e+00
173        1.531420000000000003e+00
242        1.531460000000000043e+00
310        1.531740000000000101e+00
231        1.532059999999999977e+00
34         1.532200000000000006e+00
115        1.532380000000000075e+00
325        1.532900000000000151e+00
129        1.533239999999999936e+00
331        1.533380000000000187e+00
384        1.533819999999999961e+00
139        1.533920000000000172e+00
279        1.534120000000000150e+00
127        1.534140000000000059e+00
218        1.534259999999999957e+00
138        1.534540000000000015e+00
62         1.534600000000000186e+00
56         1.534660000000000135e+00
204        1.535039999999999960e+00
267        1.535039999999999960e+00
182        1.535059999999999869e+00
257        1.535239999999999938e+00
39         1.535299999999999887e+00
80         1.535380000000000189e+00
341        1.535519999999999996e+00
136        1.535640000000000116e+00
322        1.536460000000000159e+00
163        1.536620000000000097e+00
93         1.536640000000000228e+00
106        1.536999999999999922e+00
385        1.537179999999999991e+00
208        1.537579999999999947e+00
52         1.537640000000000118e+00
212        1.537680000000000158e+00
185        1.537760000000000016e+00
92         1.537779999999999925e+00
9          1.537940000000000085e+00
390        1.537980000000000125e+00
27         1.538240000000000052e+00
207        1.538520000000000110e+00
205        1.538580000000000059e+00
132        1.539059999999999873e+00
136        1.539080000000000004e+00
59         1.539179999999999993e+00
296        1.539380000000000193e+00
396        1.539460000000000051e+00
23         1.539719999999999978e+00
352        1.539719999999999978e+00
46         1.540319999999999911e+00
201        1.540420000000000122e+00
231        1.540499999999999980e+00
18         1.540620000000000100e+00
361        1.540620000000000100e+00
206        1.540799999999999947e+00
258        1.541160000000000085e+00
354        1.541200000000000125e+00
34         1.541320000000000023e+00
294        1.541479999999999961e+00
54         1.541500000000000092e+00
78         1.541579999999999950e+00
333        1.541620000000000212e+00
370        1.541719999999999979e+00
183        1.542000000000000037e+00
209        1.542300000000000004e+00
305        1.542540000000000022e+00
363        1.542580000000000062e+00
64         1.542700000000000182e+00
199        1.543420000000000014e+00
50         1.543900000000000050e+00
61         1.543959999999999999e+00
348        1.544000000000000039e+00
338        1.544000000000000039e+00
19         1.544079999999999897e+00
142        1.544120000000000159e+00
380        1.544200000000000017e+00
170        1.544220000000000148e+00
262        1.544280000000000097e+00
339        1.544360000000000177e+00
108        1.544700000000000184e+00
3          1.544980000000000020e+00
195        1.545120000000000049e+00
248        1.545160000000000089e+00
287        1.545660000000000034e+00
82         1.545840000000000103e+00
276        1.545840000000000103e+00
55         1.545920000000000183e+00
335        1.545940000000000092e+00
345        1.546720000000000095e+00
41         1.547100000000000142e+00
207        1.547299999999999898e+00
253        1.547299999999999898e+00
349        1.547500000000000098e+00
15         1.547520000000000007e+00
47         1.547600000000000087e+00
365        1.548100000000000254e+00
197        1.548200000000000021e+00
368        1.548440000000000039e+00
92         1.548499999999999988e+00
336        1.548559999999999937e+00
325        1.548580000000000068e+00
384        1.548700000000000188e+00
291        1.548780000000000046e+00
286        1.548860000000000126e+00
169        1.548880000000000035e+00
362        1.549279999999999990e+00
113        1.549520000000000008e+00
10         1.549560000000000048e+00
374        1.549900000000000055e+00
248        1.550120000000000164e+00
241        1.550140000000000073e+00
108        1.550540000000000029e+00
161        1.550840000000000218e+00
69         1.550860000000000127e+00
341        1.550980000000000025e+00
203        1.551140000000000185e+00
296        1.551140000000000185e+00
83         1.551180000000000003e+00
185        1.551320000000000032e+00
152        1.551479999999999970e+00
159        1.551560000000000050e+00
191        1.551660000000000039e+00
205        1.552240000000000064e+00
303        1.552280000000000104e+00
326        1.552460000000000173e+00
100        1.552559999999999940e+00
353        1.552660000000000151e+00
276        1.552860000000000129e+00
157        1.553479999999999972e+00
200        1.554400000000000226e+00
151        1.554480000000000084e+00
272        1.554520000000000124e+00
43         1.554579999999999851e+00
30         1.554640000000000022e+00
140        1.554720000000000102e+00
104        1.554860000000000131e+00
1          1.554960000000000120e+00
266        1.555080000000000018e+00
133        1.555120000000000058e+00
376        1.555260000000000087e+00
336        1.555380000000000207e+00
305        1.555520000000000014e+00
226        1.555620000000000225e+00
291        1.556499999999999995e+00
366        1.556720000000000104e+00
153        1.556799999999999962e+00
350        1.556900000000000173e+00
129        1.556920000000000082e+00
373        1.556939999999999991e+00
294        1.557020000000000071e+00
219        1.557100000000000151e+00
354        1.557100000000000151e+00
113        1.557160000000000100e+00
183        1.557239999999999958e+00
64         1.557460000000000067e+00
218        1.557600000000000096e+00
397        1.558200000000000029e+00
302        1.558340000000000281e+00
361        1.558579999999999854e+00
308        1.558660000000000156e+00
267        1.558880000000000043e+00
304        1.558880000000000043e+00
204        1.558960000000000123e+00
334        1.558999999999999941e+00
95         1.559140000000000192e+00
356        1.559779999999999944e+00
367        1.559840000000000115e+00
230        1.560040000000000093e+00
206        1.560180000000000122e+00
210        1.560559999999999947e+00
277        1.560759999999999925e+00
231        1.560799999999999965e+00
342        1.560920000000000085e+00
343        1.560999999999999943e+00
59         1.561140000000000194e+00
172        1.561220000000000052e+00
131        1.561299999999999910e+00
301        1.561400000000000121e+00
354        1.561740000000000128e+00
246        1.562079999999999913e+00
184        1.562100000000000266e+00
127        1.562160000000000215e+00
80         1.562240000000000073e+00
93         1.562280000000000113e+00
148        1.562600000000000211e+00
377        1.562600000000000211e+00
94         1.562660000000000160e+00
362        1.562900000000000178e+00
297        1.563620000000000232e+00
99         1.563760000000000039e+00
333        1.564480000000000093e+00
120        1.564540000000000042e+00
376        1.564640000000000031e+00
319        1.564720000000000111e+00
98         1.564759999999999929e+00
59         1.565059999999999896e+00
0          1.565860000000000252e+00
233        1.565980000000000150e+00
299        1.566240000000000077e+00
288        1.566259999999999986e+00
194        1.566340000000000288e+00
129        1.566380000000000106e+00
84         1.566480000000000095e+00
185        1.566600000000000215e+00
235        1.566799999999999971e+00
220        1.567260000000000097e+00
399        1.567440000000000166e+00
270        1.568000000000000060e+00
224        1.568140000000000089e+00
295        1.568240000000000078e+00
231        1.568259999999999987e+00
66         1.568380000000000107e+00
303        1.568380000000000107e+00
191        1.568440000000000056e+00
248        1.568459999999999965e+00
80         1.568480000000000096e+00
123        1.568519999999999914e+00
214        1.568640000000000034e+00
212        1.568640000000000034e+00
149        1.568680000000000074e+00
253        1.568759999999999932e+00
65         1.568940000000000001e+00
167        1.569400000000000128e+00
347        1.569560000000000066e+00
292        1.569680000000000186e+00
272        1.570060000000000011e+00
156        1.570240000000000080e+00
114        1.570799999999999974e+00
73         1.571080000000000032e+00
30         1.571299999999999919e+00
78         1.571380000000000221e+00
227        1.571420000000000039e+00
284        1.571680000000000188e+00
189        1.572420000000000151e+00
280        1.572420000000000151e+00
336        1.572480000000000100e+00
160        1.572720000000000118e+00
348        1.572819999999999885e+00
269        1.573039999999999994e+00
276        1.573080000000000034e+00
260        1.573080000000000034e+00
309        1.573140000000000205e+00
74         1.573160000000000114e+00
142        1.573280000000000012e+00
377        1.573500000000000121e+00
347        1.573539999999999939e+00
239        1.573560000000000070e+00
194        1.573819999999999997e+00
390        1.574420000000000153e+00
376        1.574500000000000011e+00
332        1.574540000000000051e+00
72         1.574600000000000222e+00
330        1.574720000000000120e+00
152        1.575039999999999996e+00
299        1.575100000000000167e+00
38         1.575720000000000010e+00
78         1.575740000000000141e+00
270        1.576459999999999972e+00
105        1.576600000000000223e+00
166        1.576660000000000172e+00
340        1.576740000000000030e+00
124        1.577160000000000117e+00
61         1.577539999999999942e+00
350        1.577820000000000000e+00
221        1.577840000000000131e+00
69         1.578019999999999978e+00
227        1.578100000000000058e+00
43         1.578120000000000189e+00
111        1.578279999999999905e+00
236        1.578279999999999905e+00
231        1.578279999999999905e+00
368        1.578319999999999945e+00
309        1.578340000000000076e+00
74         1.578360000000000207e+00
376        1.578440000000000065e+00
252        1.578759999999999941e+00
152        1.578960000000000141e+00
199        1.579020000000000090e+00
304        1.579220000000000068e+00
336        1.580400000000000027e+00
114        1.580420000000000158e+00
257        1.580519999999999925e+00
286        1.580540000000000056e+00
251        1.580559999999999965e+00
289        1.580780000000000074e+00
372        1.580780000000000074e+00
146        1.580880000000000063e+00
109        1.581059999999999910e+00
25         1.581160000000000121e+00
91         1.581680000000000197e+00
141        1.581760000000000055e+00
245        1.582060000000000022e+00
256        1.582160000000000011e+00
6          1.582579999999999876e+00
138        1.582860000000000156e+00
48         1.582960000000000145e+00
248        1.582960000000000145e+00
76         1.582999999999999963e+00
236        1.583280000000000021e+00
395        1.583539999999999948e+00
199        1.583840000000000137e+00
59         1.584480000000000111e+00
36         1.584680000000000089e+00
294        1.584799999999999986e+00
75         1.584840000000000249e+00
354        1.584840000000000249e+00
311        1.585020000000000095e+00
246        1.585059999999999913e+00
339        1.585059999999999913e+00
189        1.585160000000000124e+00
203        1.585160000000000124e+00
273        1.585160000000000124e+00
390        1.585160000000000124e+00
121        1.585239999999999982e+00
204        1.585360000000000102e+00
384        1.585680000000000200e+00
313        1.585720000000000018e+00
370        1.586219999999999963e+00
308        1.586620000000000141e+00
136        1.586759999999999948e+00
96         1.587500000000000133e+00
242        1.587680000000000202e+00
48         1.587880000000000180e+00
336        1.587880000000000180e+00
161        1.588160000000000016e+00
14         1.588300000000000045e+00
101        1.588680000000000092e+00
365        1.588740000000000041e+00
234        1.588880000000000070e+00
275        1.589280000000000026e+00
292        1.589700000000000113e+00
26         1.589820000000000011e+00
357        1.589840000000000142e+00
34         1.589860000000000051e+00
398        1.589880000000000182e+00
115        1.589940000000000131e+00
190        1.590160000000000018e+00
254        1.590459999999999985e+00
263        1.590459999999999985e+00
121        1.590519999999999934e+00
335        1.590559999999999974e+00
385        1.590559999999999974e+00
66         1.591160000000000130e+00
53         1.591200000000000170e+00
145        1.591500000000000137e+00
308        1.591500000000000137e+00
2          1.591560000000000086e+00
272        1.592680000000000096e+00
156        1.592880000000000074e+00
150        1.593059999999999921e+00
133        1.593059999999999921e+00
196        1.593200000000000172e+00
5          1.593340000000000201e+00
294        1.593380000000000241e+00
119        1.593440000000000190e+00
113        1.593560000000000088e+00
375        1.594039999999999901e+00
114        1.594100000000000072e+00
167        1.594100000000000072e+00
26         1.594219999999999970e+00
344        1.594260000000000010e+00
35         1.594360000000000221e+00
336        1.594540000000000068e+00
104        1.595200000000000173e+00
93         1.595280000000000031e+00
331        1.595299999999999940e+00
175        1.595400000000000151e+00
67         1.595420000000000060e+00
285        1.595460000000000100e+00
127        1.595539999999999958e+00
256        1.595560000000000089e+00
80         1.595620000000000260e+00
395        1.596039999999999903e+00
81         1.596360000000000223e+00
280        1.596480000000000121e+00
50         1.596519999999999939e+00
64         1.597260000000000124e+00
226        1.597299999999999942e+00
277        1.597400000000000153e+00
141        1.597420000000000062e+00
220        1.597500000000000142e+00
183        1.598019999999999996e+00
295        1.598620000000000152e+00
74         1.598860000000000170e+00
365        1.598980000000000068e+00
350        1.599280000000000035e+00
356        1.599360000000000115e+00
7          1.599380000000000246e+00
51         1.599400000000000155e+00
328        1.599400000000000155e+00
87         1.599460000000000104e+00
324        1.599739999999999940e+00
188        1.599940000000000140e+00
81         1.600459999999999994e+00
15         1.600600000000000245e+00
258        1.600740000000000052e+00
58         1.600960000000000161e+00
147        1.601100000000000190e+00
136        1.601100000000000190e+00
231        1.601100000000000190e+00
234        1.601600000000000135e+00
33         1.601660000000000084e+00
139        1.601700000000000124e+00
208        1.602039999999999909e+00
302        1.602319999999999967e+00
141        1.602380000000000138e+00
247        1.602380000000000138e+00
224        1.602380000000000138e+00
277        1.603200000000000180e+00
176        1.603320000000000078e+00
254        1.603380000000000249e+00
148        1.603460000000000107e+00
268        1.603760000000000074e+00
183        1.604079999999999950e+00
339        1.604200000000000070e+00
143        1.604480000000000128e+00
259        1.604759999999999964e+00
335        1.604940000000000033e+00
27         1.604980000000000073e+00
399        1.605439999999999978e+00
220        1.605480000000000018e+00
252        1.606219999999999981e+00
49         1.606240000000000112e+00
371        1.606700000000000017e+00
185        1.606759999999999966e+00
393        1.606800000000000006e+00
210        1.606980000000000075e+00
327        1.606980000000000075e+00
201        1.607120000000000104e+00
130        1.607180000000000053e+00
270        1.607480000000000020e+00
176        1.607620000000000049e+00
275        1.607620000000000049e+00
192        1.607880000000000198e+00
338        1.607940000000000147e+00
52         1.608000000000000096e+00
321        1.608039999999999914e+00
59         1.608200000000000074e+00
152        1.608200000000000074e+00
119        1.608240000000000114e+00
136        1.608400000000000052e+00
242        1.608480000000000132e+00
153        1.608620000000000161e+00
260        1.608860000000000179e+00
269        1.608900000000000219e+00
171        1.609100000000000197e+00
17         1.609220000000000095e+00
48         1.610060000000000047e+00
305        1.610060000000000047e+00
158        1.610240000000000116e+00
173        1.610300000000000065e+00
277        1.610579999999999901e+00
92         1.610740000000000061e+00
200        1.611140000000000239e+00
64         1.611299999999999955e+00
330        1.611380000000000035e+00
9          1.611460000000000115e+00
184        1.611799999999999899e+00
3          1.612279999999999935e+00
323        1.612340000000000106e+00
285        1.612400000000000055e+00
193        1.612579999999999902e+00
135        1.612640000000000073e+00
366        1.612640000000000073e+00
58         1.612860000000000182e+00
321        1.613680000000000003e+00
390        1.613680000000000003e+00
159        1.613820000000000032e+00
183        1.614120000000000221e+00
187        1.614160000000000039e+00
380        1.614240000000000119e+00
290        1.614260000000000028e+00
195        1.614360000000000239e+00
206        1.614900000000000224e+00
111        1.615140000000000242e+00
188        1.615199999999999969e+00
289        1.615460000000000118e+00
330        1.615460000000000118e+00
244        1.615940000000000154e+00
387        1.615960000000000063e+00
298        1.616060000000000052e+00
295        1.616140000000000132e+00
388        1.616440000000000099e+00
301        1.616600000000000259e+00
247        1.616740000000000066e+00
2          1.616759999999999975e+00
236        1.616900000000000226e+00
319        1.617700000000000138e+00
201        1.617799999999999905e+00
221        1.618020000000000014e+00
38         1.618160000000000043e+00
164        1.618200000000000083e+00
391        1.618260000000000032e+00
248        1.618440000000000101e+00
357        1.618480000000000141e+00
106        1.618900000000000228e+00
162        1.619700000000000140e+00
262        1.619840000000000169e+00
146        1.619979999999999976e+00
108        1.620000000000000107e+00
158        1.620340000000000114e+00
13         1.620460000000000012e+00
71         1.620840000000000281e+00
236        1.620880000000000098e+00
265        1.620900000000000230e+00
288        1.620940000000000047e+00
365        1.620999999999999996e+00
167        1.621040000000000036e+00
85         1.621059999999999945e+00
254        1.621079999999999854e+00
208        1.621499999999999941e+00
388        1.621720000000000050e+00
2          1.621760000000000090e+00
153        1.621820000000000039e+00
50         1.622180000000000177e+00
319        1.622219999999999995e+00
38         1.622980000000000089e+00
22         1.623280000000000056e+00
277        1.623340000000000227e+00
242        1.623580000000000023e+00
96         1.623700000000000143e+00
93         1.623840000000000172e+00
173        1.623900000000000121e+00
185        1.623940000000000161e+00
267        1.624140000000000139e+00
281        1.624660000000000215e+00
323        1.624819999999999931e+00
261        1.625100000000000211e+00
295        1.625180000000000069e+00
351        1.625259999999999927e+00
95         1.626020000000000021e+00
87         1.626020000000000021e+00
374        1.626039999999999930e+00
313        1.626319999999999988e+00
321        1.626360000000000250e+00
129        1.626560000000000006e+00
180        1.626560000000000006e+00
300        1.626560000000000006e+00
379        1.626579999999999915e+00
366        1.626620000000000177e+00
275        1.627180000000000071e+00
40         1.627799999999999914e+00
385        1.627900000000000125e+00
42         1.628079999999999972e+00
301        1.628160000000000052e+00
284        1.628959999999999964e+00
375        1.629120000000000124e+00
115        1.629220000000000113e+00
325        1.629299999999999971e+00
62         1.629620000000000068e+00
202        1.629680000000000017e+00
8          1.630180000000000184e+00
132        1.630319999999999991e+00
254        1.630319999999999991e+00
394        1.630420000000000202e+00
144        1.630700000000000038e+00
373        1.630700000000000038e+00
19         1.631140000000000034e+00
163        1.631259999999999932e+00
162        1.631340000000000234e+00
213        1.631420000000000092e+00
350        1.631499999999999950e+00
331        1.631580000000000030e+00
96         1.631700000000000150e+00
7          1.631860000000000088e+00
136        1.631920000000000037e+00
255        1.632180000000000186e+00
140        1.632380000000000164e+00
63         1.632420000000000204e+00
127        1.632680000000000131e+00
293        1.632720000000000171e+00
261        1.632800000000000029e+00
99         1.632860000000000200e+00
273        1.632880000000000109e+00
117        1.633299999999999974e+00
223        1.633360000000000145e+00
161        1.634500000000000064e+00
301        1.634540000000000104e+00
79         1.634620000000000184e+00
194        1.634700000000000042e+00
352        1.635040000000000049e+00
226        1.635240000000000027e+00
277        1.635360000000000147e+00
202        1.635460000000000136e+00
183        1.635580000000000034e+00
179        1.635860000000000092e+00
105        1.636460000000000026e+00
128        1.636519999999999975e+00
173        1.636779999999999902e+00
260        1.637120000000000131e+00
297        1.637180000000000080e+00
254        1.637420000000000098e+00
176        1.637620000000000076e+00
146        1.637760000000000105e+00
199        1.637979999999999992e+00
172        1.638420000000000210e+00
398        1.638480000000000159e+00
4          1.638540000000000108e+00
99         1.638620000000000188e+00
23         1.638759999999999994e+00
10         1.638980000000000103e+00
261        1.639199999999999990e+00
347        1.639299999999999979e+00
97         1.639340000000000241e+00
15         1.640300000000000091e+00
112        1.640340000000000131e+00
239        1.640360000000000262e+00
288        1.640360000000000262e+00
69         1.640380000000000171e+00
184        1.640640000000000098e+00
251        1.640660000000000007e+00
391        1.640700000000000047e+00
113        1.641059999999999963e+00
7          1.641079999999999872e+00
290        1.641120000000000134e+00
355        1.641259999999999941e+00
218        1.641640000000000210e+00
364        1.642000000000000126e+00
308        1.642400000000000082e+00
6          1.642460000000000031e+00
389        1.642480000000000162e+00
211        1.642500000000000071e+00
19         1.642519999999999980e+00
208        1.642579999999999929e+00
25         1.642640000000000100e+00
154        1.642680000000000140e+00
196        1.643559999999999910e+00
3          1.643979999999999997e+00
366        1.644680000000000142e+00
117        1.644779999999999909e+00
346        1.644980000000000109e+00
220        1.645079999999999876e+00
258        1.645199999999999996e+00
336        1.645340000000000247e+00
314        1.645480000000000054e+00
313        1.645480000000000054e+00
394        1.645499999999999963e+00
67         1.645520000000000094e+00
202        1.645680000000000032e+00
186        1.645720000000000072e+00
335        1.645739999999999981e+00
299        1.645900000000000141e+00
76         1.646620000000000195e+00
139        1.646620000000000195e+00
345        1.646640000000000104e+00
121        1.647100000000000231e+00
303        1.647199999999999998e+00
149        1.647640000000000216e+00
253        1.647820000000000062e+00
21         1.647920000000000051e+00
88         1.648120000000000251e+00
137        1.648180000000000200e+00
147        1.648260000000000058e+00
44         1.648620000000000196e+00
294        1.649059999999999970e+00
15         1.649120000000000141e+00
105        1.649199999999999999e+00
3          1.649319999999999897e+00
243        1.649360000000000159e+00
51         1.649559999999999915e+00
115        1.649660000000000126e+00
175        1.650240000000000151e+00
138        1.650819999999999954e+00
367        1.650920000000000165e+00
101        1.651000000000000023e+00
99         1.651079999999999881e+00
114        1.651200000000000001e+00
116        1.651299999999999990e+00
75         1.651319999999999899e+00
208        1.651400000000000201e+00
249        1.651460000000000150e+00
103        1.651860000000000106e+00
168        1.651880000000000237e+00
353        1.651900000000000146e+00
251        1.651920000000000055e+00
19         1.652079999999999993e+00
246        1.652760000000000007e+00
331        1.652900000000000036e+00
135        1.653019999999999934e+00
285        1.653259999999999952e+00
244        1.653360000000000163e+00
236        1.653400000000000203e+00
361        1.653660000000000130e+00
91         1.653820000000000068e+00
145        1.653920000000000057e+00
21         1.654079999999999995e+00
49         1.654100000000000126e+00
365        1.654460000000000042e+00
64         1.654740000000000100e+00
121        1.655680000000000041e+00
98         1.655920000000000059e+00
27         1.656500000000000083e+00
351        1.656539999999999901e+00
61         1.657040000000000068e+00
167        1.657079999999999886e+00
16         1.657499999999999973e+00
245        1.657520000000000104e+00
203        1.657540000000000013e+00
233        1.657540000000000013e+00
300        1.657559999999999922e+00
326        1.657640000000000224e+00
49         1.657760000000000122e+00
281        1.657760000000000122e+00
247        1.657780000000000031e+00
197        1.657860000000000111e+00
50         1.658420000000000005e+00
26         1.658620000000000205e+00
89         1.658700000000000063e+00
371        1.658800000000000052e+00
103        1.658940000000000081e+00
266        1.658959999999999990e+00
377        1.659200000000000008e+00
313        1.659319999999999906e+00
188        1.659660000000000135e+00
253        1.659840000000000204e+00
33         1.660160000000000080e+00
199        1.660160000000000080e+00
316        1.660200000000000120e+00
80         1.660340000000000149e+00
132        1.660400000000000098e+00
350        1.661040000000000072e+00
324        1.661180000000000101e+00
308        1.661600000000000188e+00
333        1.661660000000000137e+00
96         1.661820000000000075e+00
254        1.662539999999999907e+00
268        1.663140000000000063e+00
245        1.663240000000000052e+00
205        1.663319999999999910e+00
378        1.663420000000000121e+00
114        1.663480000000000070e+00
47         1.663499999999999979e+00
198        1.663499999999999979e+00
27         1.663520000000000110e+00
266        1.663520000000000110e+00
60         1.663559999999999928e+00
45         1.663580000000000059e+00
264        1.663940000000000197e+00
314        1.664900000000000047e+00
170        1.665580000000000060e+00
369        1.665680000000000049e+00
240        1.665799999999999947e+00
385        1.665999999999999925e+00
140        1.666020000000000056e+00
51         1.666160000000000085e+00
31         1.666239999999999943e+00
134        1.666479999999999961e+00
183        1.666479999999999961e+00
57         1.666579999999999950e+00
48         1.666700000000000070e+00
384        1.666760000000000019e+00
52         1.666940000000000088e+00
399        1.667200000000000015e+00
95         1.667259999999999964e+00
250        1.667280000000000095e+00
192        1.667380000000000084e+00
229        1.667600000000000193e+00
397        1.667600000000000193e+00
271        1.668220000000000036e+00
216        1.668420000000000014e+00
162        1.668479999999999963e+00
214        1.668719999999999981e+00
165        1.669120000000000159e+00
373        1.669220000000000148e+00
219        1.669319999999999915e+00
126        1.669340000000000268e+00
82         1.669499999999999984e+00
298        1.669780000000000042e+00
155        1.670360000000000067e+00
31         1.670380000000000198e+00
59         1.670700000000000074e+00
25         1.670760000000000023e+00
117        1.671460000000000168e+00
195        1.671740000000000004e+00
96         1.671780000000000044e+00
288        1.672059999999999880e+00
20         1.672180000000000000e+00
233        1.672239999999999949e+00
125        1.672260000000000080e+00
63         1.672400000000000109e+00
121        1.672500000000000098e+00
365        1.672819999999999974e+00
317        1.673000000000000043e+00
135        1.673140000000000072e+00
254        1.673140000000000072e+00
294        1.673200000000000021e+00
316        1.673340000000000272e+00
271        1.673920000000000075e+00
380        1.674200000000000133e+00
322        1.674340000000000162e+00
333        1.674500000000000099e+00
240        1.674840000000000106e+00
359        1.674840000000000106e+00
165        1.675680000000000058e+00
285        1.675700000000000189e+00
351        1.675920000000000076e+00
16         1.675980000000000025e+00
27         1.676039999999999974e+00
253        1.676059999999999883e+00
394        1.676180000000000003e+00
15         1.676260000000000083e+00
155        1.676260000000000083e+00
36         1.677100000000000257e+00
141        1.677259999999999973e+00
279        1.677740000000000009e+00
250        1.677920000000000078e+00
32         1.678039999999999976e+00
303        1.678719999999999990e+00
217        1.678920000000000190e+00
207        1.678980000000000139e+00
85         1.679040000000000088e+00
165        1.679100000000000259e+00
261        1.679100000000000259e+00
97         1.679340000000000277e+00
275        1.679380000000000095e+00
142        1.679420000000000135e+00
94         1.679520000000000124e+00
380        1.680279999999999996e+00
244        1.680340000000000167e+00
161        1.680460000000000065e+00
141        1.680500000000000105e+00
301        1.680860000000000243e+00
34         1.681120000000000170e+00
211        1.681240000000000068e+00
159        1.681380000000000097e+00
279        1.681480000000000086e+00
162        1.681579999999999853e+00
336        1.681579999999999853e+00
15         1.681640000000000246e+00
154        1.681999999999999940e+00
52         1.682059999999999889e+00
320        1.682080000000000020e+00
306        1.682120000000000060e+00
36         1.682239999999999958e+00
132        1.682279999999999998e+00
122        1.683220000000000161e+00
289        1.683280000000000109e+00
359        1.683559999999999945e+00
137        1.684080000000000021e+00
278        1.684120000000000061e+00
80         1.684140000000000192e+00
87         1.684380000000000210e+00
93         1.684520000000000017e+00
83         1.684680000000000177e+00
107        1.684700000000000086e+00
250        1.684700000000000086e+00
165        1.684760000000000035e+00
1          1.685259999999999980e+00
150        1.686340000000000172e+00
167        1.686460000000000070e+00
54         1.686560000000000059e+00
56         1.686640000000000139e+00
332        1.686719999999999997e+00
117        1.686760000000000037e+00
145        1.686779999999999946e+00
129        1.686819999999999986e+00
124        1.686840000000000117e+00
92         1.687019999999999964e+00
209        1.687660000000000160e+00
58         1.688260000000000094e+00
343        1.688520000000000021e+00
182        1.688579999999999970e+00
244        1.689160000000000217e+00
52         1.689300000000000024e+00
284        1.689319999999999933e+00
380        1.689540000000000042e+00
299        1.689720000000000111e+00
319        1.689759999999999929e+00
218        1.689840000000000231e+00
367        1.690340000000000176e+00
231        1.690420000000000034e+00
41         1.690760000000000041e+00
221        1.690779999999999950e+00
42         1.690800000000000081e+00
321        1.690960000000000019e+00
223        1.691140000000000088e+00
32         1.691300000000000026e+00
6          1.691480000000000095e+00
95         1.691579999999999862e+00
235        1.691699999999999982e+00
345        1.692140000000000200e+00
70         1.692299999999999915e+00
158        1.692400000000000126e+00
224        1.692400000000000126e+00
285        1.692400000000000126e+00
256        1.692479999999999984e+00
324        1.692520000000000024e+00
147        1.692660000000000053e+00
254        1.692700000000000093e+00
49         1.693980000000000041e+00
278        1.694020000000000081e+00
85         1.694080000000000030e+00
43         1.694140000000000201e+00
264        1.694140000000000201e+00
215        1.694620000000000237e+00
292        1.694740000000000135e+00
157        1.694760000000000044e+00
98         1.694779999999999953e+00
230        1.695000000000000062e+00
30         1.695240000000000080e+00
360        1.695600000000000218e+00
313        1.695620000000000127e+00
42         1.696120000000000072e+00
169        1.696579999999999977e+00
143        1.696640000000000148e+00
185        1.696720000000000006e+00
315        1.696860000000000257e+00
237        1.696960000000000024e+00
200        1.697240000000000082e+00
309        1.697300000000000031e+00
142        1.697440000000000060e+00
304        1.697459999999999969e+00
387        1.697500000000000009e+00
133        1.697620000000000129e+00
268        1.697780000000000067e+00
274        1.697799999999999976e+00
206        1.697840000000000238e+00
347        1.698960000000000026e+00
370        1.699100000000000277e+00
38         1.699200000000000044e+00
178        1.699300000000000033e+00
20         1.699380000000000113e+00
61         1.699420000000000153e+00
162        1.699579999999999869e+00
124        1.699799999999999978e+00
319        1.699900000000000189e+00
230        1.699920000000000098e+00
247        1.700180000000000025e+00
67         1.701160000000000228e+00
99         1.701160000000000228e+00
327        1.701259999999999994e+00
87         1.701279999999999903e+00
139        1.701340000000000074e+00
132        1.701340000000000074e+00
7          1.701360000000000205e+00
242        1.701400000000000023e+00
364        1.701799999999999979e+00
200        1.701920000000000099e+00
310        1.701960000000000139e+00
273        1.702720000000000011e+00
374        1.702740000000000142e+00
37         1.702840000000000131e+00
342        1.703540000000000054e+00
228        1.703680000000000083e+00
382        1.703740000000000032e+00
175        1.703920000000000101e+00
216        1.703960000000000141e+00
178        1.704100000000000170e+00
291        1.704280000000000017e+00
145        1.704560000000000075e+00
362        1.704579999999999984e+00
284        1.704640000000000155e+00
271        1.705200000000000049e+00
387        1.705999999999999961e+00
152        1.706180000000000030e+00
100        1.706220000000000070e+00
49         1.706280000000000019e+00
190        1.706320000000000059e+00
363        1.706380000000000230e+00
234        1.706539999999999946e+00
10         1.706900000000000084e+00
366        1.706920000000000215e+00
28         1.707420000000000160e+00
90         1.707600000000000229e+00
157        1.707640000000000047e+00
132        1.707759999999999945e+00
113        1.707780000000000076e+00
29         1.707880000000000065e+00
370        1.708680000000000199e+00
321        1.708820000000000006e+00
239        1.708860000000000268e+00
197        1.708880000000000177e+00
385        1.708960000000000035e+00
77         1.708979999999999944e+00
205        1.709160000000000013e+00
311        1.709279999999999911e+00
54         1.709559999999999969e+00
284        1.709620000000000140e+00
204        1.709960000000000147e+00
353        1.710040000000000004e+00
86         1.710260000000000113e+00
264        1.710360000000000102e+00
237        1.710880000000000178e+00
309        1.710880000000000178e+00
253        1.711100000000000065e+00
362        1.711300000000000043e+00
164        1.712160000000000126e+00
52         1.712299999999999933e+00
228        1.712579999999999991e+00
1          1.712860000000000271e+00
300        1.712900000000000089e+00
55         1.713019999999999987e+00
155        1.713079999999999936e+00
95         1.713100000000000067e+00
224        1.713180000000000147e+00
263        1.713180000000000147e+00
92         1.713559999999999972e+00
102        1.713700000000000001e+00
373        1.714400000000000146e+00
297        1.714480000000000004e+00
113        1.714520000000000044e+00
279        1.714620000000000255e+00
289        1.714700000000000113e+00
75         1.715180000000000149e+00
264        1.715440000000000076e+00
284        1.715660000000000185e+00
187        1.715720000000000134e+00
363        1.715880000000000072e+00
312        1.715960000000000152e+00
29         1.716059999999999919e+00
385        1.716280000000000028e+00
177        1.716420000000000057e+00
273        1.716500000000000137e+00
218        1.716640000000000166e+00
109        1.717140000000000111e+00
203        1.717420000000000169e+00
321        1.717420000000000169e+00
53         1.718059999999999921e+00
186        1.718400000000000150e+00
8          1.718420000000000059e+00
146        1.718799999999999883e+00
282        1.718920000000000003e+00
143        1.719180000000000152e+00
198        1.719200000000000061e+00
354        1.719420000000000170e+00
261        1.719579999999999886e+00
368        1.719600000000000239e+00
296        1.719700000000000006e+00
116        1.720260000000000122e+00
149        1.720620000000000260e+00
128        1.720940000000000136e+00
177        1.721219999999999972e+00
9          1.721240000000000103e+00
219        1.721480000000000121e+00
240        1.721720000000000139e+00
12         1.721920000000000117e+00
289        1.722200000000000175e+00
147        1.722500000000000142e+00
21         1.722660000000000080e+00
395        1.722660000000000080e+00
391        1.722739999999999938e+00
19         1.722900000000000098e+00
66         1.722979999999999956e+00
65         1.723240000000000105e+00
348        1.723319999999999963e+00
265        1.723400000000000043e+00
20         1.723480000000000123e+00
194        1.723480000000000123e+00
334        1.723519999999999941e+00
221        1.723540000000000072e+00
324        1.723920000000000119e+00
331        1.724400000000000155e+00
392        1.724440000000000195e+00
103        1.724960000000000049e+00
135        1.725060000000000038e+00
364        1.725340000000000096e+00
255        1.725420000000000176e+00
241        1.725920000000000121e+00
53         1.726140000000000230e+00
177        1.726140000000000230e+00
247        1.726220000000000088e+00
26         1.726660000000000084e+00
45         1.726700000000000124e+00
300        1.726739999999999942e+00
289        1.727400000000000047e+00
142        1.727519999999999945e+00
397        1.727540000000000076e+00
268        1.727740000000000054e+00
79         1.727940000000000031e+00
1          1.727980000000000071e+00
200        1.728080000000000060e+00
168        1.728760000000000074e+00
304        1.728840000000000154e+00
199        1.729000000000000092e+00
376        1.729000000000000092e+00
130        1.729400000000000048e+00
25         1.730080000000000062e+00
222        1.730320000000000080e+00
65         1.730520000000000058e+00
10         1.730700000000000127e+00
112        1.730820000000000025e+00
111        1.731140000000000123e+00
234        1.731240000000000112e+00
211        1.731279999999999930e+00
147        1.731319999999999970e+00
46         1.731380000000000141e+00
350        1.731400000000000050e+00
266        1.731420000000000181e+00
245        1.731980000000000075e+00
383        1.732040000000000024e+00
108        1.732320000000000082e+00
292        1.733540000000000081e+00
14         1.733680000000000110e+00
249        1.733800000000000008e+00
97         1.734100000000000197e+00
354        1.734460000000000113e+00
176        1.734700000000000131e+00
224        1.734760000000000080e+00
101        1.734779999999999989e+00
273        1.735000000000000098e+00
258        1.735079999999999956e+00
373        1.735160000000000036e+00
289        1.735300000000000065e+00
218        1.735380000000000145e+00
90         1.735740000000000061e+00
78         1.735740000000000061e+00
111        1.735980000000000079e+00
76         1.736160000000000148e+00
89         1.736299999999999955e+00
150        1.736380000000000035e+00
60         1.736820000000000030e+00
5          1.736880000000000202e+00
37         1.736940000000000150e+00
99         1.737120000000000219e+00
396        1.737219999999999986e+00
324        1.737319999999999975e+00
151        1.737340000000000106e+00
43         1.737380000000000146e+00
49         1.737460000000000004e+00
170        1.737920000000000131e+00
295        1.738160000000000149e+00
304        1.739219999999999988e+00
378        1.739340000000000108e+00
57         1.739400000000000057e+00
101        1.739420000000000188e+00
284        1.739420000000000188e+00
18         1.740559999999999885e+00
200        1.740739999999999954e+00
135        1.740820000000000034e+00
379        1.741579999999999906e+00
214        1.741660000000000208e+00
91         1.741700000000000026e+00
165        1.741720000000000157e+00
246        1.741759999999999975e+00
159        1.741920000000000135e+00
73         1.741980000000000084e+00
110        1.742340000000000222e+00
145        1.742640000000000189e+00
15         1.742660000000000098e+00
268        1.742700000000000138e+00
295        1.742940000000000156e+00
205        1.743079999999999963e+00
288        1.743079999999999963e+00
128        1.743180000000000174e+00
296        1.743640000000000079e+00
80         1.743740000000000068e+00
198        1.743920000000000137e+00
90         1.744020000000000126e+00
157        1.744240000000000013e+00
303        1.744640000000000191e+00
79         1.744880000000000209e+00
301        1.745120000000000227e+00
93         1.745260000000000034e+00
307        1.745560000000000000e+00
85         1.745680000000000121e+00
366        1.745720000000000161e+00
170        1.745740000000000069e+00
61         1.745759999999999978e+00
213        1.745819999999999927e+00
78         1.746199999999999974e+00
372        1.746820000000000039e+00
190        1.747260000000000035e+00
286        1.747300000000000075e+00
375        1.747300000000000075e+00
44         1.747500000000000053e+00
383        1.747540000000000093e+00
59         1.747560000000000002e+00
205        1.747900000000000231e+00
87         1.747960000000000180e+00
64         1.748259999999999925e+00
293        1.748299999999999965e+00
221        1.748319999999999874e+00
265        1.748340000000000227e+00
374        1.748400000000000176e+00
106        1.748620000000000063e+00
67         1.748880000000000212e+00
26         1.749759999999999982e+00
306        1.749840000000000284e+00
127        1.750120000000000120e+00
74         1.750199999999999978e+00
253        1.750620000000000065e+00
270        1.750920000000000032e+00
216        1.750960000000000072e+00
251        1.751000000000000112e+00
320        1.751300000000000079e+00
178        1.751380000000000159e+00
274        1.751440000000000108e+00
388        1.751480000000000148e+00
132        1.752100000000000213e+00
345        1.752299999999999969e+00
397        1.752460000000000129e+00
60         1.752860000000000085e+00
162        1.752940000000000165e+00
148        1.752979999999999983e+00
91         1.753000000000000114e+00
166        1.753020000000000023e+00
347        1.753039999999999932e+00
218        1.753060000000000063e+00
9          1.753340000000000121e+00
76         1.753600000000000270e+00
331        1.753640000000000088e+00
87         1.753700000000000037e+00
219        1.754600000000000160e+00
84         1.754620000000000068e+00
54         1.754720000000000057e+00
4          1.754920000000000035e+00
314        1.755220000000000002e+00
353        1.755519999999999969e+00
258        1.755660000000000220e+00
349        1.756280000000000063e+00
216        1.756620000000000070e+00
324        1.756640000000000201e+00
139        1.756680000000000019e+00
96         1.757000000000000117e+00
176        1.757020000000000026e+00
179        1.757279999999999953e+00
115        1.757340000000000124e+00
85         1.757360000000000255e+00
156        1.757400000000000073e+00
191        1.757519999999999971e+00
274        1.757819999999999938e+00
65         1.758580000000000032e+00
242        1.758580000000000032e+00
68         1.758680000000000021e+00
199        1.758820000000000050e+00
159        1.758880000000000221e+00
224        1.758979999999999988e+00
7          1.759039999999999937e+00
111        1.759100000000000108e+00
66         1.759640000000000093e+00
290        1.759800000000000031e+00
202        1.759900000000000020e+00
172        1.760100000000000220e+00
21         1.760420000000000096e+00
178        1.760520000000000085e+00
62         1.760739999999999972e+00
147        1.761420000000000208e+00
18         1.761660000000000226e+00
165        1.761740000000000084e+00
115        1.762180000000000080e+00
181        1.762920000000000043e+00
160        1.762920000000000043e+00
79         1.763200000000000101e+00
73         1.763220000000000010e+00
90         1.763319999999999999e+00
270        1.763340000000000130e+00
301        1.763480000000000159e+00
99         1.763560000000000016e+00
342        1.763560000000000016e+00
197        1.763579999999999925e+00
356        1.763800000000000034e+00
190        1.764280000000000070e+00
33         1.764480000000000048e+00
4          1.764539999999999997e+00
104        1.764600000000000168e+00
317        1.764640000000000208e+00
364        1.764680000000000026e+00
139        1.764799999999999924e+00
289        1.764840000000000186e+00
297        1.765120000000000244e+00
226        1.765500000000000069e+00
94         1.765959999999999974e+00
108        1.766000000000000014e+00
27         1.766600000000000170e+00
64         1.766620000000000079e+00
386        1.766739999999999977e+00
119        1.767279999999999962e+00
58         1.767340000000000133e+00
19         1.767680000000000140e+00
148        1.767800000000000038e+00
186        1.767920000000000158e+00
271        1.768180000000000085e+00
332        1.768340000000000245e+00
183        1.768620000000000081e+00
365        1.768979999999999997e+00
67         1.769380000000000175e+00
377        1.769519999999999982e+00
176        1.769560000000000022e+00
270        1.769740000000000091e+00
177        1.769819999999999949e+00
112        1.769920000000000160e+00
278        1.770040000000000058e+00
313        1.770380000000000065e+00
390        1.770580000000000043e+00
13         1.770960000000000090e+00
156        1.771039999999999948e+00
190        1.771079999999999988e+00
364        1.771100000000000119e+00
139        1.771260000000000057e+00
304        1.771519999999999984e+00
10         1.771600000000000064e+00
259        1.771600000000000064e+00
35         1.772019999999999929e+00
57         1.772240000000000038e+00
377        1.772820000000000062e+00
18         1.772860000000000102e+00
40         1.772920000000000051e+00
271        1.773060000000000080e+00
202        1.773120000000000251e+00
79         1.773140000000000160e+00
330        1.773180000000000200e+00
321        1.773300000000000098e+00
302        1.774120000000000141e+00
235        1.774160000000000181e+00
50         1.774280000000000079e+00
346        1.774400000000000199e+00
207        1.774460000000000148e+00
266        1.774640000000000217e+00
69         1.775200000000000111e+00
127        1.775240000000000151e+00
123        1.775760000000000005e+00
186        1.775840000000000085e+00
339        1.775860000000000216e+00
238        1.776200000000000001e+00
366        1.776480000000000059e+00
81         1.776520000000000099e+00
246        1.776820000000000066e+00
251        1.776840000000000197e+00
182        1.776880000000000237e+00
357        1.777519999999999989e+00
301        1.777680000000000149e+00
102        1.777740000000000098e+00
63         1.777860000000000218e+00
42         1.777920000000000167e+00
153        1.778000000000000025e+00
191        1.778100000000000236e+00
120        1.778200000000000003e+00
142        1.778220000000000134e+00
305        1.778299999999999992e+00
352        1.779260000000000064e+00
346        1.779380000000000184e+00
97         1.779560000000000031e+00
22         1.779819999999999958e+00
101        1.779920000000000169e+00
55         1.780440000000000023e+00
95         1.780680000000000041e+00
287        1.780700000000000172e+00
208        1.780920000000000059e+00
293        1.781140000000000168e+00
136        1.781420000000000003e+00
323        1.781539999999999901e+00
399        1.781660000000000021e+00
299        1.781740000000000101e+00
311        1.781900000000000039e+00
256        1.781920000000000170e+00
369        1.782340000000000257e+00
178        1.782540000000000013e+00
214        1.782540000000000013e+00
189        1.782860000000000111e+00
393        1.783000000000000140e+00
134        1.783420000000000005e+00
131        1.783420000000000005e+00
247        1.783440000000000136e+00
42         1.783660000000000023e+00
183        1.784040000000000070e+00
317        1.784079999999999888e+00
141        1.784280000000000088e+00
246        1.784400000000000208e+00
19         1.784480000000000066e+00
209        1.784559999999999924e+00
323        1.785140000000000171e+00
26         1.785460000000000047e+00
192        1.785600000000000076e+00
368        1.785800000000000054e+00
35         1.785819999999999963e+00
357        1.785900000000000043e+00
166        1.785940000000000083e+00
352        1.786540000000000017e+00
194        1.786660000000000137e+00
218        1.786720000000000086e+00
199        1.787100000000000133e+00
84         1.787220000000000031e+00
208        1.787239999999999940e+00
348        1.787779999999999925e+00
315        1.788040000000000074e+00
179        1.788440000000000030e+00
398        1.788540000000000019e+00
265        1.788600000000000190e+00
356        1.788600000000000190e+00
209        1.788720000000000088e+00
238        1.789740000000000109e+00
370        1.789740000000000109e+00
120        1.789779999999999927e+00
21         1.789840000000000098e+00
274        1.789840000000000098e+00
119        1.789860000000000229e+00
289        1.789880000000000138e+00
194        1.789980000000000127e+00
167        1.790840000000000209e+00
320        1.790940000000000198e+00
337        1.790960000000000107e+00
34         1.791239999999999943e+00
82         1.791579999999999950e+00
365        1.791620000000000212e+00
357        1.791740000000000110e+00
171        1.791840000000000099e+00
47         1.791880000000000139e+00
244        1.791940000000000088e+00
186        1.792300000000000004e+00
175        1.792340000000000266e+00
13         1.792420000000000124e+00
86         1.792799999999999949e+00
395        1.792900000000000160e+00
124        1.792920000000000069e+00
368        1.793039999999999967e+00
159        1.793059999999999876e+00
146        1.793520000000000003e+00
218        1.793620000000000214e+00
270        1.794000000000000039e+00
318        1.794620000000000104e+00
351        1.795520000000000005e+00
192        1.795579999999999954e+00
292        1.795700000000000074e+00
328        1.795800000000000063e+00
59         1.796019999999999950e+00
31         1.796340000000000270e+00
333        1.796460000000000168e+00
276        1.796600000000000197e+00
207        1.796740000000000004e+00
32         1.796760000000000135e+00
345        1.796880000000000255e+00
3          1.797220000000000040e+00
307        1.797760000000000025e+00
298        1.797779999999999934e+00
124        1.797800000000000065e+00
319        1.797800000000000065e+00
158        1.797960000000000003e+00
393        1.798559999999999937e+00
74         1.798580000000000068e+00
222        1.799279999999999990e+00
295        1.799400000000000110e+00
382        1.799440000000000150e+00
367        1.799479999999999968e+00
22         1.799620000000000219e+00
260        1.799779999999999935e+00
278        1.799920000000000186e+00
219        1.800040000000000084e+00
335        1.800799999999999956e+00
355        1.800920000000000076e+00
258        1.801520000000000010e+00
236        1.801760000000000028e+00
305        1.801819999999999977e+00
65         1.801880000000000148e+00
175        1.801880000000000148e+00
266        1.801880000000000148e+00
210        1.801980000000000137e+00
51         1.802000000000000046e+00
146        1.802200000000000024e+00
149        1.802300000000000013e+00
351        1.802400000000000224e+00
364        1.802840000000000220e+00
152        1.802960000000000118e+00
384        1.802999999999999936e+00
140        1.803299999999999903e+00
387        1.803479999999999972e+00
202        1.803560000000000052e+00
392        1.803579999999999961e+00
32         1.804000000000000048e+00
267        1.804120000000000168e+00
271        1.804360000000000186e+00
110        1.804499999999999993e+00
78         1.804540000000000033e+00
188        1.804580000000000073e+00
239        1.804840000000000222e+00
2          1.804960000000000120e+00
334        1.805279999999999996e+00
281        1.805299999999999905e+00
63         1.805640000000000134e+00
72         1.805740000000000123e+00
50         1.805900000000000061e+00
315        1.805960000000000010e+00
369        1.806780000000000053e+00
327        1.807200000000000140e+00
289        1.807640000000000136e+00
15         1.808019999999999960e+00
26         1.808120000000000172e+00
235        1.808220000000000161e+00
384        1.808240000000000069e+00
99         1.808319999999999927e+00
158        1.808440000000000047e+00
282        1.808480000000000087e+00
290        1.808600000000000207e+00
230        1.808660000000000156e+00
56         1.808680000000000065e+00
334        1.809080000000000021e+00
105        1.809160000000000101e+00
140        1.809220000000000050e+00
239        1.809440000000000159e+00
101        1.809700000000000086e+00
242        1.809700000000000086e+00
44         1.809960000000000013e+00
69         1.811200000000000143e+00
59         1.811280000000000001e+00
210        1.811660000000000048e+00
97         1.811740000000000128e+00
79         1.811779999999999946e+00
250        1.811840000000000117e+00
337        1.811880000000000157e+00
307        1.811900000000000066e+00
160        1.811940000000000106e+00
227        1.811980000000000146e+00
56         1.812000000000000055e+00
391        1.812380000000000102e+00
142        1.812720000000000109e+00
57         1.812960000000000127e+00
63         1.813440000000000163e+00
123        1.813760000000000039e+00
214        1.813920000000000199e+00
45         1.814160000000000217e+00
259        1.814360000000000195e+00
316        1.814440000000000053e+00
203        1.814480000000000093e+00
21         1.814740000000000020e+00
358        1.814799999999999969e+00
132        1.815299999999999914e+00
133        1.815720000000000001e+00
281        1.815940000000000110e+00
108        1.816140000000000088e+00
151        1.816280000000000117e+00
335        1.816280000000000117e+00
253        1.816380000000000106e+00
53         1.816519999999999913e+00
324        1.816519999999999913e+00
298        1.816579999999999862e+00
317        1.816620000000000124e+00
176        1.816860000000000142e+00
213        1.816920000000000091e+00
301        1.816920000000000091e+00
34         1.817120000000000068e+00
215        1.817200000000000149e+00
246        1.817260000000000097e+00
20         1.817560000000000064e+00
231        1.818880000000000052e+00
94         1.818900000000000183e+00
252        1.819059999999999899e+00
380        1.819239999999999968e+00
300        1.819299999999999917e+00
342        1.819579999999999975e+00
65         1.820040000000000102e+00
298        1.820300000000000029e+00
125        1.820420000000000149e+00
324        1.820420000000000149e+00
84         1.820500000000000007e+00
370        1.820620000000000127e+00
228        1.820660000000000167e+00
179        1.821160000000000112e+00
246        1.821160000000000112e+00
20         1.821940000000000115e+00
181        1.821940000000000115e+00
180        1.822180000000000133e+00
302        1.822340000000000293e+00
393        1.822380000000000111e+00
309        1.822640000000000038e+00
69         1.822799999999999976e+00
190        1.822900000000000187e+00
106        1.823299999999999921e+00
52         1.823740000000000139e+00
65         1.823760000000000048e+00
347        1.823920000000000208e+00
353        1.824100000000000277e+00
287        1.824180000000000135e+00
356        1.824180000000000135e+00
77         1.824319999999999942e+00
244        1.824500000000000011e+00
269        1.824559999999999960e+00
34         1.824660000000000171e+00
219        1.825200000000000156e+00
300        1.825260000000000105e+00
102        1.825280000000000014e+00
185        1.825539999999999941e+00
277        1.825940000000000119e+00
221        1.826160000000000228e+00
174        1.826300000000000034e+00
7          1.826540000000000052e+00
95         1.826940000000000008e+00
160        1.827100000000000168e+00
119        1.827520000000000033e+00
209        1.827579999999999982e+00
121        1.827760000000000051e+00
114        1.827900000000000080e+00
280        1.828019999999999978e+00
360        1.828140000000000098e+00
88         1.828459999999999974e+00
58         1.828519999999999923e+00
214        1.828699999999999992e+00
53         1.828819999999999890e+00
332        1.828840000000000243e+00
14         1.828920000000000101e+00
157        1.829160000000000119e+00
208        1.829320000000000057e+00
304        1.829440000000000177e+00
367        1.829720000000000013e+00
244        1.829820000000000002e+00
28         1.830600000000000227e+00
398        1.830720000000000125e+00
230        1.831200000000000161e+00
369        1.831220000000000070e+00
102        1.831299999999999928e+00
142        1.831360000000000099e+00
8          1.831660000000000066e+00
214        1.832039999999999891e+00
141        1.832180000000000142e+00
245        1.832200000000000051e+00
2          1.832279999999999909e+00
160        1.832440000000000069e+00
228        1.832440000000000069e+00
99         1.832940000000000014e+00
352        1.833260000000000112e+00
128        1.833380000000000232e+00
92         1.833420000000000050e+00
33         1.833840000000000137e+00
267        1.833980000000000166e+00
97         1.834060000000000024e+00
139        1.834200000000000053e+00
193        1.834400000000000031e+00
67         1.834640000000000049e+00
19         1.834840000000000249e+00
319        1.834920000000000107e+00
277        1.834960000000000147e+00
251        1.834980000000000055e+00
21         1.835040000000000004e+00
210        1.835140000000000216e+00
17         1.835299999999999931e+00
399        1.835380000000000233e+00
279        1.835700000000000109e+00
314        1.836019999999999985e+00
145        1.837280000000000024e+00
375        1.837299999999999933e+00
82         1.837320000000000064e+00
293        1.837320000000000064e+00
198        1.837340000000000195e+00
125        1.837360000000000104e+00
188        1.837420000000000053e+00
170        1.837539999999999951e+00
256        1.837960000000000038e+00
363        1.838700000000000001e+00
259        1.838960000000000150e+00
138        1.839460000000000095e+00
39         1.839620000000000255e+00
371        1.839680000000000204e+00
104        1.839720000000000022e+00
380        1.839800000000000102e+00
204        1.839840000000000142e+00
337        1.839860000000000273e+00
285        1.839920000000000222e+00
357        1.839920000000000222e+00
267        1.839960000000000040e+00
75         1.840420000000000167e+00
8          1.840440000000000076e+00
227        1.840600000000000236e+00
353        1.840759999999999952e+00
73         1.840940000000000021e+00
186        1.841239999999999988e+00
5          1.841260000000000119e+00
372        1.841579999999999995e+00
229        1.842140000000000111e+00
93         1.842340000000000089e+00
133        1.842559999999999976e+00
213        1.842840000000000256e+00
156        1.842900000000000205e+00
99         1.843040000000000012e+00
108        1.843280000000000030e+00
39         1.844120000000000203e+00
234        1.844279999999999919e+00
190        1.844420000000000170e+00
199        1.844500000000000028e+00
264        1.844940000000000024e+00
363        1.844940000000000024e+00
288        1.845040000000000013e+00
61         1.845260000000000122e+00
7          1.845640000000000169e+00
9          1.845760000000000067e+00
267        1.845779999999999976e+00
53         1.846200000000000063e+00
34         1.846319999999999961e+00
135        1.846660000000000190e+00
73         1.846999999999999975e+00
215        1.847299999999999942e+00
111        1.847420000000000062e+00
43         1.847460000000000102e+00
195        1.847460000000000102e+00
120        1.847580000000000000e+00
78         1.847680000000000211e+00
321        1.847760000000000069e+00
227        1.847880000000000189e+00
23         1.848180000000000156e+00
319        1.848319999999999963e+00
32         1.848900000000000210e+00
198        1.849020000000000108e+00
165        1.849040000000000017e+00
243        1.849700000000000122e+00
129        1.849720000000000031e+00
331        1.849960000000000049e+00
276        1.849979999999999958e+00
4          1.850519999999999943e+00
347        1.850800000000000001e+00
351        1.850900000000000212e+00
307        1.851059999999999928e+00
161        1.851080000000000059e+00
101        1.851100000000000190e+00
201        1.851140000000000230e+00
177        1.851160000000000139e+00
225        1.851160000000000139e+00
181        1.851400000000000157e+00
348        1.851480000000000015e+00
255        1.851880000000000193e+00
164        1.852480000000000127e+00
182        1.852640000000000065e+00
43         1.852660000000000196e+00
173        1.852819999999999911e+00
9          1.852860000000000174e+00
57         1.852860000000000174e+00
121        1.852860000000000174e+00
249        1.853380000000000249e+00
300        1.853440000000000198e+00
359        1.854160000000000030e+00
69         1.854420000000000179e+00
67         1.854500000000000037e+00
147        1.854680000000000106e+00
50         1.854800000000000004e+00
349        1.854819999999999913e+00
252        1.854840000000000266e+00
378        1.855160000000000142e+00
110        1.855260000000000131e+00
310        1.855440000000000200e+00
47         1.855580000000000007e+00
86         1.856219999999999981e+00
319        1.856219999999999981e+00
298        1.856360000000000232e+00
8          1.856380000000000141e+00
36         1.856680000000000108e+00
306        1.856680000000000108e+00
348        1.856819999999999915e+00
104        1.856980000000000075e+00
354        1.857140000000000235e+00
191        1.857600000000000140e+00
236        1.857739999999999947e+00
119        1.857820000000000027e+00
23         1.858920000000000128e+00
351        1.859040000000000026e+00
196        1.859320000000000084e+00
275        1.859400000000000164e+00
399        1.860039999999999916e+00
267        1.860100000000000087e+00
358        1.860140000000000127e+00
16         1.860200000000000076e+00
260        1.860240000000000116e+00
131        1.860559999999999992e+00
126        1.860700000000000021e+00
33         1.860819999999999919e+00
45         1.861520000000000064e+00
281        1.861600000000000144e+00
13         1.861700000000000133e+00
304        1.861860000000000070e+00
342        1.861900000000000110e+00
169        1.862440000000000095e+00
174        1.862460000000000004e+00
307        1.862620000000000164e+00
51         1.862980000000000080e+00
250        1.862980000000000080e+00
326        1.863040000000000029e+00
266        1.863160000000000149e+00
253        1.863680000000000003e+00
171        1.863860000000000072e+00
376        1.864160000000000039e+00
280        1.864540000000000086e+00
324        1.864600000000000257e+00
67         1.864660000000000206e+00
73         1.865080000000000071e+00
365        1.865180000000000060e+00
179        1.865720000000000045e+00
191        1.866000000000000103e+00
153        1.866020000000000012e+00
150        1.866120000000000223e+00
340        1.866200000000000081e+00
370        1.866200000000000081e+00
178        1.866380000000000150e+00
243        1.866500000000000048e+00
162        1.866660000000000208e+00
124        1.866860000000000186e+00
110        1.866999999999999993e+00
273        1.867020000000000124e+00
285        1.867059999999999942e+00
263        1.867180000000000062e+00
253        1.867739999999999956e+00
300        1.867860000000000076e+00
266        1.867960000000000065e+00
311        1.867979999999999974e+00
385        1.868020000000000014e+00
50         1.868440000000000101e+00
11         1.868780000000000108e+00
7          1.869020000000000126e+00
378        1.869319999999999871e+00
57         1.869860000000000078e+00
219        1.870180000000000176e+00
73         1.870460000000000012e+00
97         1.870480000000000143e+00
268        1.870640000000000081e+00
206        1.870860000000000190e+00
267        1.871020000000000127e+00
273        1.871040000000000036e+00
275        1.871140000000000247e+00
148        1.871280000000000054e+00
89         1.871360000000000134e+00
4          1.872000000000000108e+00
143        1.872180000000000177e+00
345        1.872279999999999944e+00
398        1.872720000000000162e+00
41         1.872759999999999980e+00
294        1.872999999999999998e+00
228        1.873100000000000209e+00
327        1.874079999999999968e+00
49         1.874279999999999946e+00
103        1.874340000000000117e+00
216        1.874860000000000193e+00
90         1.875000000000000000e+00
355        1.875000000000000000e+00
158        1.875020000000000131e+00
332        1.875299999999999967e+00
250        1.875340000000000229e+00
360        1.875420000000000087e+00
59         1.875480000000000036e+00
168        1.875860000000000083e+00
376        1.876340000000000119e+00
53         1.876620000000000177e+00
311        1.876660000000000217e+00
228        1.876780000000000115e+00
177        1.876840000000000286e+00
294        1.877100000000000213e+00
194        1.877120000000000122e+00
162        1.877199999999999980e+00
6          1.877660000000000107e+00
131        1.877799999999999914e+00
207        1.877860000000000085e+00
191        1.877880000000000216e+00
10         1.877900000000000125e+00
70         1.877960000000000074e+00
240        1.878279999999999950e+00
46         1.878440000000000110e+00
52         1.878700000000000037e+00
243        1.879220000000000113e+00
142        1.879319999999999879e+00
61         1.879480000000000040e+00
15         1.880120000000000235e+00
171        1.880279999999999951e+00
123        1.880860000000000198e+00
382        1.881079999999999863e+00
232        1.881299999999999972e+00
156        1.881340000000000234e+00
204        1.881400000000000183e+00
351        1.881660000000000110e+00
48         1.881900000000000128e+00
246        1.882060000000000066e+00
86         1.882220000000000004e+00
159        1.882319999999999993e+00
83         1.882400000000000073e+00
357        1.882600000000000273e+00
359        1.883240000000000025e+00
294        1.883299999999999974e+00
219        1.884060000000000068e+00
141        1.884140000000000148e+00
191        1.884220000000000006e+00
208        1.884279999999999955e+00
211        1.884400000000000075e+00
14         1.884540000000000104e+00
98         1.884620000000000184e+00
347        1.884740000000000082e+00
111        1.885280000000000067e+00
4          1.885380000000000056e+00
118        1.885580000000000034e+00
240        1.885600000000000165e+00
376        1.885780000000000012e+00
44         1.885799999999999921e+00
282        1.885920000000000041e+00
325        1.885979999999999990e+00
366        1.886260000000000048e+00
106        1.886720000000000175e+00
101        1.887340000000000240e+00
350        1.887360000000000149e+00
16         1.887380000000000058e+00
233        1.887680000000000025e+00
356        1.887680000000000025e+00
42         1.887780000000000014e+00
296        1.887840000000000185e+00
237        1.888180000000000192e+00
31         1.888579999999999925e+00
150        1.889199999999999990e+00
257        1.889199999999999990e+00
351        1.889340000000000241e+00
153        1.889580000000000037e+00
266        1.889760000000000106e+00
54         1.889940000000000175e+00
375        1.890100000000000113e+00
337        1.890180000000000193e+00
108        1.890360000000000262e+00
332        1.890460000000000029e+00
387        1.890460000000000029e+00
314        1.890640000000000098e+00
211        1.891400000000000192e+00
316        1.891420000000000101e+00
394        1.891600000000000170e+00
129        1.892519999999999980e+00
391        1.892759999999999998e+00
263        1.892900000000000027e+00
155        1.892980000000000107e+00
326        1.893120000000000136e+00
317        1.893160000000000176e+00
184        1.893799999999999928e+00
119        1.893860000000000099e+00
359        1.893880000000000230e+00
294        1.893960000000000088e+00
376        1.894360000000000266e+00
398        1.894420000000000215e+00
165        1.894579999999999931e+00
240        1.894700000000000051e+00
344        1.895160000000000178e+00
176        1.895600000000000174e+00
285        1.895780000000000021e+00
170        1.895960000000000090e+00
235        1.896360000000000268e+00
122        1.896579999999999933e+00
358        1.896740000000000093e+00
65         1.896860000000000213e+00
219        1.897079999999999878e+00
9          1.897100000000000231e+00
366        1.897940000000000182e+00
318        1.898000000000000131e+00
152        1.898020000000000040e+00
2          1.898039999999999949e+00
267        1.898220000000000018e+00
377        1.898240000000000149e+00
262        1.898480000000000167e+00
317        1.898539999999999894e+00
275        1.898940000000000072e+00
209        1.899319999999999897e+00
134        1.899380000000000068e+00
248        1.899400000000000199e+00
352        1.899520000000000097e+00
60         1.899600000000000177e+00
188        1.899680000000000035e+00
172        1.899840000000000195e+00
392        1.900640000000000107e+00
187        1.900800000000000045e+00
363        1.900880000000000125e+00
170        1.901299999999999990e+00
204        1.901460000000000150e+00
21         1.901580000000000048e+00
99         1.901680000000000037e+00
147        1.901880000000000237e+00
180        1.903040000000000065e+00
162        1.903040000000000065e+00
326        1.903120000000000145e+00
312        1.903280000000000083e+00
366        1.903820000000000068e+00
224        1.903960000000000097e+00
78         1.904000000000000137e+00
301        1.904039999999999955e+00
302        1.904400000000000093e+00
175        1.904500000000000082e+00
59         1.904660000000000020e+00
150        1.905380000000000074e+00
240        1.905380000000000074e+00
262        1.905600000000000183e+00
310        1.905620000000000092e+00
21         1.905680000000000041e+00
113        1.905680000000000041e+00
201        1.905739999999999990e+00
306        1.905739999999999990e+00
126        1.905760000000000121e+00
2          1.905860000000000110e+00
184        1.905980000000000008e+00
183        1.906440000000000135e+00
41         1.906740000000000101e+00
383        1.907299999999999995e+00
13         1.907480000000000064e+00
185        1.907840000000000202e+00
26         1.907860000000000111e+00
164        1.908660000000000023e+00
3          1.908719999999999972e+00
14         1.908840000000000092e+00
146        1.908840000000000092e+00
23         1.908900000000000041e+00
139        1.909079999999999888e+00
266        1.909120000000000150e+00
36         1.909540000000000015e+00
373        1.910000000000000142e+00
212        1.910560000000000036e+00
261        1.910760000000000014e+00
335        1.911380000000000079e+00
384        1.912060000000000093e+00
62         1.912140000000000173e+00
272        1.912200000000000122e+00
114        1.912519999999999998e+00
17         1.912539999999999907e+00
103        1.912740000000000107e+00
13         1.912819999999999965e+00
69         1.912940000000000085e+00
203        1.913079999999999892e+00
197        1.913540000000000019e+00
121        1.913700000000000179e+00
104        1.913739999999999997e+00
316        1.913739999999999997e+00
243        1.913980000000000015e+00
82         1.914100000000000135e+00
7          1.914420000000000011e+00
48         1.914460000000000051e+00
190        1.914460000000000051e+00
21         1.914500000000000091e+00
318        1.914500000000000091e+00
81         1.914520000000000000e+00
244        1.914520000000000000e+00
28         1.914660000000000029e+00
129        1.914779999999999927e+00
226        1.915200000000000014e+00
199        1.915300000000000002e+00
177        1.916020000000000056e+00
357        1.916320000000000023e+00
9          1.916660000000000030e+00
373        1.917180000000000106e+00
242        1.917340000000000266e+00
371        1.918360000000000065e+00
130        1.918479999999999963e+00
27         1.918520000000000003e+00
287        1.918920000000000181e+00
385        1.919059999999999988e+00
222        1.919120000000000159e+00
300        1.919140000000000068e+00
299        1.919180000000000108e+00
79         1.919380000000000086e+00
121        1.919380000000000086e+00
73         1.919559999999999933e+00
192        1.919960000000000111e+00
117        1.920220000000000038e+00
220        1.920980000000000132e+00
64         1.921079999999999899e+00
348        1.921400000000000219e+00
263        1.921420000000000128e+00
279        1.921499999999999986e+00
396        1.921600000000000197e+00
282        1.921620000000000106e+00
203        1.921880000000000255e+00
196        1.921940000000000204e+00
105        1.921980000000000022e+00
304        1.922200000000000131e+00
145        1.922420000000000018e+00
302        1.922680000000000167e+00
144        1.922719999999999985e+00
102        1.923000000000000043e+00
48         1.923340000000000272e+00
92         1.923540000000000028e+00
128        1.923559999999999937e+00
255        1.923860000000000126e+00
155        1.923940000000000206e+00
178        1.924039999999999973e+00
40         1.924080000000000013e+00
231        1.924160000000000093e+00
47         1.924539999999999917e+00
67         1.924700000000000077e+00
357        1.925360000000000182e+00
223        1.926239999999999952e+00
139        1.926440000000000152e+00
300        1.926460000000000061e+00
97         1.926900000000000057e+00
253        1.926980000000000137e+00
372        1.927420000000000133e+00
159        1.927480000000000082e+00
210        1.927799999999999958e+00
83         1.927819999999999867e+00
321        1.927860000000000129e+00
268        1.927960000000000118e+00
381        1.927980000000000027e+00
302        1.928039999999999976e+00
68         1.928200000000000136e+00
246        1.928220000000000045e+00
317        1.928479999999999972e+00
137        1.928960000000000008e+00
239        1.929240000000000066e+00
278        1.929240000000000066e+00
285        1.929259999999999975e+00
294        1.929499999999999993e+00
365        1.930239999999999956e+00
392        1.930940000000000101e+00
376        1.931040000000000090e+00
145        1.931059999999999999e+00
154        1.931220000000000159e+00
240        1.931259999999999977e+00
216        1.931380000000000097e+00
349        1.931580000000000075e+00
247        1.931640000000000246e+00
49         1.932360000000000078e+00
276        1.932380000000000209e+00
226        1.932880000000000154e+00
357        1.933380000000000098e+00
30         1.933460000000000178e+00
104        1.933499999999999996e+00
339        1.933520000000000127e+00
169        1.933540000000000036e+00
279        1.933540000000000036e+00
167        1.933600000000000207e+00
387        1.933640000000000247e+00
95         1.933939999999999992e+00
140        1.934800000000000075e+00
352        1.934819999999999984e+00
47         1.935079999999999911e+00
158        1.935180000000000122e+00
147        1.935240000000000071e+00
135        1.935420000000000140e+00
136        1.935620000000000118e+00
222        1.935660000000000158e+00
126        1.936039999999999983e+00
220        1.936039999999999983e+00
262        1.936260000000000092e+00
247        1.936579999999999968e+00
143        1.936900000000000066e+00
329        1.937160000000000215e+00
178        1.937440000000000051e+00
276        1.937480000000000091e+00
238        1.937500000000000000e+00
379        1.938299999999999912e+00
152        1.938320000000000043e+00
169        1.938440000000000163e+00
264        1.938920000000000199e+00
116        1.939259999999999984e+00
104        1.939420000000000144e+00
62         1.939600000000000213e+00
369        1.939740000000000020e+00
176        1.940100000000000158e+00
106        1.940140000000000198e+00
172        1.940140000000000198e+00
239        1.940200000000000147e+00
349        1.940260000000000096e+00
236        1.940280000000000005e+00
132        1.940539999999999932e+00
357        1.940680000000000183e+00
370        1.940740000000000132e+00
244        1.941280000000000117e+00
281        1.941720000000000113e+00
362        1.941720000000000113e+00
226        1.941819999999999879e+00
150        1.941880000000000051e+00
347        1.942380000000000217e+00
168        1.942560000000000064e+00
69         1.942700000000000093e+00
66         1.943220000000000169e+00
116        1.944059999999999899e+00
305        1.944220000000000059e+00
82         1.944299999999999917e+00
25         1.944320000000000048e+00
137        1.944440000000000168e+00
17         1.945120000000000182e+00
202        1.945160000000000222e+00
383        1.945440000000000058e+00
73         1.945480000000000098e+00
352        1.945519999999999916e+00
189        1.945579999999999865e+00
240        1.945920000000000094e+00
72         1.946620000000000239e+00
319        1.946860000000000257e+00
262        1.946900000000000075e+00
24         1.947079999999999922e+00
241        1.947079999999999922e+00
310        1.947140000000000093e+00
208        1.947180000000000133e+00
117        1.948200000000000154e+00
16         1.948500000000000121e+00
302        1.948520000000000030e+00
235        1.948579999999999979e+00
275        1.948579999999999979e+00
244        1.948600000000000110e+00
246        1.948620000000000241e+00
125        1.948680000000000190e+00
182        1.948900000000000077e+00
58         1.949160000000000226e+00
320        1.950479999999999992e+00
232        1.950560000000000072e+00
371        1.950700000000000101e+00
328        1.950920000000000210e+00
297        1.951319999999999943e+00
398        1.951459999999999972e+00
173        1.951500000000000012e+00
286        1.951500000000000012e+00
288        1.951900000000000190e+00
324        1.951980000000000048e+00
372        1.952180000000000026e+00
214        1.952660000000000062e+00
282        1.952760000000000051e+00
79         1.952920000000000211e+00
267        1.953079999999999927e+00
266        1.953600000000000225e+00
99         1.954180000000000028e+00
309        1.954340000000000188e+00
357        1.954500000000000126e+00
216        1.954620000000000246e+00
294        1.954680000000000195e+00
2          1.955300000000000038e+00
230        1.955300000000000038e+00
83         1.955680000000000085e+00
81         1.955780000000000074e+00
130        1.955940000000000012e+00
171        1.955940000000000012e+00
55         1.956239999999999979e+00
225        1.956280000000000019e+00
54         1.956479999999999997e+00
4          1.956500000000000128e+00
119        1.956539999999999946e+00
74         1.956760000000000055e+00
189        1.957240000000000091e+00
169        1.957319999999999949e+00
128        1.957519999999999927e+00
36         1.957559999999999967e+00
216        1.958460000000000090e+00
387        1.958460000000000090e+00
92         1.958479999999999999e+00
241        1.958479999999999999e+00
285        1.958720000000000017e+00
113        1.959240000000000093e+00
384        1.959300000000000042e+00
276        1.959660000000000180e+00
163        1.960220000000000073e+00
395        1.960640000000000160e+00
50         1.960800000000000098e+00
295        1.960900000000000087e+00
31         1.960940000000000127e+00
299        1.960940000000000127e+00
143        1.961340000000000083e+00
58         1.961920000000000108e+00
153        1.962260000000000115e+00
26         1.962340000000000195e+00
225        1.962560000000000082e+00
129        1.962779999999999969e+00
76         1.963240000000000096e+00
91         1.963400000000000034e+00
170        1.963819999999999899e+00
288        1.963840000000000252e+00
40         1.963880000000000070e+00
385        1.964120000000000088e+00
365        1.964480000000000004e+00
368        1.964500000000000135e+00
198        1.964539999999999953e+00
30         1.964560000000000084e+00
236        1.964600000000000124e+00
47         1.964740000000000153e+00
175        1.965600000000000236e+00
232        1.965680000000000094e+00
28         1.965799999999999992e+00
268        1.965799999999999992e+00
149        1.965920000000000112e+00
140        1.966100000000000181e+00
358        1.966620000000000257e+00
327        1.966840000000000144e+00
7          1.966860000000000275e+00
265        1.966920000000000224e+00
398        1.967799999999999994e+00
77         1.967860000000000165e+00
153        1.968040000000000012e+00
160        1.968160000000000132e+00
351        1.968220000000000081e+00
167        1.968340000000000201e+00
19         1.968620000000000259e+00
147        1.968620000000000259e+00
263        1.968620000000000259e+00
105        1.970160000000000133e+00
295        1.970360000000000111e+00
315        1.970539999999999958e+00
164        1.970600000000000129e+00
13         1.970740000000000158e+00
345        1.970979999999999954e+00
84         1.971060000000000034e+00
90         1.971219999999999972e+00
335        1.971219999999999972e+00
215        1.971480000000000121e+00
244        1.971580000000000110e+00
114        1.971680000000000099e+00
365        1.971680000000000099e+00
181        1.971780000000000088e+00
320        1.971780000000000088e+00
147        1.972799999999999887e+00
238        1.972799999999999887e+00
368        1.972880000000000189e+00
247        1.973100000000000076e+00
203        1.973160000000000025e+00
318        1.973480000000000123e+00
308        1.973480000000000123e+00
1          1.973620000000000152e+00
251        1.973620000000000152e+00
291        1.973920000000000119e+00
254        1.973980000000000068e+00
175        1.974440000000000195e+00
152        1.974860000000000060e+00
356        1.975120000000000209e+00
89         1.975559999999999983e+00
185        1.975720000000000143e+00
351        1.975720000000000143e+00
195        1.975819999999999910e+00
18         1.976460000000000106e+00
158        1.977000000000000091e+00
258        1.977459999999999996e+00
273        1.977840000000000265e+00
94         1.977980000000000071e+00
175        1.978080000000000283e+00
26         1.978220000000000089e+00
57         1.978220000000000089e+00
375        1.978239999999999998e+00
53         1.978299999999999947e+00
205        1.978299999999999947e+00
204        1.979160000000000030e+00
372        1.979260000000000019e+00
128        1.979340000000000099e+00
337        1.979380000000000139e+00
48         1.979680000000000106e+00
251        1.980080000000000284e+00
38         1.980120000000000102e+00
69         1.980200000000000182e+00
47         1.981279999999999930e+00
395        1.981459999999999999e+00
31         1.981480000000000130e+00
126        1.981500000000000039e+00
124        1.981720000000000148e+00
397        1.981920000000000126e+00
187        1.981999999999999984e+00
361        1.981999999999999984e+00
284        1.982180000000000053e+00
149        1.982299999999999951e+00
192        1.982480000000000020e+00
175        1.982520000000000060e+00
4          1.982580000000000231e+00
50         1.983200000000000074e+00
154        1.983240000000000114e+00
180        1.983340000000000103e+00
306        1.983340000000000103e+00
322        1.983420000000000183e+00
287        1.983559999999999990e+00
171        1.983580000000000121e+00
203        1.983600000000000252e+00
108        1.983819999999999917e+00
243        1.983980000000000077e+00
316        1.985319999999999974e+00
55         1.986020000000000119e+00
100        1.986020000000000119e+00
97         1.986160000000000148e+00
385        1.986260000000000137e+00
207        1.986280000000000046e+00
197        1.986600000000000144e+00
224        1.986600000000000144e+00
230        1.986640000000000184e+00
312        1.986760000000000081e+00
314        1.986779999999999990e+00
203        1.987020000000000008e+00
107        1.987360000000000237e+00
389        1.988059999999999938e+00
319        1.988539999999999974e+00
191        1.988779999999999992e+00
17         1.988820000000000032e+00
31         1.989240000000000119e+00
57         1.989440000000000097e+00
22         1.989680000000000115e+00
135        1.989819999999999922e+00
99         1.989860000000000184e+00
234        1.990260000000000140e+00
274        1.990299999999999958e+00
246        1.990539999999999976e+00
339        1.990539999999999976e+00
361        1.990559999999999885e+00
273        1.990880000000000205e+00
102        1.990940000000000154e+00
353        1.991120000000000223e+00
300        1.991180000000000172e+00
190        1.991540000000000088e+00
67         1.991559999999999997e+00
398        1.991600000000000259e+00
84         1.991700000000000026e+00
236        1.992260000000000142e+00
56         1.992779999999999996e+00
322        1.992900000000000116e+00
349        1.993559999999999999e+00
313        1.994439999999999991e+00
162        1.994559999999999889e+00
230        1.994580000000000242e+00
197        1.994680000000000009e+00
109        1.994860000000000078e+00
201        1.994880000000000209e+00
215        1.995000000000000107e+00
293        1.995140000000000136e+00
290        1.995660000000000212e+00
242        1.995740000000000069e+00
262        1.995759999999999978e+00
18         1.995920000000000138e+00
82         1.995980000000000087e+00
312        1.996040000000000036e+00
65         1.996439999999999992e+00
255        1.996460000000000123e+00
282        1.996640000000000192e+00
62         1.997200000000000086e+00
107        1.997440000000000104e+00
225        1.997560000000000002e+00
244        1.997580000000000133e+00
286        1.998199999999999976e+00
128        1.998400000000000176e+00
235        1.998480000000000034e+00
240        1.998760000000000092e+00
220        1.999240000000000128e+00
377        1.999420000000000197e+00
320        1.999580000000000135e+00
301        1.999620000000000175e+00
266        1.999680000000000124e+00
186        1.999720000000000164e+00
279        1.999720000000000164e+00
113        1.999819999999999931e+00
