{
    "E4": 8.150080147782013e-09,
    "P4": -4.843535192534263e-10,
    "S4": -8.234972289204336e-08,
    "V4": -2.1171169783412345e-07
}